date,ticker,eps_applicable,eps_estimate_usd,revision_usd,revision_pct
2021-03-19,AAPL,True,6.2,,
2021-03-19,AMZN,True,2.6,,
2021-03-19,BAC,True,2.8,,
2021-03-19,BND,False,,,
2021-03-19,GLD,False,,,
2021-03-19,GOOGL,True,5.3,,
2021-03-19,JNJ,True,9.5,,
2021-03-19,JPM,True,11.5,,
2021-03-19,MSFT,True,8.5,,
2021-03-19,PG,True,5.5,,
2021-03-19,TSLA,True,1.6,,
2021-03-19,VNQ,False,,,
2021-03-19,WMT,True,1.8,,
2021-03-22,AAPL,True,6.202390508,0.002390508012,0.0003855658083
2021-03-22,AMZN,True,2.59672136,-0.003278639852,-0.001261015328
2021-03-22,BAC,True,2.800826578,0.0008265779957,0.000295206427
2021-03-22,BND,False,,,
2021-03-22,GLD,False,,,
2021-03-22,GOOGL,True,5.300984408,0.0009844081873,0.0001857373938
2021-03-22,JNJ,True,9.499044099,-0.0009559010936,-0.0001006211677
2021-03-22,JPM,True,11.49939859,-0.000601411678,-5.229666766e-05
2021-03-22,MSFT,True,8.52389059,0.02389059019,0.00281065767
2021-03-22,PG,True,5.494741664,-0.005258336448,-0.0009560611723
2021-03-22,TSLA,True,1.599391387,-0.0006086127066,-0.0003803829416
2021-03-22,VNQ,False,,,
2021-03-22,WMT,True,1.803614583,0.003614582563,0.002008101424
2021-03-23,AAPL,True,6.196350288,-0.006040220121,-0.0009738535672
2021-03-23,AMZN,True,2.599287905,0.002566544847,0.0009883789944
2021-03-23,BAC,True,2.793807168,-0.007019409943,-0.002506192278
2021-03-23,BND,False,,,
2021-03-23,GLD,False,,,
2021-03-23,GOOGL,True,5.300456774,-0.0005276342843,-9.953515114e-05
2021-03-23,JNJ,True,9.501682914,0.002638815544,0.0002777980096
2021-03-23,JPM,True,11.5177954,0.01839680916,0.001599806201
2021-03-23,MSFT,True,8.572876989,0.04898639903,0.005746953051
2021-03-23,PG,True,5.494675987,-6.567612052e-05,-1.195254018e-05
2021-03-23,TSLA,True,1.599222313,-0.0001690741922,-0.000105711581
2021-03-23,VNQ,False,,,
2021-03-23,WMT,True,1.804490213,0.0008756303704,0.0004854864109
2021-03-24,AAPL,True,6.192852755,-0.003497532779,-0.0005644504615
2021-03-24,AMZN,True,2.602635816,0.003347911457,0.001288011017
2021-03-24,BAC,True,2.794460234,0.0006530659238,0.0002337548315
2021-03-24,BND,False,,,
2021-03-24,GLD,False,,,
2021-03-24,GOOGL,True,5.295900871,-0.004555902975,-0.0008595302574
2021-03-24,JNJ,True,9.532509695,0.03082678012,0.00324434949
2021-03-24,JPM,True,11.52170116,0.003905758676,0.0003391064471
2021-03-24,MSFT,True,8.586715886,0.01383889679,0.001614265176
2021-03-24,PG,True,5.491025162,-0.003650825756,-0.0006644296705
2021-03-24,TSLA,True,1.60029879,0.001076476833,0.0006731251962
2021-03-24,VNQ,False,,,
2021-03-24,WMT,True,1.805307213,0.0008170002601,0.0004527595962
2021-03-25,AAPL,True,6.198242127,0.005389372285,0.0008702568102
2021-03-25,AMZN,True,2.600555033,-0.002080783308,-0.0007994907682
2021-03-25,BAC,True,2.793519189,-0.0009410454527,-0.0003367539252
2021-03-25,BND,False,,,
2021-03-25,GLD,False,,,
2021-03-25,GOOGL,True,5.317280547,0.02137967612,0.004037023472
2021-03-25,JNJ,True,9.524314758,-0.008194936799,-0.0008596830281
2021-03-25,JPM,True,11.50529555,-0.01640561113,-0.001423887923
2021-03-25,MSFT,True,8.579860718,-0.006855167801,-0.0007983457112
2021-03-25,PG,True,5.489822158,-0.001203004101,-0.0002190855197
2021-03-25,TSLA,True,1.599192593,-0.001106196502,-0.0006912437284
2021-03-25,VNQ,False,,,
2021-03-25,WMT,True,1.806238164,0.0009309505268,0.0005156742963
2021-03-26,AAPL,True,6.197881577,-0.0003605506673,-5.816982621e-05
2021-03-26,AMZN,True,2.605729525,0.005174491558,0.001989764297
2021-03-26,BAC,True,2.792863495,-0.0006556931202,-0.0002347193901
2021-03-26,BND,False,,,
2021-03-26,GLD,False,,,
2021-03-26,GOOGL,True,5.332121411,0.01484086404,0.002791062819
2021-03-26,JNJ,True,9.511489727,-0.0128250305,-0.001346556768
2021-03-26,JPM,True,11.51311835,0.00782280747,0.0006799310317
2021-03-26,MSFT,True,8.553723269,-0.02613744895,-0.003046372174
2021-03-26,PG,True,5.490935847,0.001113689546,0.0002028644124
2021-03-26,TSLA,True,1.59928076,8.81665991e-05,5.513194562e-05
2021-03-26,VNQ,False,,,
2021-03-26,WMT,True,1.807565462,0.001327298356,0.0007348412753
2021-03-29,AAPL,True,6.197214527,-0.0006670494334,-0.0001076253919
2021-03-29,AMZN,True,2.602026169,-0.003703355255,-0.001421235481
2021-03-29,BAC,True,2.79712375,0.004260254923,0.0015254075
2021-03-29,BND,False,,,
2021-03-29,GLD,False,,,
2021-03-29,GOOGL,True,5.339301635,0.007180224134,0.00134659802
2021-03-29,JNJ,True,9.525414267,0.01392454017,0.001463970479
2021-03-29,JPM,True,11.50816368,-0.004954674625,-0.0004303503597
2021-03-29,MSFT,True,8.571593652,0.01787038299,0.002089193492
2021-03-29,PG,True,5.487053304,-0.00388254302,-0.0007070822038
2021-03-29,TSLA,True,1.601086445,0.001805685464,0.001129060956
2021-03-29,VNQ,False,,,
2021-03-29,WMT,True,1.804377739,-0.003187723213,-0.001763545099
2021-03-30,AAPL,True,6.191606116,-0.005608411758,-0.0009049891259
2021-03-30,AMZN,True,2.600402783,-0.001623386623,-0.0006238932728
2021-03-30,BAC,True,2.798268762,0.001145011434,0.0004093531558
2021-03-30,BND,False,,,
2021-03-30,GLD,False,,,
2021-03-30,GOOGL,True,5.346130751,0.006829115444,0.001279027841
2021-03-30,JNJ,True,9.530441708,0.00502744078,0.0005277923499
2021-03-30,JPM,True,11.5182866,0.01012291848,0.0008796293455
2021-03-30,MSFT,True,8.576577162,0.004983509269,0.0005813982173
2021-03-30,PG,True,5.483739815,-0.003313489569,-0.0006038741353
2021-03-30,TSLA,True,1.600057064,-0.001029381688,-0.0006429269892
2021-03-30,VNQ,False,,,
2021-03-30,WMT,True,1.805530318,0.001152579538,0.0006387684317
2021-03-31,AAPL,True,6.179327561,-0.01227855449,-0.001983096836
2021-03-31,AMZN,True,2.604876941,0.004474158483,0.001720563642
2021-03-31,BAC,True,2.804428362,0.006159600698,0.002201218404
2021-03-31,BND,False,,,
2021-03-31,GLD,False,,,
2021-03-31,GOOGL,True,5.358294917,0.01216416643,0.002275321536
2021-03-31,JNJ,True,9.513606819,-0.01683488969,-0.00176643331
2021-03-31,JPM,True,11.47639857,-0.04188802346,-0.003636654037
2021-03-31,MSFT,True,8.593900254,0.01732309241,0.002019814208
2021-03-31,PG,True,5.496986494,0.01324667937,0.002415628716
2021-03-31,TSLA,True,1.601359786,0.001302721734,0.0008141720463
2021-03-31,VNQ,False,,,
2021-03-31,WMT,True,1.805782268,0.0002519500173,0.0001395434985
2021-04-01,AAPL,True,6.167661135,-0.01166642647,-0.001887976703
2021-04-01,AMZN,True,2.59715845,-0.007718491388,-0.002963092523
2021-04-01,BAC,True,2.799551601,-0.004876761893,-0.001738950425
2021-04-01,BND,False,,,
2021-04-01,GLD,False,,,
2021-04-01,GOOGL,True,5.362553741,0.004258824105,0.0007948095749
2021-04-01,JNJ,True,9.520318886,0.006712067279,0.0007055228798
2021-04-01,JPM,True,11.47236171,-0.00403686226,-0.0003517534037
2021-04-01,MSFT,True,8.632837289,0.03893703516,0.004530775784
2021-04-01,PG,True,5.493993281,-0.002993212654,-0.00054451883
2021-04-01,TSLA,True,1.606086723,0.004726937103,0.002951827032
2021-04-01,VNQ,False,,,
2021-04-01,WMT,True,1.808592172,0.002809903549,0.001556058888
2021-04-05,AAPL,True,6.167570469,-9.066549148e-05,-1.470014151e-05
2021-04-05,AMZN,True,2.598134253,0.0009758028428,0.0003757194109
2021-04-05,BAC,True,2.799005338,-0.0005462629683,-0.0001951251651
2021-04-05,BND,False,,,
2021-04-05,GLD,False,,,
2021-04-05,GOOGL,True,5.356824579,-0.00572916203,-0.001068364497
2021-04-05,JNJ,True,9.50180988,-0.01850900578,-0.001944158174
2021-04-05,JPM,True,11.52079613,0.04843441569,0.004221834781
2021-04-05,MSFT,True,8.63196465,-0.0008726388284,-0.0001010836645
2021-04-05,PG,True,5.495749727,0.001756445614,0.0003197029054
2021-04-05,TSLA,True,1.609128099,0.003041376206,0.001893656279
2021-04-05,VNQ,False,,,
2021-04-05,WMT,True,1.810915129,0.002322956892,0.001284400612
2021-04-06,AAPL,True,6.180860451,0.01328998177,0.002154816363
2021-04-06,AMZN,True,2.599608252,0.001473999028,0.0005673298162
2021-04-06,BAC,True,2.800078781,0.001073443007,0.0003835087387
2021-04-06,BND,False,,,
2021-04-06,GLD,False,,,
2021-04-06,GOOGL,True,5.332910684,-0.02391389477,-0.00446419225
2021-04-06,JNJ,True,9.490887054,-0.0109228256,-0.00114955211
2021-04-06,JPM,True,11.5150183,-0.005777824671,-0.0005015126218
2021-04-06,MSFT,True,8.6463605,0.01439584926,0.001667737282
2021-04-06,PG,True,5.499020626,0.003270899084,0.0005951688571
2021-04-06,TSLA,True,1.606820747,-0.002307351491,-0.001433914113
2021-04-06,VNQ,False,,,
2021-04-06,WMT,True,1.808544385,-0.002370744229,-0.001309141545
2021-04-07,AAPL,True,6.183744019,0.00288356794,0.0004665317981
2021-04-07,AMZN,True,2.602091522,0.002483270162,0.0009552478381
2021-04-07,BAC,True,2.806213348,0.006134567467,0.002190855311
2021-04-07,BND,False,,,
2021-04-07,GLD,False,,,
2021-04-07,GOOGL,True,5.336270717,0.003360032854,0.00063005609
2021-04-07,JNJ,True,9.495956237,0.005069182874,0.0005341105467
2021-04-07,JPM,True,11.51430769,-0.0007106101928,-6.171159908e-05
2021-04-07,MSFT,True,8.663137863,0.01677736389,0.001940396065
2021-04-07,PG,True,5.502717176,0.003696550047,0.0006722197094
2021-04-07,TSLA,True,1.602454113,-0.004366633966,-0.002717561354
2021-04-07,VNQ,False,,,
2021-04-07,WMT,True,1.808663346,0.0001189610013,6.577720861e-05
2021-04-08,AAPL,True,6.18793167,0.004187651108,0.0006772031791
2021-04-08,AMZN,True,2.607187552,0.005096029814,0.001958436039
2021-04-08,BAC,True,2.811829358,0.005616009492,0.002001276737
2021-04-08,BND,False,,,
2021-04-08,GLD,False,,,
2021-04-08,GOOGL,True,5.350400419,0.01412970179,0.002647860751
2021-04-08,JNJ,True,9.511759094,0.01580285684,0.001664166983
2021-04-08,JPM,True,11.5055872,-0.008720488684,-0.0007573610953
2021-04-08,MSFT,True,8.681655478,0.01851761496,0.002137518212
2021-04-08,PG,True,5.502039905,-0.0006772714793,-0.0001230794638
2021-04-08,TSLA,True,1.604894626,0.002440512835,0.001522984536
2021-04-08,VNQ,False,,,
2021-04-08,WMT,True,1.806808808,-0.001854537547,-0.001025363593
2021-04-09,AAPL,True,6.212076984,0.02414531363,0.003902000688
2021-04-09,AMZN,True,2.608107702,0.0009201500804,0.0003529282271
2021-04-09,BAC,True,2.812116067,0.0002867096071,0.0001019655074
2021-04-09,BND,False,,,
2021-04-09,GLD,False,,,
2021-04-09,GOOGL,True,5.343516622,-0.006883797018,-0.001286594737
2021-04-09,JNJ,True,9.522793182,0.01103408738,0.001160046976
2021-04-09,JPM,True,11.52051282,0.01492561351,0.001297249175
2021-04-09,MSFT,True,8.682824812,0.001169333831,0.0001346901905
2021-04-09,PG,True,5.510608519,0.008568614705,0.001557352337
2021-04-09,TSLA,True,1.607140682,0.002246055971,0.001399503702
2021-04-09,VNQ,False,,,
2021-04-09,WMT,True,1.811511333,0.004702524789,0.002602668731
2021-04-12,AAPL,True,6.218650384,0.006573400034,0.001058164612
2021-04-12,AMZN,True,2.59792577,-0.01018193188,-0.003903953764
2021-04-12,BAC,True,2.8150604,0.002944332893,0.001047016845
2021-04-12,BND,False,,,
2021-04-12,GLD,False,,,
2021-04-12,GOOGL,True,5.341286464,-0.002230157991,-0.0004173577343
2021-04-12,JNJ,True,9.535114469,0.01232128758,0.001293873273
2021-04-12,JPM,True,11.52073785,0.0002250352684,1.953344195e-05
2021-04-12,MSFT,True,8.695868762,0.0130439502,0.001502270342
2021-04-12,PG,True,5.510254045,-0.0003544742243,-6.432578599e-05
2021-04-12,TSLA,True,1.610319525,0.003178842794,0.001977949304
2021-04-12,VNQ,False,,,
2021-04-12,WMT,True,1.814842818,0.003331484667,0.001839063663
2021-04-13,AAPL,True,6.212021262,-0.006629121523,-0.001066006467
2021-04-13,AMZN,True,2.601414006,0.003488235904,0.001342700374
2021-04-13,BAC,True,2.816495919,0.001435519059,0.0005099425431
2021-04-13,BND,False,,,
2021-04-13,GLD,False,,,
2021-04-13,GOOGL,True,5.35101809,0.009731625942,0.001821962931
2021-04-13,JNJ,True,9.542471596,0.007357127001,0.0007715824519
2021-04-13,JPM,True,11.52722096,0.006483108103,0.0005627337577
2021-04-13,MSFT,True,8.68510736,-0.0107614028,-0.001237530498
2021-04-13,PG,True,5.512156205,0.001902160021,0.0003452036885
2021-04-13,TSLA,True,1.610450382,0.0001308567505,8.126135741e-05
2021-04-13,VNQ,False,,,
2021-04-13,WMT,True,1.81539497,0.0005521521117,0.0003042423875
2021-04-14,AAPL,True,6.217121927,0.005100664546,0.0008210957965
2021-04-14,AMZN,True,2.609304265,0.007890259582,0.003033065696
2021-04-14,BAC,True,2.821948407,0.005452487793,0.001935911838
2021-04-14,BND,False,,,
2021-04-14,GLD,False,,,
2021-04-14,GOOGL,True,5.360800811,0.00978272136,0.001828198148
2021-04-14,JNJ,True,9.550140846,0.007669249554,0.0008036963461
2021-04-14,JPM,True,11.52575935,-0.001461611512,-0.0001267965208
2021-04-14,MSFT,True,8.698710809,0.01360344985,0.001566296107
2021-04-14,PG,True,5.513573367,0.001417162132,0.0002570976002
2021-04-14,TSLA,True,1.610237117,-0.0002132645504,-0.0001324254089
2021-04-14,VNQ,False,,,
2021-04-14,WMT,True,1.821152553,0.005757583722,0.003171532266
2021-04-15,AAPL,True,6.227639908,0.01051798135,0.001691776592
2021-04-15,AMZN,True,2.616726243,0.007421977399,0.002844427726
2021-04-15,BAC,True,2.824170059,0.002221651747,0.0007872758202
2021-04-15,BND,False,,,
2021-04-15,GLD,False,,,
2021-04-15,GOOGL,True,5.379431409,0.0186305977,0.003475338547
2021-04-15,JNJ,True,9.521079997,-0.02906084903,-0.003042975962
2021-04-15,JPM,True,11.51331439,-0.01244495682,-0.001079751576
2021-04-15,MSFT,True,8.699138757,0.0004279472683,4.919663128e-05
2021-04-15,PG,True,5.512302613,-0.001270753811,-0.0002304773559
2021-04-15,TSLA,True,1.610619415,0.0003822982993,0.0002374173935
2021-04-15,VNQ,False,,,
2021-04-15,WMT,True,1.823500856,0.00234830219,0.001289459351
2021-04-16,AAPL,True,6.234681611,0.007041702753,0.001130717713
2021-04-16,AMZN,True,2.618479522,0.001753279064,0.0006700276992
2021-04-16,BAC,True,2.821481719,-0.002688339235,-0.0009519041627
2021-04-16,BND,False,,,
2021-04-16,GLD,False,,,
2021-04-16,GOOGL,True,5.380986605,0.001555196439,0.000289100524
2021-04-16,JNJ,True,9.521755521,0.0006755246406,7.095042168e-05
2021-04-16,JPM,True,11.51947386,0.006159468628,0.0005349865745
2021-04-16,MSFT,True,8.717694682,0.01855592502,0.002133076105
2021-04-16,PG,True,5.519860453,0.007557840081,0.001371085844
2021-04-16,TSLA,True,1.609932286,-0.00068712966,-0.0004266244734
2021-04-16,VNQ,False,,,
2021-04-16,WMT,True,1.820297824,-0.003203031245,-0.001756528512
2021-04-19,AAPL,True,6.249874322,0.01519271128,0.002436806277
2021-04-19,AMZN,True,2.618471244,-8.277692904e-06,-3.161259363e-06
2021-04-19,BAC,True,2.826156959,0.004675239353,0.001657015646
2021-04-19,BND,False,,,
2021-04-19,GLD,False,,,
2021-04-19,GOOGL,True,5.389040432,0.008053826393,0.001496719279
2021-04-19,JNJ,True,9.515889967,-0.005865554644,-0.000616016094
2021-04-19,JPM,True,11.5056806,-0.01379326472,-0.001197386694
2021-04-19,MSFT,True,8.729815848,0.0121211663,0.001390409591
2021-04-19,PG,True,5.505188087,-0.01467236637,-0.002658104584
2021-04-19,TSLA,True,1.613819231,0.003886945166,0.0024143532
2021-04-19,VNQ,False,,,
2021-04-19,WMT,True,1.819040851,-0.001256972911,-0.0006905314584
2021-04-20,AAPL,True,6.254233415,0.004359092772,0.0006974688686
2021-04-20,AMZN,True,2.62444012,0.005968875348,0.002279526789
2021-04-20,BAC,True,2.8304662,0.004309241415,0.001524770732
2021-04-20,BND,False,,,
2021-04-20,GLD,False,,,
2021-04-20,GOOGL,True,5.393660782,0.004620350174,0.0008573604583
2021-04-20,JNJ,True,9.523698557,0.007808590352,0.0008205843467
2021-04-20,JPM,True,11.50248264,-0.003197958206,-0.0002779460267
2021-04-20,MSFT,True,8.749330293,0.01951444521,0.002235378792
2021-04-20,PG,True,5.504194293,-0.0009937941294,-0.0001805195597
2021-04-20,TSLA,True,1.614347874,0.0005286430694,0.0003275726669
2021-04-20,VNQ,False,,,
2021-04-20,WMT,True,1.816294369,-0.002746482321,-0.001509851919
2021-04-21,AAPL,True,6.248269824,-0.005963590762,-0.0009535286527
2021-04-21,AMZN,True,2.630178101,0.005737981372,0.00218636399
2021-04-21,BAC,True,2.835029289,0.004563089071,0.00161213339
2021-04-21,BND,False,,,
2021-04-21,GLD,False,,,
2021-04-21,GOOGL,True,5.390974183,-0.002686598761,-0.0004981030268
2021-04-21,JNJ,True,9.516497144,-0.007201412949,-0.00075615717
2021-04-21,JPM,True,11.49565523,-0.006827409959,-0.0005935596839
2021-04-21,MSFT,True,8.77803087,0.0287005767,0.003280316977
2021-04-21,PG,True,5.494119838,-0.01007445497,-0.001830323283
2021-04-21,TSLA,True,1.608092469,-0.006255405391,-0.003874880682
2021-04-21,VNQ,False,,,
2021-04-21,WMT,True,1.813562733,-0.002731635717,-0.001503960902
2021-04-22,AAPL,True,6.251179019,0.002909194631,0.0004656000322
2021-04-22,AMZN,True,2.626822053,-0.003356047526,-0.00127597729
2021-04-22,BAC,True,2.841245625,0.006216335404,0.002192688247
2021-04-22,BND,False,,,
2021-04-22,GLD,False,,,
2021-04-22,GOOGL,True,5.390679713,-0.0002944706907,-5.462290872e-05
2021-04-22,JNJ,True,9.526532561,0.01003541659,0.001054528409
2021-04-22,JPM,True,11.4794237,-0.01623152418,-0.001411970336
2021-04-22,MSFT,True,8.796958842,0.01892797179,0.002156289044
2021-04-22,PG,True,5.486603797,-0.007516041302,-0.001368015537
2021-04-22,TSLA,True,1.609972448,0.001879979145,0.001169074032
2021-04-22,VNQ,False,,,
2021-04-22,WMT,True,1.812581474,-0.0009812595135,-0.0005410673121
2021-04-23,AAPL,True,6.245733524,-0.005445494932,-0.0008711148594
2021-04-23,AMZN,True,2.628045398,0.001223345004,0.0004657129332
2021-04-23,BAC,True,2.837549026,-0.003696598688,-0.001301048616
2021-04-23,BND,False,,,
2021-04-23,GLD,False,,,
2021-04-23,GOOGL,True,5.380881742,-0.009797971077,-0.001817576187
2021-04-23,JNJ,True,9.556456054,0.02992349385,0.003141068764
2021-04-23,JPM,True,11.4560146,-0.02340910483,-0.002039222999
2021-04-23,MSFT,True,8.802356574,0.005397732603,0.0006135907534
2021-04-23,PG,True,5.482946634,-0.003657162191,-0.0006665621077
2021-04-23,TSLA,True,1.613893984,0.003921536147,0.002435778421
2021-04-23,VNQ,False,,,
2021-04-23,WMT,True,1.81084618,-0.001735294223,-0.0009573606749
2021-04-26,AAPL,True,6.255968323,0.01023479976,0.001638686589
2021-04-26,AMZN,True,2.626796892,-0.001248506535,-0.0004750703835
2021-04-26,BAC,True,2.838258147,0.0007091214198,0.0002499063147
2021-04-26,BND,False,,,
2021-04-26,GLD,False,,,
2021-04-26,GOOGL,True,5.37872254,-0.002159201332,-0.000401272772
2021-04-26,JNJ,True,9.570191468,0.01373541377,0.001437291575
2021-04-26,JPM,True,11.44987343,-0.006141169884,-0.0005360651238
2021-04-26,MSFT,True,8.817438334,0.01508175966,0.001713377495
2021-04-26,PG,True,5.4855363,0.00258966574,0.000472312775
2021-04-26,TSLA,True,1.614433207,0.0005392230516,0.0003341130564
2021-04-26,VNQ,False,,,
2021-04-26,WMT,True,1.809876722,-0.0009694574826,-0.0005353615859
2021-04-27,AAPL,True,6.239601256,-0.01636706705,-0.002616232405
2021-04-27,AMZN,True,2.63497814,0.008181247775,0.003114533826
2021-04-27,BAC,True,2.843070407,0.004812259361,0.001695497418
2021-04-27,BND,False,,,
2021-04-27,GLD,False,,,
2021-04-27,GOOGL,True,5.389627404,0.0109048634,0.002027407682
2021-04-27,JNJ,True,9.575752615,0.00556114721,0.0005810904858
2021-04-27,JPM,True,11.46072655,0.01085311733,0.0009478809874
2021-04-27,MSFT,True,8.825495543,0.008057209156,0.0009137811744
2021-04-27,PG,True,5.478231312,-0.007304988203,-0.001331681681
2021-04-27,TSLA,True,1.610546941,-0.003886266432,-0.002407201744
2021-04-27,VNQ,False,,,
2021-04-27,WMT,True,1.810377802,0.0005010801078,0.0002768586952
2021-04-28,AAPL,True,6.246216232,0.006614975995,0.001060160052
2021-04-28,AMZN,True,2.641429656,0.006451516594,0.002448413707
2021-04-28,BAC,True,2.839729846,-0.003340560293,-0.001174983316
2021-04-28,BND,False,,,
2021-04-28,GLD,False,,,
2021-04-28,GOOGL,True,5.393208544,0.003581140366,0.0006644504522
2021-04-28,JNJ,True,9.562695985,-0.01305663048,-0.001363509586
2021-04-28,JPM,True,11.44222646,-0.01850008568,-0.001614215784
2021-04-28,MSFT,True,8.827071843,0.001576299806,0.0001786075126
2021-04-28,PG,True,5.48607187,0.007840558406,0.001431220764
2021-04-28,TSLA,True,1.607465854,-0.003081086526,-0.001913068442
2021-04-28,VNQ,False,,,
2021-04-28,WMT,True,1.812241114,0.00186331188,0.001029239244
2021-04-29,AAPL,True,6.239496891,-0.00671934143,-0.001075745888
2021-04-29,AMZN,True,2.651109023,0.009679366354,0.00366444222
2021-04-29,BAC,True,2.836170704,-0.00355914236,-0.001253338364
2021-04-29,BND,False,,,
2021-04-29,GLD,False,,,
2021-04-29,GOOGL,True,5.402008281,0.008799737459,0.001631633078
2021-04-29,JNJ,True,9.577301563,0.01460557783,0.001527349385
2021-04-29,JPM,True,11.42347423,-0.01875223329,-0.001638862275
2021-04-29,MSFT,True,8.805794046,-0.0212777971,-0.002410515909
2021-04-29,PG,True,5.482916161,-0.003155709335,-0.0005752220186
2021-04-29,TSLA,True,1.613658418,0.006192563462,0.003852376364
2021-04-29,VNQ,False,,,
2021-04-29,WMT,True,1.811723984,-0.0005171297902,-0.0002853537458
2021-04-30,AAPL,True,6.228412531,-0.01108436032,-0.001776483027
2021-04-30,AMZN,True,2.659094001,0.007984978791,0.00301193905
2021-04-30,BAC,True,2.840225379,0.004054675191,0.001429630165
2021-04-30,BND,False,,,
2021-04-30,GLD,False,,,
2021-04-30,GOOGL,True,5.407289514,0.005281232719,0.00097764247
2021-04-30,JNJ,True,9.566206655,-0.01109490812,-0.001158458679
2021-04-30,JPM,True,11.39949323,-0.02398099977,-0.002099273767
2021-04-30,MSFT,True,8.811867805,0.006073759409,0.0006897457944
2021-04-30,PG,True,5.487713048,0.004796886811,0.0008748787452
2021-04-30,TSLA,True,1.609583215,-0.004075202874,-0.002525443321
2021-04-30,VNQ,False,,,
2021-04-30,WMT,True,1.808751683,-0.002972300959,-0.001640592598
2021-05-03,AAPL,True,6.253854936,0.02544240539,0.004084894066
2021-05-03,AMZN,True,2.66935386,0.01025985879,0.003858403945
2021-05-03,BAC,True,2.842016891,0.001791512016,0.0006307640335
2021-05-03,BND,False,,,
2021-05-03,GLD,False,,,
2021-05-03,GOOGL,True,5.407080209,-0.0002093053829,-3.870800377e-05
2021-05-03,JNJ,True,9.55413998,-0.01206667421,-0.001261385484
2021-05-03,JPM,True,11.40363938,0.004146150734,0.0003637136012
2021-05-03,MSFT,True,8.819261359,0.007393553399,0.0008390449746
2021-05-03,PG,True,5.480859287,-0.006853760559,-0.001248928379
2021-05-03,TSLA,True,1.613083848,0.003500633353,0.002174869445
2021-05-03,VNQ,False,,,
2021-05-03,WMT,True,1.805350026,-0.003401657071,-0.0018806656
2021-05-04,AAPL,True,6.258505988,0.004651052257,0.0007437096486
2021-05-04,AMZN,True,2.674305203,0.004951342778,0.001854884379
2021-05-04,BAC,True,2.845366998,0.003350106242,0.001178777738
2021-05-04,BND,False,,,
2021-05-04,GLD,False,,,
2021-05-04,GOOGL,True,5.411979188,0.004898979032,0.0009060303977
2021-05-04,JNJ,True,9.556283141,0.002143160432,0.000224317462
2021-05-04,JPM,True,11.37337497,-0.03026440916,-0.002653925485
2021-05-04,MSFT,True,8.829128791,0.009867432381,0.001118850205
2021-05-04,PG,True,5.466445161,-0.01441412599,-0.002629902581
2021-05-04,TSLA,True,1.615174921,0.002091073354,0.00129632031
2021-05-04,VNQ,False,,,
2021-05-04,WMT,True,1.803203803,-0.002146222942,-0.001188812646
2021-05-05,AAPL,True,6.27569099,0.01718500174,0.002745863274
2021-05-05,AMZN,True,2.681478147,0.007172944187,0.002682171122
2021-05-05,BAC,True,2.848578676,0.003211678208,0.00112873953
2021-05-05,BND,False,,,
2021-05-05,GLD,False,,,
2021-05-05,GOOGL,True,5.411555804,-0.0004233834163,-7.823079166e-05
2021-05-05,JNJ,True,9.580050609,0.02376746788,0.002487103776
2021-05-05,JPM,True,11.37450282,0.001127849359,9.916575878e-05
2021-05-05,MSFT,True,8.848610854,0.01948206281,0.002206566839
2021-05-05,PG,True,5.462854501,-0.00359066001,-0.0006568546659
2021-05-05,TSLA,True,1.616677542,0.001502620646,0.0009303144979
2021-05-05,VNQ,False,,,
2021-05-05,WMT,True,1.804346129,0.001142325864,0.0006334979231
2021-05-06,AAPL,True,6.297957768,0.02226677781,0.003548099779
2021-05-06,AMZN,True,2.680287239,-0.001190907728,-0.0004441235999
2021-05-06,BAC,True,2.852536592,0.003957915787,0.001389435307
2021-05-06,BND,False,,,
2021-05-06,GLD,False,,,
2021-05-06,GOOGL,True,5.420890304,0.00933449973,0.001724919795
2021-05-06,JNJ,True,9.585062767,0.005012158616,0.0005231870708
2021-05-06,JPM,True,11.38478319,0.01028037294,0.0009038085532
2021-05-06,MSFT,True,8.861158788,0.01254793389,0.001418068225
2021-05-06,PG,True,5.471609071,0.008754569585,0.001602563199
2021-05-06,TSLA,True,1.615267995,-0.001409546843,-0.0008718787801
2021-05-06,VNQ,False,,,
2021-05-06,WMT,True,1.806134357,0.001788228185,0.0009910671553
2021-05-07,AAPL,True,6.300705648,0.002747879816,0.0004363128362
2021-05-07,AMZN,True,2.682533222,0.002245982977,0.0008379635376
2021-05-07,BAC,True,2.856275555,0.003738963454,0.001310750392
2021-05-07,BND,False,,,
2021-05-07,GLD,False,,,
2021-05-07,GOOGL,True,5.437843257,0.01695295284,0.003127337373
2021-05-07,JNJ,True,9.585747542,0.000684774982,7.144188813e-05
2021-05-07,JPM,True,11.40322111,0.01843792369,0.001619523479
2021-05-07,MSFT,True,8.87769638,0.01653759253,0.001866301342
2021-05-07,PG,True,5.472959922,0.001350851152,0.0002468837108
2021-05-07,TSLA,True,1.618611589,0.003343593824,0.002069993236
2021-05-07,VNQ,False,,,
2021-05-07,WMT,True,1.80883439,0.002700032548,0.001494923418
2021-05-10,AAPL,True,6.308975367,0.008269719409,0.001312506864
2021-05-10,AMZN,True,2.683206891,0.0006736687265,0.0002511315502
2021-05-10,BAC,True,2.853748009,-0.002527545813,-0.0008849096539
2021-05-10,BND,False,,,
2021-05-10,GLD,False,,,
2021-05-10,GOOGL,True,5.436549511,-0.001293746029,-0.0002379152851
2021-05-10,JNJ,True,9.595521624,0.009774081172,0.001019647255
2021-05-10,JPM,True,11.38774547,-0.01547564736,-0.001357129464
2021-05-10,MSFT,True,8.891142912,0.01344653147,0.001514641963
2021-05-10,PG,True,5.470121691,-0.002838231312,-0.0005185916492
2021-05-10,TSLA,True,1.618752592,0.0001410027011,8.711336437e-05
2021-05-10,VNQ,False,,,
2021-05-10,WMT,True,1.812802822,0.00396843237,0.002193916918
2021-05-11,AAPL,True,6.313158465,0.004183097949,0.000663039195
2021-05-11,AMZN,True,2.68186723,-0.001339661306,-0.0004992761872
2021-05-11,BAC,True,2.852318089,-0.001429919825,-0.0005010673052
2021-05-11,BND,False,,,
2021-05-11,GLD,False,,,
2021-05-11,GOOGL,True,5.433170221,-0.003379289613,-0.0006215872045
2021-05-11,JNJ,True,9.603008395,0.007486771852,0.0007802360461
2021-05-11,JPM,True,11.39314368,0.005398217735,0.0004740374423
2021-05-11,MSFT,True,8.883922246,-0.007220665847,-0.0008121189726
2021-05-11,PG,True,5.468538773,-0.001582917716,-0.0002893752288
2021-05-11,TSLA,True,1.622752086,0.003999493826,0.002470725821
2021-05-11,VNQ,False,,,
2021-05-11,WMT,True,1.816406811,0.003603988871,0.001988075497
2021-05-12,AAPL,True,6.329728174,0.0165697092,0.002624630649
2021-05-12,AMZN,True,2.682606806,0.0007395761243,0.0002757691045
2021-05-12,BAC,True,2.854601527,0.002283437442,0.0008005549767
2021-05-12,BND,False,,,
2021-05-12,GLD,False,,,
2021-05-12,GOOGL,True,5.431872047,-0.00129817389,-0.0002389348827
2021-05-12,JNJ,True,9.617377587,0.01436919108,0.001496321828
2021-05-12,JPM,True,11.40256213,0.009418444406,0.0008266765229
2021-05-12,MSFT,True,8.891314769,0.007392523337,0.0008321238224
2021-05-12,PG,True,5.470784392,0.002245618941,0.0004106433244
2021-05-12,TSLA,True,1.620895388,-0.001856697342,-0.001144165741
2021-05-12,VNQ,False,,,
2021-05-12,WMT,True,1.81595349,-0.0004533208746,-0.0002495701248
2021-05-13,AAPL,True,6.338862348,0.009134173737,0.001443059399
2021-05-13,AMZN,True,2.680203015,-0.002403790955,-0.0008960653306
2021-05-13,BAC,True,2.85185414,-0.002747386592,-0.0009624413658
2021-05-13,BND,False,,,
2021-05-13,GLD,False,,,
2021-05-13,GOOGL,True,5.454970871,0.02309882372,0.004252460942
2021-05-13,JNJ,True,9.644958497,0.02758091063,0.002867820296
2021-05-13,JPM,True,11.41233408,0.009771953616,0.0008569963053
2021-05-13,MSFT,True,8.894919464,0.003604695016,0.0004054175461
2021-05-13,PG,True,5.476129044,0.00534465224,0.0009769444118
2021-05-13,TSLA,True,1.621595151,0.0006997625379,0.000431713572
2021-05-13,VNQ,False,,,
2021-05-13,WMT,True,1.816068867,0.0001153761676,6.353475915e-05
2021-05-14,AAPL,True,6.317531092,-0.02133125561,-0.003365155203
2021-05-14,AMZN,True,2.684220326,0.004017310668,0.001498882975
2021-05-14,BAC,True,2.857740353,0.005886212821,0.002063995047
2021-05-14,BND,False,,,
2021-05-14,GLD,False,,,
2021-05-14,GOOGL,True,5.454788793,-0.0001820786107,-3.337847534e-05
2021-05-14,JNJ,True,9.653592383,0.008633885388,0.0008951708181
2021-05-14,JPM,True,11.4224969,0.01016281553,0.0008905115692
2021-05-14,MSFT,True,8.918684977,0.02376551282,0.002671807532
2021-05-14,PG,True,5.485724459,0.00959541466,0.001752225812
2021-05-14,TSLA,True,1.626326951,0.004731799931,0.002917990923
2021-05-14,VNQ,False,,,
2021-05-14,WMT,True,1.822076161,0.006007294144,0.003307855916
2021-05-17,AAPL,True,6.320725829,0.003194736787,0.0005056938763
2021-05-17,AMZN,True,2.681912877,-0.002307448349,-0.0008596344819
2021-05-17,BAC,True,2.859454554,0.001714201154,0.0005998449621
2021-05-17,BND,False,,,
2021-05-17,GLD,False,,,
2021-05-17,GOOGL,True,5.461511474,0.006722681215,0.001232436575
2021-05-17,JNJ,True,9.684487897,0.03089551467,0.003200416326
2021-05-17,JPM,True,11.42696445,0.004467555444,0.0003911189895
2021-05-17,MSFT,True,8.945758877,0.02707389946,0.003035638049
2021-05-17,PG,True,5.485275814,-0.0004486451911,-8.178412796e-05
2021-05-17,TSLA,True,1.627331579,0.001004628388,0.0006177284264
2021-05-17,VNQ,False,,,
2021-05-17,WMT,True,1.829680687,0.007604526418,0.004173550251
2021-05-18,AAPL,True,6.323157413,0.002431584242,0.0003847001607
2021-05-18,AMZN,True,2.68283567,0.0009227927235,0.0003440800525
2021-05-18,BAC,True,2.86732521,0.007870655421,0.002752502364
2021-05-18,BND,False,,,
2021-05-18,GLD,False,,,
2021-05-18,GOOGL,True,5.472104526,0.01059305254,0.001939582584
2021-05-18,JNJ,True,9.699215825,0.01472792749,0.001520775043
2021-05-18,JPM,True,11.43190234,0.004937887389,0.0004321259079
2021-05-18,MSFT,True,8.943895312,-0.001863564547,-0.0002083182179
2021-05-18,PG,True,5.487432854,0.002157040295,0.0003932419023
2021-05-18,TSLA,True,1.624735144,-0.002596434717,-0.001595516704
2021-05-18,VNQ,False,,,
2021-05-18,WMT,True,1.833163462,0.003482774537,0.001903487621
2021-05-19,AAPL,True,6.359568548,0.03641113478,0.005758378671
2021-05-19,AMZN,True,2.69237235,0.009536679628,0.003554701368
2021-05-19,BAC,True,2.868644072,0.001318862339,0.0004599625932
2021-05-19,BND,False,,,
2021-05-19,GLD,False,,,
2021-05-19,GOOGL,True,5.478683074,0.006578547486,0.001202196971
2021-05-19,JNJ,True,9.690222125,-0.008993699867,-0.0009272605157
2021-05-19,JPM,True,11.45882643,0.0269240921,0.002355171632
2021-05-19,MSFT,True,8.937969878,-0.005925434296,-0.0006625115891
2021-05-19,PG,True,5.491322,0.003889146315,0.0007087369301
2021-05-19,TSLA,True,1.626305749,0.001570604235,0.0009666832412
2021-05-19,VNQ,False,,,
2021-05-19,WMT,True,1.835670906,0.00250744401,0.001367823471
2021-05-20,AAPL,True,6.362164136,0.002595588251,0.0004081390477
2021-05-20,AMZN,True,2.700807165,0.008434815362,0.003132856183
2021-05-20,BAC,True,2.871173377,0.002529305466,0.0008817076647
2021-05-20,BND,False,,,
2021-05-20,GLD,False,,,
2021-05-20,GOOGL,True,5.490301866,0.01161879249,0.00212072725
2021-05-20,JNJ,True,9.684939849,-0.00528227535,-0.0005451139594
2021-05-20,JPM,True,11.4467443,-0.01208213262,-0.00105439529
2021-05-20,MSFT,True,8.970284641,0.03231476308,0.003615447749
2021-05-20,PG,True,5.490252161,-0.00106983933,-0.0001948236382
2021-05-20,TSLA,True,1.628270349,0.001964600094,0.001208013988
2021-05-20,VNQ,False,,,
2021-05-20,WMT,True,1.836587606,0.0009167005788,0.0004993817661
2021-05-21,AAPL,True,6.388190824,0.02602668738,0.004090854437
2021-05-21,AMZN,True,2.707418758,0.006611592806,0.002448006245
2021-05-21,BAC,True,2.876610426,0.005437048898,0.001893667913
2021-05-21,BND,False,,,
2021-05-21,GLD,False,,,
2021-05-21,GOOGL,True,5.507036382,0.01673451562,0.003048013757
2021-05-21,JNJ,True,9.69479589,0.009856040765,0.001017666699
2021-05-21,JPM,True,11.44083181,-0.005912489559,-0.000516521502
2021-05-21,MSFT,True,8.976402888,0.006118247067,0.0006820571823
2021-05-21,PG,True,5.494348632,0.00409647086,0.0007461352848
2021-05-21,TSLA,True,1.630162118,0.001891769179,0.001161827445
2021-05-21,VNQ,False,,,
2021-05-21,WMT,True,1.83791694,0.001329333807,0.000723806369
2021-05-24,AAPL,True,6.408736392,0.0205455682,0.003216179473
2021-05-24,AMZN,True,2.710921518,0.00350276026,0.001293763756
2021-05-24,BAC,True,2.88270338,0.006092953818,0.002118101833
2021-05-24,BND,False,,,
2021-05-24,GLD,False,,,
2021-05-24,GOOGL,True,5.524514503,0.01747812096,0.003173779825
2021-05-24,JNJ,True,9.707003123,0.01220723229,0.001259153099
2021-05-24,JPM,True,11.43292975,-0.007902063347,-0.0006906895825
2021-05-24,MSFT,True,9.007462395,0.0310595069,0.003460128438
2021-05-24,PG,True,5.495875633,0.001527001048,0.0002779221251
2021-05-24,TSLA,True,1.632011528,0.001849410201,0.00113449465
2021-05-24,VNQ,False,,,
2021-05-24,WMT,True,1.838220346,0.0003034057387,0.0001650813114
2021-05-25,AAPL,True,6.409138139,0.0004017466451,6.268734124e-05
2021-05-25,AMZN,True,2.704288183,-0.006633334982,-0.002446893035
2021-05-25,BAC,True,2.883795047,0.001091667244,0.0003786956549
2021-05-25,BND,False,,,
2021-05-25,GLD,False,,,
2021-05-25,GOOGL,True,5.52218962,-0.002324883316,-0.00042083034
2021-05-25,JNJ,True,9.715177352,0.00817422924,0.0008420960761
2021-05-25,JPM,True,11.42545457,-0.0074751803,-0.0006538289366
2021-05-25,MSFT,True,9.00612899,-0.001333404845,-0.0001480333513
2021-05-25,PG,True,5.489088179,-0.006787453682,-0.001235008602
2021-05-25,TSLA,True,1.635650639,0.003639111439,0.002229831945
2021-05-25,VNQ,False,,,
2021-05-25,WMT,True,1.840416332,0.002195986649,0.001194626452
2021-05-26,AAPL,True,6.414325941,0.005187802368,0.0008094383762
2021-05-26,AMZN,True,2.704540347,0.0002521639955,9.324597765e-05
2021-05-26,BAC,True,2.880565825,-0.003229221918,-0.001119782046
2021-05-26,BND,False,,,
2021-05-26,GLD,False,,,
2021-05-26,GOOGL,True,5.524456422,0.002266802736,0.0004104898405
2021-05-26,JNJ,True,9.730058725,0.01488137302,0.001531765451
2021-05-26,JPM,True,11.44467161,0.01921704754,0.00168195037
2021-05-26,MSFT,True,9.024356696,0.0182277064,0.002023922422
2021-05-26,PG,True,5.495734729,0.006646550193,0.00121086599
2021-05-26,TSLA,True,1.636867957,0.001217317221,0.0007442403599
2021-05-26,VNQ,False,,,
2021-05-26,WMT,True,1.846421433,0.006005100286,0.003262903171
2021-05-27,AAPL,True,6.411159079,-0.003166862078,-0.0004937170494
2021-05-27,AMZN,True,2.715618863,0.01107851544,0.004096265546
2021-05-27,BAC,True,2.882968394,0.002402568702,0.0008340613782
2021-05-27,BND,False,,,
2021-05-27,GLD,False,,,
2021-05-27,GOOGL,True,5.536945789,0.01248936677,0.002260741296
2021-05-27,JNJ,True,9.746864618,0.01680589335,0.001727213969
2021-05-27,JPM,True,11.46642735,0.02175573701,0.001900948995
2021-05-27,MSFT,True,9.02376792,-0.0005887760188,-6.524299056e-05
2021-05-27,PG,True,5.497379495,0.001644766047,0.0002992804653
2021-05-27,TSLA,True,1.635618751,-0.001249205602,-0.0007631682183
2021-05-27,VNQ,False,,,
2021-05-27,WMT,True,1.851978692,0.005557258955,0.003009745693
2021-05-28,AAPL,True,6.395806995,-0.01535208404,-0.002394587914
2021-05-28,AMZN,True,2.723717725,0.008098862123,0.002982326509
2021-05-28,BAC,True,2.881976958,-0.0009914364153,-0.0003438943061
2021-05-28,BND,False,,,
2021-05-28,GLD,False,,,
2021-05-28,GOOGL,True,5.547936036,0.01099024653,0.001984893287
2021-05-28,JNJ,True,9.751703161,0.00483854302,0.0004964204603
2021-05-28,JPM,True,11.44784195,-0.01858540396,-0.001620853941
2021-05-28,MSFT,True,9.065166423,0.04139850255,0.004587718004
2021-05-28,PG,True,5.493850538,-0.003528957727,-0.0006419345308
2021-05-28,TSLA,True,1.637211961,0.001593209649,0.0009740715236
2021-05-28,VNQ,False,,,
2021-05-28,WMT,True,1.850359413,-0.001619278965,-0.000874350754
2021-06-01,AAPL,True,6.397846191,0.002039195903,0.0003188332457
2021-06-01,AMZN,True,2.723713058,-4.666420885e-06,-1.71325422e-06
2021-06-01,BAC,True,2.88000363,-0.001973327317,-0.0006847130792
2021-06-01,BND,False,,,
2021-06-01,GLD,False,,,
2021-06-01,GOOGL,True,5.540169003,-0.007767032214,-0.001399985898
2021-06-01,JNJ,True,9.745168989,-0.006534171855,-0.0006700544251
2021-06-01,JPM,True,11.46409383,0.01625187971,0.00141964571
2021-06-01,MSFT,True,9.087919847,0.02275342425,0.002509984173
2021-06-01,PG,True,5.500452616,0.006602078293,0.001201721497
2021-06-01,TSLA,True,1.6423615,0.005149539233,0.00314531005
2021-06-01,VNQ,False,,,
2021-06-01,WMT,True,1.850963435,0.0006040222717,0.0003264351063
2021-06-02,AAPL,True,6.400572089,0.002725898498,0.0004260650251
2021-06-02,AMZN,True,2.719801592,-0.00391146648,-0.001436078763
2021-06-02,BAC,True,2.875553098,-0.004450532875,-0.001545321967
2021-06-02,BND,False,,,
2021-06-02,GLD,False,,,
2021-06-02,GOOGL,True,5.537367711,-0.00280129277,-0.0005056330896
2021-06-02,JNJ,True,9.730823318,-0.01434567117,-0.001472080287
2021-06-02,JPM,True,11.4480267,-0.01606713027,-0.001401517687
2021-06-02,MSFT,True,9.067319188,-0.02060065933,-0.002266817894
2021-06-02,PG,True,5.501575856,0.001123239932,0.0002042086371
2021-06-02,TSLA,True,1.644848771,0.002487271482,0.001514448239
2021-06-02,VNQ,False,,,
2021-06-02,WMT,True,1.851275463,0.0003120282032,0.0001685761033
2021-06-03,AAPL,True,6.410716297,0.01014420752,0.001584890753
2021-06-03,AMZN,True,2.716538488,-0.003263103666,-0.001199757981
2021-06-03,BAC,True,2.870825523,-0.004727574821,-0.001644057564
2021-06-03,BND,False,,,
2021-06-03,GLD,False,,,
2021-06-03,GOOGL,True,5.533101371,-0.004266339446,-0.0007704634528
2021-06-03,JNJ,True,9.711920752,-0.01890256618,-0.001942545411
2021-06-03,JPM,True,11.44483287,-0.003193831069,-0.0002789852918
2021-06-03,MSFT,True,9.074286294,0.006967106534,0.0007683755683
2021-06-03,PG,True,5.504125205,0.002549349196,0.0004633852669
2021-06-03,TSLA,True,1.647460784,0.002612012373,0.001587995455
2021-06-03,VNQ,False,,,
2021-06-03,WMT,True,1.851999973,0.0007245099777,0.0003913571979
2021-06-04,AAPL,True,6.40849472,-0.002221576928,-0.0003465411391
2021-06-04,AMZN,True,2.712568126,-0.003970362443,-0.001461552067
2021-06-04,BAC,True,2.869913697,-0.0009118258361,-0.0003176179914
2021-06-04,BND,False,,,
2021-06-04,GLD,False,,,
2021-06-04,GOOGL,True,5.528364826,-0.00473654497,-0.0008560379888
2021-06-04,JNJ,True,9.723335798,0.01141504653,0.001175364464
2021-06-04,JPM,True,11.46982809,0.02499522751,0.002183974882
2021-06-04,MSFT,True,9.085124031,0.01083773667,0.001194334884
2021-06-04,PG,True,5.50420226,7.705440688e-05,1.399939209e-05
2021-06-04,TSLA,True,1.644290423,-0.003170361042,-0.001924392419
2021-06-04,VNQ,False,,,
2021-06-04,WMT,True,1.849918213,-0.00208175989,-0.001124060432
2021-06-07,AAPL,True,6.411615459,0.003120738778,0.0004869690801
2021-06-07,AMZN,True,2.715827795,0.003259669473,0.001201691284
2021-06-07,BAC,True,2.869611341,-0.0003023561473,-0.000105353742
2021-06-07,BND,False,,,
2021-06-07,GLD,False,,,
2021-06-07,GOOGL,True,5.540103931,0.01173910515,0.002123431706
2021-06-07,JNJ,True,9.72909894,0.005763141134,0.0005927123421
2021-06-07,JPM,True,11.45146738,-0.01836071378,-0.001600783694
2021-06-07,MSFT,True,9.093882683,0.008758651634,0.0009640651689
2021-06-07,PG,True,5.499597009,-0.004605250091,-0.0008366789362
2021-06-07,TSLA,True,1.64026049,-0.004029933263,-0.002450864645
2021-06-07,VNQ,False,,,
2021-06-07,WMT,True,1.843681775,-0.006236438506,-0.003371196878
2021-06-08,AAPL,True,6.407787687,-0.003827771743,-0.0005970058198
2021-06-08,AMZN,True,2.711942827,-0.003884968368,-0.001430491423
2021-06-08,BAC,True,2.869086132,-0.0005252084924,-0.0001830242601
2021-06-08,BND,False,,,
2021-06-08,GLD,False,,,
2021-06-08,GOOGL,True,5.540914947,0.0008110158441,0.0001463900053
2021-06-08,JNJ,True,9.746675719,0.01757677905,0.001806619417
2021-06-08,JPM,True,11.4755177,0.02405031532,0.002100195068
2021-06-08,MSFT,True,9.085282873,-0.008599810059,-0.0009456697826
2021-06-08,PG,True,5.506922527,0.007325517206,0.001332009817
2021-06-08,TSLA,True,1.635816254,-0.004444235653,-0.00270946943
2021-06-08,VNQ,False,,,
2021-06-08,WMT,True,1.844402458,0.0007206832217,0.0003908934999
2021-06-09,AAPL,True,6.417371467,0.009583780473,0.001495645758
2021-06-09,AMZN,True,2.713287731,0.001344904245,0.0004959190997
2021-06-09,BAC,True,2.871601651,0.00251551901,0.0008767666406
2021-06-09,BND,False,,,
2021-06-09,GLD,False,,,
2021-06-09,GOOGL,True,5.559691279,0.0187763318,0.003388669919
2021-06-09,JNJ,True,9.754128177,0.007452457864,0.0007646153498
2021-06-09,JPM,True,11.4705873,-0.00493039395,-0.0004296445773
2021-06-09,MSFT,True,9.040564271,-0.04471860132,-0.00492209235
2021-06-09,PG,True,5.511068314,0.004145787081,0.000752831924
2021-06-09,TSLA,True,1.63766212,0.00184586627,0.001128406853
2021-06-09,VNQ,False,,,
2021-06-09,WMT,True,1.842697569,-0.001704888702,-0.00092435829
2021-06-10,AAPL,True,6.3908595,-0.02651196746,-0.004131281412
2021-06-10,AMZN,True,2.715792815,0.002505083871,0.000923265101
2021-06-10,BAC,True,2.87378322,0.002181568687,0.0007597044967
2021-06-10,BND,False,,,
2021-06-10,GLD,False,,,
2021-06-10,GOOGL,True,5.576053,0.01636172105,0.002942918992
2021-06-10,JNJ,True,9.770559944,0.01643176718,0.001684596192
2021-06-10,JPM,True,11.51319443,0.04260713124,0.003714468154
2021-06-10,MSFT,True,9.077969505,0.03740523377,0.004137488839
2021-06-10,PG,True,5.519796305,0.008727991077,0.001583720357
2021-06-10,TSLA,True,1.638218872,0.0005567514226,0.0003399672104
2021-06-10,VNQ,False,,,
2021-06-10,WMT,True,1.841809035,-0.0008885344777,-0.000482192245
2021-06-11,AAPL,True,6.414768019,0.02390851882,0.003741049044
2021-06-11,AMZN,True,2.723951787,0.008158972198,0.003004269013
2021-06-11,BAC,True,2.879072515,0.005289295006,0.00184053375
2021-06-11,BND,False,,,
2021-06-11,GLD,False,,,
2021-06-11,GOOGL,True,5.605971238,0.0299182383,0.005365486717
2021-06-11,JNJ,True,9.796744961,0.02618501726,0.002679991465
2021-06-11,JPM,True,11.51973162,0.006537187429,0.0005677996204
2021-06-11,MSFT,True,9.063250754,-0.01471875081,-0.001621370374
2021-06-11,PG,True,5.517494792,-0.002301512908,-0.0004169561305
2021-06-11,TSLA,True,1.640320624,0.002101752495,0.001282949752
2021-06-11,VNQ,False,,,
2021-06-11,WMT,True,1.845539515,0.003730480028,0.00202544344
2021-06-14,AAPL,True,6.418774685,0.004006665848,0.0006246002718
2021-06-14,AMZN,True,2.726879735,0.002927948226,0.001074889886
2021-06-14,BAC,True,2.884306874,0.005234358661,0.001818071144
2021-06-14,BND,False,,,
2021-06-14,GLD,False,,,
2021-06-14,GOOGL,True,5.609308472,0.003337233601,0.0005952998078
2021-06-14,JNJ,True,9.794738021,-0.002006940426,-0.0002048578823
2021-06-14,JPM,True,11.53079207,0.01106044622,0.0009601305472
2021-06-14,MSFT,True,9.063345965,9.521083861e-05,1.05051533e-05
2021-06-14,PG,True,5.510300807,-0.007193985344,-0.001303849956
2021-06-14,TSLA,True,1.640870296,0.000549672393,0.0003351005803
2021-06-14,VNQ,False,,,
2021-06-14,WMT,True,1.850310735,0.004771219772,0.002585270992
2021-06-15,AAPL,True,6.400222413,-0.01855227109,-0.002890313494
2021-06-15,AMZN,True,2.72390773,-0.00297200514,-0.001089892268
2021-06-15,BAC,True,2.890083022,0.005776148051,0.002002612171
2021-06-15,BND,False,,,
2021-06-15,GLD,False,,,
2021-06-15,GOOGL,True,5.623982392,0.01467392037,0.002615994547
2021-06-15,JNJ,True,9.809730648,0.01499262742,0.00153068182
2021-06-15,JPM,True,11.51812255,-0.01266951593,-0.001098755043
2021-06-15,MSFT,True,9.057773288,-0.005572677087,-0.0006148586966
2021-06-15,PG,True,5.509086304,-0.001214502323,-0.0002204058119
2021-06-15,TSLA,True,1.641047234,0.000176937745,0.000107831646
2021-06-15,VNQ,False,,,
2021-06-15,WMT,True,1.850266172,-4.456299385e-05,-2.408405951e-05
2021-06-16,AAPL,True,6.402734373,0.002511959883,0.0003924800921
2021-06-16,AMZN,True,2.720745794,-0.003161936087,-0.001160808809
2021-06-16,BAC,True,2.899587989,0.009504967584,0.00328882164
2021-06-16,BND,False,,,
2021-06-16,GLD,False,,,
2021-06-16,GOOGL,True,5.625906657,0.001924265042,0.0003421534614
2021-06-16,JNJ,True,9.828159652,0.01842900407,0.001878645269
2021-06-16,JPM,True,11.50825153,-0.009871023842,-0.0008569993763
2021-06-16,MSFT,True,9.070215577,0.01244228945,0.001373658741
2021-06-16,PG,True,5.511488198,0.002401893321,0.000435987601
2021-06-16,TSLA,True,1.642381474,0.001334239532,0.0008130415168
2021-06-16,VNQ,False,,,
2021-06-16,WMT,True,1.855250153,0.004983981006,0.002693656233
2021-06-17,AAPL,True,6.430702735,0.02796836155,0.004368190201
2021-06-17,AMZN,True,2.725718676,0.004972881833,0.001827764227
2021-06-17,BAC,True,2.909899955,0.01031196575,0.00355635552
2021-06-17,BND,False,,,
2021-06-17,GLD,False,,,
2021-06-17,GOOGL,True,5.624939135,-0.0009675221745,-0.0001719762224
2021-06-17,JNJ,True,9.847884163,0.01972451074,0.002006938373
2021-06-17,JPM,True,11.521217,0.01296547721,0.001126624421
2021-06-17,MSFT,True,9.075121721,0.004906143498,0.0005409070442
2021-06-17,PG,True,5.509020114,-0.002468083609,-0.0004478071114
2021-06-17,TSLA,True,1.648558264,0.006176790236,0.003760874276
2021-06-17,VNQ,False,,,
2021-06-17,WMT,True,1.855168021,-8.213126915e-05,-4.426964689e-05
2021-06-18,AAPL,True,6.448716491,0.01801375637,0.002801211175
2021-06-18,AMZN,True,2.880350898,0.1546322223,0.05673080781
2021-06-18,BAC,True,2.85923859,-0.05066136474,-0.01741000224
2021-06-18,BND,False,,,
2021-06-18,GLD,False,,,
2021-06-18,GOOGL,True,5.526827815,-0.0981113197,-0.01744220112
2021-06-18,JNJ,True,10.1993845,0.3515003406,0.03569298083
2021-06-18,JPM,True,11.69521693,0.1739999264,0.01510256481
2021-06-18,MSFT,True,8.979201288,-0.09592043265,-0.01056960288
2021-06-18,PG,True,5.523016044,0.01399593032,0.002540548053
2021-06-18,TSLA,True,1.661358283,0.01280001861,0.007764371381
2021-06-18,VNQ,False,,,
2021-06-18,WMT,True,1.879231035,0.02406301361,0.01297080013
2021-06-21,AAPL,True,6.470943906,0.02222741432,0.003446796637
2021-06-21,AMZN,True,2.877721617,-0.002629281747,-0.0009128338318
2021-06-21,BAC,True,2.86664923,0.007410639577,0.002591822733
2021-06-21,BND,False,,,
2021-06-21,GLD,False,,,
2021-06-21,GOOGL,True,5.527583112,0.0007552962884,0.0001366599999
2021-06-21,JNJ,True,10.21200384,0.01261933932,0.00123726479
2021-06-21,JPM,True,11.699655,0.004438073604,0.0003794776643
2021-06-21,MSFT,True,8.985907193,0.006705904549,0.0007468263974
2021-06-21,PG,True,5.519158817,-0.003857226877,-0.0006983913945
2021-06-21,TSLA,True,1.6617792,0.0004209170072,0.0002533571546
2021-06-21,VNQ,False,,,
2021-06-21,WMT,True,1.877665206,-0.001565828535,-0.000833228329
2021-06-22,AAPL,True,6.483651874,0.01270796791,0.00196385073
2021-06-22,AMZN,True,2.879674316,0.001952699525,0.0006785574789
2021-06-22,BAC,True,2.871916092,0.005266862166,0.001837288675
2021-06-22,BND,False,,,
2021-06-22,GLD,False,,,
2021-06-22,GOOGL,True,5.523305283,-0.004277829079,-0.0007739058813
2021-06-22,JNJ,True,10.22645789,0.01445404501,0.00141539753
2021-06-22,JPM,True,11.69731849,-0.002336517822,-0.0001997082668
2021-06-22,MSFT,True,8.986666095,0.0007589020918,8.445469951e-05
2021-06-22,PG,True,5.519837997,0.0006791800215,0.0001230586116
2021-06-22,TSLA,True,1.664770614,0.002991414841,0.001800127743
2021-06-22,VNQ,False,,,
2021-06-22,WMT,True,1.881770486,0.00410527985,0.002186374779
2021-06-23,AAPL,True,6.497656956,0.01400508267,0.002160060864
2021-06-23,AMZN,True,2.886859521,0.007185204476,0.002495144828
2021-06-23,BAC,True,2.872653106,0.0007370137485,0.0002566278836
2021-06-23,BND,False,,,
2021-06-23,GLD,False,,,
2021-06-23,GOOGL,True,5.514130625,-0.009174658094,-0.001661081114
2021-06-23,JNJ,True,10.2281272,0.001669307726,0.0001632342053
2021-06-23,JPM,True,11.70663839,0.009319900556,0.0007967553048
2021-06-23,MSFT,True,8.992473181,0.005807086057,0.0006461891424
2021-06-23,PG,True,5.517127466,-0.00271053135,-0.0004910526996
2021-06-23,TSLA,True,1.665742492,0.0009718774057,0.0005837905819
2021-06-23,VNQ,False,,,
2021-06-23,WMT,True,1.886856403,0.005085917035,0.002702729728
2021-06-24,AAPL,True,6.528622029,0.03096507252,0.00476557515
2021-06-24,AMZN,True,2.88438635,-0.002473170533,-0.0008566993008
2021-06-24,BAC,True,2.860421433,-0.01223167273,-0.00425797069
2021-06-24,BND,False,,,
2021-06-24,GLD,False,,,
2021-06-24,GOOGL,True,5.517819151,0.003688526785,0.0006689226347
2021-06-24,JNJ,True,10.22981968,0.001692487763,0.0001654738674
2021-06-24,JPM,True,11.71263531,0.005996920831,0.0005122666843
2021-06-24,MSFT,True,9.037393293,0.04492011204,0.004995301196
2021-06-24,PG,True,5.511057286,-0.006070180317,-0.001100242899
2021-06-24,TSLA,True,1.665636332,-0.0001061597583,-6.373119425e-05
2021-06-24,VNQ,False,,,
2021-06-24,WMT,True,1.891066514,0.00421011059,0.002231282986
2021-06-25,AAPL,True,6.549205965,0.02058393672,0.003152876155
2021-06-25,AMZN,True,2.884594797,0.0002084473249,7.226747723e-05
2021-06-25,BAC,True,2.860509553,8.811967436e-05,3.080653548e-05
2021-06-25,BND,False,,,
2021-06-25,GLD,False,,,
2021-06-25,GOOGL,True,5.526536689,0.008717537693,0.001579888259
2021-06-25,JNJ,True,10.25342743,0.0236077464,0.002307738272
2021-06-25,JPM,True,11.71339623,0.0007609225245,6.496595383e-05
2021-06-25,MSFT,True,9.05274718,0.01535388662,0.001698928676
2021-06-25,PG,True,5.509708993,-0.001348292755,-0.0002446522845
2021-06-25,TSLA,True,1.669302489,0.003666156538,0.002201054617
2021-06-25,VNQ,False,,,
2021-06-25,WMT,True,1.890104871,-0.0009616428825,-0.0005085188043
2021-06-28,AAPL,True,6.545779945,-0.003426020289,-0.0005231199487
2021-06-28,AMZN,True,2.892067752,0.007472954259,0.002590642632
2021-06-28,BAC,True,2.864974899,0.004465346533,0.001561031855
2021-06-28,BND,False,,,
2021-06-28,GLD,False,,,
2021-06-28,GOOGL,True,5.54072931,0.01419262126,0.002568085957
2021-06-28,JNJ,True,10.24694206,-0.006485365872,-0.0006325071218
2021-06-28,JPM,True,11.69057666,-0.02281957476,-0.001948160407
2021-06-28,MSFT,True,9.067587582,0.01484040221,0.001639325822
2021-06-28,PG,True,5.530209141,0.02050014805,0.003720731544
2021-06-28,TSLA,True,1.668451193,-0.0008512955872,-0.0005099708369
2021-06-28,VNQ,False,,,
2021-06-28,WMT,True,1.894849445,0.004744573693,0.002510217166
2021-06-29,AAPL,True,6.576030959,0.03025101408,0.004621452957
2021-06-29,AMZN,True,2.895744881,0.003677129404,0.00127145341
2021-06-29,BAC,True,2.863487404,-0.001487495707,-0.0005192002579
2021-06-29,BND,False,,,
2021-06-29,GLD,False,,,
2021-06-29,GOOGL,True,5.535413479,-0.005315831386,-0.0009594100502
2021-06-29,JNJ,True,10.24564586,-0.001296201762,-0.0001264964469
2021-06-29,JPM,True,11.6818886,-0.008688053932,-0.0007431672695
2021-06-29,MSFT,True,9.085658687,0.01807110519,0.001992934177
2021-06-29,PG,True,5.540590225,0.01038108431,0.001877159443
2021-06-29,TSLA,True,1.671833944,0.003382751419,0.002027479996
2021-06-29,VNQ,False,,,
2021-06-29,WMT,True,1.89645903,0.0016095849,0.0008494526594
2021-06-30,AAPL,True,6.56875723,-0.007273728741,-0.001106097095
2021-06-30,AMZN,True,2.903299391,0.007554510172,0.0026088314
2021-06-30,BAC,True,2.863744957,0.0002575534395,8.994397501e-05
2021-06-30,BND,False,,,
2021-06-30,GLD,False,,,
2021-06-30,GOOGL,True,5.537024599,0.001611119832,0.0002910568177
2021-06-30,JNJ,True,10.24103297,-0.004612891949,-0.0004502294937
2021-06-30,JPM,True,11.67831671,-0.00357189015,-0.0003057630724
2021-06-30,MSFT,True,9.063895085,-0.02176360224,-0.002395379685
2021-06-30,PG,True,5.544809171,0.004218945957,0.0007614614664
2021-06-30,TSLA,True,1.671163219,-0.000670725451,-0.00040119143
2021-06-30,VNQ,False,,,
2021-06-30,WMT,True,1.900715863,0.0042568335,0.002244621916
2021-07-01,AAPL,True,6.574968189,0.006210958332,0.0009455301991
2021-07-01,AMZN,True,2.908099393,0.004800002135,0.001653292165
2021-07-01,BAC,True,2.865526289,0.001781331572,0.0006220287069
2021-07-01,BND,False,,,
2021-07-01,GLD,False,,,
2021-07-01,GOOGL,True,5.522299467,-0.01472513215,-0.00265939439
2021-07-01,JNJ,True,10.24459166,0.003558686074,0.0003474928833
2021-07-01,JPM,True,11.67570095,-0.00261576517,-0.0002239847775
2021-07-01,MSFT,True,9.078362703,0.01446761818,0.001596181117
2021-07-01,PG,True,5.543821357,-0.000987814714,-0.0001781512553
2021-07-01,TSLA,True,1.674601851,0.003438631858,0.002057627776
2021-07-01,VNQ,False,,,
2021-07-01,WMT,True,1.902968945,0.002253081595,0.001185385801
2021-07-02,AAPL,True,6.587269874,0.01230168472,0.001870987717
2021-07-02,AMZN,True,2.913633552,0.005534158833,0.001903015711
2021-07-02,BAC,True,2.870138646,0.004612356994,0.001609602052
2021-07-02,BND,False,,,
2021-07-02,GLD,False,,,
2021-07-02,GOOGL,True,5.51021031,-0.01208915707,-0.002189152751
2021-07-02,JNJ,True,10.24033333,-0.004258329262,-0.0004156660806
2021-07-02,JPM,True,11.67929942,0.003598476433,0.0003082021755
2021-07-02,MSFT,True,9.068039399,-0.01032330371,-0.001137132768
2021-07-02,PG,True,5.541945121,-0.001876235789,-0.0003384372742
2021-07-02,TSLA,True,1.673229118,-0.001372732692,-0.0008197367577
2021-07-02,VNQ,False,,,
2021-07-02,WMT,True,1.908048381,0.005079436258,0.00266921658
2021-07-06,AAPL,True,6.601594648,0.01432477398,0.002174614712
2021-07-06,AMZN,True,2.918696423,0.005062871114,0.001737648549
2021-07-06,BAC,True,2.869828375,-0.0003102708084,-0.0001081030733
2021-07-06,BND,False,,,
2021-07-06,GLD,False,,,
2021-07-06,GOOGL,True,5.511132215,0.0009219056019,0.0001673086053
2021-07-06,JNJ,True,10.24173446,0.001401131173,0.0001368247623
2021-07-06,JPM,True,11.66943261,-0.009866810776,-0.0008448118692
2021-07-06,MSFT,True,9.082419009,0.01437960973,0.001585746278
2021-07-06,PG,True,5.547744184,0.005799062826,0.001046394849
2021-07-06,TSLA,True,1.671326536,-0.001902582328,-0.001137072208
2021-07-06,VNQ,False,,,
2021-07-06,WMT,True,1.908461705,0.0004133244689,0.0002166215873
2021-07-07,AAPL,True,6.611813474,0.01021882603,0.001547932972
2021-07-07,AMZN,True,2.920035967,0.001339543935,0.0004589528133
2021-07-07,BAC,True,2.867422011,-0.00240636388,-0.0008385044561
2021-07-07,BND,False,,,
2021-07-07,GLD,False,,,
2021-07-07,GOOGL,True,5.50037876,-0.01075345464,-0.001951224216
2021-07-07,JNJ,True,10.23876819,-0.002966272803,-0.0002896260214
2021-07-07,JPM,True,11.67373996,0.004307351395,0.0003691140382
2021-07-07,MSFT,True,9.074928355,-0.007490653692,-0.0008247421402
2021-07-07,PG,True,5.548611739,0.0008675557269,0.0001563799083
2021-07-07,TSLA,True,1.670595276,-0.0007312602017,-0.0004375328136
2021-07-07,VNQ,False,,,
2021-07-07,WMT,True,1.90739446,-0.0010672451,-0.0005592174561
2021-07-08,AAPL,True,6.63413159,0.02231811662,0.003375490962
2021-07-08,AMZN,True,2.925145265,0.005109297858,0.001749737988
2021-07-08,BAC,True,2.866399393,-0.001022617673,-0.0003566331251
2021-07-08,BND,False,,,
2021-07-08,GLD,False,,,
2021-07-08,GOOGL,True,5.509161406,0.008782645096,0.001596734603
2021-07-08,JNJ,True,10.22523685,-0.01353133974,-0.001321578875
2021-07-08,JPM,True,11.67647413,0.002734171158,0.000234215527
2021-07-08,MSFT,True,9.067249404,-0.007678950836,-0.0008461720617
2021-07-08,PG,True,5.538770331,-0.009841408216,-0.001773670366
2021-07-08,TSLA,True,1.667935469,-0.002659806413,-0.001592130932
2021-07-08,VNQ,False,,,
2021-07-08,WMT,True,1.907523323,0.0001288631856,6.75597986e-05
2021-07-09,AAPL,True,6.634337365,0.0002057746724,3.101757473e-05
2021-07-09,AMZN,True,2.922326642,-0.002818623353,-0.0009635840607
2021-07-09,BAC,True,2.867459247,0.001059854314,0.0003697510948
2021-07-09,BND,False,,,
2021-07-09,GLD,False,,,
2021-07-09,GOOGL,True,5.500631599,-0.008529806977,-0.001548294985
2021-07-09,JNJ,True,10.23613554,0.01089869042,0.001065861905
2021-07-09,JPM,True,11.6883756,0.01190146131,0.001019268417
2021-07-09,MSFT,True,9.064658051,-0.002591353208,-0.000285792647
2021-07-09,PG,True,5.540847688,0.002077357365,0.0003750575022
2021-07-09,TSLA,True,1.666952561,-0.0009829081155,-0.000589296249
2021-07-09,VNQ,False,,,
2021-07-09,WMT,True,1.911508524,0.003985200136,0.002089201263
2021-07-12,AAPL,True,6.62703541,-0.007301954525,-0.001100630571
2021-07-12,AMZN,True,2.917293025,-0.00503361641,-0.001722468782
2021-07-12,BAC,True,2.864699937,-0.002759310727,-0.0009622841998
2021-07-12,BND,False,,,
2021-07-12,GLD,False,,,
2021-07-12,GOOGL,True,5.498434516,-0.002197082924,-0.0003994237543
2021-07-12,JNJ,True,10.21955945,-0.01657608598,-0.001619369529
2021-07-12,JPM,True,11.6846607,-0.003714895345,-0.0003178281973
2021-07-12,MSFT,True,9.070667708,0.006009656802,0.0006629766691
2021-07-12,PG,True,5.543435954,0.002588265187,0.0004671244064
2021-07-12,TSLA,True,1.666458103,-0.0004944579323,-0.0002966238775
2021-07-12,VNQ,False,,,
2021-07-12,WMT,True,1.91496403,0.003455506351,0.001807737872
2021-07-13,AAPL,True,6.624648234,-0.002387176321,-0.000360217831
2021-07-13,AMZN,True,2.909710105,-0.007582920673,-0.002599300313
2021-07-13,BAC,True,2.863042702,-0.001657234813,-0.0005785020592
2021-07-13,BND,False,,,
2021-07-13,GLD,False,,,
2021-07-13,GOOGL,True,5.496623107,-0.001811408997,-0.0003294408602
2021-07-13,JNJ,True,10.21818188,-0.001377567831,-0.0001347971835
2021-07-13,JPM,True,11.69033796,0.005677261285,0.0004858730117
2021-07-13,MSFT,True,9.053622113,-0.0170455951,-0.001879199597
2021-07-13,PG,True,5.535083912,-0.008352041971,-0.001506654364
2021-07-13,TSLA,True,1.665564697,-0.0008934064715,-0.0005361109708
2021-07-13,VNQ,False,,,
2021-07-13,WMT,True,1.9135143,-0.00144973039,-0.0007570535883
2021-07-14,AAPL,True,6.63686908,0.01222084639,0.001844754009
2021-07-14,AMZN,True,2.910400614,0.0006905093325,0.0002373120715
2021-07-14,BAC,True,2.867558786,0.004516083977,0.001577372204
2021-07-14,BND,False,,,
2021-07-14,GLD,False,,,
2021-07-14,GOOGL,True,5.498182444,0.001559337607,0.0002836901088
2021-07-14,JNJ,True,10.22784178,0.009659896982,0.0009453635778
2021-07-14,JPM,True,11.70576031,0.01542234674,0.001319238741
2021-07-14,MSFT,True,9.064535782,0.01091366944,0.001205447864
2021-07-14,PG,True,5.522017678,-0.01306623392,-0.002360620747
2021-07-14,TSLA,True,1.670010199,0.004445502012,0.002669065945
2021-07-14,VNQ,False,,,
2021-07-14,WMT,True,1.913706543,0.0001922430607,0.000100465965
2021-07-15,AAPL,True,6.643977069,0.00710798835,0.001070985168
2021-07-15,AMZN,True,2.908312973,-0.002087640535,-0.0007173034958
2021-07-15,BAC,True,2.871409675,0.00385088866,0.001342915332
2021-07-15,BND,False,,,
2021-07-15,GLD,False,,,
2021-07-15,GOOGL,True,5.487603321,-0.01057912349,-0.001924112849
2021-07-15,JNJ,True,10.24101459,0.01317280733,0.001287936166
2021-07-15,JPM,True,11.73482328,0.02906296796,0.002482791992
2021-07-15,MSFT,True,9.076554807,0.01201902432,0.00132593931
2021-07-15,PG,True,5.523836727,0.001819048779,0.0003294174132
2021-07-15,TSLA,True,1.669457869,-0.0005523297516,-0.0003307343584
2021-07-15,VNQ,False,,,
2021-07-15,WMT,True,1.914627166,0.0009206236685,0.0004810683603
2021-07-16,AAPL,True,6.66468819,0.02071112133,0.003117277667
2021-07-16,AMZN,True,2.903263548,-0.00504942555,-0.001736204321
2021-07-16,BAC,True,2.87432046,0.002910785441,0.001013713044
2021-07-16,BND,False,,,
2021-07-16,GLD,False,,,
2021-07-16,GOOGL,True,5.477615797,-0.009987523868,-0.00182001564
2021-07-16,JNJ,True,10.25663062,0.01561603077,0.001524851921
2021-07-16,JPM,True,11.75778505,0.02296177366,0.001956720874
2021-07-16,MSFT,True,9.094116819,0.01756201272,0.001934876514
2021-07-16,PG,True,5.535492584,0.01165585698,0.002110101648
2021-07-16,TSLA,True,1.670151588,0.0006937189349,0.0004155354549
2021-07-16,VNQ,False,,,
2021-07-16,WMT,True,1.91534586,0.0007186940856,0.0003753702539
2021-07-19,AAPL,True,6.667850329,0.003162138575,0.0004744615929
2021-07-19,AMZN,True,2.901312501,-0.00195104701,-0.0006720185673
2021-07-19,BAC,True,2.869494703,-0.004825757207,-0.001678921079
2021-07-19,BND,False,,,
2021-07-19,GLD,False,,,
2021-07-19,GOOGL,True,5.474455669,-0.003160128135,-0.0005769167192
2021-07-19,JNJ,True,10.2675341,0.01090348641,0.001063067085
2021-07-19,JPM,True,11.76770227,0.009917218924,0.0008434597913
2021-07-19,MSFT,True,9.111248158,0.01713133912,0.00188378261
2021-07-19,PG,True,5.527163688,-0.00832889541,-0.001504634914
2021-07-19,TSLA,True,1.66715405,-0.00299753746,-0.001794769697
2021-07-19,VNQ,False,,,
2021-07-19,WMT,True,1.918221644,0.002875783162,0.001501443275
2021-07-20,AAPL,True,6.681465982,0.01361565368,0.002041985499
2021-07-20,AMZN,True,2.897450186,-0.003862314642,-0.001331230138
2021-07-20,BAC,True,2.869760259,0.000265556475,9.254468207e-05
2021-07-20,BND,False,,,
2021-07-20,GLD,False,,,
2021-07-20,GOOGL,True,5.460640705,-0.0138149638,-0.002523531952
2021-07-20,JNJ,True,10.27267981,0.005145702421,0.0005011624378
2021-07-20,JPM,True,11.76623054,-0.001471730936,-0.0001250652763
2021-07-20,MSFT,True,9.104414193,-0.006833965374,-0.0007500580881
2021-07-20,PG,True,5.524769695,-0.002393992762,-0.000433132235
2021-07-20,TSLA,True,1.665436781,-0.001717269673,-0.001030060583
2021-07-20,VNQ,False,,,
2021-07-20,WMT,True,1.917879701,-0.0003419429515,-0.0001782603969
2021-07-21,AAPL,True,6.676036498,-0.005429484226,-0.0008126187038
2021-07-21,AMZN,True,2.889997606,-0.007452580391,-0.002572116831
2021-07-21,BAC,True,2.867426277,-0.00233398219,-0.0008133021505
2021-07-21,BND,False,,,
2021-07-21,GLD,False,,,
2021-07-21,GOOGL,True,5.462944352,0.002303646921,0.0004218638518
2021-07-21,JNJ,True,10.26427217,-0.008407635414,-0.0008184461672
2021-07-21,JPM,True,11.76781731,0.001586771062,0.0001348580633
2021-07-21,MSFT,True,9.110117037,0.00570284413,0.000626382325
2021-07-21,PG,True,5.519920055,-0.004849640648,-0.0008777996034
2021-07-21,TSLA,True,1.663412891,-0.002023889565,-0.001215230496
2021-07-21,VNQ,False,,,
2021-07-21,WMT,True,1.915378492,-0.002501208284,-0.001304152853
2021-07-22,AAPL,True,6.669233017,-0.006803481455,-0.001019089913
2021-07-22,AMZN,True,2.891914648,0.001917042551,0.0006633370725
2021-07-22,BAC,True,2.865125869,-0.002300408273,-0.0008022554201
2021-07-22,BND,False,,,
2021-07-22,GLD,False,,,
2021-07-22,GOOGL,True,5.466225749,0.003281397352,0.0006006646125
2021-07-22,JNJ,True,10.26663733,0.002365161394,0.0002304266055
2021-07-22,JPM,True,11.77443545,0.006618144011,0.000562393504
2021-07-22,MSFT,True,9.111834057,0.001717019816,0.0001884739581
2021-07-22,PG,True,5.531796225,0.01187617076,0.002151511369
2021-07-22,TSLA,True,1.660483533,-0.002929358168,-0.001761052944
2021-07-22,VNQ,False,,,
2021-07-22,WMT,True,1.914938258,-0.0004402338947,-0.000229841724
2021-07-23,AAPL,True,6.657116587,-0.0121164292,-0.001816765012
2021-07-23,AMZN,True,2.885219086,-0.00669556242,-0.002315269721
2021-07-23,BAC,True,2.859560135,-0.00556573405,-0.001942579246
2021-07-23,BND,False,,,
2021-07-23,GLD,False,,,
2021-07-23,GOOGL,True,5.455548312,-0.0106774377,-0.001953347371
2021-07-23,JNJ,True,10.26676437,0.0001270339074,1.23734679e-05
2021-07-23,JPM,True,11.77240402,-0.002031429672,-0.0001725288385
2021-07-23,MSFT,True,9.114308062,0.002474004746,0.0002715155621
2021-07-23,PG,True,5.527530755,-0.004265470323,-0.0007710823301
2021-07-23,TSLA,True,1.656625374,-0.003858158956,-0.002323515337
2021-07-23,VNQ,False,,,
2021-07-23,WMT,True,1.915352083,0.0004138243615,0.0002161032397
2021-07-26,AAPL,True,6.657789654,0.0006730661392,0.0001011047546
2021-07-26,AMZN,True,2.893894192,0.008675106044,0.003006740835
2021-07-26,BAC,True,2.858367019,-0.001193115464,-0.00041723741
2021-07-26,BND,False,,,
2021-07-26,GLD,False,,,
2021-07-26,GOOGL,True,5.450100663,-0.005447648088,-0.0009985518919
2021-07-26,JNJ,True,10.24682853,-0.01993583881,-0.001941784003
2021-07-26,JPM,True,11.75956966,-0.01283436365,-0.001090207542
2021-07-26,MSFT,True,9.091778285,-0.022529777,-0.002471913046
2021-07-26,PG,True,5.52392391,-0.003606845065,-0.0006525237443
2021-07-26,TSLA,True,1.655118345,-0.001507029213,-0.0009096982553
2021-07-26,VNQ,False,,,
2021-07-26,WMT,True,1.916885009,0.00153292591,0.000800336358
2021-07-27,AAPL,True,6.66153807,0.003748416732,0.0005630121898
2021-07-27,AMZN,True,2.894432211,0.0005380185671,0.0001859150789
2021-07-27,BAC,True,2.850811641,-0.007555378049,-0.002643249799
2021-07-27,BND,False,,,
2021-07-27,GLD,False,,,
2021-07-27,GOOGL,True,5.433193381,-0.01690728291,-0.003102196446
2021-07-27,JNJ,True,10.23218392,-0.01464460613,-0.001429184268
2021-07-27,JPM,True,11.76704984,0.007480185322,0.0006360934574
2021-07-27,MSFT,True,9.082028995,-0.009749289817,-0.001072319354
2021-07-27,PG,True,5.519365101,-0.004558809339,-0.0008252846009
2021-07-27,TSLA,True,1.652777952,-0.002340393307,-0.001414033815
2021-07-27,VNQ,False,,,
2021-07-27,WMT,True,1.917824795,0.0009397861224,0.0004902673442
2021-07-28,AAPL,True,6.687990385,0.02645231517,0.003970902049
2021-07-28,AMZN,True,2.898853452,0.004421241578,0.001527498748
2021-07-28,BAC,True,2.850371533,-0.0004401079722,-0.0001543798846
2021-07-28,BND,False,,,
2021-07-28,GLD,False,,,
2021-07-28,GOOGL,True,5.423560613,-0.009632767109,-0.00177294759
2021-07-28,JNJ,True,10.22668224,-0.005501676094,-0.0005376834639
2021-07-28,JPM,True,11.76971527,0.002665428204,0.0002265162669
2021-07-28,MSFT,True,9.093156308,0.01112731269,0.001225201185
2021-07-28,PG,True,5.531069169,0.01170406874,0.00212054621
2021-07-28,TSLA,True,1.65466802,0.001890068534,0.001143570758
2021-07-28,VNQ,False,,,
2021-07-28,WMT,True,1.920098865,0.002274069828,0.001185754733
2021-07-29,AAPL,True,6.679763112,-0.008227273785,-0.001230156342
2021-07-29,AMZN,True,2.897217233,-0.001636219367,-0.0005644367312
2021-07-29,BAC,True,2.848384016,-0.001987517117,-0.0006972835273
2021-07-29,BND,False,,,
2021-07-29,GLD,False,,,
2021-07-29,GOOGL,True,5.438303748,0.01474313474,0.002718349769
2021-07-29,JNJ,True,10.22924844,0.002566199593,0.0002509317814
2021-07-29,JPM,True,11.77129373,0.001578455131,0.0001341115816
2021-07-29,MSFT,True,9.119216813,0.02606050533,0.002865947142
2021-07-29,PG,True,5.545894275,0.01482510541,0.002680332673
2021-07-29,TSLA,True,1.654836316,0.0001682955131,0.0001017095339
2021-07-29,VNQ,False,,,
2021-07-29,WMT,True,1.922156815,0.002057950235,0.001071793892
2021-07-30,AAPL,True,6.673821663,-0.005941448244,-0.0008894699025
2021-07-30,AMZN,True,2.893610426,-0.003606807051,-0.001244921165
2021-07-30,BAC,True,2.85010493,0.001720913711,0.000604171945
2021-07-30,BND,False,,,
2021-07-30,GLD,False,,,
2021-07-30,GOOGL,True,5.425668174,-0.01263557457,-0.002323440388
2021-07-30,JNJ,True,10.25340868,0.02416023585,0.002361877901
2021-07-30,JPM,True,11.73859635,-0.03269737863,-0.002777721752
2021-07-30,MSFT,True,9.10380056,-0.01541625316,-0.001690523811
2021-07-30,PG,True,5.540542427,-0.005351847465,-0.0009650107269
2021-07-30,TSLA,True,1.656764134,0.001927818246,0.001164960079
2021-07-30,VNQ,False,,,
2021-07-30,WMT,True,1.921211044,-0.0009457707086,-0.0004920361863
2021-08-02,AAPL,True,6.672614257,-0.001207406293,-0.0001809167751
2021-08-02,AMZN,True,2.904449347,0.0108389216,0.003745812327
2021-08-02,BAC,True,2.848634863,-0.001470067232,-0.0005157940737
2021-08-02,BND,False,,,
2021-08-02,GLD,False,,,
2021-08-02,GOOGL,True,5.422448616,-0.003219557724,-0.0005933937759
2021-08-02,JNJ,True,10.26404943,0.01064074967,0.001037776802
2021-08-02,JPM,True,11.74811611,0.009519762496,0.0008109796276
2021-08-02,MSFT,True,9.110929108,0.007128548052,0.000783029901
2021-08-02,PG,True,5.536479205,-0.004063222928,-0.0007333619372
2021-08-02,TSLA,True,1.656821354,5.721982039e-05,3.453709506e-05
2021-08-02,VNQ,False,,,
2021-08-02,WMT,True,1.92154205,0.0003310060188,0.0001722902956
2021-08-03,AAPL,True,6.661140503,-0.011473754,-0.001719529042
2021-08-03,AMZN,True,2.915974102,0.01152475441,0.003967965363
2021-08-03,BAC,True,2.844579922,-0.004054940367,-0.001423467929
2021-08-03,BND,False,,,
2021-08-03,GLD,False,,,
2021-08-03,GOOGL,True,5.417153039,-0.00529557737,-0.0009766025914
2021-08-03,JNJ,True,10.26593299,0.001883556161,0.0001835100438
2021-08-03,JPM,True,11.75478462,0.006668508913,0.000567623681
2021-08-03,MSFT,True,9.11139668,0.0004675724108,5.13199483e-05
2021-08-03,PG,True,5.530816419,-0.005662785732,-0.001022813511
2021-08-03,TSLA,True,1.660790046,0.00396869215,0.002395365162
2021-08-03,VNQ,False,,,
2021-08-03,WMT,True,1.918962445,-0.002579605006,-0.001342466071
2021-08-04,AAPL,True,6.673420182,0.01227967859,0.001843479893
2021-08-04,AMZN,True,2.91994162,0.003967518714,0.00136061521
2021-08-04,BAC,True,2.836320997,-0.008258925401,-0.002903390176
2021-08-04,BND,False,,,
2021-08-04,GLD,False,,,
2021-08-04,GOOGL,True,5.424311434,0.007158395522,0.001321431289
2021-08-04,JNJ,True,10.26011079,-0.005822198149,-0.0005671377514
2021-08-04,JPM,True,11.76633748,0.01155285571,0.0009828215561
2021-08-04,MSFT,True,9.090494865,-0.02090181501,-0.002294029746
2021-08-04,PG,True,5.528706197,-0.002110222167,-0.0003815390002
2021-08-04,TSLA,True,1.65949446,-0.00129558579,-0.0007801020928
2021-08-04,VNQ,False,,,
2021-08-04,WMT,True,1.918938166,-2.427949187e-05,-1.265240595e-05
2021-08-05,AAPL,True,6.702346332,0.02892615003,0.004334531506
2021-08-05,AMZN,True,2.92003789,9.626951521e-05,3.296967122e-05
2021-08-05,BAC,True,2.836435387,0.0001143902277,4.033049425e-05
2021-08-05,BND,False,,,
2021-08-05,GLD,False,,,
2021-08-05,GOOGL,True,5.420562202,-0.003749231834,-0.0006911903714
2021-08-05,JNJ,True,10.25935678,-0.0007540077128,-7.348923695e-05
2021-08-05,JPM,True,11.796486,0.03014852254,0.002562269066
2021-08-05,MSFT,True,9.142869983,0.05237511754,0.005761525452
2021-08-05,PG,True,5.537919919,0.009213722007,0.00166652408
2021-08-05,TSLA,True,1.659082522,-0.0004119383534,-0.0002482312314
2021-08-05,VNQ,False,,,
2021-08-05,WMT,True,1.921057201,0.002119035321,0.001104274936
2021-08-06,AAPL,True,6.723144323,0.02079799147,0.003103091132
2021-08-06,AMZN,True,2.927394791,0.00735690065,0.002519453831
2021-08-06,BAC,True,2.837023653,0.0005882655321,0.0002073960629
2021-08-06,BND,False,,,
2021-08-06,GLD,False,,,
2021-08-06,GOOGL,True,5.432707012,0.01214480966,0.002240507387
2021-08-06,JNJ,True,10.27107386,0.01171707581,0.001142086786
2021-08-06,JPM,True,11.79266999,-0.003816012365,-0.0003234872118
2021-08-06,MSFT,True,9.127800727,-0.01506925554,-0.001648197511
2021-08-06,PG,True,5.523910186,-0.01400973214,-0.002529782364
2021-08-06,TSLA,True,1.667566693,0.008484170894,0.005113772693
2021-08-06,VNQ,False,,,
2021-08-06,WMT,True,1.923673729,0.002616528478,0.001362025283
2021-08-09,AAPL,True,6.72584313,0.002698806654,0.0004014203064
2021-08-09,AMZN,True,2.931835014,0.004440223311,0.001516783225
2021-08-09,BAC,True,2.834823619,-0.002200034016,-0.0007754725676
2021-08-09,BND,False,,,
2021-08-09,GLD,False,,,
2021-08-09,GOOGL,True,5.443577329,0.01087031733,0.002000902554
2021-08-09,JNJ,True,10.27915392,0.0080800606,0.0007866811896
2021-08-09,JPM,True,11.8202394,0.02756941101,0.002337843002
2021-08-09,MSFT,True,9.138622422,0.01082169448,0.001185575234
2021-08-09,PG,True,5.532342268,0.008432081598,0.001526469713
2021-08-09,TSLA,True,1.664383493,-0.003183199583,-0.00190888892
2021-08-09,VNQ,False,,,
2021-08-09,WMT,True,1.926942652,0.003268922181,0.001699312171
2021-08-10,AAPL,True,6.706417447,-0.01942568324,-0.002888215331
2021-08-10,AMZN,True,2.940849736,0.009014722411,0.003074771387
2021-08-10,BAC,True,2.837851165,0.003027546246,0.001067983992
2021-08-10,BND,False,,,
2021-08-10,GLD,False,,,
2021-08-10,GOOGL,True,5.443343699,-0.0002336299973,-4.291846761e-05
2021-08-10,JNJ,True,10.2879263,0.008772379076,0.0008534145074
2021-08-10,JPM,True,11.83989063,0.01965122983,0.001662506923
2021-08-10,MSFT,True,9.124660172,-0.01396224992,-0.001527828734
2021-08-10,PG,True,5.532349075,6.806541528e-06,1.230318226e-06
2021-08-10,TSLA,True,1.664057026,-0.0003264670735,-0.0001961489494
2021-08-10,VNQ,False,,,
2021-08-10,WMT,True,1.927886329,0.0009436774654,0.0004897278415
2021-08-11,AAPL,True,6.744116617,0.03769917024,0.005621357534
2021-08-11,AMZN,True,2.962270119,0.02142038264,0.007283739246
2021-08-11,BAC,True,2.845901344,0.008050178783,0.002836716345
2021-08-11,BND,False,,,
2021-08-11,GLD,False,,,
2021-08-11,GOOGL,True,5.458724031,0.01538033167,0.002825530137
2021-08-11,JNJ,True,10.30259315,0.01466685526,0.001425637669
2021-08-11,JPM,True,11.84055039,0.0006597583401,5.572334752e-05
2021-08-11,MSFT,True,9.147845502,0.02318533035,0.00254095275
2021-08-11,PG,True,5.532572826,0.0002237515884,4.044422819e-05
2021-08-11,TSLA,True,1.6667946,0.002737574321,0.001645120497
2021-08-11,VNQ,False,,,
2021-08-11,WMT,True,1.932446553,0.004560224348,0.00236540105
2021-08-12,AAPL,True,6.755143959,0.01102734193,0.001635105464
2021-08-12,AMZN,True,2.969175618,0.006905498723,0.002331150923
2021-08-12,BAC,True,2.85149352,0.005592176635,0.001964993146
2021-08-12,BND,False,,,
2021-08-12,GLD,False,,,
2021-08-12,GOOGL,True,5.465254733,0.006530702391,0.001196378926
2021-08-12,JNJ,True,10.29516519,-0.007427965895,-0.0007209802218
2021-08-12,JPM,True,11.84061872,6.83320198e-05,5.771017189e-06
2021-08-12,MSFT,True,9.144185192,-0.003660310298,-0.0004001281282
2021-08-12,PG,True,5.543761859,0.01118903273,0.002022392309
2021-08-12,TSLA,True,1.673326688,0.006532087849,0.00391895189
2021-08-12,VNQ,False,,,
2021-08-12,WMT,True,1.933999144,0.001552590672,0.0008034326584
2021-08-13,AAPL,True,6.785601366,0.03045740697,0.004508772449
2021-08-13,AMZN,True,2.978411954,0.009236336349,0.003110741006
2021-08-13,BAC,True,2.852118472,0.0006249516403,0.0002191664248
2021-08-13,BND,False,,,
2021-08-13,GLD,False,,,
2021-08-13,GOOGL,True,5.479294003,0.01403926967,0.002568822563
2021-08-13,JNJ,True,10.30968534,0.01452015171,0.001410385501
2021-08-13,JPM,True,11.85750451,0.01688578987,0.001426090163
2021-08-13,MSFT,True,9.175243816,0.031058624,0.003396543634
2021-08-13,PG,True,5.549211029,0.005449170211,0.0009829372815
2021-08-13,TSLA,True,1.674103149,0.0007764613658,0.0004640225793
2021-08-13,VNQ,False,,,
2021-08-13,WMT,True,1.940625557,0.006626413002,0.003426275044
2021-08-16,AAPL,True,6.798695265,0.01309389891,0.001929659319
2021-08-16,AMZN,True,2.9838291,0.005417146465,0.001818803627
2021-08-16,BAC,True,2.859912807,0.007794334985,0.002732823009
2021-08-16,BND,False,,,
2021-08-16,GLD,False,,,
2021-08-16,GOOGL,True,5.489113364,0.009819360887,0.001792085054
2021-08-16,JNJ,True,10.32290541,0.01322007043,0.001282296209
2021-08-16,JPM,True,11.87574285,0.01823834182,0.001538126493
2021-08-16,MSFT,True,9.192847243,0.01760342698,0.001918578659
2021-08-16,PG,True,5.563292325,0.01408129625,0.002537531223
2021-08-16,TSLA,True,1.684371704,0.0102685545,0.006133764517
2021-08-16,VNQ,False,,,
2021-08-16,WMT,True,1.941939407,0.00131384959,0.0006770237489
2021-08-17,AAPL,True,6.787863193,-0.01083207137,-0.001593257374
2021-08-17,AMZN,True,2.99804059,0.01421148959,0.004762836313
2021-08-17,BAC,True,2.857108429,-0.002804377918,-0.0009805816146
2021-08-17,BND,False,,,
2021-08-17,GLD,False,,,
2021-08-17,GOOGL,True,5.501346839,0.01223347502,0.002228679608
2021-08-17,JNJ,True,10.32983584,0.006930434675,0.0006713647371
2021-08-17,JPM,True,11.9003615,0.02461864773,0.002073019603
2021-08-17,MSFT,True,9.21185381,0.01900656695,0.002067538647
2021-08-17,PG,True,5.572724498,0.009432172701,0.001695429999
2021-08-17,TSLA,True,1.690008879,0.00563717483,0.003346752274
2021-08-17,VNQ,False,,,
2021-08-17,WMT,True,1.944663962,0.002724555529,0.001403007488
2021-08-18,AAPL,True,6.764528802,-0.02333439088,-0.003437663698
2021-08-18,AMZN,True,2.999311348,0.001270757775,0.0004238627653
2021-08-18,BAC,True,2.860979927,0.003871498141,0.001355040677
2021-08-18,BND,False,,,
2021-08-18,GLD,False,,,
2021-08-18,GOOGL,True,5.520980601,0.01963376167,0.003568900898
2021-08-18,JNJ,True,10.34469424,0.01485840064,0.001438396589
2021-08-18,JPM,True,11.8971539,-0.003207602259,-0.0002695382203
2021-08-18,MSFT,True,9.196855412,-0.0149983975,-0.00162816278
2021-08-18,PG,True,5.579779322,0.007054824286,0.001265956049
2021-08-18,TSLA,True,1.693112127,0.003103248493,0.001836232065
2021-08-18,VNQ,False,,,
2021-08-18,WMT,True,1.94606781,0.001403847383,0.0007218971555
2021-08-19,AAPL,True,6.767589122,0.003060319892,0.0004524069571
2021-08-19,AMZN,True,3.003606661,0.004295313603,0.001432099941
2021-08-19,BAC,True,2.860844501,-0.0001354265465,-4.733572062e-05
2021-08-19,BND,False,,,
2021-08-19,GLD,False,,,
2021-08-19,GOOGL,True,5.538190976,0.01721037553,0.003117267887
2021-08-19,JNJ,True,10.3717836,0.02708935348,0.002618671258
2021-08-19,JPM,True,11.89785139,0.000697491742,5.862677311e-05
2021-08-19,MSFT,True,9.19156732,-0.005288092121,-0.0005749891548
2021-08-19,PG,True,5.575991461,-0.003787861056,-0.0006788549936
2021-08-19,TSLA,True,1.694365708,0.001253581229,0.0007404005964
2021-08-19,VNQ,False,,,
2021-08-19,WMT,True,1.9433714,-0.002696409569,-0.001385568147
2021-08-20,AAPL,True,6.770594769,0.003005647066,0.0004441237509
2021-08-20,AMZN,True,3.000755859,-0.002850802001,-0.0009491262745
2021-08-20,BAC,True,2.858863416,-0.001981084822,-0.0006924825246
2021-08-20,BND,False,,,
2021-08-20,GLD,False,,,
2021-08-20,GOOGL,True,5.539220653,0.001029677377,0.0001859230535
2021-08-20,JNJ,True,10.39821767,0.02643407799,0.002548653059
2021-08-20,JPM,True,11.91682179,0.01897040623,0.001594439669
2021-08-20,MSFT,True,9.163548451,-0.02801886952,-0.003048323376
2021-08-20,PG,True,5.573737757,-0.002253704829,-0.0004041801076
2021-08-20,TSLA,True,1.694815303,0.0004495940893,0.0002653465465
2021-08-20,VNQ,False,,,
2021-08-20,WMT,True,1.944670974,0.001299573595,0.0006687211692
2021-08-23,AAPL,True,6.766601276,-0.003993493722,-0.0005898290856
2021-08-23,AMZN,True,3.00005616,-0.0006996993699,-0.0002331743743
2021-08-23,BAC,True,2.857796868,-0.001066547685,-0.0003730670304
2021-08-23,BND,False,,,
2021-08-23,GLD,False,,,
2021-08-23,GOOGL,True,5.551454979,0.01223432528,0.002208672671
2021-08-23,JNJ,True,10.40823573,0.01001805274,0.0009634394142
2021-08-23,JPM,True,11.92348883,0.006667034638,0.0005594641553
2021-08-23,MSFT,True,9.212780428,0.04923197752,0.005372588773
2021-08-23,PG,True,5.571335471,-0.002402285207,-0.0004310007597
2021-08-23,TSLA,True,1.693746926,-0.001068376489,-0.0006303793028
2021-08-23,VNQ,False,,,
2021-08-23,WMT,True,1.941628495,-0.003042478232,-0.001564520823
2021-08-24,AAPL,True,6.75735255,-0.009248725706,-0.001366819963
2021-08-24,AMZN,True,2.996300242,-0.003755918426,-0.001251949372
2021-08-24,BAC,True,2.855876377,-0.001920491111,-0.0006720180612
2021-08-24,BND,False,,,
2021-08-24,GLD,False,,,
2021-08-24,GOOGL,True,5.563040821,0.01158584253,0.002086992073
2021-08-24,JNJ,True,10.45085694,0.04262121338,0.004094950816
2021-08-24,JPM,True,11.9625953,0.03910647067,0.003279784234
2021-08-24,MSFT,True,9.224037559,0.01125713063,0.001221903715
2021-08-24,PG,True,5.561216747,-0.01011872388,-0.001816211559
2021-08-24,TSLA,True,1.692352278,-0.001394647721,-0.0008234097429
2021-08-24,VNQ,False,,,
2021-08-24,WMT,True,1.943812188,0.00218369223,0.001124670469
2021-08-25,AAPL,True,6.738329921,-0.0190226289,-0.002815100849
2021-08-25,AMZN,True,3.00153618,0.005235938164,0.001747467791
2021-08-25,BAC,True,2.856768834,0.0008924570478,0.0003124984873
2021-08-25,BND,False,,,
2021-08-25,GLD,False,,,
2021-08-25,GOOGL,True,5.586052311,0.02301148958,0.004136494827
2021-08-25,JNJ,True,10.45281662,0.001959684448,0.0001875142354
2021-08-25,JPM,True,11.96490911,0.002313809343,0.0001934203478
2021-08-25,MSFT,True,9.232754199,0.008716640158,0.0009449918328
2021-08-25,PG,True,5.551294378,-0.009922369781,-0.001784208426
2021-08-25,TSLA,True,1.688400717,-0.003951561805,-0.002334952277
2021-08-25,VNQ,False,,,
2021-08-25,WMT,True,1.944209686,0.0003974986833,0.0002044943878
2021-08-26,AAPL,True,6.718919291,-0.01941062986,-0.00288062919
2021-08-26,AMZN,True,3.009395718,0.007859538348,0.002618505284
2021-08-26,BAC,True,2.862677641,0.005908807402,0.002068353355
2021-08-26,BND,False,,,
2021-08-26,GLD,False,,,
2021-08-26,GOOGL,True,5.601327814,0.01527550298,0.002734579292
2021-08-26,JNJ,True,10.43937155,-0.01344507014,-0.001286262892
2021-08-26,JPM,True,11.97858194,0.01367283586,0.001142744649
2021-08-26,MSFT,True,9.255334553,0.02258035395,0.002445679097
2021-08-26,PG,True,5.543849195,-0.007445182303,-0.001341161502
2021-08-26,TSLA,True,1.688138524,-0.0002621921002,-0.000155290209
2021-08-26,VNQ,False,,,
2021-08-26,WMT,True,1.943675131,-0.0005345552177,-0.0002749473071
2021-08-27,AAPL,True,6.721859419,0.002940127397,0.0004375893309
2021-08-27,AMZN,True,3.020683259,0.01128754126,0.003750766704
2021-08-27,BAC,True,2.862578367,-9.927422727e-05,-3.467880065e-05
2021-08-27,BND,False,,,
2021-08-27,GLD,False,,,
2021-08-27,GOOGL,True,5.612583721,0.01125590752,0.002009507012
2021-08-27,JNJ,True,10.4034591,-0.03591245254,-0.00344009717
2021-08-27,JPM,True,11.98386267,0.005280724254,0.0004408471953
2021-08-27,MSFT,True,9.26663145,0.01129689682,0.001220582223
2021-08-27,PG,True,5.537887203,-0.005961992438,-0.001075424715
2021-08-27,TSLA,True,1.68247935,-0.005659174485,-0.003352316414
2021-08-27,VNQ,False,,,
2021-08-27,WMT,True,1.943069803,-0.0006053283551,-0.0003114349437
2021-08-30,AAPL,True,6.72990733,0.00804791166,0.001197274617
2021-08-30,AMZN,True,3.021083793,0.0004005338905,0.0001325971166
2021-08-30,BAC,True,2.859699842,-0.002878525075,-0.00100557075
2021-08-30,BND,False,,,
2021-08-30,GLD,False,,,
2021-08-30,GOOGL,True,5.621765804,0.009182082271,0.001635981346
2021-08-30,JNJ,True,10.40484654,0.001387435775,0.0001333629287
2021-08-30,JPM,True,11.9908704,0.007007735359,0.0005847643246
2021-08-30,MSFT,True,9.257558436,-0.009073013321,-0.000979105878
2021-08-30,PG,True,5.517561982,-0.02032522047,-0.003670212072
2021-08-30,TSLA,True,1.680865185,-0.001614165349,-0.0009593968266
2021-08-30,VNQ,False,,,
2021-08-30,WMT,True,1.942937671,-0.0001321317998,-6.800157135e-05
2021-08-31,AAPL,True,6.718146674,-0.01176065605,-0.001747521247
2021-08-31,AMZN,True,3.025652313,0.004568519474,0.001512212102
2021-08-31,BAC,True,2.853971295,-0.005728546935,-0.002003198675
2021-08-31,BND,False,,,
2021-08-31,GLD,False,,,
2021-08-31,GOOGL,True,5.608176823,-0.01358898066,-0.002417208601
2021-08-31,JNJ,True,10.39207612,-0.01277041909,-0.00122735295
2021-08-31,JPM,True,11.99351332,0.002642914648,0.0002204105756
2021-08-31,MSFT,True,9.251992308,-0.005566128347,-0.0006012523049
2021-08-31,PG,True,5.509304302,-0.008257680243,-0.001496617577
2021-08-31,TSLA,True,1.680445324,-0.0004198604403,-0.0002497882901
2021-08-31,VNQ,False,,,
2021-08-31,WMT,True,1.94382464,0.0008869688688,0.0004565091727
2021-09-01,AAPL,True,6.715854595,-0.002292078727,-0.000341177238
2021-09-01,AMZN,True,3.026471276,0.0008189635977,0.0002706733997
2021-09-01,BAC,True,2.851849658,-0.002121637361,-0.000743398283
2021-09-01,BND,False,,,
2021-09-01,GLD,False,,,
2021-09-01,GOOGL,True,5.616594671,0.008417848527,0.001500995563
2021-09-01,JNJ,True,10.3639944,-0.02808171701,-0.002702223953
2021-09-01,JPM,True,12.02057809,0.02706477544,0.002256617784
2021-09-01,MSFT,True,9.28386857,0.03187626193,0.003445340297
2021-09-01,PG,True,5.504940725,-0.004363577067,-0.0007920377652
2021-09-01,TSLA,True,1.679067317,-0.001378007476,-0.000820025178
2021-09-01,VNQ,False,,,
2021-09-01,WMT,True,1.938368263,-0.005456376737,-0.002807031367
2021-09-02,AAPL,True,6.738570613,0.02271601777,0.003382446335
2021-09-02,AMZN,True,3.022683207,-0.003788069697,-0.001251645679
2021-09-02,BAC,True,2.853115254,0.001265595908,0.0004437807246
2021-09-02,BND,False,,,
2021-09-02,GLD,False,,,
2021-09-02,GOOGL,True,5.613952383,-0.002642288083,-0.0004704430776
2021-09-02,JNJ,True,10.36621375,0.002219344467,0.0002141398751
2021-09-02,JPM,True,12.04647485,0.02589675396,0.00215436843
2021-09-02,MSFT,True,9.276910843,-0.006957727374,-0.0007494426835
2021-09-02,PG,True,5.484619947,-0.02032077848,-0.003691370987
2021-09-02,TSLA,True,1.684893633,0.005826316542,0.00346997198
2021-09-02,VNQ,False,,,
2021-09-02,WMT,True,1.937164053,-0.001204209914,-0.0006212492937
2021-09-03,AAPL,True,6.736577342,-0.001993270881,-0.0002958002513
2021-09-03,AMZN,True,3.025946353,0.003263146256,0.001079552845
2021-09-03,BAC,True,2.857783869,0.004668615012,0.001636321914
2021-09-03,BND,False,,,
2021-09-03,GLD,False,,,
2021-09-03,GOOGL,True,5.605641029,-0.008311354428,-0.001480481818
2021-09-03,JNJ,True,10.35131533,-0.01489841862,-0.001437209283
2021-09-03,JPM,True,12.05940908,0.01293423718,0.001073694781
2021-09-03,MSFT,True,9.306719145,0.0298083025,0.003213171173
2021-09-03,PG,True,5.476929225,-0.007690721991,-0.00140223426
2021-09-03,TSLA,True,1.684406552,-0.0004870816232,-0.0002890874614
2021-09-03,VNQ,False,,,
2021-09-03,WMT,True,1.935466619,-0.001697433916,-0.0008762468585
2021-09-07,AAPL,True,6.717529303,-0.01904803938,-0.00282755447
2021-09-07,AMZN,True,3.031282855,0.005336501634,0.001763581046
2021-09-07,BAC,True,2.860288144,0.00250427488,0.0008762996067
2021-09-07,BND,False,,,
2021-09-07,GLD,False,,,
2021-09-07,GOOGL,True,5.603054622,-0.002586407357,-0.0004613936826
2021-09-07,JNJ,True,10.33224868,-0.01906664972,-0.001841954294
2021-09-07,JPM,True,12.05485362,-0.004555465716,-0.0003777519847
2021-09-07,MSFT,True,9.329159171,0.02244002551,0.00241116393
2021-09-07,PG,True,5.472588012,-0.004341212995,-0.0007926363145
2021-09-07,TSLA,True,1.687511155,0.003104603858,0.001843144017
2021-09-07,VNQ,False,,,
2021-09-07,WMT,True,1.934177394,-0.001289225291,-0.0006661056711
2021-09-08,AAPL,True,6.706190961,-0.01133834151,-0.001687873771
2021-09-08,AMZN,True,3.030388683,-0.0008941710895,-0.0002949810797
2021-09-08,BAC,True,2.860877491,0.0005893476274,0.0002060448451
2021-09-08,BND,False,,,
2021-09-08,GLD,False,,,
2021-09-08,GOOGL,True,5.599592033,-0.003462588598,-0.0006179823028
2021-09-08,JNJ,True,10.31699723,-0.01525144716,-0.001476101441
2021-09-08,JPM,True,12.07289937,0.01804575501,0.001496970066
2021-09-08,MSFT,True,9.340889141,0.01172997014,0.001257344839
2021-09-08,PG,True,5.467469439,-0.005118572904,-0.000935311208
2021-09-08,TSLA,True,1.693213902,0.005702746757,0.003379383145
2021-09-08,VNQ,False,,,
2021-09-08,WMT,True,1.933796498,-0.0003808956773,-0.0001969290296
2021-09-09,AAPL,True,6.718368841,0.0121778797,0.001815916035
2021-09-09,AMZN,True,3.023681026,-0.006707657453,-0.002213464395
2021-09-09,BAC,True,2.867840377,0.00696288571,0.002433828688
2021-09-09,BND,False,,,
2021-09-09,GLD,False,,,
2021-09-09,GOOGL,True,5.592525772,-0.007066261174,-0.001261924285
2021-09-09,JNJ,True,10.28067887,-0.03631836334,-0.003520245526
2021-09-09,JPM,True,12.0926801,0.01978072874,0.00163844062
2021-09-09,MSFT,True,9.340083624,-0.0008055166806,-8.623554658e-05
2021-09-09,PG,True,5.463420711,-0.004048727657,-0.0007405121698
2021-09-09,TSLA,True,1.69203071,-0.001183192603,-0.0006987850746
2021-09-09,VNQ,False,,,
2021-09-09,WMT,True,1.933627235,-0.0001692632494,-8.752898744e-05
2021-09-10,AAPL,True,6.71933153,0.0009626884385,0.0001432919897
2021-09-10,AMZN,True,3.027845996,0.004164969531,0.001377450034
2021-09-10,BAC,True,2.868487031,0.0006466543913,0.0002254847922
2021-09-10,BND,False,,,
2021-09-10,GLD,False,,,
2021-09-10,GOOGL,True,5.589167339,-0.00335843262,-0.000600521617
2021-09-10,JNJ,True,10.28448154,0.003802671238,0.0003698852272
2021-09-10,JPM,True,12.10006695,0.007386851645,0.0006108531427
2021-09-10,MSFT,True,9.362510793,0.02242716874,0.002401174298
2021-09-10,PG,True,5.483887431,0.02046672018,0.00374613658
2021-09-10,TSLA,True,1.692729388,0.0006986785286,0.0004129230779
2021-09-10,VNQ,False,,,
2021-09-10,WMT,True,1.93558865,0.001961414962,0.001014370778
2021-09-13,AAPL,True,6.731228261,0.01189673174,0.001770523108
2021-09-13,AMZN,True,3.030466134,0.00262013881,0.0008653474495
2021-09-13,BAC,True,2.871521058,0.003034026611,0.001057709719
2021-09-13,BND,False,,,
2021-09-13,GLD,False,,,
2021-09-13,GOOGL,True,5.573781211,-0.01538612819,-0.00275284801
2021-09-13,JNJ,True,10.28867698,0.004195439569,0.0004079388498
2021-09-13,JPM,True,12.09357889,-0.006488066496,-0.0005362008756
2021-09-13,MSFT,True,9.368863285,0.006352492159,0.0006785030532
2021-09-13,PG,True,5.489441545,0.005554113255,0.001012805847
2021-09-13,TSLA,True,1.695965793,0.003236405156,0.001911944803
2021-09-13,VNQ,False,,,
2021-09-13,WMT,True,1.938642369,0.003053718501,0.00157766915
2021-09-14,AAPL,True,6.742365072,0.01113681027,0.001654498977
2021-09-14,AMZN,True,3.027996758,-0.002469376038,-0.0008148502338
2021-09-14,BAC,True,2.880814,0.009292941798,0.003236243653
2021-09-14,BND,False,,,
2021-09-14,GLD,False,,,
2021-09-14,GOOGL,True,5.567517482,-0.006263729347,-0.001123784575
2021-09-14,JNJ,True,10.30409442,0.01541743709,0.001498485872
2021-09-14,JPM,True,12.10050557,0.006926683216,0.0005727571036
2021-09-14,MSFT,True,9.381391164,0.0125278785,0.001337182337
2021-09-14,PG,True,5.491689334,0.002247789558,0.0004094750877
2021-09-14,TSLA,True,1.696382152,0.0004163586705,0.0002454994506
2021-09-14,VNQ,False,,,
2021-09-14,WMT,True,1.936969007,-0.001673361477,-0.0008631615117
2021-09-15,AAPL,True,6.758329853,0.01596478178,0.002367831111
2021-09-15,AMZN,True,3.033121474,0.005124715637,0.001692444228
2021-09-15,BAC,True,2.879419563,-0.001394436668,-0.0004840425894
2021-09-15,BND,False,,,
2021-09-15,GLD,False,,,
2021-09-15,GOOGL,True,5.569897079,0.002379596927,0.0004274071765
2021-09-15,JNJ,True,10.31248925,0.008394836892,0.0008147088481
2021-09-15,JPM,True,12.11047251,0.009966937378,0.0008236794173
2021-09-15,MSFT,True,9.416714354,0.03532319029,0.003765240109
2021-09-15,PG,True,5.498298101,0.00660876677,0.001203412351
2021-09-15,TSLA,True,1.695228891,-0.001153261438,-0.0006798358714
2021-09-15,VNQ,False,,,
2021-09-15,WMT,True,1.938939707,0.00197069975,0.001017414188
2021-09-16,AAPL,True,6.762372022,0.004042168706,0.0005981017194
2021-09-16,AMZN,True,3.034262348,0.001140873717,0.0003761384852
2021-09-16,BAC,True,2.875931389,-0.00348817446,-0.001211415837
2021-09-16,BND,False,,,
2021-09-16,GLD,False,,,
2021-09-16,GOOGL,True,5.576046424,0.00614934514,0.001104032095
2021-09-16,JNJ,True,10.31641234,0.003923089864,0.0003804212318
2021-09-16,JPM,True,12.11856132,0.008088807376,0.0006679183963
2021-09-16,MSFT,True,9.410886284,-0.005828069481,-0.0006189068991
2021-09-16,PG,True,5.492069797,-0.006228303498,-0.001132769338
2021-09-16,TSLA,True,1.694535613,-0.000693277727,-0.0004089581831
2021-09-16,VNQ,False,,,
2021-09-16,WMT,True,1.938030172,-0.0009095352362,-0.0004690889732
2021-09-17,AAPL,True,6.406748216,-0.3556238059,-0.05258861901
2021-09-17,AMZN,True,2.897508749,-0.1367535984,-0.04506980041
2021-09-17,BAC,True,2.93743661,0.06150522152,0.02138619223
2021-09-17,BND,False,,,
2021-09-17,GLD,False,,,
2021-09-17,GOOGL,True,5.358292054,-0.2177543696,-0.03905174976
2021-09-17,JNJ,True,10.22592212,-0.09049022391,-0.008771481879
2021-09-17,JPM,True,11.89539667,-0.2231646443,-0.01841511038
2021-09-17,MSFT,True,9.01910148,-0.3917848045,-0.04163102099
2021-09-17,PG,True,5.581015676,0.08894587855,0.01619532924
2021-09-17,TSLA,True,1.703440825,0.008905211847,0.005255252106
2021-09-17,VNQ,False,,,
2021-09-17,WMT,True,1.889654256,-0.048375916,-0.02496138435
2021-09-20,AAPL,True,6.437452234,0.03070401808,0.004792449624
2021-09-20,AMZN,True,2.899564345,0.002055595676,0.000709435537
2021-09-20,BAC,True,2.937932885,0.0004962743949,0.0001689481207
2021-09-20,BND,False,,,
2021-09-20,GLD,False,,,
2021-09-20,GOOGL,True,5.36247798,0.004185925404,0.0007812051605
2021-09-20,JNJ,True,10.22571767,-0.0002044525016,-1.99935516e-05
2021-09-20,JPM,True,11.89817687,0.00278020334,0.0002337209441
2021-09-20,MSFT,True,9.048350069,0.0292485896,0.003242960473
2021-09-20,PG,True,5.589045691,0.008030015545,0.001438808993
2021-09-20,TSLA,True,1.709270588,0.005829763408,0.003422345716
2021-09-20,VNQ,False,,,
2021-09-20,WMT,True,1.889703078,4.882243669e-05,2.583670349e-05
2021-09-21,AAPL,True,6.444796094,0.007343859426,0.001140802162
2021-09-21,AMZN,True,2.902746784,0.003182439429,0.001097557788
2021-09-21,BAC,True,2.943124563,0.005191678241,0.001767119415
2021-09-21,BND,False,,,
2021-09-21,GLD,False,,,
2021-09-21,GOOGL,True,5.361469357,-0.001008622965,-0.000188088971
2021-09-21,JNJ,True,10.2344207,0.008703031546,0.0008510924935
2021-09-21,JPM,True,11.91614443,0.01796755813,0.001510110189
2021-09-21,MSFT,True,9.082611994,0.03426192498,0.003786538398
2021-09-21,PG,True,5.587998574,-0.001047116993,-0.0001873516609
2021-09-21,TSLA,True,1.707441601,-0.001828986784,-0.001070039347
2021-09-21,VNQ,False,,,
2021-09-21,WMT,True,1.888422178,-0.001280899908,-0.0006778313072
2021-09-22,AAPL,True,6.465430429,0.02063433476,0.003201704827
2021-09-22,AMZN,True,2.914696124,0.01194933963,0.00411656287
2021-09-22,BAC,True,2.94287207,-0.0002524929589,-8.579078238e-05
2021-09-22,BND,False,,,
2021-09-22,GLD,False,,,
2021-09-22,GOOGL,True,5.37324261,0.01177325322,0.002195900497
2021-09-22,JNJ,True,10.2438075,0.009386799187,0.0009171793367
2021-09-22,JPM,True,11.91481437,-0.001330061265,-0.0001116184243
2021-09-22,MSFT,True,9.117208374,0.03459637988,0.003809078259
2021-09-22,PG,True,5.589917359,0.00191878442,0.000343375968
2021-09-22,TSLA,True,1.707077484,-0.0003641176141,-0.000213253334
2021-09-22,VNQ,False,,,
2021-09-22,WMT,True,1.891210304,0.002788125973,0.001476431492
2021-09-23,AAPL,True,6.457908729,-0.007521699297,-0.001163371779
2021-09-23,AMZN,True,2.91783508,0.003138955968,0.001076941072
2021-09-23,BAC,True,2.944865782,0.001993712625,0.0006774717276
2021-09-23,BND,False,,,
2021-09-23,GLD,False,,,
2021-09-23,GOOGL,True,5.369469197,-0.003773412635,-0.000702259866
2021-09-23,JNJ,True,10.2622394,0.01843190467,0.001799321656
2021-09-23,JPM,True,11.92155785,0.006743482247,0.0005659745957
2021-09-23,MSFT,True,9.148655339,0.0314469647,0.003449187889
2021-09-23,PG,True,5.588284668,-0.001632690998,-0.0002920778419
2021-09-23,TSLA,True,1.700542923,-0.006534560467,-0.003827922593
2021-09-23,VNQ,False,,,
2021-09-23,WMT,True,1.891300378,9.007432418e-05,4.7627873e-05
2021-09-24,AAPL,True,6.465429118,0.007520388742,0.001164523851
2021-09-24,AMZN,True,2.90559822,-0.01223685979,-0.004193814748
2021-09-24,BAC,True,2.949903427,0.005037644454,0.001710653329
2021-09-24,BND,False,,,
2021-09-24,GLD,False,,,
2021-09-24,GOOGL,True,5.378953767,0.009484569479,0.001766388656
2021-09-24,JNJ,True,10.2666592,0.004419796555,0.0004306853877
2021-09-24,JPM,True,11.93009012,0.008532263709,0.0007157003987
2021-09-24,MSFT,True,9.14502776,-0.003627579013,-0.0003965149936
2021-09-24,PG,True,5.590939625,0.002654957466,0.0004750934541
2021-09-24,TSLA,True,1.69726467,-0.003278253006,-0.001927768456
2021-09-24,VNQ,False,,,
2021-09-24,WMT,True,1.892100973,0.0008005946739,0.0004233038195
2021-09-27,AAPL,True,6.457935534,-0.007493583735,-0.001159023415
2021-09-27,AMZN,True,2.914668328,0.009070107941,0.003121597431
2021-09-27,BAC,True,2.946704164,-0.003199263007,-0.001084531438
2021-09-27,BND,False,,,
2021-09-27,GLD,False,,,
2021-09-27,GOOGL,True,5.38059731,0.001643543341,0.000305550747
2021-09-27,JNJ,True,10.26175831,-0.004900884928,-0.0004773592689
2021-09-27,JPM,True,11.94733393,0.01724381711,0.001445405436
2021-09-27,MSFT,True,9.107228582,-0.03779917825,-0.004133303828
2021-09-27,PG,True,5.587529477,-0.003410148358,-0.0006099419035
2021-09-27,TSLA,True,1.692739139,-0.004525531038,-0.002666367313
2021-09-27,VNQ,False,,,
2021-09-27,WMT,True,1.892250452,0.0001494793054,7.900175919e-05
2021-09-28,AAPL,True,6.47526571,0.01733017592,0.00268354737
2021-09-28,AMZN,True,2.924044827,0.009376499332,0.003217003884
2021-09-28,BAC,True,2.946210887,-0.0004932767009,-0.0001673994651
2021-09-28,BND,False,,,
2021-09-28,GLD,False,,,
2021-09-28,GOOGL,True,5.376357594,-0.00423971578,-0.0007879637773
2021-09-28,JNJ,True,10.27197169,0.01021337624,0.000995285206
2021-09-28,JPM,True,11.98072082,0.0333868891,0.002794505392
2021-09-28,MSFT,True,9.125807213,0.01857863125,0.002039987366
2021-09-28,PG,True,5.587128338,-0.0004011387153,-7.179178508e-05
2021-09-28,TSLA,True,1.690883624,-0.001855514974,-0.001096161205
2021-09-28,VNQ,False,,,
2021-09-28,WMT,True,1.892579457,0.0003290051012,0.0001738697437
2021-09-29,AAPL,True,6.4567796,-0.01848610997,-0.002854880525
2021-09-29,AMZN,True,2.927758447,0.003713619101,0.001270028102
2021-09-29,BAC,True,2.94199628,-0.004214606881,-0.00143051772
2021-09-29,BND,False,,,
2021-09-29,GLD,False,,,
2021-09-29,GOOGL,True,5.385339586,0.008981991472,0.001670646216
2021-09-29,JNJ,True,10.280154,0.008182309706,0.0007965666139
2021-09-29,JPM,True,11.99013363,0.009412802233,0.0007856624298
2021-09-29,MSFT,True,9.13814721,0.01233999723,0.001352208845
2021-09-29,PG,True,5.606219696,0.01909135735,0.003417025025
2021-09-29,TSLA,True,1.691377902,0.0004942778548,0.000292319263
2021-09-29,VNQ,False,,,
2021-09-29,WMT,True,1.891695067,-0.0008843900805,-0.000467293501
2021-09-30,AAPL,True,6.459114552,0.00233495135,0.0003616278539
2021-09-30,AMZN,True,2.932859883,0.005101436646,0.001742437684
2021-09-30,BAC,True,2.945018432,0.003022151217,0.001027245084
2021-09-30,BND,False,,,
2021-09-30,GLD,False,,,
2021-09-30,GOOGL,True,5.385003354,-0.0003362319553,-6.243468029e-05
2021-09-30,JNJ,True,10.26554951,-0.01460448908,-0.001420648863
2021-09-30,JPM,True,12.00736054,0.01722690992,0.001436757125
2021-09-30,MSFT,True,9.158859063,0.02071185286,0.002266526505
2021-09-30,PG,True,5.613901678,0.007681982512,0.001370260698
2021-09-30,TSLA,True,1.690649951,-0.0007279512458,-0.0004303894741
2021-09-30,VNQ,False,,,
2021-09-30,WMT,True,1.893538583,0.001843515633,0.0009745310778
2021-10-01,AAPL,True,6.461331268,0.0022167163,0.0003431919782
2021-10-01,AMZN,True,2.935634378,0.002774494492,0.0009460030831
2021-10-01,BAC,True,2.949973347,0.004954915861,0.001682473634
2021-10-01,BND,False,,,
2021-10-01,GLD,False,,,
2021-10-01,GOOGL,True,5.384750913,-0.0002524405116,-4.687843164e-05
2021-10-01,JNJ,True,10.28322697,0.01767746408,0.001722018297
2021-10-01,JPM,True,11.99281292,-0.01454761547,-0.001211558146
2021-10-01,MSFT,True,9.157909501,-0.0009495617511,-0.0001036768602
2021-10-01,PG,True,5.614097703,0.0001960248529,3.491775669e-05
2021-10-01,TSLA,True,1.689921068,-0.0007288830019,-0.000431125912
2021-10-01,VNQ,False,,,
2021-10-01,WMT,True,1.892254869,-0.001283713954,-0.0006779444399
2021-10-04,AAPL,True,6.478835668,0.01750440052,0.002709101235
2021-10-04,AMZN,True,2.933304808,-0.002329569313,-0.0007935488596
2021-10-04,BAC,True,2.952003731,0.002030383492,0.0006882718089
2021-10-04,BND,False,,,
2021-10-04,GLD,False,,,
2021-10-04,GOOGL,True,5.37989369,-0.004857223292,-0.0009020330504
2021-10-04,JNJ,True,10.29096036,0.007733387792,0.000752039006
2021-10-04,JPM,True,11.99086565,-0.001947267498,-0.0001623695384
2021-10-04,MSFT,True,9.166960553,0.009051051849,0.0009883316545
2021-10-04,PG,True,5.610684917,-0.003412785511,-0.000607895639
2021-10-04,TSLA,True,1.68662817,-0.003292897715,-0.001948551194
2021-10-04,VNQ,False,,,
2021-10-04,WMT,True,1.88916103,-0.003093839576,-0.001635001514
2021-10-05,AAPL,True,6.494970182,0.01613451326,0.002490341489
2021-10-05,AMZN,True,2.940159079,0.006854271008,0.002336706021
2021-10-05,BAC,True,2.953841134,0.001837402608,0.0006224255712
2021-10-05,BND,False,,,
2021-10-05,GLD,False,,,
2021-10-05,GOOGL,True,5.393549635,0.01365594478,0.002538329857
2021-10-05,JNJ,True,10.28924678,-0.001713583123,-0.0001665134315
2021-10-05,JPM,True,12.0146323,0.02376664789,0.001982062728
2021-10-05,MSFT,True,9.144273588,-0.0226869649,-0.002474862281
2021-10-05,PG,True,5.630423921,0.01973900307,0.003518109351
2021-10-05,TSLA,True,1.679156462,-0.007471708141,-0.004429967596
2021-10-05,VNQ,False,,,
2021-10-05,WMT,True,1.890478055,0.001317025002,0.0006971480893
2021-10-06,AAPL,True,6.492334105,-0.002636076973,-0.0004058643688
2021-10-06,AMZN,True,2.935494047,-0.004665032587,-0.001586659926
2021-10-06,BAC,True,2.955976374,0.002135240468,0.0007228690954
2021-10-06,BND,False,,,
2021-10-06,GLD,False,,,
2021-10-06,GOOGL,True,5.394606722,0.001057087516,0.0001959910611
2021-10-06,JNJ,True,10.28128019,-0.007966586503,-0.0007742633328
2021-10-06,JPM,True,12.02889838,0.01426607683,0.001187391879
2021-10-06,MSFT,True,9.165379088,0.02110549996,0.002308056485
2021-10-06,PG,True,5.635362248,0.004938327656,0.0008770791907
2021-10-06,TSLA,True,1.679430704,0.0002742415782,0.0001633210391
2021-10-06,VNQ,False,,,
2021-10-06,WMT,True,1.890785224,0.0003071694487,0.0001624824197
2021-10-07,AAPL,True,6.490445623,-0.00188848165,-0.0002908786916
2021-10-07,AMZN,True,2.934394881,-0.001099165455,-0.0003744396812
2021-10-07,BAC,True,2.964822704,0.008846329789,0.002992692995
2021-10-07,BND,False,,,
2021-10-07,GLD,False,,,
2021-10-07,GOOGL,True,5.398611686,0.004004963708,0.0007424014231
2021-10-07,JNJ,True,10.28534155,0.004061362665,0.0003950249958
2021-10-07,JPM,True,12.02802413,-0.0008742447003,-7.267870032e-05
2021-10-07,MSFT,True,9.192292644,0.02691355563,0.002936436711
2021-10-07,PG,True,5.646433308,0.01107105958,0.001964569285
2021-10-07,TSLA,True,1.683595409,0.004164705885,0.002479831931
2021-10-07,VNQ,False,,,
2021-10-07,WMT,True,1.890695796,-8.942821837e-05,-4.729686759e-05
2021-10-08,AAPL,True,6.480619066,-0.00982655715,-0.001514003463
2021-10-08,AMZN,True,2.934840654,0.0004457729515,0.0001519130756
2021-10-08,BAC,True,2.961087952,-0.003734752049,-0.001259688158
2021-10-08,BND,False,,,
2021-10-08,GLD,False,,,
2021-10-08,GOOGL,True,5.402086469,0.003474782694,0.0006436437543
2021-10-08,JNJ,True,10.29727301,0.01193145402,0.001160044512
2021-10-08,JPM,True,12.04122478,0.01320064947,0.001097491102
2021-10-08,MSFT,True,9.20519191,0.01289926566,0.001403269691
2021-10-08,PG,True,5.642840269,-0.003593038811,-0.0006363377755
2021-10-08,TSLA,True,1.68223652,-0.001358889723,-0.0008071355597
2021-10-08,VNQ,False,,,
2021-10-08,WMT,True,1.89280637,0.002110574402,0.001116295074
2021-10-11,AAPL,True,6.468145295,-0.01247377128,-0.00192478082
2021-10-11,AMZN,True,2.941931984,0.00709132935,0.002416257026
2021-10-11,BAC,True,2.968617082,0.007529130403,0.002542690567
2021-10-11,BND,False,,,
2021-10-11,GLD,False,,,
2021-10-11,GOOGL,True,5.401338984,-0.0007474843683,-0.0001383695675
2021-10-11,JNJ,True,10.29312127,-0.004151733608,-0.0004031876794
2021-10-11,JPM,True,12.03556276,-0.005662022495,-0.0004702198154
2021-10-11,MSFT,True,9.26101567,0.05582376013,0.006064377655
2021-10-11,PG,True,5.657192475,0.01435220611,0.002543436537
2021-10-11,TSLA,True,1.689675179,0.007438659035,0.004421886547
2021-10-11,VNQ,False,,,
2021-10-11,WMT,True,1.895605264,0.002798893421,0.001478700339
2021-10-12,AAPL,True,6.495461268,0.02731597377,0.004223154015
2021-10-12,AMZN,True,2.943622371,0.001690387726,0.0005745842307
2021-10-12,BAC,True,2.967208175,-0.001408906873,-0.0004746004062
2021-10-12,BND,False,,,
2021-10-12,GLD,False,,,
2021-10-12,GOOGL,True,5.408315991,0.006977006507,0.001291717948
2021-10-12,JNJ,True,10.31355238,0.02043110893,0.001984928418
2021-10-12,JPM,True,12.04951722,0.01395446451,0.00115943598
2021-10-12,MSFT,True,9.239848704,-0.02116696523,-0.002285598684
2021-10-12,PG,True,5.654004286,-0.003188188832,-0.0005635637901
2021-10-12,TSLA,True,1.690009077,0.0003338978033,0.0001976106458
2021-10-12,VNQ,False,,,
2021-10-12,WMT,True,1.894024457,-0.001580806096,-0.0008339321096
2021-10-13,AAPL,True,6.536058148,0.0405968794,0.006250037946
2021-10-13,AMZN,True,2.952093235,0.008470863602,0.002877700511
2021-10-13,BAC,True,2.969335405,0.002127229545,0.0007169128079
2021-10-13,BND,False,,,
2021-10-13,GLD,False,,,
2021-10-13,GOOGL,True,5.41831542,0.009999429615,0.001848898924
2021-10-13,JNJ,True,10.32751239,0.01396000667,0.001353559487
2021-10-13,JPM,True,12.04998051,0.0004632861756,3.844852595e-05
2021-10-13,MSFT,True,9.258207688,0.01835898327,0.001986935486
2021-10-13,PG,True,5.659270476,0.00526618978,0.0009314088766
2021-10-13,TSLA,True,1.692575038,0.002565961666,0.001518312358
2021-10-13,VNQ,False,,,
2021-10-13,WMT,True,1.900371544,0.00634708658,0.003351111204
2021-10-14,AAPL,True,6.537154853,0.001096705508,0.0001677931076
2021-10-14,AMZN,True,2.94748966,-0.004603574834,-0.001559427317
2021-10-14,BAC,True,2.966838162,-0.002497242596,-0.0008410106153
2021-10-14,BND,False,,,
2021-10-14,GLD,False,,,
2021-10-14,GOOGL,True,5.429978088,0.01166266798,0.00215245276
2021-10-14,JNJ,True,10.32258757,-0.004924820823,-0.0004768641893
2021-10-14,JPM,True,12.07157074,0.02159022634,0.001791722926
2021-10-14,MSFT,True,9.264591165,0.006383476932,0.0006894938143
2021-10-14,PG,True,5.667576702,0.008306226377,0.001467720338
2021-10-14,TSLA,True,1.691457624,-0.001117413926,-0.0006601857532
2021-10-14,VNQ,False,,,
2021-10-14,WMT,True,1.901741831,0.00137028735,0.0007210628649
2021-10-15,AAPL,True,6.545031716,0.007876862539,0.001204937425
2021-10-15,AMZN,True,2.951077068,0.003587407891,0.001217106184
2021-10-15,BAC,True,2.963386924,-0.003451238438,-0.001163271553
2021-10-15,BND,False,,,
2021-10-15,GLD,False,,,
2021-10-15,GOOGL,True,5.441078173,0.01110008476,0.002044222754
2021-10-15,JNJ,True,10.32660265,0.004015081604,0.0003889607694
2021-10-15,JPM,True,12.05462609,-0.0169446474,-0.00140368207
2021-10-15,MSFT,True,9.244622433,-0.01996873159,-0.002155381844
2021-10-15,PG,True,5.665320554,-0.002256148427,-0.0003980799105
2021-10-15,TSLA,True,1.696732017,0.005274392771,0.003118252976
2021-10-15,VNQ,False,,,
2021-10-15,WMT,True,1.904431844,0.002690012596,0.001414499356
2021-10-18,AAPL,True,6.547601055,0.00256933907,0.0003925632727
2021-10-18,AMZN,True,2.950057814,-0.001019253865,-0.0003453836824
2021-10-18,BAC,True,2.962448308,-0.0009386158295,-0.0003167375215
2021-10-18,BND,False,,,
2021-10-18,GLD,False,,,
2021-10-18,GOOGL,True,5.454958602,0.01388042847,0.00255104375
2021-10-18,JNJ,True,10.32279159,-0.003811059369,-0.0003690525817
2021-10-18,JPM,True,12.04077463,-0.0138514594,-0.001149057573
2021-10-18,MSFT,True,9.263923297,0.01930086418,0.002087793668
2021-10-18,PG,True,5.659350077,-0.005970477336,-0.001053863992
2021-10-18,TSLA,True,1.700969833,0.004237815886,0.002497634184
2021-10-18,VNQ,False,,,
2021-10-18,WMT,True,1.905125001,0.000693156639,0.000363970305
2021-10-19,AAPL,True,6.546552948,-0.001048106365,-0.0001600748665
2021-10-19,AMZN,True,2.952211128,0.002153313349,0.0007299224236
2021-10-19,BAC,True,2.964759652,0.002311344452,0.0007802142726
2021-10-19,BND,False,,,
2021-10-19,GLD,False,,,
2021-10-19,GOOGL,True,5.467660884,0.01270228252,0.002328575421
2021-10-19,JNJ,True,10.35074278,0.02795118966,0.002707716165
2021-10-19,JPM,True,12.01827721,-0.02249742041,-0.001868436301
2021-10-19,MSFT,True,9.25911694,-0.004806356918,-0.0005188252065
2021-10-19,PG,True,5.660583877,0.001233800486,0.0002180109852
2021-10-19,TSLA,True,1.704548867,0.003579033956,0.002104113716
2021-10-19,VNQ,False,,,
2021-10-19,WMT,True,1.905073772,-5.122822631e-05,-2.688969296e-05
2021-10-20,AAPL,True,6.550209743,0.003656794522,0.0005585832042
2021-10-20,AMZN,True,2.952818229,0.0006071016149,0.000205643021
2021-10-20,BAC,True,2.973975213,0.009215560865,0.003108366932
2021-10-20,BND,False,,,
2021-10-20,GLD,False,,,
2021-10-20,GOOGL,True,5.477245672,0.009584787782,0.001752996022
2021-10-20,JNJ,True,10.3659989,0.01525611424,0.001473914922
2021-10-20,JPM,True,12.01407846,-0.004198750437,-0.0003493637535
2021-10-20,MSFT,True,9.266151002,0.007034061281,0.0007596902951
2021-10-20,PG,True,5.66346155,0.002877673048,0.0005083703573
2021-10-20,TSLA,True,1.699658743,-0.004890123969,-0.002868866985
2021-10-20,VNQ,False,,,
2021-10-20,WMT,True,1.90246168,-0.002612092502,-0.001371124068
2021-10-21,AAPL,True,6.549857492,-0.0003522512312,-5.377709188e-05
2021-10-21,AMZN,True,2.954801421,0.001983191722,0.0006716267538
2021-10-21,BAC,True,2.964767717,-0.009207496069,-0.003096023137
2021-10-21,BND,False,,,
2021-10-21,GLD,False,,,
2021-10-21,GOOGL,True,5.478299983,0.001054310922,0.0001924892519
2021-10-21,JNJ,True,10.3389329,-0.02706599866,-0.002611036228
2021-10-21,JPM,True,12.00534303,-0.008735426047,-0.0007270991343
2021-10-21,MSFT,True,9.263928212,-0.002222789764,-0.0002398827478
2021-10-21,PG,True,5.669224815,0.005763265148,0.001017622367
2021-10-21,TSLA,True,1.696580217,-0.003078525604,-0.001811261006
2021-10-21,VNQ,False,,,
2021-10-21,WMT,True,1.903540121,0.001078440614,0.00056686588
2021-10-22,AAPL,True,6.536108491,-0.01374900088,-0.002099129775
2021-10-22,AMZN,True,2.952141734,-0.002659686644,-0.0009001236514
2021-10-22,BAC,True,2.967659886,0.002892168637,0.0009755127257
2021-10-22,BND,False,,,
2021-10-22,GLD,False,,,
2021-10-22,GOOGL,True,5.477586681,-0.0007133013102,-0.0001302048651
2021-10-22,JNJ,True,10.32918419,-0.00974870642,-0.0009429122442
2021-10-22,JPM,True,12.00595357,0.0006105320812,5.085503009e-05
2021-10-22,MSFT,True,9.282077142,0.01814892968,0.001959096537
2021-10-22,PG,True,5.674440539,0.00521572318,0.0009200064118
2021-10-22,TSLA,True,1.693653551,-0.00292666668,-0.001725038787
2021-10-22,VNQ,False,,,
2021-10-22,WMT,True,1.906132222,0.002592101851,0.001361726933
2021-10-25,AAPL,True,6.527101945,-0.009006546308,-0.001377967688
2021-10-25,AMZN,True,2.952833098,0.0006913633672,0.0002341904385
2021-10-25,BAC,True,2.964409793,-0.003250093105,-0.001095170346
2021-10-25,BND,False,,,
2021-10-25,GLD,False,,,
2021-10-25,GOOGL,True,5.49430344,0.01671675897,0.003051847455
2021-10-25,JNJ,True,10.34081073,0.01162653689,0.001125600693
2021-10-25,JPM,True,11.9980648,-0.007888761886,-0.000657070831
2021-10-25,MSFT,True,9.289207652,0.007130510578,0.0007682020382
2021-10-25,PG,True,5.68001683,0.00557629153,0.0009827033154
2021-10-25,TSLA,True,1.692961386,-0.0006921645189,-0.0004086812906
2021-10-25,VNQ,False,,,
2021-10-25,WMT,True,1.909392662,0.003260439802,0.001710500333
2021-10-26,AAPL,True,6.519378482,-0.007723462968,-0.001183291303
2021-10-26,AMZN,True,2.942417265,-0.01041583242,-0.00352740303
2021-10-26,BAC,True,2.962936984,-0.001472809072,-0.000496830457
2021-10-26,BND,False,,,
2021-10-26,GLD,False,,,
2021-10-26,GOOGL,True,5.486129834,-0.008173606188,-0.001487651033
2021-10-26,JNJ,True,10.36030382,0.01949309173,0.001885064164
2021-10-26,JPM,True,11.98542027,-0.01264452868,-0.001053880679
2021-10-26,MSFT,True,9.292064104,0.002856452196,0.0003075022437
2021-10-26,PG,True,5.682861561,0.002844731081,0.0005008314529
2021-10-26,TSLA,True,1.691612375,-0.001349011038,-0.0007968350899
2021-10-26,VNQ,False,,,
2021-10-26,WMT,True,1.911262106,0.001869444114,0.0009790778772
2021-10-27,AAPL,True,6.523648244,0.004269762203,0.000654933935
2021-10-27,AMZN,True,2.950299057,0.007881791947,0.002678679207
2021-10-27,BAC,True,2.959280164,-0.003656820051,-0.001234187589
2021-10-27,BND,False,,,
2021-10-27,GLD,False,,,
2021-10-27,GOOGL,True,5.480976595,-0.005153239058,-0.0009393213821
2021-10-27,JNJ,True,10.38378976,0.02348594377,0.00226691651
2021-10-27,JPM,True,11.99188989,0.006469616116,0.0005397905095
2021-10-27,MSFT,True,9.293207366,0.001143262159,0.0001230364046
2021-10-27,PG,True,5.691484365,0.0086228043,0.001517334921
2021-10-27,TSLA,True,1.692097569,0.0004851934426,0.0002868230629
2021-10-27,VNQ,False,,,
2021-10-27,WMT,True,1.914674038,0.003411931811,0.001785172112
2021-10-28,AAPL,True,6.514362003,-0.009286241007,-0.001423473593
2021-10-28,AMZN,True,2.945231246,-0.005067810875,-0.001717727856
2021-10-28,BAC,True,2.959853341,0.000573177592,0.000193688181
2021-10-28,BND,False,,,
2021-10-28,GLD,False,,,
2021-10-28,GOOGL,True,5.470820442,-0.0101561531,-0.001852982388
2021-10-28,JNJ,True,10.39096106,0.007171296946,0.0006906242431
2021-10-28,JPM,True,11.99932541,0.007435518506,0.0006200455953
2021-10-28,MSFT,True,9.291128108,-0.002079258019,-0.0002237395484
2021-10-28,PG,True,5.700181078,0.008696712705,0.001528021891
2021-10-28,TSLA,True,1.695752688,0.003655119169,0.002160111353
2021-10-28,VNQ,False,,,
2021-10-28,WMT,True,1.919446019,0.004771981034,0.002492320332
2021-10-29,AAPL,True,6.505565635,-0.00879636749,-0.001350303758
2021-10-29,AMZN,True,2.948822909,0.003591663041,0.001219484224
2021-10-29,BAC,True,2.963435537,0.003582195954,0.001210261301
2021-10-29,BND,False,,,
2021-10-29,GLD,False,,,
2021-10-29,GOOGL,True,5.489005524,0.0181850815,0.003324013591
2021-10-29,JNJ,True,10.41243374,0.02147268082,0.002066476883
2021-10-29,JPM,True,11.98431949,-0.01500591944,-0.001250563588
2021-10-29,MSFT,True,9.257161421,-0.03396668743,-0.003655819513
2021-10-29,PG,True,5.704133362,0.003952283883,0.0006933611106
2021-10-29,TSLA,True,1.696936161,0.001183473789,0.0006979047106
2021-10-29,VNQ,False,,,
2021-10-29,WMT,True,1.918116219,-0.001329799929,-0.0006928040257
2021-11-01,AAPL,True,6.499983247,-0.005582388558,-0.0008580942643
2021-11-01,AMZN,True,2.954561588,0.00573867869,0.001946091327
2021-11-01,BAC,True,2.959249529,-0.004186008558,-0.001412552595
2021-11-01,BND,False,,,
2021-11-01,GLD,False,,,
2021-11-01,GOOGL,True,5.471205953,-0.01779957029,-0.003242767787
2021-11-01,JNJ,True,10.41313146,0.0006977157011,6.700793671e-05
2021-11-01,JPM,True,11.96435302,-0.01996647375,-0.001666049855
2021-11-01,MSFT,True,9.257033946,-0.0001274751389,-1.377043492e-05
2021-11-01,PG,True,5.70300427,-0.00112909177,-0.000197942737
2021-11-01,TSLA,True,1.701845093,0.004908931969,0.00289282065
2021-11-01,VNQ,False,,,
2021-11-01,WMT,True,1.918285763,0.0001695442921,8.839104244e-05
2021-11-02,AAPL,True,6.49063814,-0.009345106681,-0.001437712426
2021-11-02,AMZN,True,2.946571184,-0.007990404195,-0.002704429729
2021-11-02,BAC,True,2.944509758,-0.01473977072,-0.004980915119
2021-11-02,BND,False,,,
2021-11-02,GLD,False,,,
2021-11-02,GOOGL,True,5.480115242,0.008909288747,0.001628395791
2021-11-02,JNJ,True,10.42532496,0.01219349894,0.001170973303
2021-11-02,JPM,True,11.97529142,0.01093840306,0.000914249441
2021-11-02,MSFT,True,9.254113085,-0.002920860711,-0.000315528789
2021-11-02,PG,True,5.713137595,0.01013332441,0.001776839703
2021-11-02,TSLA,True,1.702553539,0.0007084454961,0.0004162808348
2021-11-02,VNQ,False,,,
2021-11-02,WMT,True,1.917486658,-0.0007991057926,-0.000416572863
2021-11-03,AAPL,True,6.504778417,0.01414027689,0.002178564971
2021-11-03,AMZN,True,2.944062883,-0.002508301039,-0.0008512609683
2021-11-03,BAC,True,2.942169975,-0.002339783292,-0.0007946257558
2021-11-03,BND,False,,,
2021-11-03,GLD,False,,,
2021-11-03,GOOGL,True,5.479680304,-0.0004349385184,-7.936667373e-05
2021-11-03,JNJ,True,10.43570028,0.01037532011,0.0009952035217
2021-11-03,JPM,True,11.97055979,-0.004731632678,-0.0003951162867
2021-11-03,MSFT,True,9.273018819,0.01890573373,0.00204295469
2021-11-03,PG,True,5.713507661,0.0003700661579,6.47745922e-05
2021-11-03,TSLA,True,1.707884137,0.005330597679,0.003130942762
2021-11-03,VNQ,False,,,
2021-11-03,WMT,True,1.916019832,-0.001466825846,-0.0007649731694
2021-11-04,AAPL,True,6.498301563,-0.006476854212,-0.0009957071244
2021-11-04,AMZN,True,2.949622087,0.005559203982,0.001888276237
2021-11-04,BAC,True,2.947679522,0.005509547886,0.001872613728
2021-11-04,BND,False,,,
2021-11-04,GLD,False,,,
2021-11-04,GOOGL,True,5.471098706,-0.008581597578,-0.001566076323
2021-11-04,JNJ,True,10.45365867,0.017958394,0.001720861421
2021-11-04,JPM,True,11.95415166,-0.0164081256,-0.001370706624
2021-11-04,MSFT,True,9.28877857,0.0157597512,0.001699527577
2021-11-04,PG,True,5.716973682,0.00346602129,0.000606636325
2021-11-04,TSLA,True,1.713647583,0.00576344655,0.003374612145
2021-11-04,VNQ,False,,,
2021-11-04,WMT,True,1.912651623,-0.003368208672,-0.001757919525
2021-11-05,AAPL,True,6.491861254,-0.006440308873,-0.0009910757158
2021-11-05,AMZN,True,2.948360614,-0.001261472741,-0.0004276726659
2021-11-05,BAC,True,2.946477858,-0.001201664488,-0.0004076645644
2021-11-05,BND,False,,,
2021-11-05,GLD,False,,,
2021-11-05,GOOGL,True,5.473939236,0.002840530113,0.0005191882408
2021-11-05,JNJ,True,10.46391763,0.01025895832,0.0009813749089
2021-11-05,JPM,True,11.98830964,0.03415797812,0.002857415489
2021-11-05,MSFT,True,9.293871349,0.005092778451,0.0005482721343
2021-11-05,PG,True,5.715970735,-0.001002946937,-0.0001754331912
2021-11-05,TSLA,True,1.717455975,0.003808392222,0.002222389399
2021-11-05,VNQ,False,,,
2021-11-05,WMT,True,1.914527706,0.00187608254,0.0009808804264
2021-11-08,AAPL,True,6.506541939,0.01468068464,0.002261398398
2021-11-08,AMZN,True,2.957842584,0.00948197001,0.003216014339
2021-11-08,BAC,True,2.948876386,0.002398527672,0.0008140321387
2021-11-08,BND,False,,,
2021-11-08,GLD,False,,,
2021-11-08,GOOGL,True,5.481041723,0.007102487385,0.001297509358
2021-11-08,JNJ,True,10.48714261,0.02322498703,0.002219530759
2021-11-08,JPM,True,12.01707614,0.02876649618,0.002399545644
2021-11-08,MSFT,True,9.324081216,0.03020986714,0.003250514883
2021-11-08,PG,True,5.713072407,-0.002898328485,-0.0005070579644
2021-11-08,TSLA,True,1.718808597,0.001352621273,0.0007875726031
2021-11-08,VNQ,False,,,
2021-11-08,WMT,True,1.916077145,0.001549439184,0.0008093062217
2021-11-09,AAPL,True,6.504001858,-0.002540080717,-0.0003903887411
2021-11-09,AMZN,True,2.963306059,0.005463475375,0.00184711499
2021-11-09,BAC,True,2.953486372,0.004609986788,0.001563302826
2021-11-09,BND,False,,,
2021-11-09,GLD,False,,,
2021-11-09,GOOGL,True,5.482389849,0.001348125108,0.0002459614752
2021-11-09,JNJ,True,10.51057784,0.02343522608,0.002234662667
2021-11-09,JPM,True,12.00459752,-0.01247861751,-0.001038407127
2021-11-09,MSFT,True,9.327987447,0.003906231493,0.0004189400974
2021-11-09,PG,True,5.72827173,0.01519932321,0.002660446452
2021-11-09,TSLA,True,1.721853542,0.003044945284,0.001771544132
2021-11-09,VNQ,False,,,
2021-11-09,WMT,True,1.914284578,-0.001792567313,-0.0009355402613
2021-11-10,AAPL,True,6.506604631,0.002602772716,0.0004001801926
2021-11-10,AMZN,True,2.970763941,0.007457882028,0.002516743758
2021-11-10,BAC,True,2.952412059,-0.001074313843,-0.0003637443032
2021-11-10,BND,False,,,
2021-11-10,GLD,False,,,
2021-11-10,GOOGL,True,5.495716451,0.01332660216,0.002430801626
2021-11-10,JNJ,True,10.52671321,0.01613536808,0.001535155186
2021-11-10,JPM,True,12.01314234,0.008544826521,0.0007117961688
2021-11-10,MSFT,True,9.319083922,-0.008903525314,-0.0009544958507
2021-11-10,PG,True,5.729625935,0.001354204882,0.0002364072352
2021-11-10,TSLA,True,1.723612312,0.001758769932,0.001021439913
2021-11-10,VNQ,False,,,
2021-11-10,WMT,True,1.916507792,0.002223214674,0.00116138149
2021-11-11,AAPL,True,6.510809492,0.004204861967,0.0006462451932
2021-11-11,AMZN,True,2.97584434,0.005080398124,0.00171013188
2021-11-11,BAC,True,2.953254495,0.0008424364604,0.0002853383754
2021-11-11,BND,False,,,
2021-11-11,GLD,False,,,
2021-11-11,GOOGL,True,5.506534971,0.01081852043,0.001968536864
2021-11-11,JNJ,True,10.54172434,0.01501112812,0.001426003333
2021-11-11,JPM,True,12.00864561,-0.004496737447,-0.000374318169
2021-11-11,MSFT,True,9.313442606,-0.005641315763,-0.0006053508918
2021-11-11,PG,True,5.723226956,-0.006398978676,-0.001116823114
2021-11-11,TSLA,True,1.728264173,0.0046518616,0.002698902513
2021-11-11,VNQ,False,,,
2021-11-11,WMT,True,1.919735002,0.003227209707,0.001683901167
2021-11-12,AAPL,True,6.510792642,-1.685058813e-05,-2.588094177e-06
2021-11-12,AMZN,True,2.980949517,0.005105177219,0.001715539066
2021-11-12,BAC,True,2.950164359,-0.003090135844,-0.001046349324
2021-11-12,BND,False,,,
2021-11-12,GLD,False,,,
2021-11-12,GOOGL,True,5.51338451,0.006849539192,0.001243892798
2021-11-12,JNJ,True,10.56317885,0.02145451709,0.002035199974
2021-11-12,JPM,True,11.9973009,-0.01134471037,-0.0009447118965
2021-11-12,MSFT,True,9.340918599,0.02747599332,0.002950143623
2021-11-12,PG,True,5.732871523,0.009644567019,0.001685162425
2021-11-12,TSLA,True,1.729391291,0.001127117394,0.0006521673082
2021-11-12,VNQ,False,,,
2021-11-12,WMT,True,1.922801687,0.003066685229,0.00159745237
2021-11-15,AAPL,True,6.505941086,-0.004851555459,-0.0007451558859
2021-11-15,AMZN,True,2.984813559,0.003864042489,0.001296245531
2021-11-15,BAC,True,2.951230804,0.001066444858,0.0003614865912
2021-11-15,BND,False,,,
2021-11-15,GLD,False,,,
2021-11-15,GOOGL,True,5.518693522,0.005309011796,0.0009629315326
2021-11-15,JNJ,True,10.57519183,0.01201297435,0.001137249925
2021-11-15,JPM,True,12.02314951,0.02584861733,0.002154536054
2021-11-15,MSFT,True,9.320677613,-0.02024098619,-0.002166916023
2021-11-15,PG,True,5.733643654,0.0007721313018,0.0001346849129
2021-11-15,TSLA,True,1.729850804,0.0004595136141,0.0002657082967
2021-11-15,VNQ,False,,,
2021-11-15,WMT,True,1.922847096,4.540835124e-05,2.361572259e-05
2021-11-16,AAPL,True,6.52128728,0.01534619375,0.002358796912
2021-11-16,AMZN,True,2.986704426,0.001890867246,0.0006334959313
2021-11-16,BAC,True,2.949519391,-0.00171141345,-0.0005798982065
2021-11-16,BND,False,,,
2021-11-16,GLD,False,,,
2021-11-16,GOOGL,True,5.52637555,0.007682027672,0.00139200114
2021-11-16,JNJ,True,10.59041405,0.0152222177,0.0014394271
2021-11-16,JPM,True,12.04234476,0.01919524207,0.00159652361
2021-11-16,MSFT,True,9.333169895,0.01249228131,0.001340276086
2021-11-16,PG,True,5.744783411,0.0111397565,0.001942875625
2021-11-16,TSLA,True,1.731268041,0.001417236338,0.0008192824112
2021-11-16,VNQ,False,,,
2021-11-16,WMT,True,1.925872353,0.003025257543,0.00157332195
2021-11-17,AAPL,True,6.519244986,-0.002042294481,-0.0003131735182
2021-11-17,AMZN,True,2.979185589,-0.007518837948,-0.002517436235
2021-11-17,BAC,True,2.946550988,-0.002968402341,-0.001006402043
2021-11-17,BND,False,,,
2021-11-17,GLD,False,,,
2021-11-17,GOOGL,True,5.528276296,0.001900746078,0.0003439408092
2021-11-17,JNJ,True,10.59874182,0.008327775199,0.000786350294
2021-11-17,JPM,True,12.05931632,0.01697156368,0.001409323851
2021-11-17,MSFT,True,9.357211325,0.02404143005,0.002575912613
2021-11-17,PG,True,5.742870514,-0.001912896691,-0.0003329797756
2021-11-17,TSLA,True,1.731618014,0.0003499728943,0.0002021483017
2021-11-17,VNQ,False,,,
2021-11-17,WMT,True,1.928343593,0.002471239698,0.001283179383
2021-11-18,AAPL,True,6.516818246,-0.002426739311,-0.0003722423863
2021-11-18,AMZN,True,2.975583063,-0.003602525233,-0.001209231559
2021-11-18,BAC,True,2.95012172,0.003570732063,0.001211834473
2021-11-18,BND,False,,,
2021-11-18,GLD,False,,,
2021-11-18,GOOGL,True,5.510929541,-0.01734675442,-0.003137823346
2021-11-18,JNJ,True,10.60080369,0.002061863801,0.0001945385439
2021-11-18,JPM,True,12.0721486,0.01283228342,0.001064097091
2021-11-18,MSFT,True,9.344700573,-0.01251075115,-0.001337017057
2021-11-18,PG,True,5.736915047,-0.005955466753,-0.001037019159
2021-11-18,TSLA,True,1.729577343,-0.002040670238,-0.001178475981
2021-11-18,VNQ,False,,,
2021-11-18,WMT,True,1.932230766,0.003887173319,0.002015809492
2021-11-19,AAPL,True,6.540982417,0.02416417105,0.00370797069
2021-11-19,AMZN,True,2.977939449,0.002356385886,0.0007919072788
2021-11-19,BAC,True,2.954434674,0.004312953212,0.001461957716
2021-11-19,BND,False,,,
2021-11-19,GLD,False,,,
2021-11-19,GOOGL,True,5.520105309,0.009175767479,0.001665012664
2021-11-19,JNJ,True,10.61438695,0.01358326231,0.00128134269
2021-11-19,JPM,True,12.10825195,0.03610335094,0.002990631753
2021-11-19,MSFT,True,9.357901661,0.01320108784,0.001412681737
2021-11-19,PG,True,5.735654032,-0.001261015023,-0.0002198071634
2021-11-19,TSLA,True,1.731024576,0.001447232372,0.0008367549315
2021-11-19,VNQ,False,,,
2021-11-19,WMT,True,1.935690686,0.003459920033,0.001790634997
2021-11-22,AAPL,True,6.536126506,-0.004855911133,-0.0007423825388
2021-11-22,AMZN,True,2.972729058,-0.005210390743,-0.001749663092
2021-11-22,BAC,True,2.955097569,0.0006628955401,0.0002243730572
2021-11-22,BND,False,,,
2021-11-22,GLD,False,,,
2021-11-22,GOOGL,True,5.517402483,-0.002702826109,-0.00048963307
2021-11-22,JNJ,True,10.63487998,0.02049303458,0.001930684709
2021-11-22,JPM,True,12.12321833,0.01496637839,0.001236047816
2021-11-22,MSFT,True,9.387454992,0.02955333108,0.003158115158
2021-11-22,PG,True,5.743559915,0.00790588253,0.00137837507
2021-11-22,TSLA,True,1.730183362,-0.0008412138865,-0.0004859629945
2021-11-22,VNQ,False,,,
2021-11-22,WMT,True,1.936453239,0.0007625529474,0.0003939435948
2021-11-23,AAPL,True,6.547907727,0.01178122095,0.001802477497
2021-11-23,AMZN,True,2.979763248,0.007034189935,0.002366239841
2021-11-23,BAC,True,2.957569639,0.00247207035,0.0008365444091
2021-11-23,BND,False,,,
2021-11-23,GLD,False,,,
2021-11-23,GOOGL,True,5.5295249,0.01212241712,0.002197123946
2021-11-23,JNJ,True,10.63272532,-0.002154660657,-0.0002026031945
2021-11-23,JPM,True,12.12663378,0.00341545213,0.0002817281712
2021-11-23,MSFT,True,9.392340141,0.00488514824,0.0005203911224
2021-11-23,PG,True,5.745224519,0.001664603865,0.0002898209281
2021-11-23,TSLA,True,1.726560256,-0.003623106254,-0.002094059123
2021-11-23,VNQ,False,,,
2021-11-23,WMT,True,1.939725154,0.003271914867,0.001689643107
2021-11-24,AAPL,True,6.547498263,-0.000409463789,-6.253353071e-05
2021-11-24,AMZN,True,2.981780145,0.002016896982,0.0006768648424
2021-11-24,BAC,True,2.958115574,0.0005459346098,0.0001845889282
2021-11-24,BND,False,,,
2021-11-24,GLD,False,,,
2021-11-24,GOOGL,True,5.551281959,0.02175705853,0.003934706675
2021-11-24,JNJ,True,10.63182285,-0.0009024708668,-8.487672159e-05
2021-11-24,JPM,True,12.1513664,0.02473261255,0.00203952828
2021-11-24,MSFT,True,9.35696422,-0.03537592019,-0.003766464977
2021-11-24,PG,True,5.737243672,-0.007980846366,-0.001389126977
2021-11-24,TSLA,True,1.729708866,0.0031486107,0.001823632097
2021-11-24,VNQ,False,,,
2021-11-24,WMT,True,1.938695626,-0.001029527531,-0.0005307594885
2021-11-26,AAPL,True,6.535475416,-0.0120228475,-0.001836250582
2021-11-26,AMZN,True,2.981172029,-0.0006081165327,-0.0002039441217
2021-11-26,BAC,True,2.95659597,-0.001519604068,-0.0005137067942
2021-11-26,BND,False,,,
2021-11-26,GLD,False,,,
2021-11-26,GOOGL,True,5.560732825,0.009450866845,0.001702465649
2021-11-26,JNJ,True,10.60603666,-0.02578619458,-0.002425378502
2021-11-26,JPM,True,12.14081346,-0.0105529341,-0.0008684565801
2021-11-26,MSFT,True,9.353903729,-0.003060491591,-0.0003270816815
2021-11-26,PG,True,5.727608217,-0.009635455973,-0.001679457336
2021-11-26,TSLA,True,1.72934552,-0.0003633464685,-0.0002100622108
2021-11-26,VNQ,False,,,
2021-11-26,WMT,True,1.935301468,-0.00339415874,-0.001750743487
2021-11-29,AAPL,True,6.546809281,0.01133386519,0.001734206691
2021-11-29,AMZN,True,2.979397861,-0.001774167539,-0.0005951241733
2021-11-29,BAC,True,2.957943838,0.001347867995,0.0004558850815
2021-11-29,BND,False,,,
2021-11-29,GLD,False,,,
2021-11-29,GOOGL,True,5.55657932,-0.004153505844,-0.0007469349768
2021-11-29,JNJ,True,10.59417283,-0.0118638236,-0.001118591609
2021-11-29,JPM,True,12.112334,-0.02847946203,-0.00234576226
2021-11-29,MSFT,True,9.31689363,-0.03701009849,-0.00395664736
2021-11-29,PG,True,5.721270101,-0.006338115526,-0.001106590271
2021-11-29,TSLA,True,1.72860308,-0.000742439792,-0.0004293183655
2021-11-29,VNQ,False,,,
2021-11-29,WMT,True,1.937498384,0.002196916106,0.001135180303
2021-11-30,AAPL,True,6.557670939,0.01086165744,0.001659076502
2021-11-30,AMZN,True,2.974698525,-0.00469933629,-0.001577277191
2021-11-30,BAC,True,2.958779472,0.0008356344012,0.0002825051613
2021-11-30,BND,False,,,
2021-11-30,GLD,False,,,
2021-11-30,GOOGL,True,5.556037901,-0.0005414188382,-9.743743536e-05
2021-11-30,JNJ,True,10.60274783,0.008574998791,0.0008094071077
2021-11-30,JPM,True,12.06426881,-0.04806519272,-0.00396828495
2021-11-30,MSFT,True,9.280628094,-0.03626553662,-0.003892449357
2021-11-30,PG,True,5.721538719,0.0002686180541,4.695077305e-05
2021-11-30,TSLA,True,1.728088132,-0.0005149484588,-0.0002978986123
2021-11-30,VNQ,False,,,
2021-11-30,WMT,True,1.938395522,0.0008971384613,0.0004630395921
2021-12-01,AAPL,True,6.573440668,0.01576972969,0.002404776
2021-12-01,AMZN,True,2.964384929,-0.01031359579,-0.003467106232
2021-12-01,BAC,True,2.952832346,-0.005947126272,-0.002009993082
2021-12-01,BND,False,,,
2021-12-01,GLD,False,,,
2021-12-01,GOOGL,True,5.552849214,-0.00318868648,-0.000573913738
2021-12-01,JNJ,True,10.59038405,-0.01236377708,-0.001166091779
2021-12-01,JPM,True,12.05068149,-0.01358731617,-0.001126244481
2021-12-01,MSFT,True,9.286748726,0.006120632732,0.0006595063039
2021-12-01,PG,True,5.730007808,0.008469089342,0.001480211838
2021-12-01,TSLA,True,1.722908663,-0.005179468637,-0.002997224819
2021-12-01,VNQ,False,,,
2021-12-01,WMT,True,1.935632546,-0.002762975771,-0.001425393187
2021-12-02,AAPL,True,6.55914797,-0.01429269868,-0.002174310136
2021-12-02,AMZN,True,2.957333888,-0.007051041267,-0.002378584912
2021-12-02,BAC,True,2.952827024,-5.322352606e-06,-1.802456754e-06
2021-12-02,BND,False,,,
2021-12-02,GLD,False,,,
2021-12-02,GOOGL,True,5.563852559,0.01100334457,0.001981567326
2021-12-02,JNJ,True,10.58108565,-0.009298401722,-0.0008780042041
2021-12-02,JPM,True,12.06130399,0.01062249514,0.0008814850135
2021-12-02,MSFT,True,9.277278856,-0.009469870404,-0.001019718599
2021-12-02,PG,True,5.737119786,0.007111977548,0.001241181127
2021-12-02,TSLA,True,1.723947416,0.001038753306,0.0006029067753
2021-12-02,VNQ,False,,,
2021-12-02,WMT,True,1.936629919,0.0009973722254,0.0005152694023
2021-12-03,AAPL,True,6.53447423,-0.02467373999,-0.003761729436
2021-12-03,AMZN,True,2.947214951,-0.01011893663,-0.003421641592
2021-12-03,BAC,True,2.949774154,-0.003052869273,-0.001033880159
2021-12-03,BND,False,,,
2021-12-03,GLD,False,,,
2021-12-03,GOOGL,True,5.556304284,-0.007548274818,-0.001356663344
2021-12-03,JNJ,True,10.57511225,-0.005973404521,-0.000564536071
2021-12-03,JPM,True,12.07636137,0.01505738634,0.001248404514
2021-12-03,MSFT,True,9.238908726,-0.03837013008,-0.004135925057
2021-12-03,PG,True,5.731095436,-0.006024350372,-0.001050065294
2021-12-03,TSLA,True,1.723287122,-0.0006602944404,-0.0003830130978
2021-12-03,VNQ,False,,,
2021-12-03,WMT,True,1.935659812,-0.000970106336,-0.0005009249969
2021-12-06,AAPL,True,6.53132378,-0.003150449223,-0.0004821274233
2021-12-06,AMZN,True,2.936580914,-0.01063403718,-0.003608164776
2021-12-06,BAC,True,2.953411701,0.003637547019,0.001233161194
2021-12-06,BND,False,,,
2021-12-06,GLD,False,,,
2021-12-06,GOOGL,True,5.555546133,-0.0007581508897,-0.0001364487708
2021-12-06,JNJ,True,10.57442569,-0.0006865589465,-6.492214271e-05
2021-12-06,JPM,True,12.08127323,0.004911853241,0.00040673288
2021-12-06,MSFT,True,9.23428132,-0.004627405934,-0.0005008606613
2021-12-06,PG,True,5.7328887,0.001793264385,0.0003129008067
2021-12-06,TSLA,True,1.721078591,-0.0022085314,-0.001281580633
2021-12-06,VNQ,False,,,
2021-12-06,WMT,True,1.93455995,-0.001099862151,-0.0005682104594
2021-12-07,AAPL,True,6.519651352,-0.01167242817,-0.001787145846
2021-12-07,AMZN,True,2.933305058,-0.003275856307,-0.001115534155
2021-12-07,BAC,True,2.954891521,0.001479819327,0.0005010541966
2021-12-07,BND,False,,,
2021-12-07,GLD,False,,,
2021-12-07,GOOGL,True,5.552598344,-0.002947788765,-0.0005306028777
2021-12-07,JNJ,True,10.59482424,0.02039855039,0.001929045698
2021-12-07,JPM,True,12.08232982,0.001056591212,8.745694201e-05
2021-12-07,MSFT,True,9.246595136,0.01231381639,0.001333489414
2021-12-07,PG,True,5.72364724,-0.009241459701,-0.001612007521
2021-12-07,TSLA,True,1.722875753,0.00179716295,0.001044207371
2021-12-07,VNQ,False,,,
2021-12-07,WMT,True,1.938123501,0.003563551196,0.001842047436
2021-12-08,AAPL,True,6.505906663,-0.0137446894,-0.002108193929
2021-12-08,AMZN,True,2.93424202,0.0009369616922,0.0003194218377
2021-12-08,BAC,True,2.957085032,0.002193510861,0.0007423321112
2021-12-08,BND,False,,,
2021-12-08,GLD,False,,,
2021-12-08,GOOGL,True,5.559250185,0.006651840478,0.001197968963
2021-12-08,JNJ,True,10.59875125,0.003927009869,0.0003706536116
2021-12-08,JPM,True,12.09625996,0.01393014396,0.001152935251
2021-12-08,MSFT,True,9.244153977,-0.002441159805,-0.0002640063471
2021-12-08,PG,True,5.729017668,0.005370427609,0.0009382876658
2021-12-08,TSLA,True,1.719452218,-0.003423535257,-0.001987105135
2021-12-08,VNQ,False,,,
2021-12-08,WMT,True,1.93489668,-0.003226821087,-0.001664920262
2021-12-09,AAPL,True,6.506633323,0.0007266605811,0.0001116924387
2021-12-09,AMZN,True,2.943619905,0.009377885845,0.003196016478
2021-12-09,BAC,True,2.953239432,-0.003845599481,-0.001300469699
2021-12-09,BND,False,,,
2021-12-09,GLD,False,,,
2021-12-09,GOOGL,True,5.576399647,0.01714946205,0.00308485164
2021-12-09,JNJ,True,10.60606151,0.007310261579,0.0006897285734
2021-12-09,JPM,True,12.0966486,0.0003886383532,3.212880298e-05
2021-12-09,MSFT,True,9.249931228,0.005777251603,0.0006249627189
2021-12-09,PG,True,5.720021239,-0.008996428467,-0.001570326536
2021-12-09,TSLA,True,1.720824776,0.001372557753,0.0007982529193
2021-12-09,VNQ,False,,,
2021-12-09,WMT,True,1.936498173,0.001601492297,0.0008276887925
2021-12-10,AAPL,True,6.503285011,-0.003348312208,-0.0005145998002
2021-12-10,AMZN,True,2.943410909,-0.0002089963121,-7.099976179e-05
2021-12-10,BAC,True,2.954543839,0.001304407204,0.0004416869116
2021-12-10,BND,False,,,
2021-12-10,GLD,False,,,
2021-12-10,GOOGL,True,5.575835704,-0.0005639426777,-0.0001011302477
2021-12-10,JNJ,True,10.60194079,-0.004120725454,-0.0003885255097
2021-12-10,JPM,True,12.09621916,-0.0004294440497,-3.550107669e-05
2021-12-10,MSFT,True,9.24191723,-0.008013997944,-0.0008663845975
2021-12-10,PG,True,5.725869349,0.005848109129,0.001022392905
2021-12-10,TSLA,True,1.720563122,-0.0002616541483,-0.0001520515929
2021-12-10,VNQ,False,,,
2021-12-10,WMT,True,1.933004402,-0.003493770505,-0.001804169275
2021-12-13,AAPL,True,6.501952564,-0.00133244766,-0.0002048883999
2021-12-13,AMZN,True,2.940482322,-0.002928586817,-0.0009949636347
2021-12-13,BAC,True,2.958714505,0.004170665913,0.001411610773
2021-12-13,BND,False,,,
2021-12-13,GLD,False,,,
2021-12-13,GOOGL,True,5.585522606,0.009686902273,0.001737300521
2021-12-13,JNJ,True,10.59243908,-0.009501702335,-0.0008962229206
2021-12-13,JPM,True,12.07746737,-0.01875178193,-0.001550218435
2021-12-13,MSFT,True,9.230585396,-0.01133183448,-0.001226134599
2021-12-13,PG,True,5.719176774,-0.00669257486,-0.001168831221
2021-12-13,TSLA,True,1.720531891,-3.123041538e-05,-1.815127558e-05
2021-12-13,VNQ,False,,,
2021-12-13,WMT,True,1.92949281,-0.003511592616,-0.001816650087
2021-12-14,AAPL,True,6.497610359,-0.004342204778,-0.0006678308917
2021-12-14,AMZN,True,2.9339812,-0.006501121811,-0.002210903212
2021-12-14,BAC,True,2.961489174,0.00277466885,0.0009377953989
2021-12-14,BND,False,,,
2021-12-14,GLD,False,,,
2021-12-14,GOOGL,True,5.595828599,0.01030599214,0.001845125849
2021-12-14,JNJ,True,10.61825714,0.02581806015,0.002437404638
2021-12-14,JPM,True,12.07348576,-0.003981611195,-0.0003296726931
2021-12-14,MSFT,True,9.240161705,0.009576308721,0.001037454106
2021-12-14,PG,True,5.719752564,0.0005757904728,0.0001006771596
2021-12-14,TSLA,True,1.719888409,-0.0006434822254,-0.0003740019168
2021-12-14,VNQ,False,,,
2021-12-14,WMT,True,1.923937682,-0.005555127827,-0.002879061171
2021-12-15,AAPL,True,6.479511263,-0.01809909571,-0.002785500317
2021-12-15,AMZN,True,2.931111866,-0.002869334252,-0.000977966134
2021-12-15,BAC,True,2.958519077,-0.002970097067,-0.00100290661
2021-12-15,BND,False,,,
2021-12-15,GLD,False,,,
2021-12-15,GOOGL,True,5.5925168,-0.003311798302,-0.0005918334066
2021-12-15,JNJ,True,10.62378053,0.005523385307,0.0005201781453
2021-12-15,JPM,True,12.09224858,0.01876281636,0.001554051309
2021-12-15,MSFT,True,9.250182288,0.01002058304,0.001084459706
2021-12-15,PG,True,5.715356659,-0.004395905252,-0.0007685481501
2021-12-15,TSLA,True,1.715935462,-0.003952947218,-0.002298374242
2021-12-15,VNQ,False,,,
2021-12-15,WMT,True,1.922423709,-0.001513973093,-0.0007869137899
2021-12-16,AAPL,True,6.370579058,-0.1089322053,-0.0168117935
2021-12-16,AMZN,True,2.930149577,-0.0009622888051,-0.0003283016306
2021-12-16,BAC,True,3.002676734,0.04415765732,0.01492559493
2021-12-16,BND,False,,,
2021-12-16,GLD,False,,,
2021-12-16,GOOGL,True,5.750273822,0.1577570215,0.02820859144
2021-12-16,JNJ,True,10.30399521,-0.3197853192,-0.0301008966
2021-12-16,JPM,True,12.21030573,0.1180571522,0.009763043776
2021-12-16,MSFT,True,8.727131813,-0.5230504749,-0.05654488297
2021-12-16,PG,True,5.812190936,0.09683427681,0.0169428231
2021-12-16,TSLA,True,1.702937844,-0.01299761835,-0.007574654547
2021-12-16,VNQ,False,,,
2021-12-16,WMT,True,1.994050872,0.07162716305,0.03725878053
2021-12-17,AAPL,True,6.367151465,-0.003427592921,-0.0005380347516
2021-12-17,AMZN,True,2.937750497,0.007600919386,0.002594038013
2021-12-17,BAC,True,3.00380392,0.001127185917,0.0003753936959
2021-12-17,BND,False,,,
2021-12-17,GLD,False,,,
2021-12-17,GOOGL,True,5.768253754,0.01797993186,0.00312679577
2021-12-17,JNJ,True,10.32167521,0.01767999944,0.001715839253
2021-12-17,JPM,True,12.20554403,-0.004761702846,-0.0003899740884
2021-12-17,MSFT,True,8.692299323,-0.03483248918,-0.003991287164
2021-12-17,PG,True,5.81513676,0.002945824025,0.0005068353841
2021-12-17,TSLA,True,1.704754307,0.001816462984,0.001066664289
2021-12-17,VNQ,False,,,
2021-12-17,WMT,True,1.991440753,-0.002610118814,-0.001308952971
2021-12-20,AAPL,True,6.378283312,0.0111318469,0.001748324499
2021-12-20,AMZN,True,2.931204697,-0.006545799539,-0.002228167282
2021-12-20,BAC,True,2.998644814,-0.005159106668,-0.001717524447
2021-12-20,BND,False,,,
2021-12-20,GLD,False,,,
2021-12-20,GOOGL,True,5.752482931,-0.01577082238,-0.002734072226
2021-12-20,JNJ,True,10.32083999,-0.0008352209492,-8.091912721e-05
2021-12-20,JPM,True,12.21082697,0.005282939013,0.0004328310971
2021-12-20,MSFT,True,8.692111606,-0.0001877174389,-2.159583234e-05
2021-12-20,PG,True,5.810010624,-0.005126135764,-0.0008815159429
2021-12-20,TSLA,True,1.701416741,-0.003337565245,-0.001957798395
2021-12-20,VNQ,False,,,
2021-12-20,WMT,True,1.990241319,-0.001199434121,-0.000602294655
2021-12-21,AAPL,True,6.381100633,0.002817321612,0.0004417053107
2021-12-21,AMZN,True,2.9228062,-0.008398497393,-0.002865203307
2021-12-21,BAC,True,2.998399008,-0.0002458054509,-8.197217949e-05
2021-12-21,BND,False,,,
2021-12-21,GLD,False,,,
2021-12-21,GOOGL,True,5.747750247,-0.00473268385,-0.00082272019
2021-12-21,JNJ,True,10.31292672,-0.00791326653,-0.0007667269854
2021-12-21,JPM,True,12.20846934,-0.002357630722,-0.0001930770723
2021-12-21,MSFT,True,8.67828187,-0.01382973593,-0.001591067459
2021-12-21,PG,True,5.811496703,0.001486078892,0.0002557790317
2021-12-21,TSLA,True,1.702269671,0.0008529297211,0.0005013055887
2021-12-21,VNQ,False,,,
2021-12-21,WMT,True,1.986278729,-0.003962589506,-0.001991009567
2021-12-22,AAPL,True,6.383196085,0.002095451657,0.000328384048
2021-12-22,AMZN,True,2.923698169,0.000891968707,0.0003051754533
2021-12-22,BAC,True,3.003585193,0.005186184958,0.001729651372
2021-12-22,BND,False,,,
2021-12-22,GLD,False,,,
2021-12-22,GOOGL,True,5.76564158,0.01789133262,0.003112754009
2021-12-22,JNJ,True,10.29899206,-0.01393466309,-0.001351184146
2021-12-22,JPM,True,12.22403867,0.01556933659,0.001275289814
2021-12-22,MSFT,True,8.669860788,-0.008421081564,-0.0009703627619
2021-12-22,PG,True,5.809365957,-0.002130745783,-0.0003666432061
2021-12-22,TSLA,True,1.703310887,0.001041215844,0.0006116632762
2021-12-22,VNQ,False,,,
2021-12-22,WMT,True,1.987446966,0.001168236917,0.0005881535658
2021-12-23,AAPL,True,6.370046854,-0.01314923093,-0.00205997603
2021-12-23,AMZN,True,2.929568988,0.00587081969,0.002008011549
2021-12-23,BAC,True,3.013510063,0.009924869734,0.003304341011
2021-12-23,BND,False,,,
2021-12-23,GLD,False,,,
2021-12-23,GOOGL,True,5.759516933,-0.006124647069,-0.001062266356
2021-12-23,JNJ,True,10.30173273,0.002740672625,0.0002661107621
2021-12-23,JPM,True,12.24326809,0.01922941706,0.001573082152
2021-12-23,MSFT,True,8.662035918,-0.007824870638,-0.0009025370567
2021-12-23,PG,True,5.815993985,0.006628027912,0.001140921051
2021-12-23,TSLA,True,1.707865933,0.00455504583,0.002674230445
2021-12-23,VNQ,False,,,
2021-12-23,WMT,True,1.98355058,-0.003896386555,-0.001960498379
2021-12-27,AAPL,True,6.382593369,0.01254651529,0.001969611147
2021-12-27,AMZN,True,2.937830252,0.008261263865,0.002819958806
2021-12-27,BAC,True,3.019415276,0.005905213111,0.001959579689
2021-12-27,BND,False,,,
2021-12-27,GLD,False,,,
2021-12-27,GOOGL,True,5.747541958,-0.01197497519,-0.002079163118
2021-12-27,JNJ,True,10.29269221,-0.009040517797,-0.0008775725437
2021-12-27,JPM,True,12.23730258,-0.005965514331,-0.0004872485261
2021-12-27,MSFT,True,8.665221823,0.003185904881,0.0003678009317
2021-12-27,PG,True,5.815373361,-0.0006206236221,-0.0001067098115
2021-12-27,TSLA,True,1.709065733,0.001199799938,0.0007025141228
2021-12-27,VNQ,False,,,
2021-12-27,WMT,True,1.984671608,0.001121028379,0.0005651624874
2021-12-28,AAPL,True,6.369188684,-0.01340468487,-0.002100194089
2021-12-28,AMZN,True,2.944053347,0.006223094533,0.002118262118
2021-12-28,BAC,True,3.018702562,-0.000712713635,-0.0002360435945
2021-12-28,BND,False,,,
2021-12-28,GLD,False,,,
2021-12-28,GOOGL,True,5.749623886,0.002081928405,0.0003622293531
2021-12-28,JNJ,True,10.27294289,-0.01974932105,-0.001918771167
2021-12-28,JPM,True,12.2318849,-0.005417679523,-0.0004427184414
2021-12-28,MSFT,True,8.664559187,-0.0006626358527,-7.647073165e-05
2021-12-28,PG,True,5.795754435,-0.01961892622,-0.003373631408
2021-12-28,TSLA,True,1.707881193,-0.001184539854,-0.0006930920395
2021-12-28,VNQ,False,,,
2021-12-28,WMT,True,1.989340599,0.004668990842,0.002352525639
2021-12-29,AAPL,True,6.378349145,0.009160460105,0.001438245993
2021-12-29,AMZN,True,2.948700639,0.004647292143,0.001578535303
2021-12-29,BAC,True,3.028367344,0.009664781163,0.003201634133
2021-12-29,BND,False,,,
2021-12-29,GLD,False,,,
2021-12-29,GOOGL,True,5.749491644,-0.0001322420064,-2.300011427e-05
2021-12-29,JNJ,True,10.26023707,-0.01270582079,-0.001236823852
2021-12-29,JPM,True,12.25152627,0.01964137231,0.001605751891
2021-12-29,MSFT,True,8.675036054,0.01047686759,0.00120916337
2021-12-29,PG,True,5.795718496,-3.593956994e-05,-6.201016683e-06
2021-12-29,TSLA,True,1.709454714,0.001573521189,0.0009213294203
2021-12-29,VNQ,False,,,
2021-12-29,WMT,True,1.990291819,0.0009512204667,0.0004781586759
2021-12-30,AAPL,True,6.379352869,0.001003724405,0.0001573642931
2021-12-30,AMZN,True,2.960372129,0.01167149038,0.003958180843
2021-12-30,BAC,True,3.028222398,-0.000144945426,-4.786256407e-05
2021-12-30,BND,False,,,
2021-12-30,GLD,False,,,
2021-12-30,GOOGL,True,5.759701614,0.01020997009,0.00177580397
2021-12-30,JNJ,True,10.24782018,-0.01241689078,-0.001210195309
2021-12-30,JPM,True,12.27653094,0.02500466901,0.002040943182
2021-12-30,MSFT,True,8.682425929,0.007389874847,0.0008518552316
2021-12-30,PG,True,5.797279685,0.001561189432,0.0002693694377
2021-12-30,TSLA,True,1.713697525,0.0042428113,0.00248196765
2021-12-30,VNQ,False,,,
2021-12-30,WMT,True,1.9927052,0.002413380485,0.001212576197
2021-12-31,AAPL,True,6.368105135,-0.01124773409,-0.001763146564
2021-12-31,AMZN,True,2.964001779,0.003629649414,0.001226078768
2021-12-31,BAC,True,3.031791221,0.003568823031,0.001178520783
2021-12-31,BND,False,,,
2021-12-31,GLD,False,,,
2021-12-31,GOOGL,True,5.773037356,0.01333574133,0.002315352813
2021-12-31,JNJ,True,10.25969501,0.01187483252,0.001158766675
2021-12-31,JPM,True,12.29011814,0.01358720318,0.001106762427
2021-12-31,MSFT,True,8.683483996,0.001058066717,0.0001218630283
2021-12-31,PG,True,5.796999002,-0.0002806828087,-4.84162959e-05
2021-12-31,TSLA,True,1.706649732,-0.007047793463,-0.004112623937
2021-12-31,VNQ,False,,,
2021-12-31,WMT,True,1.99357893,0.0008737306184,0.0004384645649
2022-01-03,AAPL,True,6.372541577,0.004436442518,0.0006966660293
2022-01-03,AMZN,True,2.966010907,0.002009128864,0.0006778433396
2022-01-03,BAC,True,3.030789269,-0.001001952119,-0.0003304818986
2022-01-03,BND,False,,,
2022-01-03,GLD,False,,,
2022-01-03,GOOGL,True,5.770397251,-0.002640104713,-0.0004573164091
2022-01-03,JNJ,True,10.24808237,-0.01161264376,-0.001131870269
2022-01-03,JPM,True,12.29033608,0.0002179437213,1.773324868e-05
2022-01-03,MSFT,True,8.680614798,-0.002869197541,-0.0003304200874
2022-01-03,PG,True,5.80559319,0.008594187818,0.001482523598
2022-01-03,TSLA,True,1.704146615,-0.002503117253,-0.001466684819
2022-01-03,VNQ,False,,,
2022-01-03,WMT,True,1.998005662,0.004426732026,0.00222049499
2022-01-04,AAPL,True,6.398586038,0.02604446015,0.004086981596
2022-01-04,AMZN,True,2.965710383,-0.000300524507,-0.0001013227923
2022-01-04,BAC,True,3.037068346,0.006279076781,0.002071762905
2022-01-04,BND,False,,,
2022-01-04,GLD,False,,,
2022-01-04,GOOGL,True,5.778648045,0.008250793853,0.0014298485
2022-01-04,JNJ,True,10.24759229,-0.0004900746421,-4.782110686e-05
2022-01-04,JPM,True,12.30941322,0.01907713685,0.001552206279
2022-01-04,MSFT,True,8.68677205,0.006157251392,0.0007093105195
2022-01-04,PG,True,5.810069908,0.004476718056,0.0007711043315
2022-01-04,TSLA,True,1.700821814,-0.003324800127,-0.001951005916
2022-01-04,VNQ,False,,,
2022-01-04,WMT,True,2.006845085,0.008839422323,0.004424122759
2022-01-05,AAPL,True,6.413951211,0.01536517303,0.002401338818
2022-01-05,AMZN,True,2.971959248,0.006248864731,0.002107038087
2022-01-05,BAC,True,3.038509667,0.001441321022,0.0004745764199
2022-01-05,BND,False,,,
2022-01-05,GLD,False,,,
2022-01-05,GOOGL,True,5.784415027,0.00576698241,0.0009979812518
2022-01-05,JNJ,True,10.22154869,-0.02604360491,-0.002541436482
2022-01-05,JPM,True,12.30322108,-0.006192143754,-0.0005030413427
2022-01-05,MSFT,True,8.707916333,0.02114428357,0.002434078326
2022-01-05,PG,True,5.810275779,0.0002058714387,3.543355622e-05
2022-01-05,TSLA,True,1.698459964,-0.002361850488,-0.001388652514
2022-01-05,VNQ,False,,,
2022-01-05,WMT,True,2.011428941,0.004583856738,0.002284110903
2022-01-06,AAPL,True,6.43068579,0.01673457928,0.002609090517
2022-01-06,AMZN,True,2.960937168,-0.01102207979,-0.003708691428
2022-01-06,BAC,True,3.038539907,3.024006569e-05,9.952269043e-06
2022-01-06,BND,False,,,
2022-01-06,GLD,False,,,
2022-01-06,GOOGL,True,5.815159644,0.03074461702,0.005315077994
2022-01-06,JNJ,True,10.20954064,-0.01200804869,-0.00117477782
2022-01-06,JPM,True,12.31268185,0.009460769143,0.0007689668489
2022-01-06,MSFT,True,8.695908574,-0.01200775971,-0.001378947529
2022-01-06,PG,True,5.806611354,-0.003664425543,-0.0006306801402
2022-01-06,TSLA,True,1.701857465,0.003397500575,0.002000341867
2022-01-06,VNQ,False,,,
2022-01-06,WMT,True,2.014431084,0.00300214225,0.001492542037
2022-01-07,AAPL,True,6.428505943,-0.002179846743,-0.0003389757818
2022-01-07,AMZN,True,2.967003809,0.006066641502,0.002048892346
2022-01-07,BAC,True,3.042862509,0.004322602107,0.00142259185
2022-01-07,BND,False,,,
2022-01-07,GLD,False,,,
2022-01-07,GOOGL,True,5.817249852,0.002090207723,0.0003594411591
2022-01-07,JNJ,True,10.22365638,0.01411574034,0.001382602885
2022-01-07,JPM,True,12.29959188,-0.01308997153,-0.001063129194
2022-01-07,MSFT,True,8.732720802,0.0368122284,0.004233281444
2022-01-07,PG,True,5.809820623,0.003209268761,0.0005526921927
2022-01-07,TSLA,True,1.706479756,0.004622291095,0.002716027159
2022-01-07,VNQ,False,,,
2022-01-07,WMT,True,2.02139634,0.006965256594,0.003457679268
2022-01-10,AAPL,True,6.462170838,0.03366489444,0.005236814703
2022-01-10,AMZN,True,2.964734827,-0.002268982049,-0.0007647385021
2022-01-10,BAC,True,3.045714376,0.002851866672,0.0009372315256
2022-01-10,BND,False,,,
2022-01-10,GLD,False,,,
2022-01-10,GOOGL,True,5.81441399,-0.002835861487,-0.0004874917803
2022-01-10,JNJ,True,10.23953715,0.01588076667,0.001553335331
2022-01-10,JPM,True,12.29162126,-0.00797061732,-0.0006480391708
2022-01-10,MSFT,True,8.765624514,0.03290371194,0.003767864871
2022-01-10,PG,True,5.825873966,0.01605334305,0.00276313919
2022-01-10,TSLA,True,1.70575656,-0.0007231960804,-0.0004237941165
2022-01-10,VNQ,False,,,
2022-01-10,WMT,True,2.023723119,0.002326778806,0.001151075007
2022-01-11,AAPL,True,6.464778634,0.002607796675,0.0004035480863
2022-01-11,AMZN,True,2.972411576,0.007676748344,0.002589354121
2022-01-11,BAC,True,3.042409006,-0.00330536958,-0.001085252644
2022-01-11,BND,False,,,
2022-01-11,GLD,False,,,
2022-01-11,GOOGL,True,5.817705019,0.003291028726,0.0005660121091
2022-01-11,JNJ,True,10.23614523,-0.003391915466,-0.0003312567177
2022-01-11,JPM,True,12.28279853,-0.008822724733,-0.0007177836469
2022-01-11,MSFT,True,8.772597311,0.006972796647,0.0007954706063
2022-01-11,PG,True,5.827425711,0.001551745088,0.0002663540436
2022-01-11,TSLA,True,1.705568675,-0.0001878843986,-0.0001101472526
2022-01-11,VNQ,False,,,
2022-01-11,WMT,True,2.025126022,0.001402903261,0.000693228855
2022-01-12,AAPL,True,6.486960678,0.02218204353,0.003431214708
2022-01-12,AMZN,True,2.973529257,0.001117681804,0.0003760185209
2022-01-12,BAC,True,3.040029143,-0.002379862928,-0.0007822297802
2022-01-12,BND,False,,,
2022-01-12,GLD,False,,,
2022-01-12,GOOGL,True,5.818240818,0.000535798385,9.209789484e-05
2022-01-12,JNJ,True,10.22462877,-0.01151646518,-0.00112507833
2022-01-12,JPM,True,12.24530446,-0.03749407509,-0.003052567783
2022-01-12,MSFT,True,8.787008909,0.01441159811,0.001642797178
2022-01-12,PG,True,5.827783317,0.0003576059078,6.136601744e-05
2022-01-12,TSLA,True,1.700964344,-0.004604330715,-0.002699586819
2022-01-12,VNQ,False,,,
2022-01-12,WMT,True,2.024271356,-0.0008546667411,-0.0004220313855
2022-01-13,AAPL,True,6.506118015,0.0191573376,0.002953206988
2022-01-13,AMZN,True,2.976344827,0.002815569093,0.0009468778846
2022-01-13,BAC,True,3.039058115,-0.0009710278415,-0.000319413991
2022-01-13,BND,False,,,
2022-01-13,GLD,False,,,
2022-01-13,GOOGL,True,5.822530234,0.004289416645,0.0007372360098
2022-01-13,JNJ,True,10.22988187,0.00525309983,0.0005137692478
2022-01-13,JPM,True,12.22672174,-0.01858272016,-0.001517538435
2022-01-13,MSFT,True,8.800157714,0.01314880509,0.00149639146
2022-01-13,PG,True,5.831356837,0.003573520212,0.0006131868701
2022-01-13,TSLA,True,1.696238599,-0.004725745188,-0.002778274103
2022-01-13,VNQ,False,,,
2022-01-13,WMT,True,2.023275299,-0.0009960565678,-0.0004920568406
2022-01-14,AAPL,True,6.52166085,0.01554283488,0.0023889568
2022-01-14,AMZN,True,2.979031317,0.002686490374,0.0009026139545
2022-01-14,BAC,True,3.045154437,0.006096322072,0.00200599062
2022-01-14,BND,False,,,
2022-01-14,GLD,False,,,
2022-01-14,GOOGL,True,5.843901029,0.02137079508,0.003670362234
2022-01-14,JNJ,True,10.23689209,0.007010223977,0.0006852692991
2022-01-14,JPM,True,12.25412859,0.02740685258,0.002241553637
2022-01-14,MSFT,True,8.824431956,0.02427424164,0.002758387114
2022-01-14,PG,True,5.821250343,-0.01010649439,-0.001733129128
2022-01-14,TSLA,True,1.70037592,0.00413732093,0.002439114952
2022-01-14,VNQ,False,,,
2022-01-14,WMT,True,2.021904198,-0.001371101069,-0.0006776641172
2022-01-18,AAPL,True,6.537560126,0.01589927545,0.002437918164
2022-01-18,AMZN,True,2.990601586,0.01157026943,0.003883903256
2022-01-18,BAC,True,3.044562413,-0.0005920245578,-0.0001944152817
2022-01-18,BND,False,,,
2022-01-18,GLD,False,,,
2022-01-18,GOOGL,True,5.835214055,-0.008686974094,-0.001486502603
2022-01-18,JNJ,True,10.2269115,-0.009980591783,-0.0009749630742
2022-01-18,JPM,True,12.24635886,-0.007769732598,-0.000634050193
2022-01-18,MSFT,True,8.813585771,-0.0108461844,-0.001229108509
2022-01-18,PG,True,5.817492341,-0.00375800115,-0.0006455659744
2022-01-18,TSLA,True,1.69865176,-0.001724159868,-0.001013987464
2022-01-18,VNQ,False,,,
2022-01-18,WMT,True,2.024083944,0.002179746439,0.001078066133
2022-01-19,AAPL,True,6.540849347,0.003289221665,0.0005031267938
2022-01-19,AMZN,True,2.998846145,0.00824455885,0.00275682287
2022-01-19,BAC,True,3.048137215,0.003574802367,0.00117415966
2022-01-19,BND,False,,,
2022-01-19,GLD,False,,,
2022-01-19,GOOGL,True,5.848846907,0.01363285204,0.002336307102
2022-01-19,JNJ,True,10.22865623,0.00174472845,0.0001706016964
2022-01-19,JPM,True,12.24199078,-0.004368074998,-0.00035668357
2022-01-19,MSFT,True,8.83707765,0.02349187909,0.002665416744
2022-01-19,PG,True,5.816309986,-0.001182355783,-0.000203241485
2022-01-19,TSLA,True,1.703083338,0.004431577679,0.002608879455
2022-01-19,VNQ,False,,,
2022-01-19,WMT,True,2.025269908,0.001185963581,0.000585926085
2022-01-20,AAPL,True,6.568097446,0.02724809821,0.004165834858
2022-01-20,AMZN,True,3.000184976,0.001338831182,0.000446448773
2022-01-20,BAC,True,3.046016248,-0.002120967501,-0.0006958241546
2022-01-20,BND,False,,,
2022-01-20,GLD,False,,,
2022-01-20,GOOGL,True,5.858332105,0.009485197769,0.001621720985
2022-01-20,JNJ,True,10.2292622,0.0006059679277,5.924218336e-05
2022-01-20,JPM,True,12.25298277,0.01099198334,0.0008978918167
2022-01-20,MSFT,True,8.819629623,-0.01744802688,-0.001974411403
2022-01-20,PG,True,5.821976028,0.005666042335,0.0009741644356
2022-01-20,TSLA,True,1.709711981,0.006628642555,0.003892142215
2022-01-20,VNQ,False,,,
2022-01-20,WMT,True,2.028651094,0.003381185995,0.001669498955
2022-01-21,AAPL,True,6.591456538,0.0233590923,0.00355644728
2022-01-21,AMZN,True,3.007741341,0.007556364611,0.002518632908
2022-01-21,BAC,True,3.050446005,0.004429757353,0.001454278964
2022-01-21,BND,False,,,
2022-01-21,GLD,False,,,
2022-01-21,GOOGL,True,5.859787819,0.00145571391,0.0002484860681
2022-01-21,JNJ,True,10.24821396,0.01895176597,0.001852701163
2022-01-21,JPM,True,12.25282906,-0.0001537034052,-1.254416236e-05
2022-01-21,MSFT,True,8.851137831,0.03150820793,0.003572509196
2022-01-21,PG,True,5.821863482,-0.0001125460252,-1.93312416e-05
2022-01-21,TSLA,True,1.710268684,0.0005567039196,0.0003256126914
2022-01-21,VNQ,False,,,
2022-01-21,WMT,True,2.030254688,0.001603594022,0.0007904730521
2022-01-24,AAPL,True,6.612256267,0.02079972876,0.003155558812
2022-01-24,AMZN,True,3.006663494,-0.001077847149,-0.00035835766
2022-01-24,BAC,True,3.056402298,0.005956292534,0.001952597267
2022-01-24,BND,False,,,
2022-01-24,GLD,False,,,
2022-01-24,GOOGL,True,5.859923871,0.0001360522761,2.321795265e-05
2022-01-24,JNJ,True,10.26668506,0.01847110033,0.001802372628
2022-01-24,JPM,True,12.24789698,-0.004932086516,-0.0004025263464
2022-01-24,MSFT,True,8.87029434,0.01915650833,0.002164298951
2022-01-24,PG,True,5.829773399,0.007909917057,0.001358657255
2022-01-24,TSLA,True,1.706244537,-0.004024147023,-0.002352932647
2022-01-24,VNQ,False,,,
2022-01-24,WMT,True,2.03433248,0.004077791497,0.002008512292
2022-01-25,AAPL,True,6.58637533,-0.02588093647,-0.003914085514
2022-01-25,AMZN,True,3.006863539,0.0002000451719,6.653394112e-05
2022-01-25,BAC,True,3.056150053,-0.0002522450462,-8.253005383e-05
2022-01-25,BND,False,,,
2022-01-25,GLD,False,,,
2022-01-25,GOOGL,True,5.85644962,-0.003474251293,-0.0005928833495
2022-01-25,JNJ,True,10.26386664,-0.002818418035,-0.0002745207453
2022-01-25,JPM,True,12.2406041,-0.007292880923,-0.0005954394404
2022-01-25,MSFT,True,8.870369404,7.50646649e-05,8.462477346e-06
2022-01-25,PG,True,5.830883899,0.00111050034,0.0001904877367
2022-01-25,TSLA,True,1.701192445,-0.005052092589,-0.002960942865
2022-01-25,VNQ,False,,,
2022-01-25,WMT,True,2.035158849,0.0008263695893,0.0004062116678
2022-01-26,AAPL,True,6.593427069,0.007051738872,0.001070655485
2022-01-26,AMZN,True,3.002016828,-0.004846711295,-0.001611882692
2022-01-26,BAC,True,3.055894584,-0.0002554686423,-8.359165548e-05
2022-01-26,BND,False,,,
2022-01-26,GLD,False,,,
2022-01-26,GOOGL,True,5.859663879,0.003214258882,0.0005488408661
2022-01-26,JNJ,True,10.2778826,0.01401595748,0.001365563093
2022-01-26,JPM,True,12.22687055,-0.01373354772,-0.001121966499
2022-01-26,MSFT,True,8.87680981,0.006440405384,0.000726058306
2022-01-26,PG,True,5.83237552,0.001491620489,0.0002558137866
2022-01-26,TSLA,True,1.693337363,-0.007855082269,-0.00461739781
2022-01-26,VNQ,False,,,
2022-01-26,WMT,True,2.034998955,-0.0001598937832,-7.85657509e-05
2022-01-27,AAPL,True,6.611890725,0.01846365549,0.002800312386
2022-01-27,AMZN,True,2.997808501,-0.004208326438,-0.001401833061
2022-01-27,BAC,True,3.059607758,0.003713174181,0.001215085822
2022-01-27,BND,False,,,
2022-01-27,GLD,False,,,
2022-01-27,GOOGL,True,5.851246855,-0.008417023946,-0.001436434601
2022-01-27,JNJ,True,10.25645445,-0.021428152,-0.002084880012
2022-01-27,JPM,True,12.22464611,-0.002224440648,-0.000181930498
2022-01-27,MSFT,True,8.861038652,-0.01577115742,-0.00177666952
2022-01-27,PG,True,5.833377188,0.001001668096,0.0001717427303
2022-01-27,TSLA,True,1.693188441,-0.0001489220908,-8.794590734e-05
2022-01-27,VNQ,False,,,
2022-01-27,WMT,True,2.033216526,-0.00178242948,-0.000875887172
2022-01-28,AAPL,True,6.622307596,0.01041687186,0.001575475503
2022-01-28,AMZN,True,3.000954491,0.00314598989,0.001049429905
2022-01-28,BAC,True,3.056637419,-0.002970339373,-0.0009708235852
2022-01-28,BND,False,,,
2022-01-28,GLD,False,,,
2022-01-28,GOOGL,True,5.831903586,-0.01934326909,-0.003305837126
2022-01-28,JNJ,True,10.28596261,0.02950815711,0.002877032922
2022-01-28,JPM,True,12.24672418,0.02207807345,0.00180602966
2022-01-28,MSFT,True,8.850672418,-0.01036623378,-0.00116986667
2022-01-28,PG,True,5.844813999,0.01143681086,0.001960581407
2022-01-28,TSLA,True,1.697443967,0.004255526565,0.002513321295
2022-01-28,VNQ,False,,,
2022-01-28,WMT,True,2.036324308,0.003107782208,0.001528505286
2022-01-31,AAPL,True,6.630268434,0.007960837796,0.001202124438
2022-01-31,AMZN,True,2.989842426,-0.01111206558,-0.003702843748
2022-01-31,BAC,True,3.058009236,0.001371816879,0.0004487993474
2022-01-31,BND,False,,,
2022-01-31,GLD,False,,,
2022-01-31,GOOGL,True,5.82776608,-0.004137505421,-0.0007094605321
2022-01-31,JNJ,True,10.29736001,0.01139740698,0.001108054483
2022-01-31,JPM,True,12.23900915,-0.007715028002,-0.000629966666
2022-01-31,MSFT,True,8.856118549,0.005446131008,0.0006153352819
2022-01-31,PG,True,5.848923169,0.0041091705,0.0007030455548
2022-01-31,TSLA,True,1.699721343,0.002277375736,0.001341650022
2022-01-31,VNQ,False,,,
2022-01-31,WMT,True,2.036124289,-0.0002000188859,-9.822545705e-05
2022-02-01,AAPL,True,6.628724704,-0.001543729812,-0.0002328306654
2022-02-01,AMZN,True,2.984120731,-0.005721694646,-0.001913711103
2022-02-01,BAC,True,3.050808614,-0.007200621615,-0.002354676216
2022-02-01,BND,False,,,
2022-02-01,GLD,False,,,
2022-02-01,GOOGL,True,5.830909855,0.003143775062,0.0005394477092
2022-02-01,JNJ,True,10.3010115,0.003651487008,0.0003546041901
2022-02-01,JPM,True,12.22731266,-0.01169649596,-0.0009556734388
2022-02-01,MSFT,True,8.851791393,-0.00432715668,-0.0004886064539
2022-02-01,PG,True,5.856983593,0.008060423577,0.001378103857
2022-02-01,TSLA,True,1.700230617,0.0005092744526,0.0002996223203
2022-02-01,VNQ,False,,,
2022-02-01,WMT,True,2.038685705,0.002561415767,0.001257985959
2022-02-02,AAPL,True,6.647745781,0.01902107618,0.002869492554
2022-02-02,AMZN,True,2.979960801,-0.004159930409,-0.001394022154
2022-02-02,BAC,True,3.046980085,-0.003828528956,-0.001254922691
2022-02-02,BND,False,,,
2022-02-02,GLD,False,,,
2022-02-02,GOOGL,True,5.83950149,0.008591634881,0.001473463849
2022-02-02,JNJ,True,10.30279554,0.001784034791,0.0001731902533
2022-02-02,JPM,True,12.21083413,-0.01647852618,-0.001347681755
2022-02-02,MSFT,True,8.860644796,0.008853403194,0.001000182088
2022-02-02,PG,True,5.848191932,-0.008791661279,-0.001501056156
2022-02-02,TSLA,True,1.701192048,0.0009614303338,0.000565470545
2022-02-02,VNQ,False,,,
2022-02-02,WMT,True,2.037513587,-0.001172118156,-0.0005749381347
2022-02-03,AAPL,True,6.644611249,-0.003134531682,-0.000471517983
2022-02-03,AMZN,True,2.974774955,-0.005185845243,-0.001740239416
2022-02-03,BAC,True,3.049892796,0.002912710865,0.0009559336732
2022-02-03,BND,False,,,
2022-02-03,GLD,False,,,
2022-02-03,GOOGL,True,5.826364681,-0.01313680907,-0.002249645641
2022-02-03,JNJ,True,10.30603025,0.003234710596,0.000313964359
2022-02-03,JPM,True,12.19557547,-0.01525866321,-0.001249600399
2022-02-03,MSFT,True,8.881619004,0.02097420757,0.002367119781
2022-02-03,PG,True,5.835012909,-0.01317902277,-0.002253520905
2022-02-03,TSLA,True,1.701845428,0.0006533808455,0.0003840723606
2022-02-03,VNQ,False,,,
2022-02-03,WMT,True,2.036866182,-0.0006474047638,-0.0003177425506
2022-02-04,AAPL,True,6.657190896,0.01257964716,0.001893210407
2022-02-04,AMZN,True,2.98011968,0.005344724979,0.001796682122
2022-02-04,BAC,True,3.055064557,0.005171761036,0.001695718959
2022-02-04,BND,False,,,
2022-02-04,GLD,False,,,
2022-02-04,GOOGL,True,5.816157846,-0.01020683558,-0.001751836031
2022-02-04,JNJ,True,10.32649403,0.02046378606,0.001985612847
2022-02-04,JPM,True,12.17892523,-0.0166502401,-0.001365268916
2022-02-04,MSFT,True,8.90173719,0.02011818678,0.002265148592
2022-02-04,PG,True,5.834277073,-0.0007358353806,-0.0001261068985
2022-02-04,TSLA,True,1.705275497,0.003430068455,0.002015499409
2022-02-04,VNQ,False,,,
2022-02-04,WMT,True,2.036884681,1.849914158e-05,9.082158536e-06
2022-02-07,AAPL,True,6.644448592,-0.01274230443,-0.001914066252
2022-02-07,AMZN,True,2.982325626,0.002205945826,0.0007402205492
2022-02-07,BAC,True,3.057399503,0.002334946388,0.0007642870861
2022-02-07,BND,False,,,
2022-02-07,GLD,False,,,
2022-02-07,GOOGL,True,5.831594008,0.01543616283,0.00265401374
2022-02-07,JNJ,True,10.33730181,0.01080778228,0.00104660713
2022-02-07,JPM,True,12.20495314,0.02602791651,0.00213712754
2022-02-07,MSFT,True,8.904650288,0.002913098079,0.0003272505149
2022-02-07,PG,True,5.842722083,0.008445009434,0.001447481724
2022-02-07,TSLA,True,1.713966078,0.008690581085,0.005096291538
2022-02-07,VNQ,False,,,
2022-02-07,WMT,True,2.036325486,-0.0005591953352,-0.0002745346069
2022-02-08,AAPL,True,6.646488538,0.002039946089,0.000307015106
2022-02-08,AMZN,True,2.997807769,0.0154821432,0.005191298717
2022-02-08,BAC,True,3.054547478,-0.002852025775,-0.0009328273167
2022-02-08,BND,False,,,
2022-02-08,GLD,False,,,
2022-02-08,GOOGL,True,5.846850015,0.01525600617,0.002616095385
2022-02-08,JNJ,True,10.36195773,0.02465591867,0.00238514064
2022-02-08,JPM,True,12.21347344,0.008520293187,0.0006981012616
2022-02-08,MSFT,True,8.890363333,-0.01428695536,-0.001604437558
2022-02-08,PG,True,5.865791893,0.02306980979,0.003948469473
2022-02-08,TSLA,True,1.721408272,0.007442194113,0.004342089501
2022-02-08,VNQ,False,,,
2022-02-08,WMT,True,2.038881049,0.002555563519,0.00125498774
2022-02-09,AAPL,True,6.653326981,0.006838443693,0.001028880687
2022-02-09,AMZN,True,3.004895869,0.007088099245,0.002364427539
2022-02-09,BAC,True,3.057565225,0.003017747474,0.0009879523877
2022-02-09,BND,False,,,
2022-02-09,GLD,False,,,
2022-02-09,GOOGL,True,5.853937436,0.007087421717,0.001212177788
2022-02-09,JNJ,True,10.37263789,0.01068015392,0.001030708114
2022-02-09,JPM,True,12.22272394,0.009250506392,0.0007574017694
2022-02-09,MSFT,True,8.884455323,-0.005908010393,-0.0006645409385
2022-02-09,PG,True,5.867448382,0.001656489228,0.0002823982267
2022-02-09,TSLA,True,1.721067943,-0.0003403286267,-0.0001977036083
2022-02-09,VNQ,False,,,
2022-02-09,WMT,True,2.043752395,0.004871345366,0.002389224897
2022-02-10,AAPL,True,6.65918351,0.005856528176,0.0008802405462
2022-02-10,AMZN,True,3.002215381,-0.002680487872,-0.0008920401867
2022-02-10,BAC,True,3.061147448,0.003582222687,0.00117159322
2022-02-10,BND,False,,,
2022-02-10,GLD,False,,,
2022-02-10,GOOGL,True,5.845577937,-0.008359498984,-0.001428013038
2022-02-10,JNJ,True,10.40055024,0.02791235588,0.002690960215
2022-02-10,JPM,True,12.23939964,0.01667569532,0.001364319067
2022-02-10,MSFT,True,8.906693513,0.02223819035,0.002503044874
2022-02-10,PG,True,5.868221698,0.0007733162589,0.0001317977098
2022-02-10,TSLA,True,1.71858689,-0.002481053217,-0.001441577729
2022-02-10,VNQ,False,,,
2022-02-10,WMT,True,2.046705928,0.002953533239,0.001445152185
2022-02-11,AAPL,True,6.659626934,0.0004434248855,6.658847663e-05
2022-02-11,AMZN,True,3.001369893,-0.0008454872064,-0.0002816211028
2022-02-11,BAC,True,3.059181316,-0.001966131578,-0.0006422858133
2022-02-11,BND,False,,,
2022-02-11,GLD,False,,,
2022-02-11,GOOGL,True,5.838455285,-0.007122651892,-0.001218468382
2022-02-11,JNJ,True,10.41596834,0.01541809427,0.001482430632
2022-02-11,JPM,True,12.23372349,-0.005676145028,-0.0004637600859
2022-02-11,MSFT,True,8.91184936,0.005155847481,0.0005788733465
2022-02-11,PG,True,5.868870172,0.0006484737462,0.0001105060067
2022-02-11,TSLA,True,1.714092604,-0.004494286426,-0.002615105731
2022-02-11,VNQ,False,,,
2022-02-11,WMT,True,2.048594132,0.001888203718,0.0009225574091
2022-02-14,AAPL,True,6.656394067,-0.003232867446,-0.0004854427249
2022-02-14,AMZN,True,2.993701383,-0.007668510703,-0.00255500354
2022-02-14,BAC,True,3.062867805,0.003686488636,0.001205057254
2022-02-14,BND,False,,,
2022-02-14,GLD,False,,,
2022-02-14,GOOGL,True,5.854793054,0.01633776857,0.002798303279
2022-02-14,JNJ,True,10.42171041,0.00574207596,0.0005512762495
2022-02-14,JPM,True,12.2312483,-0.002475189036,-0.000202325076
2022-02-14,MSFT,True,8.891158001,-0.02069135993,-0.002321780709
2022-02-14,PG,True,5.87286195,0.003991777874,0.0006801612162
2022-02-14,TSLA,True,1.712514299,-0.001578305206,-0.0009207817609
2022-02-14,VNQ,False,,,
2022-02-14,WMT,True,2.048714787,0.0001206557773,5.889686757e-05
2022-02-15,AAPL,True,6.677093691,0.02069962437,0.003109735416
2022-02-15,AMZN,True,2.993095986,-0.0006053967991,-0.0002022235092
2022-02-15,BAC,True,3.067810844,0.004943038894,0.001613859693
2022-02-15,BND,False,,,
2022-02-15,GLD,False,,,
2022-02-15,GOOGL,True,5.876420265,0.0216272114,0.003693932681
2022-02-15,JNJ,True,10.41801604,-0.003694373296,-0.0003544881934
2022-02-15,JPM,True,12.20423122,-0.02701708089,-0.002208857201
2022-02-15,MSFT,True,8.88990851,-0.001249490418,-0.0001405317977
2022-02-15,PG,True,5.889829063,0.01696711323,0.002889070673
2022-02-15,TSLA,True,1.71541442,0.002900121739,0.001693487606
2022-02-15,VNQ,False,,,
2022-02-15,WMT,True,2.049038447,0.0003236599667,0.0001579819547
2022-02-16,AAPL,True,6.694098385,0.0170046935,0.002546720817
2022-02-16,AMZN,True,2.988164831,-0.004931155,-0.00164750981
2022-02-16,BAC,True,3.067692242,-0.0001186014549,-3.86599634e-05
2022-02-16,BND,False,,,
2022-02-16,GLD,False,,,
2022-02-16,GOOGL,True,5.888447119,0.01202685336,0.002046629209
2022-02-16,JNJ,True,10.40744436,-0.01057168433,-0.001014750245
2022-02-16,JPM,True,12.18276737,-0.02146385587,-0.001758722485
2022-02-16,MSFT,True,8.877148949,-0.01275956155,-0.001435286036
2022-02-16,PG,True,5.888431332,-0.001397731295,-0.0002373127098
2022-02-16,TSLA,True,1.715775107,0.0003606864385,0.0002102619835
2022-02-16,VNQ,False,,,
2022-02-16,WMT,True,2.051106849,0.00206840142,0.001009449785
2022-02-17,AAPL,True,6.704034686,0.009936300923,0.001484337449
2022-02-17,AMZN,True,2.986247453,-0.001917378062,-0.0006416573953
2022-02-17,BAC,True,3.071440148,0.003747905628,0.001221734559
2022-02-17,BND,False,,,
2022-02-17,GLD,False,,,
2022-02-17,GOOGL,True,5.903811345,0.01536422651,0.002609215333
2022-02-17,JNJ,True,10.41469027,0.007245918548,0.0006962245774
2022-02-17,JPM,True,12.20449434,0.02172696871,0.001783418172
2022-02-17,MSFT,True,8.873375418,-0.003773531077,-0.0004250836725
2022-02-17,PG,True,5.901330728,0.01289939604,0.002190633687
2022-02-17,TSLA,True,1.715001169,-0.0007739380525,-0.0004510719671
2022-02-17,VNQ,False,,,
2022-02-17,WMT,True,2.05188156,0.000774711309,0.0003777040233
2022-02-18,AAPL,True,6.706299989,0.002265303026,0.0003379014477
2022-02-18,AMZN,True,2.990676537,0.004429083701,0.001483160311
2022-02-18,BAC,True,3.064662561,-0.006777586784,-0.002206647845
2022-02-18,BND,False,,,
2022-02-18,GLD,False,,,
2022-02-18,GOOGL,True,5.923077856,0.01926651051,0.003263402129
2022-02-18,JNJ,True,10.42400573,0.009315455664,0.0008944534517
2022-02-18,JPM,True,12.21524088,0.01074654366,0.0008805398542
2022-02-18,MSFT,True,8.895175359,0.02179994101,0.002456781099
2022-02-18,PG,True,5.914908733,0.01357800488,0.002300837812
2022-02-18,TSLA,True,1.714568366,-0.0004328032298,-0.0002523632273
2022-02-18,VNQ,False,,,
2022-02-18,WMT,True,2.049724101,-0.002157459188,-0.001051454056
2022-02-22,AAPL,True,6.698730189,-0.007569799641,-0.001128759473
2022-02-22,AMZN,True,2.987847134,-0.002829402565,-0.0009460744183
2022-02-22,BAC,True,3.060764492,-0.003898069546,-0.001271940864
2022-02-22,BND,False,,,
2022-02-22,GLD,False,,,
2022-02-22,GOOGL,True,5.924495996,0.001418139907,0.0002394261804
2022-02-22,JNJ,True,10.42925089,0.005245164641,0.0005031812891
2022-02-22,JPM,True,12.228113,0.01287212437,0.00105377573
2022-02-22,MSFT,True,8.902898969,0.007723610072,0.0008682920528
2022-02-22,PG,True,5.91714748,0.002238747699,0.0003784923487
2022-02-22,TSLA,True,1.717507049,0.002938683729,0.001713949579
2022-02-22,VNQ,False,,,
2022-02-22,WMT,True,2.049109857,-0.0006142438001,-0.0002996714533
2022-02-23,AAPL,True,6.702496578,0.003766389002,0.0005622541729
2022-02-23,AMZN,True,2.988075728,0.0002285941318,7.650797432e-05
2022-02-23,BAC,True,3.065165741,0.004401249555,0.001437957598
2022-02-23,BND,False,,,
2022-02-23,GLD,False,,,
2022-02-23,GOOGL,True,5.947964908,0.02346891249,0.003961334855
2022-02-23,JNJ,True,10.46224621,0.03299531868,0.003163728538
2022-02-23,JPM,True,12.22725695,-0.0008560534738,-7.000699727e-05
2022-02-23,MSFT,True,8.919335113,0.01643614483,0.001846156503
2022-02-23,PG,True,5.916347695,-0.0007997849171,-0.0001351639316
2022-02-23,TSLA,True,1.715929676,-0.001577372766,-0.0009184083212
2022-02-23,VNQ,False,,,
2022-02-23,WMT,True,2.051714451,0.002604594276,0.001271085719
2022-02-24,AAPL,True,6.694850439,-0.007646138845,-0.001140789668
2022-02-24,AMZN,True,2.984980741,-0.003094987392,-0.001035779436
2022-02-24,BAC,True,3.067781854,0.002616113369,0.000853498176
2022-02-24,BND,False,,,
2022-02-24,GLD,False,,,
2022-02-24,GOOGL,True,5.961406197,0.01344128932,0.00225981315
2022-02-24,JNJ,True,10.47062476,0.008378550606,0.000800836688
2022-02-24,JPM,True,12.23492109,0.007664141614,0.0006268079296
2022-02-24,MSFT,True,8.931050073,0.01171495927,0.001313434143
2022-02-24,PG,True,5.916973784,0.0006260889627,0.0001058235579
2022-02-24,TSLA,True,1.719109661,0.003179984969,0.001853214041
2022-02-24,VNQ,False,,,
2022-02-24,WMT,True,2.059313371,0.007598919188,0.003703692384
2022-02-25,AAPL,True,6.672397841,-0.02245259786,-0.003353711642
2022-02-25,AMZN,True,2.987507166,0.002526424815,0.0008463789331
2022-02-25,BAC,True,3.078090839,0.01030898463,0.00336040342
2022-02-25,BND,False,,,
2022-02-25,GLD,False,,,
2022-02-25,GOOGL,True,5.967915933,0.00650973527,0.001091979821
2022-02-25,JNJ,True,10.49750749,0.02688272933,0.002567442721
2022-02-25,JPM,True,12.2396499,0.004728804584,0.0003865006196
2022-02-25,MSFT,True,8.951724944,0.02067487159,0.002314942971
2022-02-25,PG,True,5.917108098,0.0001343140888,2.269979448e-05
2022-02-25,TSLA,True,1.723395337,0.004285676002,0.002492962548
2022-02-25,VNQ,False,,,
2022-02-25,WMT,True,2.059602876,0.0002895052295,0.0001405833777
2022-02-28,AAPL,True,6.686475392,0.01407755058,0.002109818826
2022-02-28,AMZN,True,2.982469977,-0.005037188693,-0.001686084221
2022-02-28,BAC,True,3.081980741,0.003889902393,0.00126373866
2022-02-28,BND,False,,,
2022-02-28,GLD,False,,,
2022-02-28,GOOGL,True,5.985654496,0.01773856369,0.002972321308
2022-02-28,JNJ,True,10.50169491,0.004187419218,0.000398896521
2022-02-28,JPM,True,12.23529459,-0.004355307481,-0.0003558359526
2022-02-28,MSFT,True,8.985144636,0.03341969128,0.00373332419
2022-02-28,PG,True,5.917356438,0.0002483391731,4.19696867e-05
2022-02-28,TSLA,True,1.723848998,0.0004536610007,0.0002632367576
2022-02-28,VNQ,False,,,
2022-02-28,WMT,True,2.062630652,0.003027776554,0.001470077844
2022-03-01,AAPL,True,6.699422615,0.01294722333,0.001936330064
2022-03-01,AMZN,True,2.975634047,-0.00683592964,-0.002292036363
2022-03-01,BAC,True,3.080371687,-0.001609054847,-0.0005220846535
2022-03-01,BND,False,,,
2022-03-01,GLD,False,,,
2022-03-01,GOOGL,True,5.987124321,0.001469824573,0.0002455578706
2022-03-01,JNJ,True,10.50170407,9.156405858e-06,8.718979112e-07
2022-03-01,JPM,True,12.23133018,-0.003964415067,-0.0003240146804
2022-03-01,MSFT,True,8.989918915,0.004774279418,0.0005313525393
2022-03-01,PG,True,5.918002454,0.0006460165413,0.0001091731668
2022-03-01,TSLA,True,1.726710169,0.002861170383,0.001659756966
2022-03-01,VNQ,False,,,
2022-03-01,WMT,True,2.061390784,-0.001239868692,-0.0006011103783
2022-03-02,AAPL,True,6.715031469,0.01560885369,0.002329880437
2022-03-02,AMZN,True,2.99167423,0.01604018229,0.00539050906
2022-03-02,BAC,True,3.080042114,-0.00032957292,-0.0001069912834
2022-03-02,BND,False,,,
2022-03-02,GLD,False,,,
2022-03-02,GOOGL,True,5.998845519,0.01172119793,0.001957734182
2022-03-02,JNJ,True,10.5167789,0.01507483488,0.001435465595
2022-03-02,JPM,True,12.23725628,0.005926100979,0.0004845017585
2022-03-02,MSFT,True,8.977729209,-0.01218970557,-0.001355930536
2022-03-02,PG,True,5.925571273,0.007568818393,0.001278948167
2022-03-02,TSLA,True,1.729090632,0.002380463047,0.001378611819
2022-03-02,VNQ,False,,,
2022-03-02,WMT,True,2.061866491,0.0004757070251,0.0002307699389
2022-03-03,AAPL,True,6.722638341,0.007606871513,0.001132812489
2022-03-03,AMZN,True,2.994459616,0.002785386861,0.0009310461793
2022-03-03,BAC,True,3.085245669,0.005203555286,0.001689442902
2022-03-03,BND,False,,,
2022-03-03,GLD,False,,,
2022-03-03,GOOGL,True,6.017722272,0.01887675274,0.00314673093
2022-03-03,JNJ,True,10.51330709,-0.003471810857,-0.0003301211225
2022-03-03,JPM,True,12.27414824,0.03689195911,0.003014724729
2022-03-03,MSFT,True,8.990253547,0.01252433749,0.001395045139
2022-03-03,PG,True,5.925341361,-0.0002299116457,-3.87999123e-05
2022-03-03,TSLA,True,1.732031436,0.002940803773,0.001700780583
2022-03-03,VNQ,False,,,
2022-03-03,WMT,True,2.063748258,0.00188176728,0.000912652341
2022-03-04,AAPL,True,6.722376842,-0.0002614989518,-3.889826265e-05
2022-03-04,AMZN,True,3.005999526,0.01153991007,0.003853753783
2022-03-04,BAC,True,3.087765907,0.002520237654,0.0008168677389
2022-03-04,BND,False,,,
2022-03-04,GLD,False,,,
2022-03-04,GOOGL,True,6.011102239,-0.006620032876,-0.001100089465
2022-03-04,JNJ,True,10.52566263,0.01235553711,0.001175228403
2022-03-04,JPM,True,12.28263654,0.008488301139,0.0006915592819
2022-03-04,MSFT,True,8.991203978,0.0009504308993,0.0001057179193
2022-03-04,PG,True,5.936205687,0.01086432605,0.001833535891
2022-03-04,TSLA,True,1.731718066,-0.0003133698632,-0.0001809261984
2022-03-04,VNQ,False,,,
2022-03-04,WMT,True,2.064521368,0.0007731096074,0.0003746142992
2022-03-07,AAPL,True,6.721189257,-0.001187584699,-0.000176661429
2022-03-07,AMZN,True,3.006600587,0.0006010608681,0.0001999537468
2022-03-07,BAC,True,3.086767061,-0.0009988452029,-0.0003234847567
2022-03-07,BND,False,,,
2022-03-07,GLD,False,,,
2022-03-07,GOOGL,True,6.020257205,0.009154966119,0.001523009551
2022-03-07,JNJ,True,10.5416464,0.0159837687,0.001518552253
2022-03-07,JPM,True,12.31140852,0.02877198122,0.002342492276
2022-03-07,MSFT,True,8.982299553,-0.008904424329,-0.0009903483839
2022-03-07,PG,True,5.944734503,0.008528816194,0.001436745397
2022-03-07,TSLA,True,1.733404011,0.001685945714,0.0009735682426
2022-03-07,VNQ,False,,,
2022-03-07,WMT,True,2.06454072,1.935212728e-05,9.373662864e-06
2022-03-08,AAPL,True,6.718734388,-0.002454869331,-0.000365243298
2022-03-08,AMZN,True,3.00474474,-0.001855847693,-0.0006172578098
2022-03-08,BAC,True,3.084513464,-0.002253597741,-0.0007300835134
2022-03-08,BND,False,,,
2022-03-08,GLD,False,,,
2022-03-08,GOOGL,True,6.035202366,0.01494516064,0.002482478759
2022-03-08,JNJ,True,10.57285831,0.03121190718,0.002960819022
2022-03-08,JPM,True,12.33163037,0.02022184969,0.001642529338
2022-03-08,MSFT,True,9.002676972,0.02037741879,0.002268619374
2022-03-08,PG,True,5.967902847,0.02316834395,0.003897288254
2022-03-08,TSLA,True,1.737128734,0.003724722099,0.002148790515
2022-03-08,VNQ,False,,,
2022-03-08,WMT,True,2.069301109,0.004760389573,0.002305786235
2022-03-09,AAPL,True,6.728903826,0.01016943877,0.001513594403
2022-03-09,AMZN,True,3.007005461,0.002260721211,0.0007523837821
2022-03-09,BAC,True,3.094100658,0.009587193964,0.003108170568
2022-03-09,BND,False,,,
2022-03-09,GLD,False,,,
2022-03-09,GOOGL,True,6.075708816,0.04050645075,0.006711697189
2022-03-09,JNJ,True,10.58037549,0.007517183936,0.0007109888092
2022-03-09,JPM,True,12.31896448,-0.01266588456,-0.001027105434
2022-03-09,MSFT,True,9.007196621,0.004519648849,0.0005020338798
2022-03-09,PG,True,5.971505069,0.003602221624,0.0006035992402
2022-03-09,TSLA,True,1.747069293,0.009940559768,0.005722408233
2022-03-09,VNQ,False,,,
2022-03-09,WMT,True,2.068195572,-0.001105537555,-0.0005342564935
2022-03-10,AAPL,True,6.7185002,-0.01040362611,-0.001546110092
2022-03-10,AMZN,True,3.006696501,-0.000308960112,-0.0001027467745
2022-03-10,BAC,True,3.099287806,0.005187148686,0.001676464104
2022-03-10,BND,False,,,
2022-03-10,GLD,False,,,
2022-03-10,GOOGL,True,6.101729368,0.0260205512,0.004282718608
2022-03-10,JNJ,True,10.59119679,0.01082130054,0.001022770935
2022-03-10,JPM,True,12.32340923,0.004444750777,0.0003608055518
2022-03-10,MSFT,True,9.019465901,0.01226927972,0.001362164083
2022-03-10,PG,True,5.985263533,0.01375846389,0.002304019461
2022-03-10,TSLA,True,1.749018646,0.001949352344,0.001115784217
2022-03-10,VNQ,False,,,
2022-03-10,WMT,True,2.072753893,0.004558321224,0.002204008792
2022-03-11,AAPL,True,6.717654424,-0.0008457763597,-0.0001258876735
2022-03-11,AMZN,True,3.010420591,0.003724090137,0.00123859862
2022-03-11,BAC,True,3.10057602,0.001288213669,0.0004156482876
2022-03-11,BND,False,,,
2022-03-11,GLD,False,,,
2022-03-11,GOOGL,True,6.114811239,0.01308187167,0.002143961307
2022-03-11,JNJ,True,10.59790173,0.006704940755,0.0006330673377
2022-03-11,JPM,True,12.32561581,0.002206577463,0.0001790557646
2022-03-11,MSFT,True,9.025089972,0.00562407108,0.0006235481282
2022-03-11,PG,True,5.992158969,0.00689543677,0.001152069033
2022-03-11,TSLA,True,1.75290099,0.00388234464,0.002219727417
2022-03-11,VNQ,False,,,
2022-03-11,WMT,True,2.070294252,-0.002459641248,-0.001186653783
2022-03-14,AAPL,True,6.71359146,-0.004062963953,-0.0006048188395
2022-03-14,AMZN,True,3.008579621,-0.001840970024,-0.000611532498
2022-03-14,BAC,True,3.103565395,0.002989374627,0.0009641352472
2022-03-14,BND,False,,,
2022-03-14,GLD,False,,,
2022-03-14,GOOGL,True,6.109946619,-0.004864620529,-0.0007955471296
2022-03-14,JNJ,True,10.61022275,0.0123210176,0.001162590286
2022-03-14,JPM,True,12.31290901,-0.01270679835,-0.001030926044
2022-03-14,MSFT,True,9.06165481,0.0365648385,0.004051465261
2022-03-14,PG,True,5.991811941,-0.0003470285934,-5.791378286e-05
2022-03-14,TSLA,True,1.757833133,0.004932142581,0.002813702889
2022-03-14,VNQ,False,,,
2022-03-14,WMT,True,2.071686793,0.001392541658,0.0006726298239
2022-03-15,AAPL,True,6.718968869,0.005377409097,0.0008009735369
2022-03-15,AMZN,True,3.005533435,-0.0030461859,-0.001012499679
2022-03-15,BAC,True,3.106794895,0.003229500471,0.001040577549
2022-03-15,BND,False,,,
2022-03-15,GLD,False,,,
2022-03-15,GOOGL,True,6.122256842,0.01231022364,0.002014784155
2022-03-15,JNJ,True,10.6039067,-0.00631605246,-0.0005952799117
2022-03-15,JPM,True,12.29365763,-0.01925138588,-0.001563512397
2022-03-15,MSFT,True,9.102811194,0.04115638317,0.004541817585
2022-03-15,PG,True,5.987449868,-0.004362072825,-0.0007280056296
2022-03-15,TSLA,True,1.760529809,0.00269667562,0.00153409079
2022-03-15,VNQ,False,,,
2022-03-15,WMT,True,2.073903438,0.002216645086,0.001069971143
2022-03-16,AAPL,True,6.714245131,-0.004723737923,-0.0007030450677
2022-03-16,AMZN,True,3.012644118,0.007110683396,0.002365864014
2022-03-16,BAC,True,3.108574739,0.00177984342,0.0005728873261
2022-03-16,BND,False,,,
2022-03-16,GLD,False,,,
2022-03-16,GOOGL,True,6.119869215,-0.002387627497,-0.0003899913967
2022-03-16,JNJ,True,10.63106895,0.02716225435,0.002561532757
2022-03-16,JPM,True,12.27709622,-0.01656140679,-0.001347150482
2022-03-16,MSFT,True,9.099062,-0.003749193813,-0.0004118720836
2022-03-16,PG,True,5.986412038,-0.001037829503,-0.0001733341449
2022-03-16,TSLA,True,1.763380057,0.00285024841,0.001618971969
2022-03-16,VNQ,False,,,
2022-03-16,WMT,True,2.069841935,-0.004061503655,-0.001958386094
2022-03-17,AAPL,True,6.728560675,0.01431554379,0.002132115153
2022-03-17,AMZN,True,3.017267171,0.004623052187,0.00153454972
2022-03-17,BAC,True,3.105001648,-0.003573090856,-0.001149430577
2022-03-17,BND,False,,,
2022-03-17,GLD,False,,,
2022-03-17,GOOGL,True,6.123038903,0.003169688416,0.0005179340121
2022-03-17,JNJ,True,10.63439683,0.003327884599,0.0003130338647
2022-03-17,JPM,True,12.28949334,0.01239712394,0.001009776556
2022-03-17,MSFT,True,9.095245186,-0.003816813928,-0.00041947334
2022-03-17,PG,True,5.975253292,-0.01115874606,-0.001864012365
2022-03-17,TSLA,True,1.77138138,0.008001323378,0.00453749227
2022-03-17,VNQ,False,,,
2022-03-17,WMT,True,2.071594562,0.001752627619,0.0008467446665
2022-03-18,AAPL,True,6.785704318,0.0571436428,0.008492699339
2022-03-18,AMZN,True,2.894548914,-0.1227182567,-0.04067198886
2022-03-18,BAC,True,3.077609387,-0.02739226023,-0.008821979291
2022-03-18,BND,False,,,
2022-03-18,GLD,False,,,
2022-03-18,GOOGL,True,5.742393211,-0.3806456921,-0.06216613974
2022-03-18,JNJ,True,10.49775493,-0.1366419002,-0.01284905033
2022-03-18,JPM,True,11.80753481,-0.481958538,-0.03921712022
2022-03-18,MSFT,True,9.437273289,0.3420281029,0.03760515477
2022-03-18,PG,True,5.970870792,-0.004382499973,-0.0007334417067
2022-03-18,TSLA,True,1.764889377,-0.006492003204,-0.003664938153
2022-03-18,VNQ,False,,,
2022-03-18,WMT,True,2.097853043,0.02625848015,0.01267549193
2022-03-21,AAPL,True,6.795305939,0.009601621512,0.00141497788
2022-03-21,AMZN,True,2.897390073,0.002841159172,0.0009815550735
2022-03-21,BAC,True,3.081480246,0.003870858198,0.001257748372
2022-03-21,BND,False,,,
2022-03-21,GLD,False,,,
2022-03-21,GOOGL,True,5.752841939,0.01044872777,0.001819577202
2022-03-21,JNJ,True,10.52521434,0.02745940619,0.002615740828
2022-03-21,JPM,True,11.82472158,0.01718677511,0.001455576917
2022-03-21,MSFT,True,9.456051164,0.0187778749,0.001989756397
2022-03-21,PG,True,5.977576108,0.006705315953,0.001123004698
2022-03-21,TSLA,True,1.774042183,0.009152806092,0.005186050871
2022-03-21,VNQ,False,,,
2022-03-21,WMT,True,2.102462666,0.004609622989,0.002197305004
2022-03-22,AAPL,True,6.779453367,-0.01585257201,-0.002332870978
2022-03-22,AMZN,True,2.887995473,-0.009394599881,-0.003242435311
2022-03-22,BAC,True,3.086700149,0.005219903846,0.00169395986
2022-03-22,BND,False,,,
2022-03-22,GLD,False,,,
2022-03-22,GOOGL,True,5.757411973,0.004570034029,0.0007943958964
2022-03-22,JNJ,True,10.53139365,0.006179305231,0.0005870954292
2022-03-22,JPM,True,11.82140145,-0.003320135249,-0.0002807791479
2022-03-22,MSFT,True,9.48522684,0.02917567624,0.00308539746
2022-03-22,PG,True,5.983115077,0.005538968687,0.0009266245359
2022-03-22,TSLA,True,1.771770171,-0.002272011914,-0.001280697796
2022-03-22,VNQ,False,,,
2022-03-22,WMT,True,2.102443299,-1.936631933e-05,-9.211254804e-06
2022-03-23,AAPL,True,6.807554005,0.02810063803,0.004144971063
2022-03-23,AMZN,True,2.889351066,0.001355592647,0.0004693887715
2022-03-23,BAC,True,3.094171745,0.007471595628,0.002420577078
2022-03-23,BND,False,,,
2022-03-23,GLD,False,,,
2022-03-23,GOOGL,True,5.768356665,0.01094469232,0.001900974321
2022-03-23,JNJ,True,10.53653135,0.005137699628,0.0004878461295
2022-03-23,JPM,True,11.83416446,0.01276301386,0.001079653197
2022-03-23,MSFT,True,9.502421106,0.01719426593,0.001812741669
2022-03-23,PG,True,5.993907029,0.01079195147,0.001803734564
2022-03-23,TSLA,True,1.780798032,0.009027860892,0.005095390496
2022-03-23,VNQ,False,,,
2022-03-23,WMT,True,2.104404234,0.001960934442,0.0009326931397
2022-03-24,AAPL,True,6.821202653,0.01364864816,0.002004926902
2022-03-24,AMZN,True,2.899208443,0.009857377635,0.003411623375
2022-03-24,BAC,True,3.092964018,-0.001207727223,-0.0003903232665
2022-03-24,BND,False,,,
2022-03-24,GLD,False,,,
2022-03-24,GOOGL,True,5.782477708,0.0141210423,0.002448018235
2022-03-24,JNJ,True,10.55987475,0.02334340822,0.002215473713
2022-03-24,JPM,True,11.84306499,0.008900531519,0.0007521047683
2022-03-24,MSFT,True,9.519449139,0.01702803274,0.00179196781
2022-03-24,PG,True,5.996439057,0.002532028915,0.0004224337986
2022-03-24,TSLA,True,1.780670043,-0.0001279889527,-7.187168359e-05
2022-03-24,VNQ,False,,,
2022-03-24,WMT,True,2.10485782,0.0004535859505,0.000215541265
2022-03-25,AAPL,True,6.842572685,0.02137003127,0.003132883211
2022-03-25,AMZN,True,2.904675116,0.00546667234,0.001885574096
2022-03-25,BAC,True,3.099231651,0.006267632702,0.0020264163
2022-03-25,BND,False,,,
2022-03-25,GLD,False,,,
2022-03-25,GOOGL,True,5.786440117,0.003962409644,0.0006852442576
2022-03-25,JNJ,True,10.56322256,0.003347805827,0.0003170308271
2022-03-25,JPM,True,11.87024492,0.02717992722,0.002295007859
2022-03-25,MSFT,True,9.499097623,-0.02035151573,-0.002137887963
2022-03-25,PG,True,5.998809832,0.002370775009,0.0003953638128
2022-03-25,TSLA,True,1.788107694,0.007437650757,0.004176883182
2022-03-25,VNQ,False,,,
2022-03-25,WMT,True,2.106812379,0.001954559805,0.0009285946951
2022-03-28,AAPL,True,6.857120859,0.01454817464,0.002126126431
2022-03-28,AMZN,True,2.910241773,0.005566657388,0.001916447508
2022-03-28,BAC,True,3.098616682,-0.0006149685739,-0.0001984261402
2022-03-28,BND,False,,,
2022-03-28,GLD,False,,,
2022-03-28,GOOGL,True,5.798421482,0.01198136467,0.002070593392
2022-03-28,JNJ,True,10.56045899,-0.002763569985,-0.0002616218649
2022-03-28,JPM,True,11.88558352,0.0153386055,0.001292189471
2022-03-28,MSFT,True,9.501155776,0.00205815274,0.0002166682375
2022-03-28,PG,True,5.992322185,-0.006487647471,-0.001081489104
2022-03-28,TSLA,True,1.797614449,0.009506755058,0.005316656871
2022-03-28,VNQ,False,,,
2022-03-28,WMT,True,2.112331954,0.005519574928,0.00261987018
2022-03-29,AAPL,True,6.877680481,0.02055962196,0.002998287821
2022-03-29,AMZN,True,2.911502159,0.001260385784,0.0004330862801
2022-03-29,BAC,True,3.105571345,0.006954662798,0.002244441153
2022-03-29,BND,False,,,
2022-03-29,GLD,False,,,
2022-03-29,GOOGL,True,5.807797302,0.009375819634,0.001616960696
2022-03-29,JNJ,True,10.58067709,0.02021810495,0.001914510057
2022-03-29,JPM,True,11.90124368,0.01566015482,0.001317575598
2022-03-29,MSFT,True,9.518319564,0.01716378853,0.001806494803
2022-03-29,PG,True,5.992312247,-9.937681532e-06,-1.658402407e-06
2022-03-29,TSLA,True,1.800558155,0.002943705903,0.00163756244
2022-03-29,VNQ,False,,,
2022-03-29,WMT,True,2.113336625,0.001004670237,0.0004756213789
2022-03-30,AAPL,True,6.875758149,-0.001922332212,-0.0002795029832
2022-03-30,AMZN,True,2.911612562,0.0001104030485,3.791961759e-05
2022-03-30,BAC,True,3.109032337,0.003460992198,0.001114446204
2022-03-30,BND,False,,,
2022-03-30,GLD,False,,,
2022-03-30,GOOGL,True,5.808961601,0.001164299134,0.0002004717234
2022-03-30,JNJ,True,10.60398921,0.02331211254,0.002203272279
2022-03-30,JPM,True,11.89313607,-0.00810760539,-0.0006812401803
2022-03-30,MSFT,True,9.501482784,-0.01683678017,-0.001768881582
2022-03-30,PG,True,6.001115978,0.008803731187,0.001469170968
2022-03-30,TSLA,True,1.806471707,0.005913551662,0.003284288067
2022-03-30,VNQ,False,,,
2022-03-30,WMT,True,2.117032501,0.0036958759,0.001748834453
2022-03-31,AAPL,True,6.876283164,0.0005250151489,7.635741943e-05
2022-03-31,AMZN,True,2.917892524,0.006279961992,0.002156867323
2022-03-31,BAC,True,3.112167879,0.003135541499,0.001008526499
2022-03-31,BND,False,,,
2022-03-31,GLD,False,,,
2022-03-31,GOOGL,True,5.796039644,-0.01292195695,-0.002224486549
2022-03-31,JNJ,True,10.61417081,0.01018159832,0.0009601667943
2022-03-31,JPM,True,11.8940739,0.0009378247268,7.885428377e-05
2022-03-31,MSFT,True,9.50086251,-0.0006202736499,-6.52817738e-05
2022-03-31,PG,True,5.993228429,-0.007887549638,-0.001314347142
2022-03-31,TSLA,True,1.814287159,0.007815452216,0.004326362925
2022-03-31,VNQ,False,,,
2022-03-31,WMT,True,2.121441563,0.004409062682,0.002082661783
2022-04-01,AAPL,True,6.894546952,0.01826378767,0.002656055202
2022-04-01,AMZN,True,2.917176239,-0.0007162844694,-0.0002454800729
2022-04-01,BAC,True,3.120904924,0.008737045495,0.002807382454
2022-04-01,BND,False,,,
2022-04-01,GLD,False,,,
2022-04-01,GOOGL,True,5.811758978,0.01571933414,0.002712081887
2022-04-01,JNJ,True,10.61174629,-0.002424519698,-0.0002284229021
2022-04-01,JPM,True,11.89607779,0.002003892003,0.0001684781867
2022-04-01,MSFT,True,9.503656644,0.002794133771,0.0002940926435
2022-04-01,PG,True,5.99437072,0.001142291478,0.0001905970198
2022-04-01,TSLA,True,1.821027661,0.006740501918,0.003715234319
2022-04-01,VNQ,False,,,
2022-04-01,WMT,True,2.127786151,0.006344587651,0.002990696402
2022-04-04,AAPL,True,6.878378102,-0.01616884974,-0.002345164933
2022-04-04,AMZN,True,2.918527027,0.001350787719,0.0004630463189
2022-04-04,BAC,True,3.126572857,0.005667932953,0.001816118431
2022-04-04,BND,False,,,
2022-04-04,GLD,False,,,
2022-04-04,GOOGL,True,5.838462315,0.02670333682,0.004594708232
2022-04-04,JNJ,True,10.6184484,0.006702109419,0.0006315746003
2022-04-04,JPM,True,11.88389828,-0.01217950878,-0.001023825583
2022-04-04,MSFT,True,9.487068503,-0.01658814063,-0.001745448226
2022-04-04,PG,True,6.007220859,0.01285013836,0.002143700975
2022-04-04,TSLA,True,1.826255994,0.005228332793,0.002871089169
2022-04-04,VNQ,False,,,
2022-04-04,WMT,True,2.130192046,0.002405895294,0.001130703522
2022-04-05,AAPL,True,6.873171327,-0.005206774677,-0.0007569770955
2022-04-05,AMZN,True,2.921499915,0.002972887937,0.001018626146
2022-04-05,BAC,True,3.127371027,0.0007981701824,0.0002552859693
2022-04-05,BND,False,,,
2022-04-05,GLD,False,,,
2022-04-05,GOOGL,True,5.849151988,0.01068967297,0.001830905535
2022-04-05,JNJ,True,10.63669604,0.01824764772,0.001718485323
2022-04-05,JPM,True,11.88626862,0.00237034004,0.0001994581226
2022-04-05,MSFT,True,9.499216915,0.01214841108,0.001280523175
2022-04-05,PG,True,6.024588409,0.01736755071,0.002891112399
2022-04-05,TSLA,True,1.825443446,-0.0008125478344,-0.0004449254854
2022-04-05,VNQ,False,,,
2022-04-05,WMT,True,2.131803113,0.001611067349,0.0007563014572
2022-04-06,AAPL,True,6.893131859,0.01996053154,0.002904122505
2022-04-06,AMZN,True,2.917225804,-0.00427411068,-0.001462985043
2022-04-06,BAC,True,3.132487625,0.005116597896,0.001636069993
2022-04-06,BND,False,,,
2022-04-06,GLD,False,,,
2022-04-06,GOOGL,True,5.84043627,-0.008715717322,-0.00149008221
2022-04-06,JNJ,True,10.65687613,0.02018008377,0.001897213542
2022-04-06,JPM,True,11.86770363,-0.01856499208,-0.001561885624
2022-04-06,MSFT,True,9.490435333,-0.00878158129,-0.0009244531806
2022-04-06,PG,True,6.019579735,-0.005008674719,-0.0008313721002
2022-04-06,TSLA,True,1.827517699,0.002074253073,0.001136300923
2022-04-06,VNQ,False,,,
2022-04-06,WMT,True,2.137156465,0.005353351742,0.002511184878
2022-04-07,AAPL,True,6.90551312,0.01238126059,0.001796173473
2022-04-07,AMZN,True,2.920896365,0.003670560531,0.001258236687
2022-04-07,BAC,True,3.133894348,0.001406722717,0.0004490752672
2022-04-07,BND,False,,,
2022-04-07,GLD,False,,,
2022-04-07,GOOGL,True,5.848353922,0.007917651248,0.001355660927
2022-04-07,JNJ,True,10.65332762,-0.003548507496,-0.0003329782062
2022-04-07,JPM,True,11.87001461,0.002310981997,0.0001947286576
2022-04-07,MSFT,True,9.521743816,0.03130848289,0.003298951185
2022-04-07,PG,True,6.037578702,0.01799896759,0.002990070467
2022-04-07,TSLA,True,1.833868234,0.006350534737,0.003474951155
2022-04-07,VNQ,False,,,
2022-04-07,WMT,True,2.137905276,0.0007488109546,0.0003503772264
2022-04-08,AAPL,True,6.931603841,0.02609072144,0.003778245148
2022-04-08,AMZN,True,2.922189996,0.001293630767,0.0004428882798
2022-04-08,BAC,True,3.135636236,0.001741888455,0.000555822329
2022-04-08,BND,False,,,
2022-04-08,GLD,False,,,
2022-04-08,GOOGL,True,5.879551726,0.03119780439,0.00533445903
2022-04-08,JNJ,True,10.63981437,-0.01351324967,-0.001268453403
2022-04-08,JPM,True,11.87984371,0.009829101767,0.0008280614716
2022-04-08,MSFT,True,9.518709092,-0.003034724276,-0.0003187151781
2022-04-08,PG,True,6.052507902,0.01492919997,0.002472713103
2022-04-08,TSLA,True,1.839461554,0.005593320884,0.003050012417
2022-04-08,VNQ,False,,,
2022-04-08,WMT,True,2.139173445,0.001268168999,0.000593182969
2022-04-11,AAPL,True,6.911790305,-0.01981353606,-0.002858434573
2022-04-11,AMZN,True,2.92649829,0.004308294315,0.001474337508
2022-04-11,BAC,True,3.135280846,-0.0003553900126,-0.0001133390438
2022-04-11,BND,False,,,
2022-04-11,GLD,False,,,
2022-04-11,GOOGL,True,5.871511021,-0.008040704558,-0.001367571021
2022-04-11,JNJ,True,10.64253439,0.002720023994,0.0002556458129
2022-04-11,JPM,True,11.86672075,-0.01312296054,-0.00110464084
2022-04-11,MSFT,True,9.510962513,-0.007746578807,-0.0008138266158
2022-04-11,PG,True,6.041114929,-0.01139297322,-0.001882355778
2022-04-11,TSLA,True,1.835511769,-0.003949785154,-0.002147250724
2022-04-11,VNQ,False,,,
2022-04-11,WMT,True,2.13843099,-0.0007424548345,-0.0003470755661
2022-04-12,AAPL,True,6.907930499,-0.003859805511,-0.0005584378779
2022-04-12,AMZN,True,2.921475849,-0.00502244073,-0.001716194657
2022-04-12,BAC,True,3.134379125,-0.0009017209543,-0.0002876045236
2022-04-12,BND,False,,,
2022-04-12,GLD,False,,,
2022-04-12,GOOGL,True,5.872953137,0.001442115617,0.0002456123495
2022-04-12,JNJ,True,10.626844,-0.01569039773,-0.001474310268
2022-04-12,JPM,True,11.86997325,0.003252493256,0.0002740852611
2022-04-12,MSFT,True,9.503413149,-0.007549364015,-0.000793753945
2022-04-12,PG,True,6.037409545,-0.003705384125,-0.0006133609721
2022-04-12,TSLA,True,1.836826071,0.00131430219,0.0007160412764
2022-04-12,VNQ,False,,,
2022-04-12,WMT,True,2.140327078,0.001896087292,0.0008866721914
2022-04-13,AAPL,True,6.915800604,0.007870104448,0.001139285412
2022-04-13,AMZN,True,2.927367722,0.005891872655,0.002016745289
2022-04-13,BAC,True,3.131554533,-0.002824592168,-0.0009011648097
2022-04-13,BND,False,,,
2022-04-13,GLD,False,,,
2022-04-13,GOOGL,True,5.875691606,0.00273846915,0.0004662848632
2022-04-13,JNJ,True,10.64225895,0.01541495529,0.001450567572
2022-04-13,JPM,True,11.86971623,-0.0002570127649,-2.165234577e-05
2022-04-13,MSFT,True,9.475888944,-0.02752420505,-0.002896244182
2022-04-13,PG,True,6.035272427,-0.00213711758,-0.0003539792298
2022-04-13,TSLA,True,1.835359018,-0.001467053663,-0.0007986894817
2022-04-13,VNQ,False,,,
2022-04-13,WMT,True,2.139585873,-0.0007412049854,-0.0003463045406
2022-04-14,AAPL,True,6.927607623,0.01180701885,0.001707252642
2022-04-14,AMZN,True,2.92785623,0.0004885077343,0.0001668761087
2022-04-14,BAC,True,3.132438953,0.0008844198237,0.0002824219774
2022-04-14,BND,False,,,
2022-04-14,GLD,False,,,
2022-04-14,GOOGL,True,5.873526065,-0.002165540878,-0.0003685593158
2022-04-14,JNJ,True,10.61166662,-0.03059233186,-0.002874608859
2022-04-14,JPM,True,11.87519523,0.0054789971,0.0004615946154
2022-04-14,MSFT,True,9.501895407,0.02600646328,0.002744487978
2022-04-14,PG,True,6.030141967,-0.005130460111,-0.0008500792918
2022-04-14,TSLA,True,1.834145581,-0.001213436846,-0.0006611441326
2022-04-14,VNQ,False,,,
2022-04-14,WMT,True,2.138812537,-0.0007733354506,-0.0003614416511
2022-04-18,AAPL,True,6.930729117,0.003121494684,0.0004505876855
2022-04-18,AMZN,True,2.933796855,0.005940625095,0.002029001641
2022-04-18,BAC,True,3.126479514,-0.005959439279,-0.001902491754
2022-04-18,BND,False,,,
2022-04-18,GLD,False,,,
2022-04-18,GOOGL,True,5.871212068,-0.002313997047,-0.0003939706781
2022-04-18,JNJ,True,10.61671616,0.005049537493,0.0004758477319
2022-04-18,JPM,True,11.86675536,-0.008439865543,-0.0007107138349
2022-04-18,MSFT,True,9.471611171,-0.03028423662,-0.003187178486
2022-04-18,PG,True,6.034704448,0.004562481155,0.0007566125607
2022-04-18,TSLA,True,1.838391657,0.004246076379,0.002315016007
2022-04-18,VNQ,False,,,
2022-04-18,WMT,True,2.13693689,-0.001875647641,-0.0008769574746
2022-04-19,AAPL,True,6.939293321,0.008564203365,0.001235685773
2022-04-19,AMZN,True,2.945366017,0.01156916214,0.003943409416
2022-04-19,BAC,True,3.123177179,-0.003302334465,-0.001056246955
2022-04-19,BND,False,,,
2022-04-19,GLD,False,,,
2022-04-19,GOOGL,True,5.877136886,0.005924817843,0.001009130274
2022-04-19,JNJ,True,10.62399109,0.007274937984,0.0006852342925
2022-04-19,JPM,True,11.84844981,-0.01830555883,-0.001542591742
2022-04-19,MSFT,True,9.44558372,-0.02602745075,-0.00274794333
2022-04-19,PG,True,6.026370927,-0.008333521771,-0.001380932876
2022-04-19,TSLA,True,1.834719554,-0.003672103384,-0.001997454334
2022-04-19,VNQ,False,,,
2022-04-19,WMT,True,2.137325811,0.0003889211425,0.0001819993582
2022-04-20,AAPL,True,6.946564198,0.007270877086,0.001047783506
2022-04-20,AMZN,True,2.943391653,-0.00197436443,-0.0006703290589
2022-04-20,BAC,True,3.125461465,0.002284285438,0.0007313979666
2022-04-20,BND,False,,,
2022-04-20,GLD,False,,,
2022-04-20,GOOGL,True,5.891135155,0.0139982692,0.002381817792
2022-04-20,JNJ,True,10.61814882,-0.005842277697,-0.0005499136478
2022-04-20,JPM,True,11.81710324,-0.03134656752,-0.002645626056
2022-04-20,MSFT,True,9.421395401,-0.02418831934,-0.002560807257
2022-04-20,PG,True,6.018060677,-0.008310249366,-0.001378980728
2022-04-20,TSLA,True,1.831904719,-0.002814835361,-0.001534204699
2022-04-20,VNQ,False,,,
2022-04-20,WMT,True,2.138678799,0.001352988444,0.0006330286368
2022-04-21,AAPL,True,6.953410956,0.006846758572,0.0009856323755
2022-04-21,AMZN,True,2.939375181,-0.004016471155,-0.001364572449
2022-04-21,BAC,True,3.126492375,0.001030910876,0.000329842773
2022-04-21,BND,False,,,
2022-04-21,GLD,False,,,
2022-04-21,GOOGL,True,5.902494894,0.01135973925,0.001928276801
2022-04-21,JNJ,True,10.63443319,0.01628437388,0.001533635868
2022-04-21,JPM,True,11.82037314,0.00326990024,0.0002767091202
2022-04-21,MSFT,True,9.405970437,-0.01542496369,-0.001637227081
2022-04-21,PG,True,6.019972251,0.001911573788,0.0003176395006
2022-04-21,TSLA,True,1.831922517,1.779801971e-05,9.715581566e-06
2022-04-21,VNQ,False,,,
2022-04-21,WMT,True,2.139055923,0.0003771233544,0.0001763347327
2022-04-22,AAPL,True,6.966608672,0.01319771557,0.001898020361
2022-04-22,AMZN,True,2.948493174,0.009117992543,0.003102017259
2022-04-22,BAC,True,3.130768878,0.004276502154,0.001367827469
2022-04-22,BND,False,,,
2022-04-22,GLD,False,,,
2022-04-22,GOOGL,True,5.922345093,0.01985019839,0.003363018307
2022-04-22,JNJ,True,10.65448846,0.02005526832,0.001885880325
2022-04-22,JPM,True,11.82477625,0.004403112201,0.0003725019633
2022-04-22,MSFT,True,9.450185432,0.04421499549,0.004700737238
2022-04-22,PG,True,6.022185637,0.002213385986,0.0003676737854
2022-04-22,TSLA,True,1.835944606,0.004022089582,0.002195556605
2022-04-22,VNQ,False,,,
2022-04-22,WMT,True,2.141795598,0.002739675939,0.001280787431
2022-04-25,AAPL,True,6.971993624,0.005384952472,0.0007729661196
2022-04-25,AMZN,True,2.950773098,0.00227992441,0.0007732506996
2022-04-25,BAC,True,3.126395651,-0.004373227012,-0.001396853994
2022-04-25,BND,False,,,
2022-04-25,GLD,False,,,
2022-04-25,GOOGL,True,5.928217948,0.005872854718,0.0009916434496
2022-04-25,JNJ,True,10.66093369,0.006445227517,0.0006049307333
2022-04-25,JPM,True,11.84171035,0.01693409516,0.001432085885
2022-04-25,MSFT,True,9.461543811,0.01135837835,0.001201921214
2022-04-25,PG,True,6.031414432,0.00922879539,0.001532466109
2022-04-25,TSLA,True,1.834551925,-0.001392681136,-0.0007585638101
2022-04-25,VNQ,False,,,
2022-04-25,WMT,True,2.146008605,0.004213006236,0.001967044026
2022-04-26,AAPL,True,6.981277714,0.00928408966,0.001331626241
2022-04-26,AMZN,True,2.957582796,0.006809697864,0.002307767367
2022-04-26,BAC,True,3.132093805,0.005698154691,0.001822595515
2022-04-26,BND,False,,,
2022-04-26,GLD,False,,,
2022-04-26,GOOGL,True,5.95006026,0.02184231277,0.003684465207
2022-04-26,JNJ,True,10.69003556,0.02910186883,0.002729767362
2022-04-26,JPM,True,11.84246162,0.0007512722757,6.344288568e-05
2022-04-26,MSFT,True,9.497640608,0.0360967968,0.003815106448
2022-04-26,PG,True,6.026978282,-0.004436150321,-0.0007355074619
2022-04-26,TSLA,True,1.834645575,9.365009422e-05,5.104793871e-05
2022-04-26,VNQ,False,,,
2022-04-26,WMT,True,2.151254408,0.005245803036,0.002444446413
2022-04-27,AAPL,True,6.97063518,-0.01064253443,-0.001524439346
2022-04-27,AMZN,True,2.955817329,-0.001765467142,-0.0005969290681
2022-04-27,BAC,True,3.139626321,0.007532515253,0.002404945612
2022-04-27,BND,False,,,
2022-04-27,GLD,False,,,
2022-04-27,GOOGL,True,5.950180921,0.0001206602013,2.027882006e-05
2022-04-27,JNJ,True,10.68404558,-0.005989970899,-0.0005603321774
2022-04-27,JPM,True,11.82857268,-0.01388893855,-0.001172808408
2022-04-27,MSFT,True,9.501196948,0.00355634091,0.0003744446707
2022-04-27,PG,True,6.033226556,0.006248273962,0.001036717517
2022-04-27,TSLA,True,1.838425765,0.003780189677,0.00206044684
2022-04-27,VNQ,False,,,
2022-04-27,WMT,True,2.152848667,0.001594259115,0.0007410834858
2022-04-28,AAPL,True,6.978631758,0.007996578301,0.001147180722
2022-04-28,AMZN,True,2.958131359,0.002314030154,0.0007828731943
2022-04-28,BAC,True,3.138637896,-0.0009884242304,-0.0003148222526
2022-04-28,BND,False,,,
2022-04-28,GLD,False,,,
2022-04-28,GOOGL,True,5.979676465,0.02949554479,0.00495708369
2022-04-28,JNJ,True,10.69294754,0.008901956436,0.0008332009037
2022-04-28,JPM,True,11.81057586,-0.01799681885,-0.001521470032
2022-04-28,MSFT,True,9.503529387,0.002332439028,0.0002454889674
2022-04-28,PG,True,6.039665568,0.006439012478,0.001067258525
2022-04-28,TSLA,True,1.843781677,0.005355912391,0.002913314475
2022-04-28,VNQ,False,,,
2022-04-28,WMT,True,2.153964396,0.001115729506,0.0005182572856
2022-04-29,AAPL,True,6.980207555,0.001575797024,0.0002258031487
2022-04-29,AMZN,True,2.960368209,0.002236850215,0.0007561700084
2022-04-29,BAC,True,3.142278186,0.003640289239,0.001159830907
2022-04-29,BND,False,,,
2022-04-29,GLD,False,,,
2022-04-29,GOOGL,True,5.964869321,-0.01480714389,-0.002476244991
2022-04-29,JNJ,True,10.71009721,0.01714966837,0.001603829843
2022-04-29,JPM,True,11.80087957,-0.009696290356,-0.0008209837074
2022-04-29,MSFT,True,9.518833312,0.0153039241,0.001610341114
2022-04-29,PG,True,6.027019032,-0.01264653619,-0.002093913321
2022-04-29,TSLA,True,1.843430274,-0.0003514036487,-0.000190588535
2022-04-29,VNQ,False,,,
2022-04-29,WMT,True,2.156989067,0.003024670512,0.001404234219
2022-05-02,AAPL,True,6.975681542,-0.004526013161,-0.0006484066735
2022-05-02,AMZN,True,2.969412993,0.009044783553,0.003055290056
2022-05-02,BAC,True,3.14603252,0.003754333996,0.001194780912
2022-05-02,BND,False,,,
2022-05-02,GLD,False,,,
2022-05-02,GOOGL,True,5.951548726,-0.01332059518,-0.002233174687
2022-05-02,JNJ,True,10.71063792,0.0005407090878,5.048591785e-05
2022-05-02,JPM,True,11.80633262,0.00545305088,0.0004620885119
2022-05-02,MSFT,True,9.53087749,0.01204417862,0.001265299877
2022-05-02,PG,True,6.042092488,0.01507345608,0.002500980335
2022-05-02,TSLA,True,1.850429312,0.006999038751,0.003796747212
2022-05-02,VNQ,False,,,
2022-05-02,WMT,True,2.157909679,0.0009206126386,0.0004268044993
2022-05-03,AAPL,True,6.983995898,0.008314355627,0.001191905848
2022-05-03,AMZN,True,2.972152698,0.002739705075,0.0009226419773
2022-05-03,BAC,True,3.148112289,0.002079768993,0.0006610767625
2022-05-03,BND,False,,,
2022-05-03,GLD,False,,,
2022-05-03,GOOGL,True,5.970081085,0.01853235872,0.003113871627
2022-05-03,JNJ,True,10.71416275,0.003524831285,0.0003290962977
2022-05-03,JPM,True,11.81795104,0.01161842129,0.0009840838527
2022-05-03,MSFT,True,9.547154506,0.01627701583,0.001707819227
2022-05-03,PG,True,6.040133024,-0.0019594648,-0.0003243023512
2022-05-03,TSLA,True,1.850640264,0.0002109514786,0.000114001371
2022-05-03,VNQ,False,,,
2022-05-03,WMT,True,2.160096771,0.002187091847,0.00101352335
2022-05-04,AAPL,True,6.95292545,-0.03107044729,-0.004448806636
2022-05-04,AMZN,True,2.972711256,0.0005585583443,0.0001879305678
2022-05-04,BAC,True,3.157011937,0.00889964867,0.002826979426
2022-05-04,BND,False,,,
2022-05-04,GLD,False,,,
2022-05-04,GOOGL,True,5.976118479,0.006037394148,0.001011275067
2022-05-04,JNJ,True,10.73477242,0.02060967211,0.001923591474
2022-05-04,JPM,True,11.80887731,-0.009073729792,-0.0007677921291
2022-05-04,MSFT,True,9.536679802,-0.01047470398,-0.001097154547
2022-05-04,PG,True,6.037616983,-0.002516040287,-0.0004165537873
2022-05-04,TSLA,True,1.850118919,-0.0005213452109,-0.0002817107253
2022-05-04,VNQ,False,,,
2022-05-04,WMT,True,2.158842413,-0.001254357865,-0.0005806952177
2022-05-05,AAPL,True,6.98949751,0.03657205997,0.005259952841
2022-05-05,AMZN,True,2.980658854,0.007947597548,0.002673518167
2022-05-05,BAC,True,3.158652112,0.001640174373,0.0005195337889
2022-05-05,BND,False,,,
2022-05-05,GLD,False,,,
2022-05-05,GOOGL,True,5.987008569,0.01089008981,0.001822268057
2022-05-05,JNJ,True,10.7457254,0.0109529817,0.001020327332
2022-05-05,JPM,True,11.77233619,-0.03654112076,-0.003094377204
2022-05-05,MSFT,True,9.57819735,0.04151754758,0.004353459322
2022-05-05,PG,True,6.044765524,0.007148540742,0.00118400037
2022-05-05,TSLA,True,1.8501629,4.398155084e-05,2.377228317e-05
2022-05-05,VNQ,False,,,
2022-05-05,WMT,True,2.157286353,-0.001556060647,-0.0007207847305
2022-05-06,AAPL,True,6.999518003,0.01002049286,0.001433649965
2022-05-06,AMZN,True,2.97946005,-0.001198803991,-0.0004021942965
2022-05-06,BAC,True,3.160151913,0.001499800941,0.0004748230852
2022-05-06,BND,False,,,
2022-05-06,GLD,False,,,
2022-05-06,GOOGL,True,6.00781401,0.0208054407,0.003475097866
2022-05-06,JNJ,True,10.77666118,0.0309357811,0.002878891833
2022-05-06,JPM,True,11.81432959,0.04199339965,0.003567125417
2022-05-06,MSFT,True,9.628641872,0.05044452279,0.005266598812
2022-05-06,PG,True,6.047009028,0.002243503829,0.0003711481975
2022-05-06,TSLA,True,1.853406783,0.003243882528,0.00175329563
2022-05-06,VNQ,False,,,
2022-05-06,WMT,True,2.156246054,-0.001040298548,-0.0004822255269
2022-05-09,AAPL,True,7.020577176,0.02105917342,0.003008660512
2022-05-09,AMZN,True,2.982632335,0.003172284868,0.001064718041
2022-05-09,BAC,True,3.157080649,-0.003071263477,-0.0009718721004
2022-05-09,BND,False,,,
2022-05-09,GLD,False,,,
2022-05-09,GOOGL,True,6.017158787,0.009344777227,0.001555437171
2022-05-09,JNJ,True,10.80209336,0.02543217256,0.002359930606
2022-05-09,JPM,True,11.81876013,0.004430535302,0.0003750136872
2022-05-09,MSFT,True,9.652367792,0.02372591926,0.002464098216
2022-05-09,PG,True,6.058319562,0.01131053369,0.001870434398
2022-05-09,TSLA,True,1.852420182,-0.0009866007511,-0.0005323174385
2022-05-09,VNQ,False,,,
2022-05-09,WMT,True,2.162394784,0.006148729239,0.002851589793
2022-05-10,AAPL,True,7.020492756,-8.442085768e-05,-1.202477454e-05
2022-05-10,AMZN,True,2.985668193,0.003035857933,0.001017845176
2022-05-10,BAC,True,3.166208912,0.009128262758,0.002891361917
2022-05-10,BND,False,,,
2022-05-10,GLD,False,,,
2022-05-10,GOOGL,True,6.031248101,0.01408931386,0.002341522696
2022-05-10,JNJ,True,10.81006123,0.00796787744,0.0007376234565
2022-05-10,JPM,True,11.83917257,0.02041243841,0.001727121813
2022-05-10,MSFT,True,9.646682658,-0.005685133403,-0.0005889884768
2022-05-10,PG,True,6.066160974,0.007841412208,0.001294321326
2022-05-10,TSLA,True,1.849653751,-0.002766431153,-0.001493414496
2022-05-10,VNQ,False,,,
2022-05-10,WMT,True,2.15938333,-0.003011453136,-0.001392647244
2022-05-11,AAPL,True,7.000231554,-0.02026120116,-0.002886008414
2022-05-11,AMZN,True,2.989915078,0.004246884869,0.00142242359
2022-05-11,BAC,True,3.169075216,0.002866304505,0.000905279653
2022-05-11,BND,False,,,
2022-05-11,GLD,False,,,
2022-05-11,GOOGL,True,6.036341922,0.005093821431,0.000844571695
2022-05-11,JNJ,True,10.83552591,0.02546467746,0.002355645995
2022-05-11,JPM,True,11.85744878,0.01827621882,0.001543707444
2022-05-11,MSFT,True,9.683079643,0.03639698444,0.003773005263
2022-05-11,PG,True,6.085509462,0.01934848808,0.003189577092
2022-05-11,TSLA,True,1.855399484,0.005745732833,0.003106382927
2022-05-11,VNQ,False,,,
2022-05-11,WMT,True,2.158154557,-0.001228773389,-0.000569039027
2022-05-12,AAPL,True,7.013164407,0.01293285278,0.001847489284
2022-05-12,AMZN,True,2.992775269,0.002860191748,0.0009566130389
2022-05-12,BAC,True,3.169574755,0.0004995388436,0.0001576292166
2022-05-12,BND,False,,,
2022-05-12,GLD,False,,,
2022-05-12,GOOGL,True,6.024166765,-0.01217515718,-0.002016976065
2022-05-12,JNJ,True,10.85113215,0.0156062383,0.001440284341
2022-05-12,JPM,True,11.89665277,0.03920398794,0.003306275124
2022-05-12,MSFT,True,9.686155777,0.003076134739,0.0003176814456
2022-05-12,PG,True,6.093672008,0.008162546421,0.00134130864
2022-05-12,TSLA,True,1.858898803,0.003499319775,0.001886019591
2022-05-12,VNQ,False,,,
2022-05-12,WMT,True,2.15837302,0.0002184634975,0.0001012269936
2022-05-13,AAPL,True,7.02533404,0.01216963248,0.001735255553
2022-05-13,AMZN,True,3.000490615,0.007715345581,0.002577990289
2022-05-13,BAC,True,3.175173243,0.005598488221,0.001766321558
2022-05-13,BND,False,,,
2022-05-13,GLD,False,,,
2022-05-13,GOOGL,True,6.022063869,-0.00210289602,-0.0003490766611
2022-05-13,JNJ,True,10.87424488,0.02311273191,0.002129983451
2022-05-13,JPM,True,11.91889447,0.02224170282,0.001869576531
2022-05-13,MSFT,True,9.706609843,0.02045406543,0.002111680413
2022-05-13,PG,True,6.112608038,0.01893602977,0.003107490812
2022-05-13,TSLA,True,1.857616683,-0.001282120443,-0.0006897204092
2022-05-13,VNQ,False,,,
2022-05-13,WMT,True,2.157394276,-0.0009787446,-0.0004534640633
2022-05-16,AAPL,True,7.025852774,0.0005187347661,7.383773685e-05
2022-05-16,AMZN,True,3.007019672,0.006529057032,0.002175996485
2022-05-16,BAC,True,3.179787099,0.004613855421,0.001453103521
2022-05-16,BND,False,,,
2022-05-16,GLD,False,,,
2022-05-16,GOOGL,True,6.04171028,0.01964641066,0.003262404897
2022-05-16,JNJ,True,10.88025886,0.006013980258,0.0005530480804
2022-05-16,JPM,True,11.95310035,0.03420587428,0.002869886494
2022-05-16,MSFT,True,9.744939194,0.03832935138,0.003948788712
2022-05-16,PG,True,6.126319981,0.01371194342,0.002243223079
2022-05-16,TSLA,True,1.857028147,-0.0005885358161,-0.0003168230677
2022-05-16,VNQ,False,,,
2022-05-16,WMT,True,2.155830577,-0.001563699048,-0.0007248091207
2022-05-17,AAPL,True,7.040859255,0.01500648006,0.002135894465
2022-05-17,AMZN,True,3.008985599,0.001965926673,0.0006537791193
2022-05-17,BAC,True,3.171438024,-0.008349074967,-0.002625671061
2022-05-17,BND,False,,,
2022-05-17,GLD,False,,,
2022-05-17,GOOGL,True,6.048340307,0.006630027569,0.001097375952
2022-05-17,JNJ,True,10.88482281,0.004563949783,0.0004194706983
2022-05-17,JPM,True,11.96158065,0.008480303189,0.0007094647365
2022-05-17,MSFT,True,9.778102009,0.03316281448,0.003403080699
2022-05-17,PG,True,6.149371537,0.023051556,0.003762708456
2022-05-17,TSLA,True,1.857609283,0.0005811361734,0.0003129388073
2022-05-17,VNQ,False,,,
2022-05-17,WMT,True,2.157965629,0.002135051814,0.0009903615974
2022-05-18,AAPL,True,7.042243977,0.001384722625,0.0001966695506
2022-05-18,AMZN,True,3.009813581,0.0008279826422,0.0002751700249
2022-05-18,BAC,True,3.163510942,-0.00792708228,-0.002499522999
2022-05-18,BND,False,,,
2022-05-18,GLD,False,,,
2022-05-18,GOOGL,True,6.059349474,0.0110091667,0.001820196309
2022-05-18,JNJ,True,10.87652445,-0.008298364611,-0.0007623793933
2022-05-18,JPM,True,11.97184167,0.01026102013,0.0008578314545
2022-05-18,MSFT,True,9.780104106,0.002002097011,0.0002047531319
2022-05-18,PG,True,6.172791943,0.02342040536,0.003808585189
2022-05-18,TSLA,True,1.858645783,0.00103649967,0.00055797507
2022-05-18,VNQ,False,,,
2022-05-18,WMT,True,2.156414846,-0.00155078312,-0.0007186319835
2022-05-19,AAPL,True,7.047507896,0.005263919323,0.0007474775569
2022-05-19,AMZN,True,3.01509015,0.005276568788,0.001753121463
2022-05-19,BAC,True,3.166395491,0.002884549624,0.0009118190763
2022-05-19,BND,False,,,
2022-05-19,GLD,False,,,
2022-05-19,GOOGL,True,6.059219468,-0.0001300062975,-2.145548761e-05
2022-05-19,JNJ,True,10.88285678,0.006332333047,0.000582201886
2022-05-19,JPM,True,11.9719375,9.583174541e-05,8.004762177e-06
2022-05-19,MSFT,True,9.762542116,-0.01756198955,-0.001795685338
2022-05-19,PG,True,6.176039157,0.003247214238,0.0005260527599
2022-05-19,TSLA,True,1.858981064,0.0003352811159,0.0001803900017
2022-05-19,VNQ,False,,,
2022-05-19,WMT,True,2.15375569,-0.002659155724,-0.001233137367
2022-05-20,AAPL,True,7.041648123,-0.005859773393,-0.0008314674463
2022-05-20,AMZN,True,3.028933521,0.01384337121,0.004591362289
2022-05-20,BAC,True,3.163141733,-0.003253758488,-0.001027590677
2022-05-20,BND,False,,,
2022-05-20,GLD,False,,,
2022-05-20,GOOGL,True,6.053839405,-0.005380062184,-0.0008879134042
2022-05-20,JNJ,True,10.8589516,-0.02390517628,-0.002196590175
2022-05-20,JPM,True,11.96093174,-0.01100576558,-0.0009192969455
2022-05-20,MSFT,True,9.773276151,0.01073403512,0.001099512298
2022-05-20,PG,True,6.173307001,-0.002732156554,-0.000442380057
2022-05-20,TSLA,True,1.861520776,0.002539711827,0.001366184883
2022-05-20,VNQ,False,,,
2022-05-20,WMT,True,2.154304109,0.0005484192584,0.000254633922
2022-05-23,AAPL,True,7.050874768,0.009226644413,0.001310296148
2022-05-23,AMZN,True,3.035294699,0.006361177762,0.002100137793
2022-05-23,BAC,True,3.164343158,0.001201425034,0.000379820171
2022-05-23,BND,False,,,
2022-05-23,GLD,False,,,
2022-05-23,GOOGL,True,6.06542322,0.01158381463,0.001913465795
2022-05-23,JNJ,True,10.85870043,-0.0002511697443,-2.313020202e-05
2022-05-23,JPM,True,11.9471582,-0.01377353354,-0.001151543528
2022-05-23,MSFT,True,9.774164419,0.000888267713,9.088740554e-05
2022-05-23,PG,True,6.179013115,0.005706113995,0.0009243204646
2022-05-23,TSLA,True,1.86141509,-0.0001056855264,-5.677375602e-05
2022-05-23,VNQ,False,,,
2022-05-23,WMT,True,2.154879729,0.0005756200754,0.0002671953662
2022-05-24,AAPL,True,7.056100468,0.005225700698,0.0007411421803
2022-05-24,AMZN,True,3.04213141,0.006836711064,0.002252404376
2022-05-24,BAC,True,3.166462574,0.002119416014,0.0006697807123
2022-05-24,BND,False,,,
2022-05-24,GLD,False,,,
2022-05-24,GOOGL,True,6.068879358,0.003456138047,0.000569809875
2022-05-24,JNJ,True,10.85736826,-0.001332172292,-0.0001226824794
2022-05-24,JPM,True,11.90609895,-0.04105925794,-0.003436738447
2022-05-24,MSFT,True,9.73859632,-0.03556809879,-0.003638991249
2022-05-24,PG,True,6.186744508,0.007731393587,0.001251234371
2022-05-24,TSLA,True,1.864195146,0.00278005586,0.001493517418
2022-05-24,VNQ,False,,,
2022-05-24,WMT,True,2.158822199,0.003942470169,0.001829554622
2022-05-25,AAPL,True,7.072821074,0.01672060546,0.002369666579
2022-05-25,AMZN,True,3.04497446,0.002843049802,0.0009345585115
2022-05-25,BAC,True,3.16938303,0.002920455774,0.000922308635
2022-05-25,BND,False,,,
2022-05-25,GLD,False,,,
2022-05-25,GOOGL,True,6.098132599,0.02925324135,0.00482020479
2022-05-25,JNJ,True,10.88787391,0.03050564892,0.00280967249
2022-05-25,JPM,True,11.88426049,-0.02183845637,-0.00183422433
2022-05-25,MSFT,True,9.745884236,0.007287915899,0.0007483538345
2022-05-25,PG,True,6.186120769,-0.000623738685,-0.000100818562
2022-05-25,TSLA,True,1.867355169,0.003160023009,0.001695113849
2022-05-25,VNQ,False,,,
2022-05-25,WMT,True,2.15725804,-0.001564159486,-0.0007245429878
2022-05-26,AAPL,True,7.097588108,0.02476703468,0.003501719388
2022-05-26,AMZN,True,3.042669417,-0.002305042672,-0.0007569990168
2022-05-26,BAC,True,3.174681716,0.005298686789,0.001671835414
2022-05-26,BND,False,,,
2022-05-26,GLD,False,,,
2022-05-26,GOOGL,True,6.100670575,0.002537975229,0.0004161889214
2022-05-26,JNJ,True,10.8971776,0.009303692992,0.0008545004349
2022-05-26,JPM,True,11.86473277,-0.01952772432,-0.001643158557
2022-05-26,MSFT,True,9.718072517,-0.0278117193,-0.002853688657
2022-05-26,PG,True,6.194510182,0.008389412868,0.001356167004
2022-05-26,TSLA,True,1.863254746,-0.004100423269,-0.002195845406
2022-05-26,VNQ,False,,,
2022-05-26,WMT,True,2.159418719,0.002160679458,0.001001586003
2022-05-27,AAPL,True,7.111132627,0.01354451837,0.001908326908
2022-05-27,AMZN,True,3.050313993,0.007644575692,0.002512456874
2022-05-27,BAC,True,3.173161155,-0.001520561285,-0.0004789649548
2022-05-27,BND,False,,,
2022-05-27,GLD,False,,,
2022-05-27,GOOGL,True,6.086388512,-0.01428206272,-0.002341064403
2022-05-27,JNJ,True,10.91305162,0.0158740176,0.001456709083
2022-05-27,JPM,True,11.85475969,-0.009973080521,-0.0008405651199
2022-05-27,MSFT,True,9.705037403,-0.01303511364,-0.001341327061
2022-05-27,PG,True,6.194425037,-8.514549354e-05,-1.374531497e-05
2022-05-27,TSLA,True,1.865562436,0.002307690287,0.00123852645
2022-05-27,VNQ,False,,,
2022-05-27,WMT,True,2.158446798,-0.0009719210732,-0.0004500845827
2022-05-31,AAPL,True,7.088514477,-0.02261814927,-0.003180667618
2022-05-31,AMZN,True,3.057703712,0.007389719388,0.002422609412
2022-05-31,BAC,True,3.168082955,-0.005078200131,-0.001600359983
2022-05-31,BND,False,,,
2022-05-31,GLD,False,,,
2022-05-31,GOOGL,True,6.08274412,-0.003644391833,-0.0005987773908
2022-05-31,JNJ,True,10.92090155,0.007849930846,0.0007193158356
2022-05-31,JPM,True,11.86831469,0.01355500038,0.00114342262
2022-05-31,MSFT,True,9.701556003,-0.003481399965,-0.000358720922
2022-05-31,PG,True,6.190197742,-0.004227294927,-0.0006824353998
2022-05-31,TSLA,True,1.871642761,0.006080324852,0.003259244898
2022-05-31,VNQ,False,,,
2022-05-31,WMT,True,2.159525619,0.001078821256,0.0004998136886
2022-06-01,AAPL,True,7.099123171,0.01060869331,0.001496603181
2022-06-01,AMZN,True,3.058027984,0.0003242718093,0.0001060507622
2022-06-01,BAC,True,3.173405237,0.005322282571,0.001679969447
2022-06-01,BND,False,,,
2022-06-01,GLD,False,,,
2022-06-01,GOOGL,True,6.090685123,0.007941003168,0.00130549683
2022-06-01,JNJ,True,10.90786763,-0.01303392408,-0.001193484257
2022-06-01,JPM,True,11.87895365,0.0106389594,0.0008964170296
2022-06-01,MSFT,True,9.685498481,-0.01605752256,-0.00165514919
2022-06-01,PG,True,6.184823678,-0.005374063688,-0.0008681570303
2022-06-01,TSLA,True,1.86857568,-0.003067080903,-0.001638710638
2022-06-01,VNQ,False,,,
2022-06-01,WMT,True,2.160619589,0.001093969039,0.0005065784026
2022-06-02,AAPL,True,7.097002082,-0.002121088936,-0.0002987818193
2022-06-02,AMZN,True,3.053104995,-0.004922989357,-0.001609857523
2022-06-02,BAC,True,3.181578093,0.008172856028,0.002575421485
2022-06-02,BND,False,,,
2022-06-02,GLD,False,,,
2022-06-02,GOOGL,True,6.088667888,-0.002017235259,-0.0003312000568
2022-06-02,JNJ,True,10.90040627,-0.0074613622,-0.0006840349053
2022-06-02,JPM,True,11.87850334,-0.0004503029428,-3.79076269e-05
2022-06-02,MSFT,True,9.70448964,0.0189911592,0.001960782839
2022-06-02,PG,True,6.18368697,-0.001136708441,-0.000183789951
2022-06-02,TSLA,True,1.860885824,-0.007689856579,-0.004115357307
2022-06-02,VNQ,False,,,
2022-06-02,WMT,True,2.160733486,0.0001138971362,5.27150345e-05
2022-06-03,AAPL,True,7.098506818,0.001504736042,0.0002120241793
2022-06-03,AMZN,True,3.061469778,0.008364783493,0.002739762801
2022-06-03,BAC,True,3.184713322,0.003135228965,0.0009854320319
2022-06-03,BND,False,,,
2022-06-03,GLD,False,,,
2022-06-03,GOOGL,True,6.10226451,0.01359662159,0.002233102846
2022-06-03,JNJ,True,10.89234342,-0.008062850558,-0.0007396834908
2022-06-03,JPM,True,11.87604136,-0.002461977652,-0.0002072632874
2022-06-03,MSFT,True,9.711242041,0.006752401573,0.000695801822
2022-06-03,PG,True,6.181136764,-0.002550205315,-0.00041240854
2022-06-03,TSLA,True,1.860103422,-0.0007824021123,-0.0004204460598
2022-06-03,VNQ,False,,,
2022-06-03,WMT,True,2.156476937,-0.004256548932,-0.001969955554
2022-06-06,AAPL,True,7.09616036,-0.002346458278,-0.0003305565999
2022-06-06,AMZN,True,3.068105591,0.006635813122,0.002167525275
2022-06-06,BAC,True,3.187346004,0.002632681519,0.0008266620107
2022-06-06,BND,False,,,
2022-06-06,GLD,False,,,
2022-06-06,GOOGL,True,6.096063591,-0.006200918728,-0.001016166821
2022-06-06,JNJ,True,10.87074632,-0.02159709403,-0.001982777553
2022-06-06,JPM,True,11.87549757,-0.0005437922366,-4.578901504e-05
2022-06-06,MSFT,True,9.704776105,-0.00646593602,-0.000665819675
2022-06-06,PG,True,6.183079585,0.001942820467,0.000314314428
2022-06-06,TSLA,True,1.86191823,0.001814808509,0.0009756492504
2022-06-06,VNQ,False,,,
2022-06-06,WMT,True,2.152539952,-0.003936984882,-0.001825655918
2022-06-07,AAPL,True,7.079232757,-0.01692760277,-0.002385459448
2022-06-07,AMZN,True,3.070856573,0.002750981838,0.000896638579
2022-06-07,BAC,True,3.191649888,0.0043038844,0.00135030348
2022-06-07,BND,False,,,
2022-06-07,GLD,False,,,
2022-06-07,GOOGL,True,6.109010884,0.01294729279,0.002123877581
2022-06-07,JNJ,True,10.90381187,0.03306554891,0.003041699984
2022-06-07,JPM,True,11.87256156,-0.002936012855,-0.0002472328285
2022-06-07,MSFT,True,9.661034643,-0.04374146248,-0.004507209852
2022-06-07,PG,True,6.192739504,0.009659918648,0.001562315108
2022-06-07,TSLA,True,1.863739274,0.001821043945,0.000978047218
2022-06-07,VNQ,False,,,
2022-06-07,WMT,True,2.15111926,-0.00142069158,-0.0006600070668
2022-06-08,AAPL,True,7.069848685,-0.009384072038,-0.001325577553
2022-06-08,AMZN,True,3.072613289,0.001756716257,0.0005720606661
2022-06-08,BAC,True,3.190074955,-0.00157493324,-0.0004934542621
2022-06-08,BND,False,,,
2022-06-08,GLD,False,,,
2022-06-08,GOOGL,True,6.098911266,-0.01009961805,-0.001653232944
2022-06-08,JNJ,True,10.90925749,0.005445617279,0.0004994232607
2022-06-08,JPM,True,11.86730225,-0.005259305071,-0.0004429798106
2022-06-08,MSFT,True,9.628298942,-0.03273570098,-0.003388426001
2022-06-08,PG,True,6.192508189,-0.0002313141192,-3.735247044e-05
2022-06-08,TSLA,True,1.870604187,0.006864913437,0.00368340869
2022-06-08,VNQ,False,,,
2022-06-08,WMT,True,2.148517966,-0.002601294177,-0.001209274737
2022-06-09,AAPL,True,7.055280598,-0.01456808718,-0.002060593916
2022-06-09,AMZN,True,3.075221046,0.002607756151,0.0008487095204
2022-06-09,BAC,True,3.190737399,0.0006624433817,0.0002076576228
2022-06-09,BND,False,,,
2022-06-09,GLD,False,,,
2022-06-09,GOOGL,True,6.100061639,0.001150373242,0.0001886194424
2022-06-09,JNJ,True,10.88341264,-0.02584484795,-0.002369074887
2022-06-09,JPM,True,11.86419155,-0.003110701073,-0.0002621236913
2022-06-09,MSFT,True,9.644308695,0.01600975322,0.00166278107
2022-06-09,PG,True,6.183780924,-0.008727265076,-0.001409326368
2022-06-09,TSLA,True,1.87134812,0.0007439324181,0.0003976963289
2022-06-09,VNQ,False,,,
2022-06-09,WMT,True,2.149584775,0.001066808748,0.000496532384
2022-06-10,AAPL,True,7.047061238,-0.008219359457,-0.001164993985
2022-06-10,AMZN,True,3.073035421,-0.002185624268,-0.0007107210296
2022-06-10,BAC,True,3.190836683,9.928448533e-05,3.111647025e-05
2022-06-10,BND,False,,,
2022-06-10,GLD,False,,,
2022-06-10,GOOGL,True,6.102054224,0.001992584755,0.0003266499378
2022-06-10,JNJ,True,10.87008792,-0.01332472132,-0.00122431463
2022-06-10,JPM,True,11.86268848,-0.001503070296,-0.0001266896518
2022-06-10,MSFT,True,9.685546095,0.04123740019,0.004275827485
2022-06-10,PG,True,6.178563949,-0.005216975435,-0.0008436546344
2022-06-10,TSLA,True,1.867088552,-0.004259567573,-0.002276202663
2022-06-10,VNQ,False,,,
2022-06-10,WMT,True,2.140589492,-0.008995283082,-0.004184660771
2022-06-13,AAPL,True,7.038845139,-0.008216098667,-0.001165890063
2022-06-13,AMZN,True,3.065875734,-0.007159687665,-0.002329842219
2022-06-13,BAC,True,3.192124288,0.001287605182,0.0004035321484
2022-06-13,BND,False,,,
2022-06-13,GLD,False,,,
2022-06-13,GOOGL,True,6.100706649,-0.001347574334,-0.0002208394558
2022-06-13,JNJ,True,10.91473547,0.04464754757,0.004107376859
2022-06-13,JPM,True,11.83108187,-0.03160661084,-0.002664371646
2022-06-13,MSFT,True,9.687721548,0.002175452358,0.000224608126
2022-06-13,PG,True,6.17760671,-0.0009572391101,-0.0001549290609
2022-06-13,TSLA,True,1.872596947,0.005508395052,0.002950259132
2022-06-13,VNQ,False,,,
2022-06-13,WMT,True,2.134682346,-0.005907145892,-0.002759588382
2022-06-14,AAPL,True,7.033881381,-0.004963758546,-0.000705195021
2022-06-14,AMZN,True,3.053834306,-0.01204142737,-0.003927565372
2022-06-14,BAC,True,3.194300501,0.002176213293,0.0006817445365
2022-06-14,BND,False,,,
2022-06-14,GLD,False,,,
2022-06-14,GOOGL,True,6.093968412,-0.006738237759,-0.001104501191
2022-06-14,JNJ,True,10.91277321,-0.001962252889,-0.0001797801601
2022-06-14,JPM,True,11.8065007,-0.02458117242,-0.002077677484
2022-06-14,MSFT,True,9.705147982,0.01742643444,0.001798816611
2022-06-14,PG,True,6.166551072,-0.0110556375,-0.001789631167
2022-06-14,TSLA,True,1.871660025,-0.0009369226081,-0.0005003332989
2022-06-14,VNQ,False,,,
2022-06-14,WMT,True,2.135760125,0.0010777788,0.0005048895459
2022-06-15,AAPL,True,7.045111579,0.01123019774,0.00159658617
2022-06-15,AMZN,True,3.059281506,0.005447199734,0.001783724717
2022-06-15,BAC,True,3.188641211,-0.005659290906,-0.001771683943
2022-06-15,BND,False,,,
2022-06-15,GLD,False,,,
2022-06-15,GOOGL,True,6.075096899,-0.01887151283,-0.003096752651
2022-06-15,JNJ,True,10.92806875,0.01529553896,0.001401617963
2022-06-15,JPM,True,11.8000884,-0.006412298972,-0.0005431159608
2022-06-15,MSFT,True,9.715555435,0.01040745263,0.001072364136
2022-06-15,PG,True,6.164681287,-0.001869785046,-0.0003032140696
2022-06-15,TSLA,True,1.870449684,-0.001210340838,-0.0006466670344
2022-06-15,VNQ,False,,,
2022-06-15,WMT,True,2.135937754,0.0001776294156,8.316917878e-05
2022-06-16,AAPL,True,7.04855667,0.003445091551,0.0004890045406
2022-06-16,AMZN,True,3.053864232,-0.005417273809,-0.001770766697
2022-06-16,BAC,True,3.186353312,-0.002287898169,-0.0007175150848
2022-06-16,BND,False,,,
2022-06-16,GLD,False,,,
2022-06-16,GOOGL,True,6.088011093,0.01291419416,0.002125759371
2022-06-16,JNJ,True,10.89949851,-0.02857023896,-0.002614390484
2022-06-16,JPM,True,11.79362758,-0.00646082122,-0.0005475231202
2022-06-16,MSFT,True,9.719526661,0.003971225866,0.0004087492365
2022-06-16,PG,True,6.172865625,0.008184338048,0.001327617385
2022-06-16,TSLA,True,1.868698852,-0.001750831587,-0.0009360484817
2022-06-16,VNQ,False,,,
2022-06-16,WMT,True,2.137767594,0.001829840302,0.0008566917732
2022-06-17,AAPL,True,6.896239398,-0.152317272,-0.02160971091
2022-06-17,AMZN,True,3.16144709,0.107582858,0.03522843514
2022-06-17,BAC,True,3.293180788,0.1068274757,0.03352656319
2022-06-17,BND,False,,,
2022-06-17,GLD,False,,,
2022-06-17,GOOGL,True,6.367374837,0.2793637442,0.0458875222
2022-06-17,JNJ,True,11.02840632,0.1289078086,0.0118269486
2022-06-17,JPM,True,11.65279584,-0.140831743,-0.01194134222
2022-06-17,MSFT,True,9.980167108,0.260640447,0.02681616668
2022-06-17,PG,True,6.142643532,-0.0302220936,-0.004895958448
2022-06-17,TSLA,True,1.854108231,-0.0145906209,-0.007807903816
2022-06-17,VNQ,False,,,
2022-06-17,WMT,True,2.060206222,-0.07756137224,-0.03628148001
2022-06-21,AAPL,True,6.905423617,0.009184219069,0.001331772077
2022-06-21,AMZN,True,3.166657285,0.005210194712,0.001648041091
2022-06-21,BAC,True,3.294063772,0.0008829834953,0.0002681248167
2022-06-21,BND,False,,,
2022-06-21,GLD,False,,,
2022-06-21,GOOGL,True,6.361365197,-0.006009639552,-0.000943817461
2022-06-21,JNJ,True,11.00661132,-0.02179499852,-0.001976260022
2022-06-21,JPM,True,11.62720847,-0.02558736315,-0.00219581322
2022-06-21,MSFT,True,9.940699386,-0.03946772152,-0.003954615298
2022-06-21,PG,True,6.126914309,-0.01572922309,-0.002560660245
2022-06-21,TSLA,True,1.855397716,0.00128948457,0.0006954742705
2022-06-21,VNQ,False,,,
2022-06-21,WMT,True,2.059252549,-0.0009536730682,-0.0004629017513
2022-06-22,AAPL,True,6.912139859,0.006716242132,0.0009726039276
2022-06-22,AMZN,True,3.165468607,-0.001188677874,-0.0003753730723
2022-06-22,BAC,True,3.295947167,0.001883395808,0.0005717545072
2022-06-22,BND,False,,,
2022-06-22,GLD,False,,,
2022-06-22,GOOGL,True,6.363964628,0.002599430815,0.0004086278235
2022-06-22,JNJ,True,10.98841947,-0.01819185589,-0.001652811692
2022-06-22,JPM,True,11.61793049,-0.009277984145,-0.0007979545706
2022-06-22,MSFT,True,9.941351904,0.000652517941,6.564104955e-05
2022-06-22,PG,True,6.132726319,0.005812010595,0.0009486032124
2022-06-22,TSLA,True,1.858677974,0.00328025856,0.001767954402
2022-06-22,VNQ,False,,,
2022-06-22,WMT,True,2.057529382,-0.001723166679,-0.0008367923009
2022-06-23,AAPL,True,6.911365477,-0.0007743823052,-0.0001120322101
2022-06-23,AMZN,True,3.167201229,0.001732622191,0.0005473509317
2022-06-23,BAC,True,3.294674216,-0.001272951158,-0.0003862171003
2022-06-23,BND,False,,,
2022-06-23,GLD,False,,,
2022-06-23,GOOGL,True,6.354794142,-0.009170486771,-0.001441002159
2022-06-23,JNJ,True,10.98752914,-0.0008903280691,-8.10242157e-05
2022-06-23,JPM,True,11.59932962,-0.01860087251,-0.0016010487
2022-06-23,MSFT,True,9.941305678,-4.622613231e-05,-4.649883914e-06
2022-06-23,PG,True,6.143543941,0.01081762176,0.001763917252
2022-06-23,TSLA,True,1.860194823,0.001516848438,0.0008160899623
2022-06-23,VNQ,False,,,
2022-06-23,WMT,True,2.061216517,0.003687134829,0.001792020498
2022-06-24,AAPL,True,6.908845567,-0.002519910251,-0.0003646038195
2022-06-24,AMZN,True,3.172491861,0.005290632089,0.001670443936
2022-06-24,BAC,True,3.299338273,0.004664056588,0.001415635138
2022-06-24,BND,False,,,
2022-06-24,GLD,False,,,
2022-06-24,GOOGL,True,6.336601015,-0.01819312658,-0.002862897865
2022-06-24,JNJ,True,10.99626496,0.008735821777,0.0007950669951
2022-06-24,JPM,True,11.59525932,-0.00407030069,-0.0003509082701
2022-06-24,MSFT,True,9.952028875,0.01072319704,0.001078650772
2022-06-24,PG,True,6.150340093,0.006796151792,0.001106226611
2022-06-24,TSLA,True,1.862040667,0.001845844062,0.0009922853455
2022-06-24,VNQ,False,,,
2022-06-24,WMT,True,2.058532465,-0.002684051777,-0.00130216877
2022-06-27,AAPL,True,6.893994417,-0.01485115026,-0.002149584922
2022-06-27,AMZN,True,3.175833311,0.003341449747,0.001053257153
2022-06-27,BAC,True,3.296695938,-0.002642334923,-0.0008008681453
2022-06-27,BND,False,,,
2022-06-27,GLD,False,,,
2022-06-27,GOOGL,True,6.320247732,-0.01635328344,-0.002580765839
2022-06-27,JNJ,True,11.01594456,0.01967960264,0.001789662464
2022-06-27,JPM,True,11.58225142,-0.01300789768,-0.001121828959
2022-06-27,MSFT,True,9.936842358,-0.01518651655,-0.001525971914
2022-06-27,PG,True,6.156189536,0.005849443622,0.00095107645
2022-06-27,TSLA,True,1.861801146,-0.0002395205163,-0.0001286333433
2022-06-27,VNQ,False,,,
2022-06-27,WMT,True,2.056487468,-0.002044997661,-0.0009934250224
2022-06-28,AAPL,True,6.890614996,-0.00337942102,-0.0004901978179
2022-06-28,AMZN,True,3.16776346,-0.008069851575,-0.002541018619
2022-06-28,BAC,True,3.295654314,-0.001041623886,-0.0003159599507
2022-06-28,BND,False,,,
2022-06-28,GLD,False,,,
2022-06-28,GOOGL,True,6.306735111,-0.01351262011,-0.002137988997
2022-06-28,JNJ,True,11.00689282,-0.009051740303,-0.0008216944312
2022-06-28,JPM,True,11.59227455,0.010023136,0.0008653875343
2022-06-28,MSFT,True,9.940208125,0.00336576677,0.0003387159269
2022-06-28,PG,True,6.145122789,-0.01106674761,-0.001797661938
2022-06-28,TSLA,True,1.864674304,0.002873157673,0.001543214042
2022-06-28,VNQ,False,,,
2022-06-28,WMT,True,2.056169447,-0.0003180206063,-0.0001546426182
2022-06-29,AAPL,True,6.886348904,-0.004266091255,-0.000619116183
2022-06-29,AMZN,True,3.162365725,-0.005397734241,-0.00170395748
2022-06-29,BAC,True,3.299701636,0.004047322256,0.001228078515
2022-06-29,BND,False,,,
2022-06-29,GLD,False,,,
2022-06-29,GOOGL,True,6.287126699,-0.01960841193,-0.003109122483
2022-06-29,JNJ,True,11.00481335,-0.002079470231,-0.0001889243644
2022-06-29,JPM,True,11.57765334,-0.01462121437,-0.001261289517
2022-06-29,MSFT,True,9.922112007,-0.01809611859,-0.001820496952
2022-06-29,PG,True,6.126483322,-0.01863946629,-0.003033212993
2022-06-29,TSLA,True,1.86653842,0.001864115588,0.0009997003679
2022-06-29,VNQ,False,,,
2022-06-29,WMT,True,2.052163646,-0.004005801093,-0.001948186274
2022-06-30,AAPL,True,6.897489947,0.01114104267,0.00161784464
2022-06-30,AMZN,True,3.161805063,-0.0005606627383,-0.0001772921879
2022-06-30,BAC,True,3.300554078,0.0008524417307,0.0002583390332
2022-06-30,BND,False,,,
2022-06-30,GLD,False,,,
2022-06-30,GOOGL,True,6.276999989,-0.01012671059,-0.001610705665
2022-06-30,JNJ,True,10.99473757,-0.01007578655,-0.0009155799577
2022-06-30,JPM,True,11.5744033,-0.003250037281,-0.0002807164099
2022-06-30,MSFT,True,9.929302869,0.007190862149,0.0007247309992
2022-06-30,PG,True,6.131103929,0.004620607038,0.0007542021736
2022-06-30,TSLA,True,1.864117865,-0.002420554805,-0.001296814884
2022-06-30,VNQ,False,,,
2022-06-30,WMT,True,2.056305128,0.004141481948,0.002018105113
2022-07-01,AAPL,True,6.88105965,-0.01643029684,-0.00238206898
2022-07-01,AMZN,True,3.160407353,-0.001397709934,-0.0004420607552
2022-07-01,BAC,True,3.296127857,-0.004426221147,-0.001341053969
2022-07-01,BND,False,,,
2022-07-01,GLD,False,,,
2022-07-01,GOOGL,True,6.262024429,-0.01497555959,-0.002385782955
2022-07-01,JNJ,True,10.97812733,-0.01661023979,-0.001510744544
2022-07-01,JPM,True,11.55992122,-0.01448208744,-0.001251216763
2022-07-01,MSFT,True,9.921409351,-0.007893518237,-0.0007949720481
2022-07-01,PG,True,6.130229354,-0.0008745752417,-0.0001426456396
2022-07-01,TSLA,True,1.866321074,0.002203208718,0.001181904191
2022-07-01,VNQ,False,,,
2022-07-01,WMT,True,2.055111922,-0.001193205777,-0.0005802668878
2022-07-05,AAPL,True,6.874681138,-0.006378512258,-0.0009269665695
2022-07-05,AMZN,True,3.159948209,-0.0004591435583,-0.0001452798665
2022-07-05,BAC,True,3.292805021,-0.003322835936,-0.001008102865
2022-07-05,BND,False,,,
2022-07-05,GLD,False,,,
2022-07-05,GOOGL,True,6.237862651,-0.02416177818,-0.003858461182
2022-07-05,JNJ,True,10.96697801,-0.01114931389,-0.001015593421
2022-07-05,JPM,True,11.55663784,-0.003283372986,-0.0002840307408
2022-07-05,MSFT,True,9.902492014,-0.01891733656,-0.001906718682
2022-07-05,PG,True,6.113440017,-0.01678933767,-0.002738778061
2022-07-05,TSLA,True,1.868949428,0.002628354577,0.001408307828
2022-07-05,VNQ,False,,,
2022-07-05,WMT,True,2.054770693,-0.0003412287878,-0.0001660390289
2022-07-06,AAPL,True,6.888638912,0.01395777438,0.002030315893
2022-07-06,AMZN,True,3.146998327,-0.0129498826,-0.004098131281
2022-07-06,BAC,True,3.292120671,-0.0006843498776,-0.000207831886
2022-07-06,BND,False,,,
2022-07-06,GLD,False,,,
2022-07-06,GOOGL,True,6.245490975,0.007628323853,0.001222906672
2022-07-06,JNJ,True,10.96609522,-0.000882791312,-8.049540274e-05
2022-07-06,JPM,True,11.53679191,-0.01984593618,-0.001717275945
2022-07-06,MSFT,True,9.904637178,0.00214516419,0.000216628722
2022-07-06,PG,True,6.119575709,0.006135692343,0.001003639903
2022-07-06,TSLA,True,1.871110647,0.002161218347,0.001156381395
2022-07-06,VNQ,False,,,
2022-07-06,WMT,True,2.055733744,0.0009630507646,0.0004686901403
2022-07-07,AAPL,True,6.892498742,0.003859830045,0.0005603182419
2022-07-07,AMZN,True,3.148736641,0.00173831423,0.0005523721496
2022-07-07,BAC,True,3.284160759,-0.007959912446,-0.002417867764
2022-07-07,BND,False,,,
2022-07-07,GLD,False,,,
2022-07-07,GOOGL,True,6.24513667,-0.0003543051763,-5.672975555e-05
2022-07-07,JNJ,True,10.93972928,-0.02636593978,-0.00240431432
2022-07-07,JPM,True,11.51062315,-0.02616875856,-0.0022682873
2022-07-07,MSFT,True,9.877314237,-0.02732294155,-0.002758600952
2022-07-07,PG,True,6.126106436,0.006530727268,0.001067186285
2022-07-07,TSLA,True,1.872848569,0.001737922802,0.0009288188303
2022-07-07,VNQ,False,,,
2022-07-07,WMT,True,2.0573319,0.001598155352,0.0007774135907
2022-07-08,AAPL,True,6.898605478,0.006106736162,0.0008859974285
2022-07-08,AMZN,True,3.149944161,0.001207519948,0.0003834934724
2022-07-08,BAC,True,3.277629277,-0.006531481391,-0.001988782484
2022-07-08,BND,False,,,
2022-07-08,GLD,False,,,
2022-07-08,GOOGL,True,6.238856861,-0.006279808758,-0.001005551854
2022-07-08,JNJ,True,10.92995756,-0.009771718422,-0.0008932321971
2022-07-08,JPM,True,11.48393517,-0.0266879732,-0.002318551555
2022-07-08,MSFT,True,9.893341255,0.01602701805,0.001622608906
2022-07-08,PG,True,6.138458121,0.01235168501,0.002016237416
2022-07-08,TSLA,True,1.876925488,0.004076918982,0.002176854578
2022-07-08,VNQ,False,,,
2022-07-08,WMT,True,2.052823537,-0.004508362126,-0.002191363546
2022-07-11,AAPL,True,6.907558538,0.008953059622,0.001297807166
2022-07-11,AMZN,True,3.143454624,-0.006489536355,-0.002060206792
2022-07-11,BAC,True,3.267786143,-0.009843133844,-0.003003126044
2022-07-11,BND,False,,,
2022-07-11,GLD,False,,,
2022-07-11,GOOGL,True,6.231217175,-0.007639685889,-0.001224532965
2022-07-11,JNJ,True,10.91949981,-0.01045775116,-0.0009567970506
2022-07-11,JPM,True,11.47869759,-0.005237587267,-0.0004560794874
2022-07-11,MSFT,True,9.86913859,-0.0242026647,-0.002446359029
2022-07-11,PG,True,6.149885488,0.01142736695,0.001861602168
2022-07-11,TSLA,True,1.878966837,0.002041349131,0.001087602648
2022-07-11,VNQ,False,,,
2022-07-11,WMT,True,2.050851043,-0.001972494424,-0.0009608689632
2022-07-12,AAPL,True,6.906648355,-0.0009101829759,-0.0001317662342
2022-07-12,AMZN,True,3.141701203,-0.00175342148,-0.0005578007921
2022-07-12,BAC,True,3.25787613,-0.009910013563,-0.003032638345
2022-07-12,BND,False,,,
2022-07-12,GLD,False,,,
2022-07-12,GOOGL,True,6.234892711,0.003675536281,0.0005898584784
2022-07-12,JNJ,True,10.92527038,0.005770564641,0.0005284641916
2022-07-12,JPM,True,11.48495172,0.006254132434,0.0005448468684
2022-07-12,MSFT,True,9.873663235,0.004524645212,0.0004584640464
2022-07-12,PG,True,6.156184444,0.006298955371,0.001024239457
2022-07-12,TSLA,True,1.875543088,-0.003423749613,-0.001822144779
2022-07-12,VNQ,False,,,
2022-07-12,WMT,True,2.049731099,-0.001119943831,-0.0005460873595
2022-07-13,AAPL,True,6.896937219,-0.009711136519,-0.001406056313
2022-07-13,AMZN,True,3.150031791,0.008330588322,0.002651617001
2022-07-13,BAC,True,3.259270503,0.001394373285,0.0004280007063
2022-07-13,BND,False,,,
2022-07-13,GLD,False,,,
2022-07-13,GOOGL,True,6.229115751,-0.005776960832,-0.0009265533665
2022-07-13,JNJ,True,10.92371013,-0.001560252051,-0.0001428112987
2022-07-13,JPM,True,11.47079613,-0.01415559113,-0.001232533795
2022-07-13,MSFT,True,9.857549706,-0.01611352964,-0.001631970755
2022-07-13,PG,True,6.16456763,0.008383186222,0.001361750334
2022-07-13,TSLA,True,1.876647328,0.001104239797,0.0005887573601
2022-07-13,VNQ,False,,,
2022-07-13,WMT,True,2.048757678,-0.0009734214536,-0.0004749020269
2022-07-14,AAPL,True,6.899806523,0.002869304424,0.0004160258869
2022-07-14,AMZN,True,3.150518624,0.0004868329143,0.0001545485717
2022-07-14,BAC,True,3.251832444,-0.007438058699,-0.002282123773
2022-07-14,BND,False,,,
2022-07-14,GLD,False,,,
2022-07-14,GOOGL,True,6.225119612,-0.003996138772,-0.0006415258493
2022-07-14,JNJ,True,10.92758961,0.003879483382,0.0003551433842
2022-07-14,JPM,True,11.48229385,0.01149771992,0.00100234716
2022-07-14,MSFT,True,9.846690476,-0.01085922961,-0.001101615506
2022-07-14,PG,True,6.169808682,0.00524105226,0.0008501897579
2022-07-14,TSLA,True,1.876670766,2.343789259e-05,1.248923665e-05
2022-07-14,VNQ,False,,,
2022-07-14,WMT,True,2.049949582,0.001191904593,0.0005817694334
2022-07-15,AAPL,True,6.909484869,0.009678345738,0.001402698134
2022-07-15,AMZN,True,3.160157884,0.009639260235,0.003059578877
2022-07-15,BAC,True,3.251682026,-0.0001504186318,-4.625657515e-05
2022-07-15,BND,False,,,
2022-07-15,GLD,False,,,
2022-07-15,GOOGL,True,6.228472406,0.003352793788,0.0005385910628
2022-07-15,JNJ,True,10.92365587,-0.003933741581,-0.0003599825508
2022-07-15,JPM,True,11.49625851,0.01396466019,0.001216190804
2022-07-15,MSFT,True,9.882119534,0.03542905812,0.003598067615
2022-07-15,PG,True,6.177869013,0.008060330545,0.00130641499
2022-07-15,TSLA,True,1.878603771,0.001933005816,0.001030018612
2022-07-15,VNQ,False,,,
2022-07-15,WMT,True,2.043657437,-0.006292145529,-0.003069414771
2022-07-18,AAPL,True,6.901668347,-0.007816521736,-0.001131274167
2022-07-18,AMZN,True,3.169577224,0.0094193398,0.00298065481
2022-07-18,BAC,True,3.259506866,0.007824839985,0.00240639765
2022-07-18,BND,False,,,
2022-07-18,GLD,False,,,
2022-07-18,GOOGL,True,6.245344436,0.01687203073,0.00270885534
2022-07-18,JNJ,True,10.9190142,-0.004641664386,-0.0004249185842
2022-07-18,JPM,True,11.49094631,-0.005312198895,-0.0004620806753
2022-07-18,MSFT,True,9.909333623,0.02721408887,0.002753871654
2022-07-18,PG,True,6.192955071,0.015086058,0.002441951743
2022-07-18,TSLA,True,1.872939028,-0.005664743661,-0.003015400984
2022-07-18,VNQ,False,,,
2022-07-18,WMT,True,2.043955612,0.0002981751473,0.0001459027046
2022-07-19,AAPL,True,6.903068674,0.001400327062,0.0002028968927
2022-07-19,AMZN,True,3.175415151,0.005837927231,0.001841863068
2022-07-19,BAC,True,3.26403829,0.004531424134,0.001390217699
2022-07-19,BND,False,,,
2022-07-19,GLD,False,,,
2022-07-19,GOOGL,True,6.250103913,0.004759477089,0.0007620840031
2022-07-19,JNJ,True,10.91772945,-0.001284753983,-0.0001176620856
2022-07-19,JPM,True,11.50442183,0.01347551745,0.001172707372
2022-07-19,MSFT,True,9.899237543,-0.01009607972,-0.001018845474
2022-07-19,PG,True,6.18404282,-0.008912250164,-0.001439094917
2022-07-19,TSLA,True,1.878327691,0.005388663574,0.00287711639
2022-07-19,VNQ,False,,,
2022-07-19,WMT,True,2.045828001,0.001872389104,0.0009160615293
2022-07-20,AAPL,True,6.908530935,0.005462261316,0.0007912801646
2022-07-20,AMZN,True,3.182262534,0.006847382449,0.00215637393
2022-07-20,BAC,True,3.26407775,3.945979459e-05,1.208925603e-05
2022-07-20,BND,False,,,
2022-07-20,GLD,False,,,
2022-07-20,GOOGL,True,6.23969358,-0.010410333,-0.001665625586
2022-07-20,JNJ,True,10.90401477,-0.01371467445,-0.001256183762
2022-07-20,JPM,True,11.53041565,0.02599382273,0.002259463632
2022-07-20,MSFT,True,9.881930289,-0.01730725402,-0.001748342126
2022-07-20,PG,True,6.196407043,0.01236422251,0.001999375307
2022-07-20,TSLA,True,1.877795964,-0.0005317271657,-0.0002830854106
2022-07-20,VNQ,False,,,
2022-07-20,WMT,True,2.049307333,0.003479332437,0.001700696459
2022-07-21,AAPL,True,6.888014445,-0.0205164906,-0.002969732753
2022-07-21,AMZN,True,3.186772842,0.004510308048,0.001417327452
2022-07-21,BAC,True,3.266843565,0.002765815368,0.0008473497202
2022-07-21,BND,False,,,
2022-07-21,GLD,False,,,
2022-07-21,GOOGL,True,6.256978565,0.01728498486,0.002770165655
2022-07-21,JNJ,True,10.89076586,-0.01324891777,-0.001215049507
2022-07-21,JPM,True,11.53508403,0.004668383912,0.0004048755963
2022-07-21,MSFT,True,9.893802589,0.01187229958,0.00120141503
2022-07-21,PG,True,6.215045031,0.01863798848,0.003007870262
2022-07-21,TSLA,True,1.87733992,-0.0004560441527,-0.0002428613978
2022-07-21,VNQ,False,,,
2022-07-21,WMT,True,2.052532714,0.003225380666,0.001573888217
2022-07-22,AAPL,True,6.887478949,-0.0005354959204,-7.774314713e-05
2022-07-22,AMZN,True,3.18918031,0.002407467705,0.0007554563268
2022-07-22,BAC,True,3.275654519,0.008810954265,0.002697084843
2022-07-22,BND,False,,,
2022-07-22,GLD,False,,,
2022-07-22,GOOGL,True,6.239613931,-0.01736463468,-0.002775242794
2022-07-22,JNJ,True,10.83531775,-0.05544810801,-0.005091295575
2022-07-22,JPM,True,11.5478305,0.01274646984,0.00110501751
2022-07-22,MSFT,True,9.883172347,-0.01063024164,-0.001074434379
2022-07-22,PG,True,6.219355852,0.004310820724,0.0006936105373
2022-07-22,TSLA,True,1.870134682,-0.007205237795,-0.003838003826
2022-07-22,VNQ,False,,,
2022-07-22,WMT,True,2.053423386,0.0008906719408,0.000433938
2022-07-25,AAPL,True,6.878221852,-0.009257097362,-0.001344047282
2022-07-25,AMZN,True,3.184572858,-0.004607451205,-0.001444713298
2022-07-25,BAC,True,3.273309876,-0.002344643363,-0.0007157785868
2022-07-25,BND,False,,,
2022-07-25,GLD,False,,,
2022-07-25,GOOGL,True,6.235942982,-0.003670948939,-0.0005883294992
2022-07-25,JNJ,True,10.83775728,0.002439533594,0.0002251464747
2022-07-25,JPM,True,11.51514823,-0.03268227515,-0.002830165817
2022-07-25,MSFT,True,9.911967221,0.02879487409,0.002913525443
2022-07-25,PG,True,6.226584813,0.007228960864,0.00116233273
2022-07-25,TSLA,True,1.866009432,-0.004125250267,-0.002205857314
2022-07-25,VNQ,False,,,
2022-07-25,WMT,True,2.053447132,2.374549542e-05,1.15638575e-05
2022-07-26,AAPL,True,6.859037357,-0.01918449477,-0.002789164872
2022-07-26,AMZN,True,3.179985723,-0.00458713577,-0.001440424187
2022-07-26,BAC,True,3.26500643,-0.008303445469,-0.002536712314
2022-07-26,BND,False,,,
2022-07-26,GLD,False,,,
2022-07-26,GOOGL,True,6.224537841,-0.01140514049,-0.001828935981
2022-07-26,JNJ,True,10.84361492,0.005857636218,0.0005404841671
2022-07-26,JPM,True,11.50079947,-0.01434876278,-0.001246077123
2022-07-26,MSFT,True,9.886950163,-0.02501705827,-0.002523924637
2022-07-26,PG,True,6.216466876,-0.01011793671,-0.001624957663
2022-07-26,TSLA,True,1.866428322,0.0004188899024,0.0002244843436
2022-07-26,VNQ,False,,,
2022-07-26,WMT,True,2.05149707,-0.001950061831,-0.0009496528065
2022-07-27,AAPL,True,6.857398735,-0.001638621799,-0.0002388996755
2022-07-27,AMZN,True,3.176769974,-0.003215748965,-0.001011246353
2022-07-27,BAC,True,3.269023424,0.004016993719,0.001230317246
2022-07-27,BND,False,,,
2022-07-27,GLD,False,,,
2022-07-27,GOOGL,True,6.225998369,0.001460528278,0.0002346404368
2022-07-27,JNJ,True,10.78449565,-0.05911926509,-0.005451988616
2022-07-27,JPM,True,11.46751228,-0.0332871854,-0.00289433665
2022-07-27,MSFT,True,9.87836082,-0.008589343338,-0.0008687556017
2022-07-27,PG,True,6.210667324,-0.005799552586,-0.0009329338837
2022-07-27,TSLA,True,1.867396118,0.0009677960086,0.0005185283556
2022-07-27,VNQ,False,,,
2022-07-27,WMT,True,2.048866949,-0.002630120547,-0.00128204938
2022-07-28,AAPL,True,6.865019471,0.007620735982,0.001111315861
2022-07-28,AMZN,True,3.172198177,-0.004571797071,-0.001439133809
2022-07-28,BAC,True,3.264426506,-0.004596918245,-0.001406205355
2022-07-28,BND,False,,,
2022-07-28,GLD,False,,,
2022-07-28,GOOGL,True,6.218344607,-0.007653762803,-0.001229322969
2022-07-28,JNJ,True,10.75934079,-0.02515486671,-0.002332502838
2022-07-28,JPM,True,11.42168371,-0.04582856651,-0.003996382597
2022-07-28,MSFT,True,9.854164285,-0.02419653454,-0.002449448343
2022-07-28,PG,True,6.190846786,-0.01982053801,-0.003191370103
2022-07-28,TSLA,True,1.864703083,-0.002693034842,-0.001442133684
2022-07-28,VNQ,False,,,
2022-07-28,WMT,True,2.043920621,-0.004946327745,-0.002414177137
2022-07-29,AAPL,True,6.849793878,-0.0152255934,-0.002217851452
2022-07-29,AMZN,True,3.167629252,-0.00456892481,-0.001440302452
2022-07-29,BAC,True,3.255678969,-0.008747536526,-0.002679654913
2022-07-29,BND,False,,,
2022-07-29,GLD,False,,,
2022-07-29,GOOGL,True,6.212554355,-0.005790252075,-0.0009311565121
2022-07-29,JNJ,True,10.71771659,-0.04162420113,-0.003868657194
2022-07-29,JPM,True,11.38754878,-0.03413493448,-0.002988607926
2022-07-29,MSFT,True,9.83733904,-0.01682524504,-0.001707424857
2022-07-29,PG,True,6.187864552,-0.00298223383,-0.0004817166267
2022-07-29,TSLA,True,1.863437337,-0.001265745982,-0.0006787922395
2022-07-29,VNQ,False,,,
2022-07-29,WMT,True,2.036383551,-0.007537070016,-0.003687555151
2022-08-01,AAPL,True,6.842866586,-0.006927291761,-0.0010113139
2022-08-01,AMZN,True,3.158189998,-0.009439253565,-0.002979911099
2022-08-01,BAC,True,3.249291621,-0.006387348096,-0.001961909683
2022-08-01,BND,False,,,
2022-08-01,GLD,False,,,
2022-08-01,GOOGL,True,6.225723468,0.01316911376,0.002119758316
2022-08-01,JNJ,True,10.71636112,-0.001355469359,-0.000126469976
2022-08-01,JPM,True,11.3882332,0.0006844211794,6.010259035e-05
2022-08-01,MSFT,True,9.843364086,0.006025045577,0.0006124670048
2022-08-01,PG,True,6.166763485,-0.02110106667,-0.003410072489
2022-08-01,TSLA,True,1.86382724,0.0003899029054,0.0002092385387
2022-08-01,VNQ,False,,,
2022-08-01,WMT,True,2.033910281,-0.002473270518,-0.001214540609
2022-08-02,AAPL,True,6.867936772,0.02507018613,0.003663696466
2022-08-02,AMZN,True,3.161552101,0.00336210262,0.001064566293
2022-08-02,BAC,True,3.244667359,-0.00462426203,-0.001423160051
2022-08-02,BND,False,,,
2022-08-02,GLD,False,,,
2022-08-02,GOOGL,True,6.231561228,0.005837759484,0.0009376837108
2022-08-02,JNJ,True,10.70630155,-0.01005956525,-0.0009387109241
2022-08-02,JPM,True,11.3647473,-0.02348590437,-0.002062295701
2022-08-02,MSFT,True,9.858491532,0.01512744612,0.001536816681
2022-08-02,PG,True,6.166678005,-8.547971765e-05,-1.386135821e-05
2022-08-02,TSLA,True,1.866418215,0.002590974659,0.001390136706
2022-08-02,VNQ,False,,,
2022-08-02,WMT,True,2.034018548,0.0001082672357,5.323107743e-05
2022-08-03,AAPL,True,6.876956154,0.009019381628,0.001313259269
2022-08-03,AMZN,True,3.166176744,0.004624643354,0.001462776259
2022-08-03,BAC,True,3.239478001,-0.005189358772,-0.001599350009
2022-08-03,BND,False,,,
2022-08-03,GLD,False,,,
2022-08-03,GOOGL,True,6.250513579,0.01895235135,0.003041348814
2022-08-03,JNJ,True,10.6973097,-0.008991855583,-0.0008398657128
2022-08-03,JPM,True,11.36713893,0.002391633939,0.0002104432133
2022-08-03,MSFT,True,9.831083344,-0.02740818773,-0.002780160397
2022-08-03,PG,True,6.162908629,-0.003769375971,-0.0006112490336
2022-08-03,TSLA,True,1.866564013,0.0001457984553,7.81167126e-05
2022-08-03,VNQ,False,,,
2022-08-03,WMT,True,2.032669658,-0.001348890403,-0.0006631652423
2022-08-04,AAPL,True,6.875522798,-0.001433355782,-0.0002084288091
2022-08-04,AMZN,True,3.150709485,-0.01546725935,-0.004885153484
2022-08-04,BAC,True,3.237857631,-0.001620369518,-0.0005001946357
2022-08-04,BND,False,,,
2022-08-04,GLD,False,,,
2022-08-04,GOOGL,True,6.256130336,0.005616756451,0.0008986071912
2022-08-04,JNJ,True,10.68863056,-0.00867913302,-0.0008113379221
2022-08-04,JPM,True,11.32241395,-0.0447249803,-0.003934585525
2022-08-04,MSFT,True,9.829159472,-0.001923872373,-0.0001956928149
2022-08-04,PG,True,6.164812044,0.001903414509,0.0003088500291
2022-08-04,TSLA,True,1.865289879,-0.001274134491,-0.0006826095874
2022-08-04,VNQ,False,,,
2022-08-04,WMT,True,2.030658841,-0.002010817186,-0.0009892493739
2022-08-05,AAPL,True,6.883312038,0.007789240337,0.001132894264
2022-08-05,AMZN,True,3.151675375,0.0009658897875,0.0003065626305
2022-08-05,BAC,True,3.246219837,0.008362205705,0.00258263539
2022-08-05,BND,False,,,
2022-08-05,GLD,False,,,
2022-08-05,GOOGL,True,6.254884799,-0.001245536335,-0.0001990905349
2022-08-05,JNJ,True,10.68380055,-0.004830013189,-0.0004518832568
2022-08-05,JPM,True,11.2790929,-0.04332104979,-0.003826131952
2022-08-05,MSFT,True,9.802934687,-0.02622478449,-0.002668059723
2022-08-05,PG,True,6.161819456,-0.002992588239,-0.0004854305723
2022-08-05,TSLA,True,1.869041315,0.003751436775,0.00201118165
2022-08-05,VNQ,False,,,
2022-08-05,WMT,True,2.027182797,-0.003476043938,-0.001711781353
2022-08-08,AAPL,True,6.898664298,0.01535225994,0.002230359433
2022-08-08,AMZN,True,3.144178945,-0.007496429766,-0.002378553904
2022-08-08,BAC,True,3.241869545,-0.00435029215,-0.001340110149
2022-08-08,BND,False,,,
2022-08-08,GLD,False,,,
2022-08-08,GOOGL,True,6.256502259,0.00161745942,0.0002585914004
2022-08-08,JNJ,True,10.65849216,-0.02530839199,-0.002368856651
2022-08-08,JPM,True,11.26903483,-0.01005806776,-0.000891744385
2022-08-08,MSFT,True,9.81533013,0.0123954431,0.00126446248
2022-08-08,PG,True,6.169712056,0.007892599962,0.001280887897
2022-08-08,TSLA,True,1.865740789,-0.003300526258,-0.001765892616
2022-08-08,VNQ,False,,,
2022-08-08,WMT,True,2.026092777,-0.001090019852,-0.0005377018066
2022-08-09,AAPL,True,6.899294154,0.0006298555745,9.130109066e-05
2022-08-09,AMZN,True,3.139724077,-0.004454867373,-0.001416861906
2022-08-09,BAC,True,3.236224652,-0.005644892453,-0.001741246023
2022-08-09,BND,False,,,
2022-08-09,GLD,False,,,
2022-08-09,GOOGL,True,6.239725306,-0.01677695249,-0.002681522645
2022-08-09,JNJ,True,10.64869787,-0.009794282334,-0.0009189181913
2022-08-09,JPM,True,11.24819565,-0.02083918498,-0.001849243107
2022-08-09,MSFT,True,9.799713831,-0.01561629969,-0.001591011151
2022-08-09,PG,True,6.166801725,-0.002910330434,-0.0004717125221
2022-08-09,TSLA,True,1.862351947,-0.003388842486,-0.001816352253
2022-08-09,VNQ,False,,,
2022-08-09,WMT,True,2.026861075,0.0007682983541,0.000379201961
2022-08-10,AAPL,True,6.888525009,-0.01076914418,-0.001560905208
2022-08-10,AMZN,True,3.137498988,-0.002225089263,-0.0007086894287
2022-08-10,BAC,True,3.233764415,-0.002460236944,-0.0007602182197
2022-08-10,BND,False,,,
2022-08-10,GLD,False,,,
2022-08-10,GOOGL,True,6.218668299,-0.02105700678,-0.003374668876
2022-08-10,JNJ,True,10.65343192,0.004734045461,0.0004445656659
2022-08-10,JPM,True,11.22196745,-0.0262281953,-0.002331769123
2022-08-10,MSFT,True,9.774274116,-0.0254397144,-0.002595965029
2022-08-10,PG,True,6.163219912,-0.003581812829,-0.000580821792
2022-08-10,TSLA,True,1.863879265,0.00152731857,0.0008201020077
2022-08-10,VNQ,False,,,
2022-08-10,WMT,True,2.02382664,-0.003034434982,-0.001497110492
2022-08-11,AAPL,True,6.863550116,-0.02497489314,-0.003625579221
2022-08-11,AMZN,True,3.131178005,-0.006320982739,-0.002014656503
2022-08-11,BAC,True,3.222988408,-0.01077600711,-0.003332341423
2022-08-11,BND,False,,,
2022-08-11,GLD,False,,,
2022-08-11,GOOGL,True,6.20948,-0.009188299778,-0.001477534954
2022-08-11,JNJ,True,10.63414389,-0.01928803177,-0.001810499369
2022-08-11,JPM,True,11.20766604,-0.01430141104,-0.001274412094
2022-08-11,MSFT,True,9.755683011,-0.01859110524,-0.001902044593
2022-08-11,PG,True,6.166029128,0.002809215541,0.0004558032296
2022-08-11,TSLA,True,1.863350282,-0.0005289834773,-0.0002838078019
2022-08-11,VNQ,False,,,
2022-08-11,WMT,True,2.02175109,-0.002075549873,-0.001025557146
2022-08-12,AAPL,True,6.849943187,-0.0136069291,-0.001982491403
2022-08-12,AMZN,True,3.127464049,-0.003713956619,-0.001186121202
2022-08-12,BAC,True,3.217406531,-0.005581877241,-0.001731894917
2022-08-12,BND,False,,,
2022-08-12,GLD,False,,,
2022-08-12,GOOGL,True,6.179292734,-0.03018726613,-0.004861480531
2022-08-12,JNJ,True,10.63394751,-0.0001963785808,-1.846679741e-05
2022-08-12,JPM,True,11.19539679,-0.01226924836,-0.001094719303
2022-08-12,MSFT,True,9.745686189,-0.009996821926,-0.001024717789
2022-08-12,PG,True,6.157400709,-0.008628418902,-0.001399347736
2022-08-12,TSLA,True,1.859202047,-0.004148235059,-0.002226223969
2022-08-12,VNQ,False,,,
2022-08-12,WMT,True,2.019658433,-0.002092656951,-0.001035071508
2022-08-15,AAPL,True,6.872262678,0.02231949118,0.003258346905
2022-08-15,AMZN,True,3.127807805,0.0003437559376,0.0001099152324
2022-08-15,BAC,True,3.21254051,-0.004866020328,-0.001512404566
2022-08-15,BND,False,,,
2022-08-15,GLD,False,,,
2022-08-15,GOOGL,True,6.176080134,-0.003212599647,-0.00051989763
2022-08-15,JNJ,True,10.62810191,-0.005845603423,-0.0005497115175
2022-08-15,JPM,True,11.17855744,-0.01683935088,-0.001504131671
2022-08-15,MSFT,True,9.711064647,-0.03462154164,-0.003552499123
2022-08-15,PG,True,6.161492978,0.004092269018,0.0006646098266
2022-08-15,TSLA,True,1.857248904,-0.001953142791,-0.001050527453
2022-08-15,VNQ,False,,,
2022-08-15,WMT,True,2.019897154,0.0002387202023,0.0001181983044
2022-08-16,AAPL,True,6.879175157,0.006912479049,0.001005851984
2022-08-16,AMZN,True,3.133689762,0.005881957064,0.001880536603
2022-08-16,BAC,True,3.208869277,-0.003671233669,-0.001142782062
2022-08-16,BND,False,,,
2022-08-16,GLD,False,,,
2022-08-16,GOOGL,True,6.18354634,0.007466205966,0.001208890721
2022-08-16,JNJ,True,10.64518674,0.01708483319,0.001607514996
2022-08-16,JPM,True,11.17007307,-0.008484367483,-0.0007589859002
2022-08-16,MSFT,True,9.728234665,0.01717001807,0.001768088124
2022-08-16,PG,True,6.154184056,-0.007308921918,-0.001186225797
2022-08-16,TSLA,True,1.856139624,-0.001109279873,-0.0005972704418
2022-08-16,VNQ,False,,,
2022-08-16,WMT,True,2.021314325,0.001417171355,0.0007016056994
2022-08-17,AAPL,True,6.907667014,0.0284918563,0.004141754738
2022-08-17,AMZN,True,3.142302965,0.008613203219,0.002748581983
2022-08-17,BAC,True,3.209967151,0.001097873981,0.0003421373345
2022-08-17,BND,False,,,
2022-08-17,GLD,False,,,
2022-08-17,GOOGL,True,6.174473673,-0.009072666771,-0.001467227101
2022-08-17,JNJ,True,10.65254321,0.007356466847,0.000691060385
2022-08-17,JPM,True,11.16946627,-0.000606808965,-5.432452957e-05
2022-08-17,MSFT,True,9.707509186,-0.02072547925,-0.002130446064
2022-08-17,PG,True,6.168436577,0.01425252113,0.00231590752
2022-08-17,TSLA,True,1.858976145,0.002836520725,0.001528182842
2022-08-17,VNQ,False,,,
2022-08-17,WMT,True,2.025659383,0.004345058289,0.002149620292
2022-08-18,AAPL,True,6.913190934,0.005523920667,0.0007996796395
2022-08-18,AMZN,True,3.131241734,-0.0110612313,-0.003520103383
2022-08-18,BAC,True,3.211812522,0.001845370805,0.0005748877538
2022-08-18,BND,False,,,
2022-08-18,GLD,False,,,
2022-08-18,GOOGL,True,6.169632378,-0.004841294669,-0.0007840821624
2022-08-18,JNJ,True,10.63171659,-0.02082662003,-0.001955084305
2022-08-18,JPM,True,11.16210902,-0.007357250186,-0.0006586930845
2022-08-18,MSFT,True,9.692558436,-0.01495075037,-0.001540122196
2022-08-18,PG,True,6.170021763,0.001585186188,0.0002569834621
2022-08-18,TSLA,True,1.857094426,-0.001881718863,-0.001012234002
2022-08-18,VNQ,False,,,
2022-08-18,WMT,True,2.023346322,-0.002313060777,-0.001141880415
2022-08-19,AAPL,True,6.924055335,0.0108644011,0.001571546512
2022-08-19,AMZN,True,3.140626489,0.009384755355,0.002997135371
2022-08-19,BAC,True,3.210400779,-0.001411742408,-0.0004395469532
2022-08-19,BND,False,,,
2022-08-19,GLD,False,,,
2022-08-19,GOOGL,True,6.178711494,0.009079115329,0.00147158125
2022-08-19,JNJ,True,10.66099564,0.02927904965,0.002753934363
2022-08-19,JPM,True,11.17423038,0.01212136163,0.001085938294
2022-08-19,MSFT,True,9.704982291,0.01242385478,0.001281793126
2022-08-19,PG,True,6.170705503,0.0006837397426,0.0001108164232
2022-08-19,TSLA,True,1.863070404,0.00597597851,0.0032179185
2022-08-19,VNQ,False,,,
2022-08-19,WMT,True,2.025268892,0.00192256945,0.0009501929693
2022-08-22,AAPL,True,6.920032039,-0.004023296461,-0.0005810607031
2022-08-22,AMZN,True,3.144261491,0.003635001406,0.001157412834
2022-08-22,BAC,True,3.217338522,0.006937742383,0.002161020651
2022-08-22,BND,False,,,
2022-08-22,GLD,False,,,
2022-08-22,GOOGL,True,6.182864606,0.004153111952,0.0006721647315
2022-08-22,JNJ,True,10.67530054,0.01430490437,0.001341798164
2022-08-22,JPM,True,11.1974496,0.02321922205,0.002077925841
2022-08-22,MSFT,True,9.708705752,0.003723461211,0.0003836649155
2022-08-22,PG,True,6.170420866,-0.0002846372745,-4.612718502e-05
2022-08-22,TSLA,True,1.866718081,0.003647676658,0.001957884495
2022-08-22,VNQ,False,,,
2022-08-22,WMT,True,2.033043089,0.00777419714,0.003838599986
2022-08-23,AAPL,True,6.930466544,0.01043450543,0.001507869526
2022-08-23,AMZN,True,3.15244106,0.008179569353,0.002601427832
2022-08-23,BAC,True,3.216963694,-0.000374827968,-0.0001165024959
2022-08-23,BND,False,,,
2022-08-23,GLD,False,,,
2022-08-23,GOOGL,True,6.191925733,0.009061127202,0.001465522501
2022-08-23,JNJ,True,10.71043947,0.0351389257,0.003291609971
2022-08-23,JPM,True,11.22081948,0.02336988087,0.002087071762
2022-08-23,MSFT,True,9.71351522,0.004809468465,0.0004953768904
2022-08-23,PG,True,6.179512405,0.009091539304,0.001473406677
2022-08-23,TSLA,True,1.871933375,0.005215293779,0.00279383043
2022-08-23,VNQ,False,,,
2022-08-23,WMT,True,2.037172244,0.004129154951,0.002031021857
2022-08-24,AAPL,True,6.96956851,0.03910196544,0.00564203942
2022-08-24,AMZN,True,3.144337858,-0.008103202071,-0.002570453156
2022-08-24,BAC,True,3.219643628,0.002679934403,0.000833063304
2022-08-24,BND,False,,,
2022-08-24,GLD,False,,,
2022-08-24,GOOGL,True,6.188660215,-0.003265517475,-0.0005273831787
2022-08-24,JNJ,True,10.71419298,0.003753513796,0.0003504537613
2022-08-24,JPM,True,11.24760645,0.02678696946,0.002387256074
2022-08-24,MSFT,True,9.735825562,0.02231034163,0.002296834989
2022-08-24,PG,True,6.195532262,0.01601985661,0.002592414345
2022-08-24,TSLA,True,1.878846508,0.006913133204,0.003693044473
2022-08-24,VNQ,False,,,
2022-08-24,WMT,True,2.039526051,0.002353807522,0.00115542882
2022-08-25,AAPL,True,6.988760438,0.01919192841,0.002753675264
2022-08-25,AMZN,True,3.147462906,0.003125048701,0.0009938654313
2022-08-25,BAC,True,3.225727556,0.00608392846,0.00188962791
2022-08-25,BND,False,,,
2022-08-25,GLD,False,,,
2022-08-25,GOOGL,True,6.197440418,0.008780202868,0.001418756655
2022-08-25,JNJ,True,10.73241877,0.0182257886,0.001701088326
2022-08-25,JPM,True,11.25141904,0.003812590555,0.0003389690573
2022-08-25,MSFT,True,9.736526081,0.0007005188415,7.19526903e-05
2022-08-25,PG,True,6.197465384,0.001933122181,0.0003120187417
2022-08-25,TSLA,True,1.886708114,0.007861606141,0.004184272695
2022-08-25,VNQ,False,,,
2022-08-25,WMT,True,2.044841436,0.005315384812,0.002606186279
2022-08-26,AAPL,True,6.964025657,-0.02473478125,-0.003539222937
2022-08-26,AMZN,True,3.151061334,0.003598427695,0.001143278825
2022-08-26,BAC,True,3.235078141,0.009350584927,0.002898752224
2022-08-26,BND,False,,,
2022-08-26,GLD,False,,,
2022-08-26,GOOGL,True,6.184407519,-0.01303289889,-0.002102948639
2022-08-26,JNJ,True,10.7388064,0.006387632016,0.0005951717087
2022-08-26,JPM,True,11.2832293,0.0318102647,0.002827222468
2022-08-26,MSFT,True,9.757149212,0.0206231314,0.002118120079
2022-08-26,PG,True,6.20701146,0.009546076426,0.001540319443
2022-08-26,TSLA,True,1.888158054,0.001449940248,0.0007685026833
2022-08-26,VNQ,False,,,
2022-08-26,WMT,True,2.048525877,0.003684440594,0.00180182215
2022-08-29,AAPL,True,6.962762001,-0.001263655918,-0.0001814548051
2022-08-29,AMZN,True,3.151727479,0.0006661443873,0.0002114031803
2022-08-29,BAC,True,3.24072412,0.005645978403,0.001745237103
2022-08-29,BND,False,,,
2022-08-29,GLD,False,,,
2022-08-29,GOOGL,True,6.203606383,0.01919886327,0.003104398151
2022-08-29,JNJ,True,10.74961753,0.01081113265,0.001006735036
2022-08-29,JPM,True,11.32033728,0.03710797771,0.003288772807
2022-08-29,MSFT,True,9.766724801,0.009575588642,0.0009813920474
2022-08-29,PG,True,6.221509966,0.01449850521,0.002335827041
2022-08-29,TSLA,True,1.889321465,0.001163410771,0.00061616175
2022-08-29,VNQ,False,,,
2022-08-29,WMT,True,2.049546165,0.001020288496,0.0004980598525
2022-08-30,AAPL,True,6.982215229,0.01945322775,0.00279389526
2022-08-30,AMZN,True,3.158604931,0.006877452193,0.002182121468
2022-08-30,BAC,True,3.244799122,0.004075002118,0.001257435674
2022-08-30,BND,False,,,
2022-08-30,GLD,False,,,
2022-08-30,GOOGL,True,6.201452277,-0.002154105694,-0.0003472344248
2022-08-30,JNJ,True,10.75997886,0.01036133004,0.0009638789484
2022-08-30,JPM,True,11.3144683,-0.005868980907,-0.0005184457636
2022-08-30,MSFT,True,9.78405496,0.01733015953,0.001774408503
2022-08-30,PG,True,6.226487811,0.004977845558,0.0008001024809
2022-08-30,TSLA,True,1.891917796,0.002596330456,0.001374213179
2022-08-30,VNQ,False,,,
2022-08-30,WMT,True,2.051306557,0.00176039155,0.0008589177349
2022-08-31,AAPL,True,7.009560426,0.02734519719,0.003916407085
2022-08-31,AMZN,True,3.168228132,0.009623201208,0.003046661871
2022-08-31,BAC,True,3.247487832,0.002688710564,0.0008286215766
2022-08-31,BND,False,,,
2022-08-31,GLD,False,,,
2022-08-31,GOOGL,True,6.197889379,-0.003562897588,-0.0005745263253
2022-08-31,JNJ,True,10.77665738,0.01667851997,0.001550051369
2022-08-31,JPM,True,11.336811,0.02234269689,0.001974701444
2022-08-31,MSFT,True,9.791361095,0.007306134871,0.0007467389442
2022-08-31,PG,True,6.234240996,0.007753184911,0.001245193943
2022-08-31,TSLA,True,1.891326977,-0.0005908186299,-0.0003122855714
2022-08-31,VNQ,False,,,
2022-08-31,WMT,True,2.054631036,0.003324478937,0.00162066412
2022-09-01,AAPL,True,7.005268825,-0.004291600859,-0.0006122496417
2022-09-01,AMZN,True,3.16604006,-0.002188072128,-0.0006906296001
2022-09-01,BAC,True,3.252170315,0.004682482737,0.001441878455
2022-09-01,BND,False,,,
2022-09-01,GLD,False,,,
2022-09-01,GOOGL,True,6.204823221,0.006933842069,0.001118742469
2022-09-01,JNJ,True,10.77329838,-0.003359001381,-0.0003116923236
2022-09-01,JPM,True,11.32145832,-0.01535267513,-0.001354232256
2022-09-01,MSFT,True,9.761127857,-0.03023323764,-0.003087746161
2022-09-01,PG,True,6.228071538,-0.006169458115,-0.0009896085376
2022-09-01,TSLA,True,1.893752129,0.002425152034,0.001282248952
2022-09-01,VNQ,False,,,
2022-09-01,WMT,True,2.059297524,0.004666488565,0.002271205138
2022-09-02,AAPL,True,7.008298775,0.003029949448,0.0004325243647
2022-09-02,AMZN,True,3.170157339,0.004117278915,0.001300450669
2022-09-02,BAC,True,3.258531933,0.006361617541,0.001956114509
2022-09-02,BND,False,,,
2022-09-02,GLD,False,,,
2022-09-02,GOOGL,True,6.21362865,0.008805428586,0.001419126423
2022-09-02,JNJ,True,10.77072216,-0.002576226632,-0.0002391307231
2022-09-02,JPM,True,11.32801741,0.006559090507,0.0005793503204
2022-09-02,MSFT,True,9.756956288,-0.004171569629,-0.000427365535
2022-09-02,PG,True,6.226550992,-0.001520546393,-0.0002441440154
2022-09-02,TSLA,True,1.896530109,0.0027779798,0.001466918377
2022-09-02,VNQ,False,,,
2022-09-02,WMT,True,2.060384786,0.001087261365,0.0005279768233
2022-09-06,AAPL,True,7.037423507,0.02912473214,0.004155749216
2022-09-06,AMZN,True,3.17802287,0.007865530891,0.002481116882
2022-09-06,BAC,True,3.249510147,-0.009021785682,-0.002768665727
2022-09-06,BND,False,,,
2022-09-06,GLD,False,,,
2022-09-06,GOOGL,True,6.231155762,0.01752711224,0.002820753094
2022-09-06,JNJ,True,10.7634319,-0.007290257132,-0.0006768587126
2022-09-06,JPM,True,11.32609812,-0.001919289228,-0.0001694285203
2022-09-06,MSFT,True,9.776363947,0.01940765946,0.001989110014
2022-09-06,PG,True,6.233385421,0.006834429098,0.001097626777
2022-09-06,TSLA,True,1.90259714,0.006067031482,0.003199016696
2022-09-06,VNQ,False,,,
2022-09-06,WMT,True,2.064713395,0.004328609278,0.002100874219
2022-09-07,AAPL,True,7.046330186,0.008906679285,0.001265616497
2022-09-07,AMZN,True,3.177868495,-0.0001543748192,-4.857574208e-05
2022-09-07,BAC,True,3.259801116,0.01029096925,0.00316692941
2022-09-07,BND,False,,,
2022-09-07,GLD,False,,,
2022-09-07,GOOGL,True,6.214755756,-0.01640000581,-0.002631936423
2022-09-07,JNJ,True,10.77982487,0.01639297421,0.001523024846
2022-09-07,JPM,True,11.30019655,-0.02590157652,-0.002286893176
2022-09-07,MSFT,True,9.795439803,0.01907585519,0.001951221875
2022-09-07,PG,True,6.229112232,-0.004273188327,-0.0006855325058
2022-09-07,TSLA,True,1.904088798,0.001491657482,0.0007840112081
2022-09-07,VNQ,False,,,
2022-09-07,WMT,True,2.065255321,0.0005419262485,0.0002624704474
2022-09-08,AAPL,True,7.071510381,0.02518019505,0.003573519035
2022-09-08,AMZN,True,3.175596773,-0.002271722063,-0.0007148571649
2022-09-08,BAC,True,3.261951037,0.002149920809,0.0006595251467
2022-09-08,BND,False,,,
2022-09-08,GLD,False,,,
2022-09-08,GOOGL,True,6.225702464,0.01094670708,0.001761405839
2022-09-08,JNJ,True,10.76511194,-0.01471293617,-0.001364858552
2022-09-08,JPM,True,11.3011671,0.0009705529799,8.588815033e-05
2022-09-08,MSFT,True,9.806096255,0.01065645225,0.001087899315
2022-09-08,PG,True,6.229291078,0.000178845552,2.871124251e-05
2022-09-08,TSLA,True,1.90216102,-0.001927778214,-0.00101244134
2022-09-08,VNQ,False,,,
2022-09-08,WMT,True,2.064733356,-0.0005219654699,-0.0002527365331
2022-09-09,AAPL,True,7.08481435,0.01330396935,0.001881347638
2022-09-09,AMZN,True,3.174178177,-0.001418595441,-0.0004467177485
2022-09-09,BAC,True,3.26791065,0.005959613228,0.001827008793
2022-09-09,BND,False,,,
2022-09-09,GLD,False,,,
2022-09-09,GOOGL,True,6.188543344,-0.03715911982,-0.00596866298
2022-09-09,JNJ,True,10.76232436,-0.002787572697,-0.0002589450731
2022-09-09,JPM,True,11.31618922,0.01502211568,0.001329253478
2022-09-09,MSFT,True,9.771833833,-0.03426242208,-0.003493992022
2022-09-09,PG,True,6.233102522,0.003811444273,0.0006118584322
2022-09-09,TSLA,True,1.911674294,0.009513274649,0.005001298287
2022-09-09,VNQ,False,,,
2022-09-09,WMT,True,2.064816126,8.277031275e-05,4.008765225e-05
2022-09-12,AAPL,True,7.074423188,-0.01039116216,-0.001466680938
2022-09-12,AMZN,True,3.180927519,0.006749341983,0.002126327385
2022-09-12,BAC,True,3.265907241,-0.002003409154,-0.0006130550582
2022-09-12,BND,False,,,
2022-09-12,GLD,False,,,
2022-09-12,GOOGL,True,6.190162065,0.00161872125,0.0002615674093
2022-09-12,JNJ,True,10.75636019,-0.005964171102,-0.0005541712831
2022-09-12,JPM,True,11.29189803,-0.02429118872,-0.002146587359
2022-09-12,MSFT,True,9.775439656,0.003605823629,0.0003690017341
2022-09-12,PG,True,6.224117628,-0.008984893759,-0.001441480182
2022-09-12,TSLA,True,1.915763045,0.004088750616,0.002138832242
2022-09-12,VNQ,False,,,
2022-09-12,WMT,True,2.067849355,0.003033229261,0.00146900696
2022-09-13,AAPL,True,7.076731356,0.002308167703,0.000326269385
2022-09-13,AMZN,True,3.192384942,0.01145742241,0.003601912443
2022-09-13,BAC,True,3.266942383,0.001035142174,0.0003169539419
2022-09-13,BND,False,,,
2022-09-13,GLD,False,,,
2022-09-13,GOOGL,True,6.203767817,0.01360575218,0.002197963808
2022-09-13,JNJ,True,10.75586893,-0.0004912607029,-4.56716486e-05
2022-09-13,JPM,True,11.27956915,-0.01232887931,-0.001091834099
2022-09-13,MSFT,True,9.764570996,-0.01086865981,-0.001111833349
2022-09-13,PG,True,6.215303861,-0.00881376702,-0.00141606691
2022-09-13,TSLA,True,1.917996074,0.002233029056,0.00116560817
2022-09-13,VNQ,False,,,
2022-09-13,WMT,True,2.070102511,0.002253155454,0.001089612959
2022-09-14,AAPL,True,7.084640628,0.007909272009,0.001117644801
2022-09-14,AMZN,True,3.198452164,0.006067221771,0.001900529504
2022-09-14,BAC,True,3.266974652,3.226904703e-05,9.877446015e-06
2022-09-14,BND,False,,,
2022-09-14,GLD,False,,,
2022-09-14,GOOGL,True,6.192511854,-0.01125596298,-0.001814375281
2022-09-14,JNJ,True,10.74847197,-0.007396964672,-0.0006877142813
2022-09-14,JPM,True,11.28733991,0.007770758849,0.0006889233753
2022-09-14,MSFT,True,9.75471919,-0.00985180644,-0.001008933874
2022-09-14,PG,True,6.211381467,-0.00392239455,-0.0006310865305
2022-09-14,TSLA,True,1.917948443,-4.763038519e-05,-2.48334112e-05
2022-09-14,VNQ,False,,,
2022-09-14,WMT,True,2.070158787,5.627594078e-05,2.718509856e-05
2022-09-15,AAPL,True,7.072900054,-0.01174057435,-0.001657187
2022-09-15,AMZN,True,3.197015367,-0.001436796239,-0.0004492161102
2022-09-15,BAC,True,3.265764953,-0.001209699001,-0.0003702811102
2022-09-15,BND,False,,,
2022-09-15,GLD,False,,,
2022-09-15,GOOGL,True,6.20438795,0.01187609592,0.001917815613
2022-09-15,JNJ,True,10.758686,0.01021403594,0.0009502779534
2022-09-15,JPM,True,11.28465732,-0.002682586757,-0.0002376633271
2022-09-15,MSFT,True,9.771117189,0.01639799854,0.001681032352
2022-09-15,PG,True,6.201208249,-0.01017321803,-0.00163783501
2022-09-15,TSLA,True,1.918597622,0.0006491790437,0.0003384757531
2022-09-15,VNQ,False,,,
2022-09-15,WMT,True,2.072835006,0.002676218831,0.001292760173
2022-09-16,AAPL,True,7.090621853,0.01772179941,0.002505591664
2022-09-16,AMZN,True,3.1996492,0.002633832578,0.0008238410754
2022-09-16,BAC,True,3.26474693,-0.001018023383,-0.0003117258583
2022-09-16,BND,False,,,
2022-09-16,GLD,False,,,
2022-09-16,GOOGL,True,6.195279686,-0.009108263922,-0.001468035847
2022-09-16,JNJ,True,10.7772701,0.01858409611,0.001727357422
2022-09-16,JPM,True,11.26967113,-0.01498619467,-0.001328015042
2022-09-16,MSFT,True,9.763067989,-0.008049199675,-0.0008237747557
2022-09-16,PG,True,6.199963985,-0.001244263743,-0.0002006485983
2022-09-16,TSLA,True,1.920206283,0.001608660348,0.000838456344
2022-09-16,VNQ,False,,,
2022-09-16,WMT,True,2.074289387,0.001454380918,0.0007016385357
2022-09-19,AAPL,True,7.473827091,0.383205238,0.05404395354
2022-09-19,AMZN,True,3.133381532,-0.06626766774,-0.0207109166
2022-09-19,BAC,True,3.314459745,0.04971281525,0.01522715736
2022-09-19,BND,False,,,
2022-09-19,GLD,False,,,
2022-09-19,GOOGL,True,6.50937227,0.3140925842,0.05069869322
2022-09-19,JNJ,True,10.85168977,0.07441966895,0.006905243004
2022-09-19,JPM,True,11.0593031,-0.2103680276,-0.01866674061
2022-09-19,MSFT,True,9.071121618,-0.6919463707,-0.07087386583
2022-09-19,PG,True,6.377434582,0.1774705968,0.02862445608
2022-09-19,TSLA,True,1.968638314,0.04843203073,0.02522230615
2022-09-19,VNQ,False,,,
2022-09-19,WMT,True,2.157307633,0.08301824611,0.04002249958
2022-09-20,AAPL,True,7.484014285,0.01018719403,0.001363049199
2022-09-20,AMZN,True,3.130079538,-0.003301994579,-0.001053811847
2022-09-20,BAC,True,3.324531435,0.0100716899,0.003038712392
2022-09-20,BND,False,,,
2022-09-20,GLD,False,,,
2022-09-20,GOOGL,True,6.510725101,0.001352830422,0.0002078280924
2022-09-20,JNJ,True,10.85364528,0.001955508619,0.0001802031444
2022-09-20,JPM,True,11.05840458,-0.0008985190081,-8.1245536e-05
2022-09-20,MSFT,True,9.078645332,0.00752371404,0.0008294138649
2022-09-20,PG,True,6.368204132,-0.009230449625,-0.001447360926
2022-09-20,TSLA,True,1.969725162,0.001086848648,0.0005520814261
2022-09-20,VNQ,False,,,
2022-09-20,WMT,True,2.158065926,0.0007582934609,0.0003514999203
2022-09-21,AAPL,True,7.513236438,0.02922215256,0.003904609404
2022-09-21,AMZN,True,3.144198139,0.01411860181,0.004510620781
2022-09-21,BAC,True,3.328389499,0.003858063929,0.001160483516
2022-09-21,BND,False,,,
2022-09-21,GLD,False,,,
2022-09-21,GOOGL,True,6.50403948,-0.006685620766,-0.001026862702
2022-09-21,JNJ,True,10.86656442,0.01291914667,0.001190304855
2022-09-21,JPM,True,11.03708333,-0.02132125373,-0.001928058752
2022-09-21,MSFT,True,9.089823429,0.01117809641,0.00123125158
2022-09-21,PG,True,6.383788166,0.0155840341,0.00244716309
2022-09-21,TSLA,True,1.965969458,-0.003755703768,-0.001906714622
2022-09-21,VNQ,False,,,
2022-09-21,WMT,True,2.160036381,0.001970454696,0.000913065107
2022-09-22,AAPL,True,7.507668669,-0.005567768609,-0.0007410612796
2022-09-22,AMZN,True,3.155797826,0.01159968641,0.003689235185
2022-09-22,BAC,True,3.333149907,0.004760407438,0.001430243497
2022-09-22,BND,False,,,
2022-09-22,GLD,False,,,
2022-09-22,GOOGL,True,6.506885203,0.00284572324,0.0004375316677
2022-09-22,JNJ,True,10.86498445,-0.001579970074,-0.0001453973872
2022-09-22,JPM,True,11.01390918,-0.02317414457,-0.002099662011
2022-09-22,MSFT,True,9.089025028,-0.0007984001917,-8.783451053e-05
2022-09-22,PG,True,6.393120735,0.009332568096,0.001461916945
2022-09-22,TSLA,True,1.963858905,-0.00211055394,-0.001073543605
2022-09-22,VNQ,False,,,
2022-09-22,WMT,True,2.160735659,0.0006992780989,0.0003237344079
2022-09-23,AAPL,True,7.532657745,0.02498907569,0.003328473431
2022-09-23,AMZN,True,3.163755018,0.00795719274,0.002521452
2022-09-23,BAC,True,3.337943462,0.004793555623,0.001438145825
2022-09-23,BND,False,,,
2022-09-23,GLD,False,,,
2022-09-23,GOOGL,True,6.510197106,0.003311902764,0.0005089843544
2022-09-23,JNJ,True,10.87958444,0.01459998292,0.001343764731
2022-09-23,JPM,True,11.00903762,-0.00487156401,-0.0004423101671
2022-09-23,MSFT,True,9.088408646,-0.0006163827768,-6.781616013e-05
2022-09-23,PG,True,6.395754007,0.002633272889,0.0004118916251
2022-09-23,TSLA,True,1.964789429,0.0009305240171,0.0004738242727
2022-09-23,VNQ,False,,,
2022-09-23,WMT,True,2.16511696,0.004381301175,0.002027689577
2022-09-26,AAPL,True,7.525513049,-0.007144695556,-0.0009484959755
2022-09-26,AMZN,True,3.156785833,-0.00696918559,-0.002202820872
2022-09-26,BAC,True,3.339189042,0.001245579538,0.0003731577698
2022-09-26,BND,False,,,
2022-09-26,GLD,False,,,
2022-09-26,GOOGL,True,6.527356896,0.01715979034,0.002635832689
2022-09-26,JNJ,True,10.87251909,-0.007065346692,-0.0006494132872
2022-09-26,JPM,True,11.01066174,0.001624121298,0.000147526183
2022-09-26,MSFT,True,9.076853383,-0.01155526235,-0.001271428563
2022-09-26,PG,True,6.39862788,0.002873872612,0.0004493407046
2022-09-26,TSLA,True,1.96799742,0.003207991155,0.001632740439
2022-09-26,VNQ,False,,,
2022-09-26,WMT,True,2.160364758,-0.004752202091,-0.002194893938
2022-09-27,AAPL,True,7.522951634,-0.002561414821,-0.0003403641459
2022-09-27,AMZN,True,3.152811575,-0.003974258276,-0.001258957207
2022-09-27,BAC,True,3.33868857,-0.0005004715854,-0.0001498781827
2022-09-27,BND,False,,,
2022-09-27,GLD,False,,,
2022-09-27,GOOGL,True,6.527361488,4.59167104e-06,7.034502805e-07
2022-09-27,JNJ,True,10.8643476,-0.008171493491,-0.0007515731565
2022-09-27,JPM,True,11.00397285,-0.00668888396,-0.0006074915495
2022-09-27,MSFT,True,9.100760527,0.02390714341,0.002633858056
2022-09-27,PG,True,6.402527149,0.003899268518,0.0006093913557
2022-09-27,TSLA,True,1.964275252,-0.003722167958,-0.001891347987
2022-09-27,VNQ,False,,,
2022-09-27,WMT,True,2.159583536,-0.0007812218649,-0.0003616157235
2022-09-28,AAPL,True,7.528911531,0.005959896365,0.0007922284569
2022-09-28,AMZN,True,3.151640335,-0.001171239357,-0.0003714904394
2022-09-28,BAC,True,3.339233639,0.0005450692468,0.0001632584877
2022-09-28,BND,False,,,
2022-09-28,GLD,False,,,
2022-09-28,GOOGL,True,6.537850161,0.01048867273,0.001606877871
2022-09-28,JNJ,True,10.87102506,0.006677462402,0.0006146215723
2022-09-28,JPM,True,10.99324487,-0.01072798262,-0.000974919037
2022-09-28,MSFT,True,9.116850642,0.01609011559,0.001767996811
2022-09-28,PG,True,6.39585264,-0.006674508963,-0.001042480384
2022-09-28,TSLA,True,1.965090606,0.0008153541194,0.0004150915808
2022-09-28,VNQ,False,,,
2022-09-28,WMT,True,2.160590895,0.001007358508,0.0004664596164
2022-09-29,AAPL,True,7.560741153,0.0318296222,0.004227652572
2022-09-29,AMZN,True,3.144549833,-0.007090501759,-0.002249781385
2022-09-29,BAC,True,3.333966126,-0.005267513745,-0.001577461871
2022-09-29,BND,False,,,
2022-09-29,GLD,False,,,
2022-09-29,GOOGL,True,6.544741697,0.006891535899,0.001054098171
2022-09-29,JNJ,True,10.87596825,0.004943189736,0.0004547123854
2022-09-29,JPM,True,10.98448776,-0.00875711426,-0.0007965904847
2022-09-29,MSFT,True,9.119658094,0.002807451374,0.00030794092
2022-09-29,PG,True,6.402011715,0.006159075331,0.0009629795554
2022-09-29,TSLA,True,1.971085507,0.005994901426,0.003050699753
2022-09-29,VNQ,False,,,
2022-09-29,WMT,True,2.15866716,-0.001923734468,-0.0008903742363
2022-09-30,AAPL,True,7.566122763,0.005381609694,0.0007117833537
2022-09-30,AMZN,True,3.148153236,0.003603402572,0.001145920008
2022-09-30,BAC,True,3.335674519,0.001708393488,0.0005124207695
2022-09-30,BND,False,,,
2022-09-30,GLD,False,,,
2022-09-30,GOOGL,True,6.558687452,0.01394575479,0.00213083349
2022-09-30,JNJ,True,10.88872211,0.01275386092,0.001172664413
2022-09-30,JPM,True,10.97975677,-0.004730988339,-0.0004306972199
2022-09-30,MSFT,True,9.155907672,0.03624957874,0.003974883529
2022-09-30,PG,True,6.402901636,0.0008899209797,0.0001390064591
2022-09-30,TSLA,True,1.972084435,0.000998927258,0.000506790423
2022-09-30,VNQ,False,,,
2022-09-30,WMT,True,2.15642106,-0.00224610014,-0.001040503224
2022-10-03,AAPL,True,7.571573007,0.005450244633,0.0007203484273
2022-10-03,AMZN,True,3.145062127,-0.003091108864,-0.0009818800521
2022-10-03,BAC,True,3.333060056,-0.002614462998,-0.0007837884013
2022-10-03,BND,False,,,
2022-10-03,GLD,False,,,
2022-10-03,GOOGL,True,6.545630275,-0.01305717649,-0.001990821577
2022-10-03,JNJ,True,10.8831727,-0.005549406525,-0.0005096471808
2022-10-03,JPM,True,10.94623633,-0.03352044001,-0.003052931018
2022-10-03,MSFT,True,9.170481353,0.01457368007,0.001591724228
2022-10-03,PG,True,6.407932027,0.005030390773,0.0007856423633
2022-10-03,TSLA,True,1.971943948,-0.0001404860525,-7.123734158e-05
2022-10-03,VNQ,False,,,
2022-10-03,WMT,True,2.157433038,0.001011977806,0.0004692858111
2022-10-04,AAPL,True,7.572279058,0.0007060505973,9.32501868e-05
2022-10-04,AMZN,True,3.138114436,-0.006947690911,-0.002209079067
2022-10-04,BAC,True,3.330123203,-0.00293685355,-0.0008811283028
2022-10-04,BND,False,,,
2022-10-04,GLD,False,,,
2022-10-04,GOOGL,True,6.557167737,0.01153746179,0.001762620451
2022-10-04,JNJ,True,10.87393659,-0.009236115653,-0.000848660212
2022-10-04,JPM,True,10.91619714,-0.03003918855,-0.002744248127
2022-10-04,MSFT,True,9.15290649,-0.01757486276,-0.001916460225
2022-10-04,PG,True,6.411958352,0.004026324929,0.0006283345255
2022-10-04,TSLA,True,1.969687998,-0.00225595064,-0.001144023714
2022-10-04,VNQ,False,,,
2022-10-04,WMT,True,2.160832008,0.003398970516,0.001575469763
2022-10-05,AAPL,True,7.563136913,-0.009142144818,-0.001207317473
2022-10-05,AMZN,True,3.139495966,0.001381530169,0.0004402421253
2022-10-05,BAC,True,3.327734649,-0.002388553715,-0.0007172568611
2022-10-05,BND,False,,,
2022-10-05,GLD,False,,,
2022-10-05,GOOGL,True,6.565131386,0.00796364946,0.001214495309
2022-10-05,JNJ,True,10.88046419,0.006527603064,0.0006002980624
2022-10-05,JPM,True,10.88499342,-0.03120371579,-0.002858478589
2022-10-05,MSFT,True,9.153309476,0.0004029863079,4.402823391e-05
2022-10-05,PG,True,6.412064905,0.0001065531262,1.66178756e-05
2022-10-05,TSLA,True,1.973704085,0.004016086797,0.002038945661
2022-10-05,VNQ,False,,,
2022-10-05,WMT,True,2.160897105,6.509648095e-05,3.012565563e-05
2022-10-06,AAPL,True,7.562364086,-0.0007728272776,-0.0001021834308
2022-10-06,AMZN,True,3.144403284,0.004907317723,0.001563090947
2022-10-06,BAC,True,3.331109369,0.003374720564,0.00101411949
2022-10-06,BND,False,,,
2022-10-06,GLD,False,,,
2022-10-06,GOOGL,True,6.558219671,-0.006911715082,-0.001052791586
2022-10-06,JNJ,True,10.85565886,-0.02480533286,-0.00227980465
2022-10-06,JPM,True,10.87741346,-0.00757996215,-0.0006963680963
2022-10-06,MSFT,True,9.152457905,-0.0008515708007,-9.303419741e-05
2022-10-06,PG,True,6.401906858,-0.01015804637,-0.001584208289
2022-10-06,TSLA,True,1.971771218,-0.001932866761,-0.0009793092978
2022-10-06,VNQ,False,,,
2022-10-06,WMT,True,2.161730988,0.0008338835816,0.0003858969405
2022-10-07,AAPL,True,7.580750839,0.01838675318,0.002431349902
2022-10-07,AMZN,True,3.133815303,-0.01058798093,-0.003367246492
2022-10-07,BAC,True,3.336720796,0.005611426787,0.001684551951
2022-10-07,BND,False,,,
2022-10-07,GLD,False,,,
2022-10-07,GOOGL,True,6.553797014,-0.004422657187,-0.0006743685647
2022-10-07,JNJ,True,10.82837984,-0.0272790163,-0.002512884447
2022-10-07,JPM,True,10.87117242,-0.00624104581,-0.0005737619362
2022-10-07,MSFT,True,9.154436121,0.001978215703,0.0002161403771
2022-10-07,PG,True,6.391592,-0.01031485795,-0.001611216498
2022-10-07,TSLA,True,1.964912269,-0.00685894877,-0.003478572315
2022-10-07,VNQ,False,,,
2022-10-07,WMT,True,2.153134119,-0.008596869432,-0.003976845166
2022-10-10,AAPL,True,7.584251723,0.00350088366,0.0004618122577
2022-10-10,AMZN,True,3.133800523,-1.478043898e-05,-4.716435892e-06
2022-10-10,BAC,True,3.335682321,-0.001038475131,-0.0003112262592
2022-10-10,BND,False,,,
2022-10-10,GLD,False,,,
2022-10-10,GOOGL,True,6.54052476,-0.01327225435,-0.002025124416
2022-10-10,JNJ,True,10.80275074,-0.02562909871,-0.002366845187
2022-10-10,JPM,True,10.8770674,0.005894982629,0.0005422582223
2022-10-10,MSFT,True,9.122065498,-0.03237062262,-0.003536058605
2022-10-10,PG,True,6.3910374,-0.0005546003521,-8.677029949e-05
2022-10-10,TSLA,True,1.970119429,0.005207160164,0.002650072599
2022-10-10,VNQ,False,,,
2022-10-10,WMT,True,2.154994582,0.001860463011,0.0008640720496
2022-10-11,AAPL,True,7.54958112,-0.03467060275,-0.00457139399
2022-10-11,AMZN,True,3.133031539,-0.0007689837798,-0.0002453837678
2022-10-11,BAC,True,3.333977576,-0.001704744732,-0.0005110632751
2022-10-11,BND,False,,,
2022-10-11,GLD,False,,,
2022-10-11,GOOGL,True,6.539549815,-0.0009749448019,-0.0001490621682
2022-10-11,JNJ,True,10.79094476,-0.01180598226,-0.001092868154
2022-10-11,JPM,True,10.87884564,0.001778239678,0.0001634852127
2022-10-11,MSFT,True,9.079147469,-0.0429180298,-0.004704858764
2022-10-11,PG,True,6.407120224,0.01608282431,0.002516465373
2022-10-11,TSLA,True,1.967070082,-0.003049347503,-0.0015477983
2022-10-11,VNQ,False,,,
2022-10-11,WMT,True,2.153716341,-0.00127824106,-0.0005931527954
2022-10-12,AAPL,True,7.571405032,0.02182391231,0.002890744793
2022-10-12,AMZN,True,3.128620654,-0.004410884771,-0.001407864784
2022-10-12,BAC,True,3.333019867,-0.0009577096916,-0.0002872573884
2022-10-12,BND,False,,,
2022-10-12,GLD,False,,,
2022-10-12,GOOGL,True,6.541907991,0.002358175841,0.0003606021679
2022-10-12,JNJ,True,10.77566874,-0.01527601725,-0.001415632977
2022-10-12,JPM,True,10.89623471,0.0173890683,0.001598429546
2022-10-12,MSFT,True,9.076251024,-0.002896444659,-0.0003190216558
2022-10-12,PG,True,6.407042992,-7.723271861e-05,-1.205420156e-05
2022-10-12,TSLA,True,1.969509564,0.002439482201,0.001240160289
2022-10-12,VNQ,False,,,
2022-10-12,WMT,True,2.154933887,0.001217546259,0.0005653234067
2022-10-13,AAPL,True,7.58430871,0.01290367812,0.001704264673
2022-10-13,AMZN,True,3.132411257,0.003790602522,0.001211589049
2022-10-13,BAC,True,3.332900349,-0.0001195177195,-3.5858688e-05
2022-10-13,BND,False,,,
2022-10-13,GLD,False,,,
2022-10-13,GOOGL,True,6.556239513,0.01433152238,0.002190725153
2022-10-13,JNJ,True,10.79782696,0.02215822161,0.002056319857
2022-10-13,JPM,True,10.91845574,0.02222102949,0.002039331024
2022-10-13,MSFT,True,9.053639995,-0.02261102874,-0.002491229989
2022-10-13,PG,True,6.402369298,-0.004673693486,-0.0007294618582
2022-10-13,TSLA,True,1.971279574,0.001770010198,0.0008987060691
2022-10-13,VNQ,False,,,
2022-10-13,WMT,True,2.153006548,-0.001927339514,-0.0008943845215
2022-10-14,AAPL,True,7.585608119,0.001299408368,0.0001713285176
2022-10-14,AMZN,True,3.131337945,-0.001073312229,-0.0003426472902
2022-10-14,BAC,True,3.326484901,-0.006415448382,-0.001924884548
2022-10-14,BND,False,,,
2022-10-14,GLD,False,,,
2022-10-14,GOOGL,True,6.539886221,-0.01635329168,-0.002494309679
2022-10-14,JNJ,True,10.80688885,0.00906188189,0.0008392319973
2022-10-14,JPM,True,10.93644024,0.01798450625,0.001647165743
2022-10-14,MSFT,True,9.055907322,0.002267326962,0.0002504326396
2022-10-14,PG,True,6.400510458,-0.001858839691,-0.0002903362184
2022-10-14,TSLA,True,1.971961786,0.0006822119689,0.0003460757053
2022-10-14,VNQ,False,,,
2022-10-14,WMT,True,2.153977876,0.0009713285766,0.0004511498479
2022-10-17,AAPL,True,7.609320463,0.02371234382,0.003125964781
2022-10-17,AMZN,True,3.130258431,-0.001079513146,-0.0003447450147
2022-10-17,BAC,True,3.327178914,0.0006940134539,0.0002086326782
2022-10-17,BND,False,,,
2022-10-17,GLD,False,,,
2022-10-17,GOOGL,True,6.534107015,-0.00577920679,-0.0008836861368
2022-10-17,JNJ,True,10.78610641,-0.02078243169,-0.001923072587
2022-10-17,JPM,True,10.93637454,-6.570120338e-05,-6.00754925e-06
2022-10-17,MSFT,True,9.05690581,0.0009984882712,0.0001102582255
2022-10-17,PG,True,6.399088893,-0.001421565757,-0.0002221019348
2022-10-17,TSLA,True,1.972013012,5.122579253e-05,2.597707161e-05
2022-10-17,VNQ,False,,,
2022-10-17,WMT,True,2.160209432,0.006231555382,0.002893045212
2022-10-18,AAPL,True,7.594894287,-0.01442617542,-0.001895855943
2022-10-18,AMZN,True,3.131426101,0.001167669247,0.0003730264682
2022-10-18,BAC,True,3.325630646,-0.001548268262,-0.0004653396472
2022-10-18,BND,False,,,
2022-10-18,GLD,False,,,
2022-10-18,GOOGL,True,6.508734686,-0.02537232904,-0.003883059917
2022-10-18,JNJ,True,10.80105215,0.0149457336,0.001385646778
2022-10-18,JPM,True,10.91632696,-0.02004758178,-0.001833110388
2022-10-18,MSFT,True,9.053429496,-0.003476314564,-0.0003838302657
2022-10-18,PG,True,6.412218578,0.01312968548,0.002051805453
2022-10-18,TSLA,True,1.972051121,3.810937837e-05,1.932511507e-05
2022-10-18,VNQ,False,,,
2022-10-18,WMT,True,2.156184196,-0.004025235839,-0.001863354441
2022-10-19,AAPL,True,7.581473675,-0.01342061194,-0.001767057109
2022-10-19,AMZN,True,3.142356435,0.01093033458,0.003490529307
2022-10-19,BAC,True,3.327907341,0.002276695381,0.0006845905705
2022-10-19,BND,False,,,
2022-10-19,GLD,False,,,
2022-10-19,GOOGL,True,6.501608282,-0.007126403614,-0.001094898465
2022-10-19,JNJ,True,10.77775206,-0.02330008827,-0.002157205424
2022-10-19,JPM,True,10.91284103,-0.003485925874,-0.0003193313911
2022-10-19,MSFT,True,9.09294195,0.03951245464,0.004364363213
2022-10-19,PG,True,6.420692563,0.00847398439,0.001321537045
2022-10-19,TSLA,True,1.973364219,0.001313098191,0.0006658540321
2022-10-19,VNQ,False,,,
2022-10-19,WMT,True,2.15307997,-0.003104225829,-0.0014396849
2022-10-20,AAPL,True,7.616487182,0.03501350649,0.004618298234
2022-10-20,AMZN,True,3.146674045,0.004317609667,0.001374003795
2022-10-20,BAC,True,3.324201896,-0.003705445204,-0.001113446026
2022-10-20,BND,False,,,
2022-10-20,GLD,False,,,
2022-10-20,GOOGL,True,6.515325127,0.01371684495,0.002109761824
2022-10-20,JNJ,True,10.7834701,0.005718043474,0.0005305413822
2022-10-20,JPM,True,10.89222412,-0.02061690977,-0.00188923395
2022-10-20,MSFT,True,9.076507197,-0.01643475311,-0.001807418677
2022-10-20,PG,True,6.423137773,0.002445210076,0.0003808327609
2022-10-20,TSLA,True,1.971817006,-0.001547213974,-0.0007840488635
2022-10-20,VNQ,False,,,
2022-10-20,WMT,True,2.156455003,0.003375033042,0.001567537244
2022-10-21,AAPL,True,7.604856407,-0.01163077455,-0.001527052337
2022-10-21,AMZN,True,3.151381058,0.00470701338,0.001495869389
2022-10-21,BAC,True,3.325425508,0.001223611735,0.000368091883
2022-10-21,BND,False,,,
2022-10-21,GLD,False,,,
2022-10-21,GOOGL,True,6.485518694,-0.02980643303,-0.004574818977
2022-10-21,JNJ,True,10.78163968,-0.001830424671,-0.0001697435661
2022-10-21,JPM,True,10.88556693,-0.006657192897,-0.0006111876529
2022-10-21,MSFT,True,9.065880207,-0.01062699069,-0.001170823805
2022-10-21,PG,True,6.436448336,0.01331056335,0.002072283643
2022-10-21,TSLA,True,1.9782459,0.006428894893,0.003260391241
2022-10-21,VNQ,False,,,
2022-10-21,WMT,True,2.155107982,-0.001347021028,-0.000624646017
2022-10-24,AAPL,True,7.625210764,0.02035435641,0.002676494509
2022-10-24,AMZN,True,3.155286665,0.003905606851,0.001239331829
2022-10-24,BAC,True,3.322445434,-0.002980073938,-0.0008961481565
2022-10-24,BND,False,,,
2022-10-24,GLD,False,,,
2022-10-24,GOOGL,True,6.497454506,0.01193581236,0.001840378992
2022-10-24,JNJ,True,10.78029602,-0.001343660573,-0.000124624882
2022-10-24,JPM,True,10.89829503,0.01272809405,0.001169263313
2022-10-24,MSFT,True,9.057309679,-0.008570528014,-0.0009453608274
2022-10-24,PG,True,6.438196903,0.001748567413,0.0002716665032
2022-10-24,TSLA,True,1.985189066,0.006943165117,0.003509758375
2022-10-24,VNQ,False,,,
2022-10-24,WMT,True,2.157453341,0.002345358843,0.001088279039
2022-10-25,AAPL,True,7.629521732,0.004310968702,0.0005653573174
2022-10-25,AMZN,True,3.150073651,-0.005213013764,-0.001652152187
2022-10-25,BAC,True,3.325378767,0.002933332973,0.0008828837166
2022-10-25,BND,False,,,
2022-10-25,GLD,False,,,
2022-10-25,GOOGL,True,6.493516381,-0.003938124747,-0.0006061027042
2022-10-25,JNJ,True,10.79421495,0.01391892927,0.001291145368
2022-10-25,JPM,True,10.91491785,0.01662281943,0.001525267888
2022-10-25,MSFT,True,9.050822273,-0.006487405919,-0.0007162619088
2022-10-25,PG,True,6.452639637,0.01444273329,0.002243288534
2022-10-25,TSLA,True,1.990909107,0.005720041299,0.002881358455
2022-10-25,VNQ,False,,,
2022-10-25,WMT,True,2.162848292,0.005394951551,0.002500610998
2022-10-26,AAPL,True,7.630266535,0.0007448032067,9.762121832e-05
2022-10-26,AMZN,True,3.159954589,0.009880937968,0.003136732363
2022-10-26,BAC,True,3.32300399,-0.002374777093,-0.0007141373239
2022-10-26,BND,False,,,
2022-10-26,GLD,False,,,
2022-10-26,GOOGL,True,6.49909291,0.005576528315,0.0008587840528
2022-10-26,JNJ,True,10.80461882,0.01040386844,0.0009638374339
2022-10-26,JPM,True,10.91096808,-0.003949764364,-0.0003618684465
2022-10-26,MSFT,True,9.026330578,-0.02449169501,-0.002706018776
2022-10-26,PG,True,6.455729634,0.003089997621,0.0004788734216
2022-10-26,TSLA,True,1.995971533,0.005062425971,0.002542771015
2022-10-26,VNQ,False,,,
2022-10-26,WMT,True,2.164024852,0.001176559663,0.0005439862181
2022-10-27,AAPL,True,7.637159433,0.006892897655,0.0009033626313
2022-10-27,AMZN,True,3.162166705,0.002212116108,0.000700046803
2022-10-27,BAC,True,3.323065997,6.200717132e-05,1.865997499e-05
2022-10-27,BND,False,,,
2022-10-27,GLD,False,,,
2022-10-27,GOOGL,True,6.511973276,0.01288036613,0.001981871363
2022-10-27,JNJ,True,10.81024397,0.005625149546,0.0005206245257
2022-10-27,JPM,True,10.92662615,0.01565807188,0.001435076316
2022-10-27,MSFT,True,9.053153916,0.02682333798,0.00297167689
2022-10-27,PG,True,6.45227562,-0.003454014538,-0.0005350308538
2022-10-27,TSLA,True,2.00200493,0.00603339745,0.003022787325
2022-10-27,VNQ,False,,,
2022-10-27,WMT,True,2.166187026,0.00216217392,0.0009991446808
2022-10-28,AAPL,True,7.635839599,-0.00131983396,-0.00017281739
2022-10-28,AMZN,True,3.157978396,-0.00418830896,-0.001324506059
2022-10-28,BAC,True,3.327593961,0.00452796379,0.001362586176
2022-10-28,BND,False,,,
2022-10-28,GLD,False,,,
2022-10-28,GOOGL,True,6.529289584,0.01731630839,0.002659149179
2022-10-28,JNJ,True,10.79537402,-0.01486994992,-0.001375542492
2022-10-28,JPM,True,10.91605529,-0.01057086375,-0.0009674407817
2022-10-28,MSFT,True,9.038260773,-0.01489314228,-0.001645077773
2022-10-28,PG,True,6.458023077,0.005747456747,0.0008907642956
2022-10-28,TSLA,True,2.003411081,0.001406150689,0.000702371242
2022-10-28,VNQ,False,,,
2022-10-28,WMT,True,2.164936078,-0.00125094771,-0.0005774883216
2022-10-31,AAPL,True,7.63647506,0.0006354608146,8.322081762e-05
2022-10-31,AMZN,True,3.153539922,-0.004438474591,-0.001405479719
2022-10-31,BAC,True,3.327178776,-0.0004151843612,-0.0001247701391
2022-10-31,BND,False,,,
2022-10-31,GLD,False,,,
2022-10-31,GOOGL,True,6.547830161,0.01854057648,0.002839600885
2022-10-31,JNJ,True,10.80424413,0.008870116757,0.0008216590499
2022-10-31,JPM,True,10.92096084,0.004905548857,0.0004493884216
2022-10-31,MSFT,True,9.028947791,-0.009312981976,-0.001030395361
2022-10-31,PG,True,6.466612533,0.008589456348,0.001330044233
2022-10-31,TSLA,True,2.003328195,-8.28856448e-05,-4.137226033e-05
2022-10-31,VNQ,False,,,
2022-10-31,WMT,True,2.163077431,-0.001858646961,-0.0008585227895
2022-11-01,AAPL,True,7.637695209,0.001220149276,0.0001597791214
2022-11-01,AMZN,True,3.153583413,4.349124132e-05,1.379124489e-05
2022-11-01,BAC,True,3.323468094,-0.003710681721,-0.001115263703
2022-11-01,BND,False,,,
2022-11-01,GLD,False,,,
2022-11-01,GOOGL,True,6.565643993,0.01781383181,0.00272057023
2022-11-01,JNJ,True,10.78558029,-0.01866384444,-0.001727454897
2022-11-01,JPM,True,10.91674939,-0.004211444955,-0.0003856295263
2022-11-01,MSFT,True,9.056620103,0.02767231134,0.003064843433
2022-11-01,PG,True,6.473058566,0.00644603315,0.0009968175946
2022-11-01,TSLA,True,2.006490251,0.003162055263,0.001578401018
2022-11-01,VNQ,False,,,
2022-11-01,WMT,True,2.163437461,0.0003600300457,0.0001664434386
2022-11-02,AAPL,True,7.646339961,0.008644752232,0.001131853523
2022-11-02,AMZN,True,3.153129868,-0.0004535451083,-0.0001438189668
2022-11-02,BAC,True,3.328028799,0.004560704163,0.001372272588
2022-11-02,BND,False,,,
2022-11-02,GLD,False,,,
2022-11-02,GOOGL,True,6.578513074,0.0128690818,0.001960063904
2022-11-02,JNJ,True,10.79189611,0.006315826395,0.0005855805832
2022-11-02,JPM,True,10.93194508,0.0151956833,0.001391960441
2022-11-02,MSFT,True,9.036710475,-0.01990962785,-0.002198350778
2022-11-02,PG,True,6.484310058,0.01125149199,0.001738203336
2022-11-02,TSLA,True,2.01210082,0.005610569189,0.002796210541
2022-11-02,VNQ,False,,,
2022-11-02,WMT,True,2.165171411,0.00173394925,0.0008014787952
2022-11-03,AAPL,True,7.651709449,0.00536948736,0.0007022297449
2022-11-03,AMZN,True,3.156695472,0.003565604239,0.001130814267
2022-11-03,BAC,True,3.334690222,0.006661423381,0.002001612301
2022-11-03,BND,False,,,
2022-11-03,GLD,False,,,
2022-11-03,GOOGL,True,6.580626358,0.002113283226,0.0003212402562
2022-11-03,JNJ,True,10.78264238,-0.009253729441,-0.0008574702113
2022-11-03,JPM,True,10.93976767,0.007822596206,0.0007155722199
2022-11-03,MSFT,True,9.072817739,0.03610726442,0.003995620367
2022-11-03,PG,True,6.505768926,0.02145886828,0.00330935259
2022-11-03,TSLA,True,2.020759182,0.00865836223,0.004303145322
2022-11-03,VNQ,False,,,
2022-11-03,WMT,True,2.168352297,0.003180886433,0.001469115294
2022-11-04,AAPL,True,7.661495686,0.009786236871,0.001278960857
2022-11-04,AMZN,True,3.160840096,0.004144623477,0.001312962721
2022-11-04,BAC,True,3.342443789,0.007753567366,0.002325123729
2022-11-04,BND,False,,,
2022-11-04,GLD,False,,,
2022-11-04,GOOGL,True,6.588210625,0.007584267115,0.001152514472
2022-11-04,JNJ,True,10.79482545,0.0121830615,0.001129877173
2022-11-04,JPM,True,10.96109645,0.02132877749,0.001949655434
2022-11-04,MSFT,True,9.10798624,0.03516850104,0.003876249039
2022-11-04,PG,True,6.523354722,0.0175857957,0.002703107949
2022-11-04,TSLA,True,2.024237798,0.003478616469,0.001721440387
2022-11-04,VNQ,False,,,
2022-11-04,WMT,True,2.16959229,0.001239992807,0.0005718594756
2022-11-07,AAPL,True,7.667232344,0.005736658746,0.0007487648602
2022-11-07,AMZN,True,3.16226471,0.001424614204,0.0004507074576
2022-11-07,BAC,True,3.348686546,0.00624275671,0.001867722272
2022-11-07,BND,False,,,
2022-11-07,GLD,False,,,
2022-11-07,GOOGL,True,6.587347107,-0.0008635178875,-0.0001310701701
2022-11-07,JNJ,True,10.79427525,-0.0005501956631,-5.096846316e-05
2022-11-07,JPM,True,10.99076747,0.02967101987,0.002706939037
2022-11-07,MSFT,True,9.116720397,0.008734156206,0.0009589557972
2022-11-07,PG,True,6.555571231,0.03221650882,0.004938641266
2022-11-07,TSLA,True,2.021402636,-0.00283516211,-0.001400607237
2022-11-07,VNQ,False,,,
2022-11-07,WMT,True,2.170115443,0.0005231535787,0.0002411299031
2022-11-08,AAPL,True,7.680308293,0.01307594829,0.00170543264
2022-11-08,AMZN,True,3.174925959,0.01266124935,0.004003854995
2022-11-08,BAC,True,3.352945439,0.004258892993,0.001271809987
2022-11-08,BND,False,,,
2022-11-08,GLD,False,,,
2022-11-08,GOOGL,True,6.608780041,0.02143293433,0.003253651885
2022-11-08,JNJ,True,10.8158003,0.02152505421,0.001994117595
2022-11-08,JPM,True,11.00580033,0.01503285612,0.001367771283
2022-11-08,MSFT,True,9.119809097,0.003088700073,0.0003387950862
2022-11-08,PG,True,6.545463545,-0.0101076863,-0.001541846766
2022-11-08,TSLA,True,2.02521116,0.003808523879,0.00188409959
2022-11-08,VNQ,False,,,
2022-11-08,WMT,True,2.175777509,0.005662065764,0.002609108092
2022-11-09,AAPL,True,7.689351035,0.009042742387,0.001177393152
2022-11-09,AMZN,True,3.181218463,0.006292503511,0.001981937088
2022-11-09,BAC,True,3.363368014,0.01042257457,0.003108483201
2022-11-09,BND,False,,,
2022-11-09,GLD,False,,,
2022-11-09,GOOGL,True,6.637276711,0.02849667012,0.004311941076
2022-11-09,JNJ,True,10.85314714,0.03734683851,0.003452988911
2022-11-09,JPM,True,11.04146084,0.03566051387,0.003240156355
2022-11-09,MSFT,True,9.139225865,0.01941676849,0.002129076199
2022-11-09,PG,True,6.564998976,0.01953543119,0.002984575661
2022-11-09,TSLA,True,2.034538979,0.009327818526,0.004605849854
2022-11-09,VNQ,False,,,
2022-11-09,WMT,True,2.178904354,0.003126844936,0.001437116122
2022-11-10,AAPL,True,7.709276993,0.01992595804,0.002591370578
2022-11-10,AMZN,True,3.182949606,0.001731143254,0.0005441761622
2022-11-10,BAC,True,3.370252095,0.006884081707,0.002046782178
2022-11-10,BND,False,,,
2022-11-10,GLD,False,,,
2022-11-10,GOOGL,True,6.648031259,0.01075454751,0.001620325319
2022-11-10,JNJ,True,10.84961237,-0.003534773265,-0.0003256910846
2022-11-10,JPM,True,11.05729361,0.01583276927,0.001433937909
2022-11-10,MSFT,True,9.161804543,0.02257867796,0.002470524123
2022-11-10,PG,True,6.580158754,0.0151597782,0.002309182113
2022-11-10,TSLA,True,2.037198984,0.002660005522,0.001307424212
2022-11-10,VNQ,False,,,
2022-11-10,WMT,True,2.179846427,0.0009420724486,0.0004323606251
2022-11-11,AAPL,True,7.744857445,0.03558045142,0.004615277341
2022-11-11,AMZN,True,3.194573506,0.01162389946,0.003651926955
2022-11-11,BAC,True,3.375465515,0.00521342002,0.001546893192
2022-11-11,BND,False,,,
2022-11-11,GLD,False,,,
2022-11-11,GOOGL,True,6.665409126,0.01737786766,0.002613987056
2022-11-11,JNJ,True,10.85073715,0.001124780528,0.0001036701119
2022-11-11,JPM,True,11.07561607,0.01832246428,0.001657047821
2022-11-11,MSFT,True,9.188079842,0.02627529906,0.002867917444
2022-11-11,PG,True,6.604174082,0.02401532842,0.003649657906
2022-11-11,TSLA,True,2.04231146,0.005112475497,0.002509561185
2022-11-11,VNQ,False,,,
2022-11-11,WMT,True,2.184764869,0.004918442481,0.002256325226
2022-11-14,AAPL,True,7.747417202,0.002559757483,0.0003305106002
2022-11-14,AMZN,True,3.20989647,0.01532296462,0.004796560352
2022-11-14,BAC,True,3.381180269,0.00571475341,0.00169302675
2022-11-14,BND,False,,,
2022-11-14,GLD,False,,,
2022-11-14,GOOGL,True,6.68278874,0.01737961374,0.002607433905
2022-11-14,JNJ,True,10.88678107,0.03604391677,0.003321794296
2022-11-14,JPM,True,11.080125,0.004508921847,0.00040710348
2022-11-14,MSFT,True,9.207627841,0.01954799922,0.002127539111
2022-11-14,PG,True,6.613181454,0.009007371524,0.001363890687
2022-11-14,TSLA,True,2.041431307,-0.0008801523496,-0.0004309589242
2022-11-14,VNQ,False,,,
2022-11-14,WMT,True,2.183698696,-0.001066172899,-0.0004880034985
2022-11-15,AAPL,True,7.736345273,-0.01107192896,-0.001429112267
2022-11-15,AMZN,True,3.208925645,-0.0009708249572,-0.000302447436
2022-11-15,BAC,True,3.388302152,0.00712188272,0.00210633038
2022-11-15,BND,False,,,
2022-11-15,GLD,False,,,
2022-11-15,GOOGL,True,6.677403451,-0.005385289131,-0.0008058445867
2022-11-15,JNJ,True,10.87921239,-0.00756868098,-0.0006952175242
2022-11-15,JPM,True,11.09487881,0.0147538154,0.001331556765
2022-11-15,MSFT,True,9.233207095,0.02557925372,0.002778050347
2022-11-15,PG,True,6.611449029,-0.001732425145,-0.0002619654635
2022-11-15,TSLA,True,2.042481983,0.001050675737,0.0005146760183
2022-11-15,VNQ,False,,,
2022-11-15,WMT,True,2.181499331,-0.002199365632,-0.001007174495
2022-11-16,AAPL,True,7.733261329,-0.00308394411,-0.0003986306196
2022-11-16,AMZN,True,3.216796894,0.007871248435,0.002452923285
2022-11-16,BAC,True,3.390797414,0.00249526206,0.0007364343404
2022-11-16,BND,False,,,
2022-11-16,GLD,False,,,
2022-11-16,GOOGL,True,6.694098454,0.01669500298,0.002500223792
2022-11-16,JNJ,True,10.86659817,-0.01261421937,-0.001159479099
2022-11-16,JPM,True,11.09970251,0.004823704191,0.0004347685336
2022-11-16,MSFT,True,9.258620996,0.02541390095,0.002752445677
2022-11-16,PG,True,6.610520574,-0.0009284551578,-0.0001404314173
2022-11-16,TSLA,True,2.046250307,0.003768323931,0.001844972911
2022-11-16,VNQ,False,,,
2022-11-16,WMT,True,2.17815908,-0.003340250986,-0.001531172135
2022-11-17,AAPL,True,7.749563917,0.01630258772,0.002108112868
2022-11-17,AMZN,True,3.226512743,0.00971584898,0.003020348906
2022-11-17,BAC,True,3.401016919,0.01021950508,0.003013894325
2022-11-17,BND,False,,,
2022-11-17,GLD,False,,,
2022-11-17,GOOGL,True,6.7066965,0.01259804609,0.001881963071
2022-11-17,JNJ,True,10.84750313,-0.0190950364,-0.001757223016
2022-11-17,JPM,True,11.11987065,0.0201681351,0.001816997804
2022-11-17,MSFT,True,9.255480964,-0.003140032465,-0.0003391468844
2022-11-17,PG,True,6.6245703,0.01404972596,0.00212535848
2022-11-17,TSLA,True,2.048830049,0.002579742249,0.001260716854
2022-11-17,VNQ,False,,,
2022-11-17,WMT,True,2.172128993,-0.006030086749,-0.002768432667
2022-11-18,AAPL,True,7.793126118,0.04356220097,0.005621245458
2022-11-18,AMZN,True,3.221146855,-0.005365887249,-0.00166306092
2022-11-18,BAC,True,3.406736593,0.00571967426,0.001681754133
2022-11-18,BND,False,,,
2022-11-18,GLD,False,,,
2022-11-18,GOOGL,True,6.732470297,0.02577379689,0.00384299437
2022-11-18,JNJ,True,10.86158126,0.0140781314,0.001297822294
2022-11-18,JPM,True,11.13348797,0.01361731666,0.001224593081
2022-11-18,MSFT,True,9.268561241,0.01308027754,0.001413246658
2022-11-18,PG,True,6.626156296,0.001585996808,0.0002394112729
2022-11-18,TSLA,True,2.054651986,0.005821936903,0.002841590939
2022-11-18,VNQ,False,,,
2022-11-18,WMT,True,2.175916115,0.003787122207,0.001743507048
2022-11-21,AAPL,True,7.780900678,-0.01222543918,-0.001568746482
2022-11-21,AMZN,True,3.21326718,-0.007879675347,-0.002446232879
2022-11-21,BAC,True,3.407291825,0.0005552324911,0.0001629807518
2022-11-21,BND,False,,,
2022-11-21,GLD,False,,,
2022-11-21,GOOGL,True,6.731322461,-0.001147835838,-0.0001704925217
2022-11-21,JNJ,True,10.85184774,-0.009733526282,-0.0008961426562
2022-11-21,JPM,True,11.15204283,0.01855486201,0.001666581224
2022-11-21,MSFT,True,9.262128056,-0.006433185191,-0.0006940867114
2022-11-21,PG,True,6.635281696,0.009125399224,0.001377178385
2022-11-21,TSLA,True,2.051459618,-0.003192368556,-0.001553727141
2022-11-21,VNQ,False,,,
2022-11-21,WMT,True,2.174101229,-0.001814886316,-0.0008340791739
2022-11-22,AAPL,True,7.781705998,0.0008053195372,0.0001034995267
2022-11-22,AMZN,True,3.200418091,-0.01284908917,-0.003998761526
2022-11-22,BAC,True,3.40712856,-0.0001632658062,-4.791659024e-05
2022-11-22,BND,False,,,
2022-11-22,GLD,False,,,
2022-11-22,GOOGL,True,6.71938196,-0.01194050089,-0.001773871474
2022-11-22,JNJ,True,10.83318841,-0.01865932559,-0.001719460689
2022-11-22,JPM,True,11.17718277,0.0251399384,0.00225428998
2022-11-22,MSFT,True,9.225640313,-0.03648774285,-0.003939455666
2022-11-22,PG,True,6.64844912,0.01316742409,0.001984455928
2022-11-22,TSLA,True,2.058114075,0.006654457753,0.003243767363
2022-11-22,VNQ,False,,,
2022-11-22,WMT,True,2.176832998,0.002731769734,0.001256505308
2022-11-23,AAPL,True,7.789150283,0.007444285062,0.0009566392078
2022-11-23,AMZN,True,3.190848638,-0.009569452665,-0.002990063296
2022-11-23,BAC,True,3.405632743,-0.001495816749,-0.0004390256259
2022-11-23,BND,False,,,
2022-11-23,GLD,False,,,
2022-11-23,GOOGL,True,6.739364039,0.0199820783,0.002973797057
2022-11-23,JNJ,True,10.83974556,0.006557155188,0.0006052839607
2022-11-23,JPM,True,11.19280431,0.01562154492,0.001397628118
2022-11-23,MSFT,True,9.243670969,0.01803065603,0.001954407003
2022-11-23,PG,True,6.660076606,0.01162748631,0.001748902052
2022-11-23,TSLA,True,2.054901187,-0.003212888253,-0.00156108366
2022-11-23,VNQ,False,,,
2022-11-23,WMT,True,2.176567903,-0.0002650954073,-0.0001217803145
2022-11-25,AAPL,True,7.763831827,-0.02531845569,-0.003250477237
2022-11-25,AMZN,True,3.19534452,0.004495881528,0.001408992415
2022-11-25,BAC,True,3.407734657,0.002101914387,0.000617187626
2022-11-25,BND,False,,,
2022-11-25,GLD,False,,,
2022-11-25,GOOGL,True,6.718039898,-0.02132414016,-0.003164117569
2022-11-25,JNJ,True,10.83900299,-0.0007425709325,-6.850446148e-05
2022-11-25,JPM,True,11.21605141,0.02324709925,0.002076968256
2022-11-25,MSFT,True,9.237432406,-0.00623856302,-0.0006749010259
2022-11-25,PG,True,6.678724293,0.01864768674,0.002799920758
2022-11-25,TSLA,True,2.059887378,0.004986190722,0.002426486857
2022-11-25,VNQ,False,,,
2022-11-25,WMT,True,2.173538823,-0.003029080039,-0.001391677252
2022-11-28,AAPL,True,7.778569755,0.01473792793,0.001898280161
2022-11-28,AMZN,True,3.197347971,0.002003451225,0.0006269906774
2022-11-28,BAC,True,3.403132598,-0.004602059287,-0.001350474655
2022-11-28,BND,False,,,
2022-11-28,GLD,False,,,
2022-11-28,GOOGL,True,6.725501516,0.007461617227,0.001110683673
2022-11-28,JNJ,True,10.83819254,-0.0008104504464,-7.477167844e-05
2022-11-28,JPM,True,11.21784773,0.001796320107,0.0001601561941
2022-11-28,MSFT,True,9.244934277,0.007501870733,0.0008121164413
2022-11-28,PG,True,6.671490697,-0.007233596029,-0.001083080497
2022-11-28,TSLA,True,2.060167843,0.0002804655047,0.000136155747
2022-11-28,VNQ,False,,,
2022-11-28,WMT,True,2.174958707,0.001419883616,0.0006532589165
2022-11-29,AAPL,True,7.750922451,-0.02764730432,-0.003554291495
2022-11-29,AMZN,True,3.194043837,-0.003304134054,-0.00103339833
2022-11-29,BAC,True,3.406785431,0.003652832667,0.001073373594
2022-11-29,BND,False,,,
2022-11-29,GLD,False,,,
2022-11-29,GOOGL,True,6.731004496,0.005502980463,0.0008182260387
2022-11-29,JNJ,True,10.84809739,0.009904846592,0.000913883616
2022-11-29,JPM,True,11.1923498,-0.0254979289,-0.002272978695
2022-11-29,MSFT,True,9.227809906,-0.01712437094,-0.001852297748
2022-11-29,PG,True,6.67447553,0.002984833569,0.0004474012937
2022-11-29,TSLA,True,2.061817226,0.001649382933,0.0008006060957
2022-11-29,VNQ,False,,,
2022-11-29,WMT,True,2.178351909,0.003393202099,0.001560122539
2022-11-30,AAPL,True,7.756948374,0.006025923046,0.0007774459213
2022-11-30,AMZN,True,3.195248823,0.001204986293,0.0003772604117
2022-11-30,BAC,True,3.418248077,0.01146264604,0.003364651598
2022-11-30,BND,False,,,
2022-11-30,GLD,False,,,
2022-11-30,GOOGL,True,6.704239631,-0.02676486474,-0.003976355202
2022-11-30,JNJ,True,10.81695,-0.03114739115,-0.002871230781
2022-11-30,JPM,True,11.19054572,-0.001804086041,-0.0001611892117
2022-11-30,MSFT,True,9.199442516,-0.0283673896,-0.003074119416
2022-11-30,PG,True,6.67107105,-0.003404480223,-0.0005100745681
2022-11-30,TSLA,True,2.06470307,0.002885843593,0.00139966024
2022-11-30,VNQ,False,,,
2022-11-30,WMT,True,2.179514822,0.001162913434,0.0005338501228
2022-12-01,AAPL,True,7.75558019,-0.001368183776,-0.0001763817046
2022-12-01,AMZN,True,3.180830377,-0.01441844622,-0.004512464292
2022-12-01,BAC,True,3.418056413,-0.0001916639365,-5.607080943e-05
2022-12-01,BND,False,,,
2022-12-01,GLD,False,,,
2022-12-01,GOOGL,True,6.708349182,0.004109550473,0.0006129778616
2022-12-01,JNJ,True,10.83018412,0.01323411855,0.001223461193
2022-12-01,JPM,True,11.18298944,-0.007556276619,-0.0006752375452
2022-12-01,MSFT,True,9.219659916,0.02021739991,0.002197676639
2022-12-01,PG,True,6.673084595,0.00201354494,0.0003018323333
2022-12-01,TSLA,True,2.066569842,0.001866772497,0.0009041360593
2022-12-01,VNQ,False,,,
2022-12-01,WMT,True,2.179652337,0.0001375153232,6.30944657e-05
2022-12-02,AAPL,True,7.764275318,0.00869512729,0.001121144657
2022-12-02,AMZN,True,3.174763459,-0.006066917892,-0.001907337762
2022-12-02,BAC,True,3.418887449,0.0008310365535,0.0002431313159
2022-12-02,BND,False,,,
2022-12-02,GLD,False,,,
2022-12-02,GOOGL,True,6.695709327,-0.01263985472,-0.001884197495
2022-12-02,JNJ,True,10.82204652,-0.008137600452,-0.0007513815429
2022-12-02,JPM,True,11.19268487,0.009695432231,0.0008669803618
2022-12-02,MSFT,True,9.21537187,-0.004288046013,-0.0004650980678
2022-12-02,PG,True,6.659000862,-0.01408373319,-0.002110528196
2022-12-02,TSLA,True,2.063146647,-0.003423195106,-0.001656462335
2022-12-02,VNQ,False,,,
2022-12-02,WMT,True,2.182744717,0.003092379987,0.001418749189
2022-12-05,AAPL,True,7.773838752,0.009563434103,0.001231722693
2022-12-05,AMZN,True,3.183964646,0.009201186847,0.002898227526
2022-12-05,BAC,True,3.427242475,0.008355026226,0.002443785105
2022-12-05,BND,False,,,
2022-12-05,GLD,False,,,
2022-12-05,GOOGL,True,6.687832344,-0.007876983607,-0.001176422575
2022-12-05,JNJ,True,10.83987871,0.01783219566,0.001647765571
2022-12-05,JPM,True,11.20290022,0.01021535215,0.0009126811183
2022-12-05,MSFT,True,9.173357993,-0.04201387755,-0.00455910821
2022-12-05,PG,True,6.66647272,0.007471857882,0.001122068916
2022-12-05,TSLA,True,2.060770882,-0.002375764833,-0.001151524947
2022-12-05,VNQ,False,,,
2022-12-05,WMT,True,2.183554677,0.000809959352,0.0003710737887
2022-12-06,AAPL,True,7.793729461,0.01989070903,0.002558672706
2022-12-06,AMZN,True,3.16720919,-0.01675545621,-0.005262450457
2022-12-06,BAC,True,3.424659399,-0.002583076981,-0.0007536895914
2022-12-06,BND,False,,,
2022-12-06,GLD,False,,,
2022-12-06,GOOGL,True,6.688948402,0.00111605865,0.0001668789815
2022-12-06,JNJ,True,10.81789952,-0.02197919027,-0.002027623265
2022-12-06,JPM,True,11.21161634,0.008716116788,0.0007780232452
2022-12-06,MSFT,True,9.16644406,-0.006913932995,-0.0007536970649
2022-12-06,PG,True,6.667767248,0.001294528825,0.000194184973
2022-12-06,TSLA,True,2.058827543,-0.001943339582,-0.0009430158386
2022-12-06,VNQ,False,,,
2022-12-06,WMT,True,2.181117584,-0.002437093005,-0.001116112654
2022-12-07,AAPL,True,7.804447975,0.01071851467,0.001375274152
2022-12-07,AMZN,True,3.16488145,-0.002327739673,-0.0007349497722
2022-12-07,BAC,True,3.426118564,0.001459165154,0.000426075993
2022-12-07,BND,False,,,
2022-12-07,GLD,False,,,
2022-12-07,GOOGL,True,6.683086379,-0.005862023258,-0.0008763744173
2022-12-07,JNJ,True,10.81050265,-0.007396871106,-0.0006837622305
2022-12-07,JPM,True,11.22177995,0.01016360709,0.0009065246958
2022-12-07,MSFT,True,9.189003776,0.02255971628,0.002461119725
2022-12-07,PG,True,6.679453706,0.011686458,0.001752679355
2022-12-07,TSLA,True,2.058826429,-1.114306945e-06,-5.412337469e-07
2022-12-07,VNQ,False,,,
2022-12-07,WMT,True,2.179076832,-0.002040751923,-0.000935645074
2022-12-08,AAPL,True,7.795475416,-0.008972559267,-0.001149672507
2022-12-08,AMZN,True,3.169915747,0.005034297448,0.001590674889
2022-12-08,BAC,True,3.430489324,0.004370760765,0.001275717896
2022-12-08,BND,False,,,
2022-12-08,GLD,False,,,
2022-12-08,GOOGL,True,6.692539037,0.009452658401,0.001414415117
2022-12-08,JNJ,True,10.81225498,0.001752328209,0.0001620949798
2022-12-08,JPM,True,11.23874879,0.01696884381,0.001512134785
2022-12-08,MSFT,True,9.197921228,0.00891745165,0.000970448143
2022-12-08,PG,True,6.679150239,-0.0003034671801,-4.543293411e-05
2022-12-08,TSLA,True,2.065613072,0.006786643219,0.003296364922
2022-12-08,VNQ,False,,,
2022-12-08,WMT,True,2.176504945,-0.002571887291,-0.001180264621
2022-12-09,AAPL,True,7.810326387,0.01485097119,0.001905075752
2022-12-09,AMZN,True,3.171216055,0.001300307876,0.0004102026614
2022-12-09,BAC,True,3.436906205,0.006416880481,0.001870543784
2022-12-09,BND,False,,,
2022-12-09,GLD,False,,,
2022-12-09,GOOGL,True,6.685589096,-0.006949941284,-0.001038461075
2022-12-09,JNJ,True,10.79888527,-0.01336971178,-0.001236533156
2022-12-09,JPM,True,11.25136546,0.01261667318,0.001122604786
2022-12-09,MSFT,True,9.192161267,-0.005759960292,-0.000626224138
2022-12-09,PG,True,6.689843266,0.01069302666,0.001600956151
2022-12-09,TSLA,True,2.061015811,-0.004597261109,-0.00222561581
2022-12-09,VNQ,False,,,
2022-12-09,WMT,True,2.176148676,-0.0003562684244,-0.0001636883138
2022-12-12,AAPL,True,7.799422351,-0.0109040365,-0.001396105099
2022-12-12,AMZN,True,3.164958782,-0.006257273618,-0.001973146424
2022-12-12,BAC,True,3.445453139,0.008546933987,0.002486810369
2022-12-12,BND,False,,,
2022-12-12,GLD,False,,,
2022-12-12,GOOGL,True,6.67930501,-0.006284086518,-0.0009399450711
2022-12-12,JNJ,True,10.78716809,-0.01171718004,-0.00108503607
2022-12-12,JPM,True,11.25049507,-0.0008703954837,-7.7359098e-05
2022-12-12,MSFT,True,9.193901548,0.001740280435,0.0001893222262
2022-12-12,PG,True,6.672777262,-0.01706600368,-0.002551031916
2022-12-12,TSLA,True,2.060723856,-0.0002919549754,-0.000141655864
2022-12-12,VNQ,False,,,
2022-12-12,WMT,True,2.183193577,0.007044900508,0.003237324998
2022-12-13,AAPL,True,7.795525693,-0.003896658221,-0.0004996085666
2022-12-13,AMZN,True,3.164204332,-0.0007544497713,-0.0002383758599
2022-12-13,BAC,True,3.448785406,0.003332267398,0.0009671492437
2022-12-13,BND,False,,,
2022-12-13,GLD,False,,,
2022-12-13,GOOGL,True,6.673463276,-0.0058417333,-0.0008746019671
2022-12-13,JNJ,True,10.79883228,0.01166419621,0.001081302907
2022-12-13,JPM,True,11.24271191,-0.007783158715,-0.0006918058865
2022-12-13,MSFT,True,9.167952144,-0.0259494041,-0.00282245834
2022-12-13,PG,True,6.675696729,0.002919466575,0.000437518961
2022-12-13,TSLA,True,2.060261666,-0.0004621899506,-0.0002242852429
2022-12-13,VNQ,False,,,
2022-12-13,WMT,True,2.186019648,0.002826071076,0.001294466559
2022-12-14,AAPL,True,7.81832896,0.02280326793,0.002925173853
2022-12-14,AMZN,True,3.168016273,0.003811940668,0.001204707493
2022-12-14,BAC,True,3.454868963,0.006083556762,0.001763970803
2022-12-14,BND,False,,,
2022-12-14,GLD,False,,,
2022-12-14,GOOGL,True,6.676999967,0.003536690592,0.0005299632958
2022-12-14,JNJ,True,10.82003396,0.02120167928,0.001963330731
2022-12-14,JPM,True,11.23932841,-0.003383501214,-0.0003009506284
2022-12-14,MSFT,True,9.151111928,-0.01684021535,-0.001836856812
2022-12-14,PG,True,6.672727782,-0.002968946716,-0.0004447396035
2022-12-14,TSLA,True,2.060453528,0.000191862685,9.312539672e-05
2022-12-14,VNQ,False,,,
2022-12-14,WMT,True,2.180789733,-0.005229915159,-0.002392437398
2022-12-15,AAPL,True,7.805257671,-0.01307128929,-0.00167187763
2022-12-15,AMZN,True,3.16878282,0.000766547129,0.0002419643913
2022-12-15,BAC,True,3.456599265,0.001730302135,0.0005008300324
2022-12-15,BND,False,,,
2022-12-15,GLD,False,,,
2022-12-15,GOOGL,True,6.678072845,0.001072878313,0.0001606826895
2022-12-15,JNJ,True,10.8162755,-0.003758463319,-0.0003473615085
2022-12-15,JPM,True,11.22941361,-0.009914803865,-0.0008821526967
2022-12-15,MSFT,True,9.134719918,-0.0163920108,-0.001791258913
2022-12-15,PG,True,6.665465683,-0.00726209905,-0.001088325388
2022-12-15,TSLA,True,2.061579887,0.001126358388,0.0005466555651
2022-12-15,VNQ,False,,,
2022-12-15,WMT,True,2.176928229,-0.003861503292,-0.00177069033
2022-12-16,AAPL,True,8.249788811,0.4445311402,0.0569527822
2022-12-16,AMZN,True,3.268806599,0.1000237788,0.03156536262
2022-12-16,BAC,True,3.481121278,0.02452201235,0.00709425955
2022-12-16,BND,False,,,
2022-12-16,GLD,False,,,
2022-12-16,GOOGL,True,6.89186314,0.2137902949,0.03201377102
2022-12-16,JNJ,True,11.20753784,0.3912623414,0.03617348147
2022-12-16,JPM,True,11.0351973,-0.1942163062,-0.0172953204
2022-12-16,MSFT,True,8.969130346,-0.1655895717,-0.01812749303
2022-12-16,PG,True,6.689561551,0.02409586756,0.003615031373
2022-12-16,TSLA,True,2.032755522,-0.02882436439,-0.01398168685
2022-12-16,VNQ,False,,,
2022-12-16,WMT,True,2.193956533,0.01702830413,0.007822170662
2022-12-19,AAPL,True,8.232475919,-0.01731289272,-0.002098586172
2022-12-19,AMZN,True,3.251423325,-0.01738327362,-0.005317926618
2022-12-19,BAC,True,3.477829629,-0.003291648702,-0.0009455713948
2022-12-19,BND,False,,,
2022-12-19,GLD,False,,,
2022-12-19,GOOGL,True,6.892965036,0.001101895996,0.0001598836154
2022-12-19,JNJ,True,11.22656236,0.01902452299,0.001697475687
2022-12-19,JPM,True,11.05689537,0.02169806778,0.001966260067
2022-12-19,MSFT,True,8.972151193,0.003020847394,0.0003368049385
2022-12-19,PG,True,6.677023699,-0.01253785143,-0.001874241134
2022-12-19,TSLA,True,2.034180341,0.001424819011,0.0007009298437
2022-12-19,VNQ,False,,,
2022-12-19,WMT,True,2.192932454,-0.001024079128,-0.0004667727518
2022-12-20,AAPL,True,8.259151006,0.02667508767,0.003240226626
2022-12-20,AMZN,True,3.249373496,-0.002049828512,-0.0006304403663
2022-12-20,BAC,True,3.481400222,0.003570593431,0.0010266729
2022-12-20,BND,False,,,
2022-12-20,GLD,False,,,
2022-12-20,GOOGL,True,6.858496696,-0.03446833963,-0.00500050986
2022-12-20,JNJ,True,11.19162799,-0.03493437009,-0.003111760212
2022-12-20,JPM,True,11.05032436,-0.006571003682,-0.0005942901206
2022-12-20,MSFT,True,8.956107945,-0.01604324778,-0.001788116075
2022-12-20,PG,True,6.658879271,-0.01814442816,-0.002717442528
2022-12-20,TSLA,True,2.036438456,0.00225811472,0.001110085804
2022-12-20,VNQ,False,,,
2022-12-20,WMT,True,2.192304293,-0.0006281608279,-0.0002864478688
2022-12-21,AAPL,True,8.247443982,-0.0117070246,-0.001417461018
2022-12-21,AMZN,True,3.242431323,-0.00694217305,-0.002136465093
2022-12-21,BAC,True,3.476363861,-0.00503636111,-0.001446648127
2022-12-21,BND,False,,,
2022-12-21,GLD,False,,,
2022-12-21,GOOGL,True,6.869580975,0.01108427833,0.001616138175
2022-12-21,JNJ,True,11.15978528,-0.0318427158,-0.002845226433
2022-12-21,JPM,True,11.03791742,-0.01240694038,-0.001122767077
2022-12-21,MSFT,True,8.92779393,-0.02831401596,-0.003161419685
2022-12-21,PG,True,6.641217943,-0.01766132766,-0.002652297322
2022-12-21,TSLA,True,2.033100537,-0.003337918937,-0.001639096397
2022-12-21,VNQ,False,,,
2022-12-21,WMT,True,2.191731789,-0.0005725043141,-0.0002611427236
2022-12-22,AAPL,True,8.238492737,-0.008951244544,-0.001085335598
2022-12-22,AMZN,True,3.241138633,-0.001292690512,-0.0003986793809
2022-12-22,BAC,True,3.470801465,-0.005562395845,-0.001600061463
2022-12-22,BND,False,,,
2022-12-22,GLD,False,,,
2022-12-22,GOOGL,True,6.869101446,-0.0004795285487,-6.980462862e-05
2022-12-22,JNJ,True,11.16980035,0.01001506998,0.0008974249708
2022-12-22,JPM,True,11.04707461,0.009157186578,0.0008296118033
2022-12-22,MSFT,True,8.920292969,-0.007500960997,-0.0008401807946
2022-12-22,PG,True,6.634124946,-0.007092997328,-0.001068026586
2022-12-22,TSLA,True,2.038353755,0.005253218003,0.002583845662
2022-12-22,VNQ,False,,,
2022-12-22,WMT,True,2.189038883,-0.002692906398,-0.001228666031
2022-12-23,AAPL,True,8.222198235,-0.01629450213,-0.001977849911
2022-12-23,AMZN,True,3.232305154,-0.008833479164,-0.002725424662
2022-12-23,BAC,True,3.467418895,-0.003382570057,-0.0009745789527
2022-12-23,BND,False,,,
2022-12-23,GLD,False,,,
2022-12-23,GOOGL,True,6.857759708,-0.01134173851,-0.001651124037
2022-12-23,JNJ,True,11.18860427,0.01880392113,0.001683460809
2022-12-23,JPM,True,11.04600431,-0.001070296173,-9.688503165e-05
2022-12-23,MSFT,True,8.901598615,-0.01869435337,-0.002095710694
2022-12-23,PG,True,6.628725612,-0.005399334206,-0.0008138728544
2022-12-23,TSLA,True,2.038582347,0.0002285917458,0.0001121452766
2022-12-23,VNQ,False,,,
2022-12-23,WMT,True,2.189530577,0.0004916946979,0.0002246167036
2022-12-27,AAPL,True,8.221852136,-0.0003460994165,-4.209329508e-05
2022-12-27,AMZN,True,3.229909668,-0.002395485671,-0.0007411075245
2022-12-27,BAC,True,3.465419538,-0.001999356859,-0.0005766124368
2022-12-27,BND,False,,,
2022-12-27,GLD,False,,,
2022-12-27,GOOGL,True,6.846642084,-0.01111762409,-0.001621174342
2022-12-27,JNJ,True,11.17127974,-0.01732453182,-0.001548408666
2022-12-27,JPM,True,11.02257814,-0.02342617114,-0.002120782364
2022-12-27,MSFT,True,8.909762206,0.008163590941,0.0009170926812
2022-12-27,PG,True,6.630828156,0.002102544451,0.0003171868281
2022-12-27,TSLA,True,2.046077312,0.007494965334,0.003676557557
2022-12-27,VNQ,False,,,
2022-12-27,WMT,True,2.191981728,0.002451150294,0.00111948667
2022-12-28,AAPL,True,8.218830697,-0.003021438983,-0.0003674888496
2022-12-28,AMZN,True,3.225818945,-0.00409072336,-0.00126651324
2022-12-28,BAC,True,3.462411768,-0.003007770249,-0.0008679382729
2022-12-28,BND,False,,,
2022-12-28,GLD,False,,,
2022-12-28,GOOGL,True,6.839310205,-0.007331878668,-0.0010708722
2022-12-28,JNJ,True,11.17187182,0.0005920795212,5.300015174e-05
2022-12-28,JPM,True,11.00051694,-0.02206120723,-0.002001456188
2022-12-28,MSFT,True,8.900773731,-0.008988475468,-0.001008834496
2022-12-28,PG,True,6.636953158,0.006125001955,0.000923715984
2022-12-28,TSLA,True,2.042452171,-0.003625141579,-0.001771752004
2022-12-28,VNQ,False,,,
2022-12-28,WMT,True,2.190106639,-0.001875089094,-0.0008554309876
2022-12-29,AAPL,True,8.215378599,-0.003452097744,-0.0004200229779
2022-12-29,AMZN,True,3.223951794,-0.001867151063,-0.0005788145878
2022-12-29,BAC,True,3.458873228,-0.003538539902,-0.001021987025
2022-12-29,BND,False,,,
2022-12-29,GLD,False,,,
2022-12-29,GOOGL,True,6.841664351,0.002354146466,0.0003442081723
2022-12-29,JNJ,True,11.18848505,0.01661322911,0.001487058693
2022-12-29,JPM,True,10.97992872,-0.02058821214,-0.001871567696
2022-12-29,MSFT,True,8.913244195,0.01247046468,0.001401054005
2022-12-29,PG,True,6.625471047,-0.01148211164,-0.001730027524
2022-12-29,TSLA,True,2.042983754,0.000531583388,0.0002602672393
2022-12-29,VNQ,False,,,
2022-12-29,WMT,True,2.18596343,-0.004143208149,-0.00189178375
2022-12-30,AAPL,True,8.206440295,-0.008938303908,-0.001087996591
2022-12-30,AMZN,True,3.219288068,-0.004663725903,-0.001446586736
2022-12-30,BAC,True,3.468837111,0.009963882573,0.002880672958
2022-12-30,BND,False,,,
2022-12-30,GLD,False,,,
2022-12-30,GOOGL,True,6.832701163,-0.008963188012,-0.001310088825
2022-12-30,JNJ,True,11.17435013,-0.0141349127,-0.001263344648
2022-12-30,JPM,True,10.96267934,-0.0172493873,-0.001570992648
2022-12-30,MSFT,True,8.928466472,0.01522227683,0.001707826746
2022-12-30,PG,True,6.608377243,-0.01709380373,-0.002580013346
2022-12-30,TSLA,True,2.040963823,-0.002019931605,-0.0009887164305
2022-12-30,VNQ,False,,,
2022-12-30,WMT,True,2.181670064,-0.004293366345,-0.001964061377
2023-01-03,AAPL,True,8.199950401,-0.006489894305,-0.0007908294062
2023-01-03,AMZN,True,3.218739784,-0.0005482837887,-0.0001703121241
2023-01-03,BAC,True,3.476933695,0.008096584439,0.002334091853
2023-01-03,BND,False,,,
2023-01-03,GLD,False,,,
2023-01-03,GOOGL,True,6.838552648,0.005851484525,0.0008563940359
2023-01-03,JNJ,True,11.18797839,0.01362825286,0.001219601382
2023-01-03,JPM,True,10.94122474,-0.02145459137,-0.001957057277
2023-01-03,MSFT,True,8.928872412,0.0004059397302,4.546578424e-05
2023-01-03,PG,True,6.609529374,0.001152131152,0.0001743440348
2023-01-03,TSLA,True,2.040330304,-0.0006335188887,-0.0003104018218
2023-01-03,VNQ,False,,,
2023-01-03,WMT,True,2.177176207,-0.004493857091,-0.002059824336
2023-01-04,AAPL,True,8.183499307,-0.01645109372,-0.002006243077
2023-01-04,AMZN,True,3.212717783,-0.006022001118,-0.001870918907
2023-01-04,BAC,True,3.471608168,-0.00532552727,-0.001531673519
2023-01-04,BND,False,,,
2023-01-04,GLD,False,,,
2023-01-04,GOOGL,True,6.830976878,-0.007575770003,-0.001107803126
2023-01-04,JNJ,True,11.19230033,0.004321947987,0.0003863028545
2023-01-04,JPM,True,10.92408803,-0.0171367192,-0.001566252371
2023-01-04,MSFT,True,8.891152125,-0.03772028735,-0.004224529774
2023-01-04,PG,True,6.609317714,-0.0002116598904,-3.202344349e-05
2023-01-04,TSLA,True,2.043234354,0.002904050283,0.001423323605
2023-01-04,VNQ,False,,,
2023-01-04,WMT,True,2.175367831,-0.001808375612,-0.0008306059962
2023-01-05,AAPL,True,8.163891586,-0.01960772104,-0.002396006928
2023-01-05,AMZN,True,3.20658815,-0.006129632896,-0.00190792759
2023-01-05,BAC,True,3.474260635,0.002652467069,0.0007640456354
2023-01-05,BND,False,,,
2023-01-05,GLD,False,,,
2023-01-05,GOOGL,True,6.833984281,0.003007403103,0.0004402595935
2023-01-05,JNJ,True,11.19064922,-0.001651119432,-0.0001475227953
2023-01-05,JPM,True,10.94931357,0.02522554128,0.00230916679
2023-01-05,MSFT,True,8.858872981,-0.03227914344,-0.003630479266
2023-01-05,PG,True,6.593547867,-0.01576984681,-0.002386002232
2023-01-05,TSLA,True,2.046563898,0.003329543908,0.001629545775
2023-01-05,VNQ,False,,,
2023-01-05,WMT,True,2.181271822,0.005903990356,0.002714019335
2023-01-06,AAPL,True,8.17091461,0.007023023762,0.0008602544127
2023-01-06,AMZN,True,3.21960901,0.01302086058,0.00406065886
2023-01-06,BAC,True,3.473913231,-0.0003474045287,-9.999380161e-05
2023-01-06,BND,False,,,
2023-01-06,GLD,False,,,
2023-01-06,GOOGL,True,6.840816898,0.006832616739,0.0009997998909
2023-01-06,JNJ,True,11.16613679,-0.02451242352,-0.002190438021
2023-01-06,JPM,True,10.93013223,-0.01918133495,-0.001751829906
2023-01-06,MSFT,True,8.867904776,0.009031795043,0.001019519646
2023-01-06,PG,True,6.587991107,-0.005556760759,-0.0008427573244
2023-01-06,TSLA,True,2.04134554,-0.005218357722,-0.002549814217
2023-01-06,VNQ,False,,,
2023-01-06,WMT,True,2.1870639,0.005792077977,0.00265536735
2023-01-09,AAPL,True,8.200414345,0.02949973559,0.003610334583
2023-01-09,AMZN,True,3.215561483,-0.004047527758,-0.001257148848
2023-01-09,BAC,True,3.465870635,-0.008042595555,-0.002315140023
2023-01-09,BND,False,,,
2023-01-09,GLD,False,,,
2023-01-09,GOOGL,True,6.814779767,-0.02603713038,-0.003806143442
2023-01-09,JNJ,True,11.15468583,-0.01145095818,-0.001025507604
2023-01-09,JPM,True,10.91251322,-0.01761900817,-0.001611966607
2023-01-09,MSFT,True,8.861855943,-0.006048832686,-0.0006821039286
2023-01-09,PG,True,6.585246497,-0.002744609191,-0.0004166079078
2023-01-09,TSLA,True,2.036933111,-0.004412428699,-0.002161529546
2023-01-09,VNQ,False,,,
2023-01-09,WMT,True,2.178784635,-0.008279265092,-0.003785561589
2023-01-10,AAPL,True,8.198370988,-0.002043357194,-0.0002491773109
2023-01-10,AMZN,True,3.210374138,-0.005187345013,-0.001613200382
2023-01-10,BAC,True,3.459618294,-0.006252341323,-0.001803974234
2023-01-10,BND,False,,,
2023-01-10,GLD,False,,,
2023-01-10,GOOGL,True,6.797277675,-0.01750209193,-0.002568254959
2023-01-10,JNJ,True,11.15002362,-0.004662210521,-0.0004179598234
2023-01-10,JPM,True,10.90070888,-0.01180433858,-0.001081725019
2023-01-10,MSFT,True,8.846371832,-0.01548411135,-0.001747276355
2023-01-10,PG,True,6.579819001,-0.005427496306,-0.000824190303
2023-01-10,TSLA,True,2.031627138,-0.005305973019,-0.002604883287
2023-01-10,VNQ,False,,,
2023-01-10,WMT,True,2.177158664,-0.001625970585,-0.0007462741194
2023-01-11,AAPL,True,8.204783734,0.006412746246,0.0007821976164
2023-01-11,AMZN,True,3.207898574,-0.002475564088,-0.0007711138894
2023-01-11,BAC,True,3.45337749,-0.00624080398,-0.001803899578
2023-01-11,BND,False,,,
2023-01-11,GLD,False,,,
2023-01-11,GOOGL,True,6.791785166,-0.005492509332,-0.0008080454549
2023-01-11,JNJ,True,11.14502099,-0.00500263408,-0.000448665783
2023-01-11,JPM,True,10.91523908,0.01453019729,0.001332958933
2023-01-11,MSFT,True,8.827789094,-0.01858273776,-0.002100605549
2023-01-11,PG,True,6.5793275,-0.0004915009592,-7.469824917e-05
2023-01-11,TSLA,True,2.029097123,-0.002530015288,-0.001245314773
2023-01-11,VNQ,False,,,
2023-01-11,WMT,True,2.179691392,0.002532728297,0.001163318199
2023-01-12,AAPL,True,8.211633122,0.00684938772,0.0008348041754
2023-01-12,AMZN,True,3.203915829,-0.003982744412,-0.001241543122
2023-01-12,BAC,True,3.458799789,0.005422299096,0.001570143754
2023-01-12,BND,False,,,
2023-01-12,GLD,False,,,
2023-01-12,GOOGL,True,6.814745741,0.02296057459,0.003380639115
2023-01-12,JNJ,True,11.15649669,0.01147569762,0.001029670347
2023-01-12,JPM,True,10.90983657,-0.005402508103,-0.0004949509638
2023-01-12,MSFT,True,8.846821596,0.01903250159,0.002155976019
2023-01-12,PG,True,6.577812487,-0.001515013024,-0.0002302686747
2023-01-12,TSLA,True,2.029430551,0.0003334278788,0.0001643232722
2023-01-12,VNQ,False,,,
2023-01-12,WMT,True,2.177806707,-0.001884685205,-0.0008646569013
2023-01-13,AAPL,True,8.217649741,0.006016619273,0.0007326946033
2023-01-13,AMZN,True,3.205508154,0.001592324643,0.0004969932821
2023-01-13,BAC,True,3.459990334,0.001190545138,0.0003442075895
2023-01-13,BND,False,,,
2023-01-13,GLD,False,,,
2023-01-13,GOOGL,True,6.823818363,0.009072622414,0.001331322218
2023-01-13,JNJ,True,11.16675225,0.01025556431,0.0009192459421
2023-01-13,JPM,True,10.90159004,-0.008246536289,-0.0007558808267
2023-01-13,MSFT,True,8.846462075,-0.00035952074,-4.063840737e-05
2023-01-13,PG,True,6.559925803,-0.0178866842,-0.002719245074
2023-01-13,TSLA,True,2.026426237,-0.003004314333,-0.001480373069
2023-01-13,VNQ,False,,,
2023-01-13,WMT,True,2.172804089,-0.005002617874,-0.002297089938
2023-01-17,AAPL,True,8.226240387,0.008590645533,0.001045389595
2023-01-17,AMZN,True,3.211672232,0.006164078032,0.00192296439
2023-01-17,BAC,True,3.459641366,-0.0003489675144,-0.0001008579449
2023-01-17,BND,False,,,
2023-01-17,GLD,False,,,
2023-01-17,GOOGL,True,6.827687874,0.003869510788,0.0005670594647
2023-01-17,JNJ,True,11.15519482,-0.01155742822,-0.00103498564
2023-01-17,JPM,True,10.90631598,0.004725943961,0.0004335096022
2023-01-17,MSFT,True,8.865286902,0.01882482665,0.002127949737
2023-01-17,PG,True,6.55631852,-0.003607282631,-0.0005498968647
2023-01-17,TSLA,True,2.028042992,0.00161675531,0.0007978357567
2023-01-17,VNQ,False,,,
2023-01-17,WMT,True,2.174085531,0.001281442036,0.0005897641863
2023-01-18,AAPL,True,8.221048963,-0.005191423691,-0.0006310809613
2023-01-18,AMZN,True,3.20109937,-0.01057286189,-0.00329201149
2023-01-18,BAC,True,3.459952652,0.0003112856146,8.997626679e-05
2023-01-18,BND,False,,,
2023-01-18,GLD,False,,,
2023-01-18,GOOGL,True,6.825918731,-0.00176914257,-0.0002591129828
2023-01-18,JNJ,True,11.13968919,-0.01550563181,-0.001389992022
2023-01-18,JPM,True,10.91641077,0.01009478846,0.00092559105
2023-01-18,MSFT,True,8.842582161,-0.02270474065,-0.002561083572
2023-01-18,PG,True,6.557175054,0.0008565333196,0.0001306424203
2023-01-18,TSLA,True,2.031208547,0.003165555339,0.001560891634
2023-01-18,VNQ,False,,,
2023-01-18,WMT,True,2.173090819,-0.0009947127368,-0.0004575315563
2023-01-19,AAPL,True,8.198401298,-0.0226476655,-0.002754838902
2023-01-19,AMZN,True,3.19600907,-0.005090299832,-0.001590172389
2023-01-19,BAC,True,3.452455582,-0.007497070463,-0.002166813022
2023-01-19,BND,False,,,
2023-01-19,GLD,False,,,
2023-01-19,GOOGL,True,6.829139098,0.003220367042,0.0004717851425
2023-01-19,JNJ,True,11.18780819,0.04811899583,0.004319599498
2023-01-19,JPM,True,10.92014692,0.003736148934,0.0003422506731
2023-01-19,MSFT,True,8.841634062,-0.0009480988963,-0.0001072196875
2023-01-19,PG,True,6.577570083,0.02039502934,0.003110337786
2023-01-19,TSLA,True,2.032977911,0.001769363505,0.0008710890407
2023-01-19,VNQ,False,,,
2023-01-19,WMT,True,2.17349205,0.000401231723,0.0001846364264
2023-01-20,AAPL,True,8.229038626,0.03063732869,0.003736988173
2023-01-20,AMZN,True,3.196190427,0.0001813569207,5.67448079e-05
2023-01-20,BAC,True,3.45347391,0.001018328805,0.0002949578295
2023-01-20,BND,False,,,
2023-01-20,GLD,False,,,
2023-01-20,GOOGL,True,6.839582784,0.01044368551,0.00152928288
2023-01-20,JNJ,True,11.20206481,0.01425662823,0.00127430038
2023-01-20,JPM,True,10.93245228,0.01230536249,0.001126849536
2023-01-20,MSFT,True,8.852058022,0.01042396007,0.001178963074
2023-01-20,PG,True,6.584977467,0.007407384387,0.001126158185
2023-01-20,TSLA,True,2.034071451,0.001093539866,0.0005379005152
2023-01-20,VNQ,False,,,
2023-01-20,WMT,True,2.173028417,-0.000463633629,-0.0002133127788
2023-01-23,AAPL,True,8.259698685,0.0306600582,0.003725837196
2023-01-23,AMZN,True,3.184214116,-0.01197631068,-0.003747057928
2023-01-23,BAC,True,3.450590609,-0.002883301547,-0.0008348988936
2023-01-23,BND,False,,,
2023-01-23,GLD,False,,,
2023-01-23,GOOGL,True,6.823689338,-0.01589344615,-0.002323744978
2023-01-23,JNJ,True,11.20443771,0.002372892211,0.000211826324
2023-01-23,JPM,True,10.92714953,-0.00530275224,-0.0004850469139
2023-01-23,MSFT,True,8.850295668,-0.001762354519,-0.0001990898065
2023-01-23,PG,True,6.577773328,-0.007204139317,-0.001094026419
2023-01-23,TSLA,True,2.034363238,0.0002917873205,0.0001434498874
2023-01-23,VNQ,False,,,
2023-01-23,WMT,True,2.169994734,-0.00303368261,-0.001396062098
2023-01-24,AAPL,True,8.241384929,-0.018313756,-0.002217242626
2023-01-24,AMZN,True,3.181345921,-0.002868195384,-0.0009007545596
2023-01-24,BAC,True,3.451227941,0.0006373318375,0.0001847022466
2023-01-24,BND,False,,,
2023-01-24,GLD,False,,,
2023-01-24,GOOGL,True,6.809098651,-0.01459068689,-0.002138240205
2023-01-24,JNJ,True,11.21450664,0.01006893121,0.0008986556461
2023-01-24,JPM,True,10.92162392,-0.005525609512,-0.0005056771208
2023-01-24,MSFT,True,8.844079305,-0.006216362455,-0.0007023903708
2023-01-24,PG,True,6.585940571,0.008167243254,0.001241642551
2023-01-24,TSLA,True,2.03489582,0.0005325819112,0.0002617929292
2023-01-24,VNQ,False,,,
2023-01-24,WMT,True,2.169157629,-0.0008371054673,-0.0003857638243
2023-01-25,AAPL,True,8.240633979,-0.0007509495877,-9.111934392e-05
2023-01-25,AMZN,True,3.175797323,-0.00554859808,-0.001744103979
2023-01-25,BAC,True,3.453722801,0.002494860162,0.0007228905785
2023-01-25,BND,False,,,
2023-01-25,GLD,False,,,
2023-01-25,GOOGL,True,6.809812521,0.000713869726,0.0001048405615
2023-01-25,JNJ,True,11.21027206,-0.004234579292,-0.0003775983579
2023-01-25,JPM,True,10.92530023,0.003676305994,0.0003366080009
2023-01-25,MSFT,True,8.817921914,-0.02615739178,-0.00295761615
2023-01-25,PG,True,6.588434138,0.002493566652,0.000378619671
2023-01-25,TSLA,True,2.034474676,-0.0004211441834,-0.0002069610539
2023-01-25,VNQ,False,,,
2023-01-25,WMT,True,2.168680662,-0.0004769661769,-0.0002198854388
2023-01-26,AAPL,True,8.221651932,-0.01898204665,-0.002303469211
2023-01-26,AMZN,True,3.173077247,-0.002720076116,-0.0008565017977
2023-01-26,BAC,True,3.458730937,0.005008136271,0.001450068972
2023-01-26,BND,False,,,
2023-01-26,GLD,False,,,
2023-01-26,GOOGL,True,6.817792646,0.007980124977,0.001171856781
2023-01-26,JNJ,True,11.19043611,-0.01983594947,-0.001769444074
2023-01-26,JPM,True,10.94290125,0.01760102449,0.001611033484
2023-01-26,MSFT,True,8.828653715,0.0107318014,0.001217044277
2023-01-26,PG,True,6.582136524,-0.006297614278,-0.0009558590321
2023-01-26,TSLA,True,2.037170331,0.002695655042,0.001324988251
2023-01-26,VNQ,False,,,
2023-01-26,WMT,True,2.169142418,0.0004617552693,0.0002129198998
2023-01-27,AAPL,True,8.191483043,-0.03016888946,-0.003669443769
2023-01-27,AMZN,True,3.179050908,0.00597366087,0.001882608082
2023-01-27,BAC,True,3.44906983,-0.00966110677,-0.002793251902
2023-01-27,BND,False,,,
2023-01-27,GLD,False,,,
2023-01-27,GOOGL,True,6.808481622,-0.009311023474,-0.001365694728
2023-01-27,JNJ,True,11.16935135,-0.02108475788,-0.001884176602
2023-01-27,JPM,True,10.93669093,-0.006210319227,-0.0005675203573
2023-01-27,MSFT,True,8.826443397,-0.002210318349,-0.0002503573501
2023-01-27,PG,True,6.590627041,0.008490517113,0.001289933304
2023-01-27,TSLA,True,2.035348226,-0.001822104952,-0.0008944293584
2023-01-27,VNQ,False,,,
2023-01-27,WMT,True,2.17060578,0.001463362351,0.0006746271427
2023-01-30,AAPL,True,8.181866008,-0.00961703493,-0.001174028546
2023-01-30,AMZN,True,3.184449709,0.005398801515,0.001698243178
2023-01-30,BAC,True,3.452152916,0.003083086019,0.0008938891269
2023-01-30,BND,False,,,
2023-01-30,GLD,False,,,
2023-01-30,GOOGL,True,6.798340776,-0.01014084606,-0.001489443112
2023-01-30,JNJ,True,11.16540806,-0.003943291139,-0.0003530456707
2023-01-30,JPM,True,10.94617425,0.009483316866,0.0008671102554
2023-01-30,MSFT,True,8.809476203,-0.01696719321,-0.001922313717
2023-01-30,PG,True,6.607988109,0.01736106804,0.00263420581
2023-01-30,TSLA,True,2.033784004,-0.001564221776,-0.0007685278404
2023-01-30,VNQ,False,,,
2023-01-30,WMT,True,2.17266511,0.002059330265,0.000948735272
2023-01-31,AAPL,True,8.163204944,-0.01866106375,-0.002280783349
2023-01-31,AMZN,True,3.186963829,0.002514119433,0.0007894988657
2023-01-31,BAC,True,3.450396233,-0.001756683117,-0.0005088659627
2023-01-31,BND,False,,,
2023-01-31,GLD,False,,,
2023-01-31,GOOGL,True,6.782881082,-0.01545969422,-0.002274039318
2023-01-31,JNJ,True,11.14143113,-0.02397693347,-0.002147430111
2023-01-31,JPM,True,10.93519049,-0.01098376112,-0.001003433791
2023-01-31,MSFT,True,8.802333745,-0.007142458838,-0.0008107699792
2023-01-31,PG,True,6.608218061,0.0002299522674,3.479913457e-05
2023-01-31,TSLA,True,2.03496128,0.001177275554,0.0005788596783
2023-01-31,VNQ,False,,,
2023-01-31,WMT,True,2.171901263,-0.000763846921,-0.0003515714029
2023-02-01,AAPL,True,8.15553947,-0.007665474455,-0.0009390275642
2023-02-01,AMZN,True,3.188170283,0.001206454504,0.0003785592082
2023-02-01,BAC,True,3.444650563,-0.005745670193,-0.001665220399
2023-02-01,BND,False,,,
2023-02-01,GLD,False,,,
2023-02-01,GOOGL,True,6.772034395,-0.01084668697,-0.001599126807
2023-02-01,JNJ,True,11.11874393,-0.02268719975,-0.002036291342
2023-02-01,JPM,True,10.93686569,0.001675199174,0.000153193415
2023-02-01,MSFT,True,8.793332883,-0.009000861501,-0.001022553991
2023-02-01,PG,True,6.60938123,0.001163169025,0.0001760185596
2023-02-01,TSLA,True,2.035283735,0.0003224558057,0.0001584579564
2023-02-01,VNQ,False,,,
2023-02-01,WMT,True,2.172218298,0.0003170343519,0.0001459708861
2023-02-02,AAPL,True,8.16247939,0.006939919982,0.0008509455454
2023-02-02,AMZN,True,3.190242753,0.002072469712,0.0006500498806
2023-02-02,BAC,True,3.445343532,0.0006929694702,0.0002011726466
2023-02-02,BND,False,,,
2023-02-02,GLD,False,,,
2023-02-02,GOOGL,True,6.774757857,0.002723461805,0.0004021630202
2023-02-02,JNJ,True,11.09732838,-0.02141554932,-0.001926076314
2023-02-02,JPM,True,10.93343626,-0.003429427645,-0.0003135658555
2023-02-02,MSFT,True,8.773811166,-0.01952171702,-0.002220058911
2023-02-02,PG,True,6.588165788,-0.02121544209,-0.003209898378
2023-02-02,TSLA,True,2.02899476,-0.006288975505,-0.003089974826
2023-02-02,VNQ,False,,,
2023-02-02,WMT,True,2.171233994,-0.0009843034294,-0.0004531328322
2023-02-03,AAPL,True,8.12609362,-0.03638576998,-0.004457685985
2023-02-03,AMZN,True,3.190389563,0.0001468103946,4.601856535e-05
2023-02-03,BAC,True,3.44204076,-0.003302772002,-0.0009586190668
2023-02-03,BND,False,,,
2023-02-03,GLD,False,,,
2023-02-03,GOOGL,True,6.754518468,-0.02023938891,-0.002987470451
2023-02-03,JNJ,True,11.09045272,-0.006875659801,-0.000619577935
2023-02-03,JPM,True,10.92849806,-0.004938198555,-0.0004516602501
2023-02-03,MSFT,True,8.745189485,-0.02862168132,-0.003262172023
2023-02-03,PG,True,6.564965169,-0.02320061883,-0.003521559654
2023-02-03,TSLA,True,2.027375331,-0.001619428509,-0.0007981432682
2023-02-03,VNQ,False,,,
2023-02-03,WMT,True,2.165865365,-0.00536862966,-0.002472616804
2023-02-06,AAPL,True,8.108025557,-0.0180680631,-0.002223462336
2023-02-06,AMZN,True,3.189337551,-0.001052012617,-0.000329744251
2023-02-06,BAC,True,3.437622927,-0.004417833461,-0.001283492488
2023-02-06,BND,False,,,
2023-02-06,GLD,False,,,
2023-02-06,GOOGL,True,6.732322774,-0.02219569353,-0.003286051203
2023-02-06,JNJ,True,11.04557515,-0.04487756534,-0.004046504365
2023-02-06,JPM,True,10.93272276,0.004224697125,0.0003865761884
2023-02-06,MSFT,True,8.747964301,0.002774816197,0.000317296292
2023-02-06,PG,True,6.563954283,-0.001010885725,-0.000153981887
2023-02-06,TSLA,True,2.025908747,-0.001466584255,-0.000723390599
2023-02-06,VNQ,False,,,
2023-02-06,WMT,True,2.164398599,-0.001466765854,-0.0006772193127
2023-02-07,AAPL,True,8.105459673,-0.002565883643,-0.0003164622046
2023-02-07,AMZN,True,3.191456415,0.002118864613,0.0006643588454
2023-02-07,BAC,True,3.435167801,-0.002455126349,-0.0007141930344
2023-02-07,BND,False,,,
2023-02-07,GLD,False,,,
2023-02-07,GOOGL,True,6.726926374,-0.005396400168,-0.0008015658709
2023-02-07,JNJ,True,11.0111328,-0.0344423509,-0.003118203482
2023-02-07,JPM,True,10.94639543,0.01367267422,0.001250619312
2023-02-07,MSFT,True,8.760036427,0.01207212607,0.001379992608
2023-02-07,PG,True,6.527363302,-0.03659098185,-0.005574533318
2023-02-07,TSLA,True,2.022994211,-0.002914535943,-0.001438631403
2023-02-07,VNQ,False,,,
2023-02-07,WMT,True,2.167207229,0.002808630528,0.001297649393
2023-02-08,AAPL,True,8.096180875,-0.009278797655,-0.001144758969
2023-02-08,AMZN,True,3.188689825,-0.002766589902,-0.0008668737848
2023-02-08,BAC,True,3.430858646,-0.004309154367,-0.001254423253
2023-02-08,BND,False,,,
2023-02-08,GLD,False,,,
2023-02-08,GOOGL,True,6.700235115,-0.02669125874,-0.003967823825
2023-02-08,JNJ,True,10.98349064,-0.02764216028,-0.002510382972
2023-02-08,JPM,True,10.91921978,-0.0271756466,-0.002482611447
2023-02-08,MSFT,True,8.766170483,0.006134056497,0.0007002318482
2023-02-08,PG,True,6.520786078,-0.006577223989,-0.001007638718
2023-02-08,TSLA,True,2.017274321,-0.00571988979,-0.002827437547
2023-02-08,VNQ,False,,,
2023-02-08,WMT,True,2.163546488,-0.003660741091,-0.001689151384
2023-02-09,AAPL,True,8.092494617,-0.003686258642,-0.0004553083359
2023-02-09,AMZN,True,3.196869558,0.008179732717,0.00256523311
2023-02-09,BAC,True,3.418476243,-0.01238240344,-0.003609126669
2023-02-09,BND,False,,,
2023-02-09,GLD,False,,,
2023-02-09,GOOGL,True,6.662295369,-0.03793974603,-0.005662449956
2023-02-09,JNJ,True,10.95708647,-0.0264041747,-0.002403987545
2023-02-09,JPM,True,10.90839737,-0.01082241729,-0.000991134669
2023-02-09,MSFT,True,8.751520353,-0.01465013061,-0.001671212149
2023-02-09,PG,True,6.510290663,-0.01049541429,-0.001609532067
2023-02-09,TSLA,True,2.01703104,-0.0002432816402,-0.0001205991856
2023-02-09,VNQ,False,,,
2023-02-09,WMT,True,2.164986327,0.001439838441,0.0006654991925
2023-02-10,AAPL,True,8.104335518,0.01184090118,0.001463195435
2023-02-10,AMZN,True,3.189388865,-0.007480693056,-0.002340005721
2023-02-10,BAC,True,3.416049591,-0.002426651891,-0.0007098636112
2023-02-10,BND,False,,,
2023-02-10,GLD,False,,,
2023-02-10,GOOGL,True,6.652998867,-0.009296502409,-0.001395390311
2023-02-10,JNJ,True,10.94375963,-0.01332683386,-0.001216275321
2023-02-10,JPM,True,10.89819776,-0.0101996115,-0.0009350238311
2023-02-10,MSFT,True,8.732638062,-0.01888229053,-0.002157601168
2023-02-10,PG,True,6.499593613,-0.01069705027,-0.001643098722
2023-02-10,TSLA,True,2.015230591,-0.001800448534,-0.0008926231169
2023-02-10,VNQ,False,,,
2023-02-10,WMT,True,2.159962425,-0.005023901779,-0.00232052356
2023-02-13,AAPL,True,8.111733883,0.007398364907,0.0009128897602
2023-02-13,AMZN,True,3.18403045,-0.00535841501,-0.001680075788
2023-02-13,BAC,True,3.402886062,-0.01316352851,-0.003853436012
2023-02-13,BND,False,,,
2023-02-13,GLD,False,,,
2023-02-13,GOOGL,True,6.635691856,-0.01730701126,-0.002601384971
2023-02-13,JNJ,True,10.93292989,-0.01082974248,-0.0009895815374
2023-02-13,JPM,True,10.90516501,0.006967255737,0.0006393034787
2023-02-13,MSFT,True,8.693899836,-0.03873822643,-0.00443602794
2023-02-13,PG,True,6.500940933,0.001347320104,0.0002072929761
2023-02-13,TSLA,True,2.019605324,0.00437473247,0.002170834687
2023-02-13,VNQ,False,,,
2023-02-13,WMT,True,2.157632163,-0.002330262076,-0.001078843803
2023-02-14,AAPL,True,8.105536546,-0.006197336678,-0.0007639965472
2023-02-14,AMZN,True,3.177999268,-0.006031182186,-0.001894197396
2023-02-14,BAC,True,3.400714853,-0.002171209914,-0.0006380495479
2023-02-14,BND,False,,,
2023-02-14,GLD,False,,,
2023-02-14,GOOGL,True,6.63287099,-0.00282086584,-0.0004251050081
2023-02-14,JNJ,True,10.93803888,0.005108990633,0.0004673029722
2023-02-14,JPM,True,10.88356326,-0.02160175256,-0.001980873516
2023-02-14,MSFT,True,8.664805672,-0.02909416402,-0.003346503245
2023-02-14,PG,True,6.506993897,0.006052963485,0.0009310903679
2023-02-14,TSLA,True,2.016979953,-0.002625370976,-0.00129994259
2023-02-14,VNQ,False,,,
2023-02-14,WMT,True,2.155951937,-0.001680226305,-0.0007787362155
2023-02-15,AAPL,True,8.088519709,-0.01701683691,-0.002099409066
2023-02-15,AMZN,True,3.179659779,0.001660511477,0.0005225021585
2023-02-15,BAC,True,3.391149587,-0.009565266018,-0.002812722158
2023-02-15,BND,False,,,
2023-02-15,GLD,False,,,
2023-02-15,GOOGL,True,6.631727727,-0.001143262284,-0.0001723631118
2023-02-15,JNJ,True,10.92578155,-0.01225733042,-0.001120614998
2023-02-15,JPM,True,10.8646623,-0.0189009595,-0.001736651779
2023-02-15,MSFT,True,8.687989539,0.02318386749,0.002675636174
2023-02-15,PG,True,6.50602593,-0.0009679662348,-0.0001487578212
2023-02-15,TSLA,True,2.013875893,-0.003104060027,-0.001538964243
2023-02-15,VNQ,False,,,
2023-02-15,WMT,True,2.149194908,-0.006757028596,-0.003134127659
2023-02-16,AAPL,True,8.091231315,0.002711605733,0.0003352412839
2023-02-16,AMZN,True,3.178675035,-0.0009847442145,-0.0003097011262
2023-02-16,BAC,True,3.378235559,-0.01291402789,-0.003808156366
2023-02-16,BND,False,,,
2023-02-16,GLD,False,,,
2023-02-16,GOOGL,True,6.621671903,-0.01005582434,-0.001516320446
2023-02-16,JNJ,True,10.91483183,-0.0109497186,-0.001002190877
2023-02-16,JPM,True,10.8519746,-0.0126877,-0.001167795156
2023-02-16,MSFT,True,8.698734974,0.01074543424,0.001236814822
2023-02-16,PG,True,6.490473083,-0.01555284759,-0.002390529605
2023-02-16,TSLA,True,2.003724313,-0.01015157993,-0.005040817045
2023-02-16,VNQ,False,,,
2023-02-16,WMT,True,2.148937517,-0.0002573911812,-0.0001197616746
2023-02-17,AAPL,True,8.058054929,-0.03317638585,-0.004100288888
2023-02-17,AMZN,True,3.165509587,-0.01316544851,-0.004141803854
2023-02-17,BAC,True,3.382992788,0.004757228876,0.001408199278
2023-02-17,BND,False,,,
2023-02-17,GLD,False,,,
2023-02-17,GOOGL,True,6.602713387,-0.01895851652,-0.002863101162
2023-02-17,JNJ,True,10.88421765,-0.03061417916,-0.002804823714
2023-02-17,JPM,True,10.84334602,-0.008628576357,-0.00079511579
2023-02-17,MSFT,True,8.690120817,-0.00861415699,-0.0009902769789
2023-02-17,PG,True,6.480396165,-0.01007691822,-0.001552570682
2023-02-17,TSLA,True,2.003511881,-0.0002124317766,-0.0001060184653
2023-02-17,VNQ,False,,,
2023-02-17,WMT,True,2.150439008,0.001501491532,0.0006987134432
2023-02-21,AAPL,True,8.046066159,-0.01198877014,-0.001487799506
2023-02-21,AMZN,True,3.16229865,-0.003210936385,-0.001014350548
2023-02-21,BAC,True,3.385348464,0.002355676444,0.0006963291356
2023-02-21,BND,False,,,
2023-02-21,GLD,False,,,
2023-02-21,GOOGL,True,6.573226998,-0.02948638882,-0.004465798694
2023-02-21,JNJ,True,10.86270041,-0.02151724129,-0.001976921262
2023-02-21,JPM,True,10.84514704,0.001801018939,0.0001660943896
2023-02-21,MSFT,True,8.680243961,-0.009876855402,-0.001136561345
2023-02-21,PG,True,6.470796669,-0.009599495929,-0.00148131313
2023-02-21,TSLA,True,1.996793586,-0.006718295481,-0.003353259616
2023-02-21,VNQ,False,,,
2023-02-21,WMT,True,2.149309959,-0.00112904912,-0.0005250319193
2023-02-22,AAPL,True,8.036581363,-0.009484795684,-0.001178811546
2023-02-22,AMZN,True,3.161577867,-0.0007207827455,-0.0002279300045
2023-02-22,BAC,True,3.384827116,-0.0005213478334,-0.0001540012318
2023-02-22,BND,False,,,
2023-02-22,GLD,False,,,
2023-02-22,GOOGL,True,6.570510763,-0.002716234806,-0.0004132269898
2023-02-22,JNJ,True,10.85979143,-0.002908980941,-0.000267795376
2023-02-22,JPM,True,10.83755723,-0.007589814263,-0.0006998350722
2023-02-22,MSFT,True,8.673316076,-0.006927885379,-0.0007981210447
2023-02-22,PG,True,6.462906436,-0.007890232669,-0.001219360316
2023-02-22,TSLA,True,1.992050284,-0.004743301473,-0.00237545909
2023-02-22,VNQ,False,,,
2023-02-22,WMT,True,2.147770696,-0.001539263359,-0.0007161662988
2023-02-23,AAPL,True,8.017152097,-0.01942926633,-0.002417603388
2023-02-23,AMZN,True,3.155722234,-0.005855633907,-0.001852123893
2023-02-23,BAC,True,3.381244187,-0.003582929335,-0.00105852654
2023-02-23,BND,False,,,
2023-02-23,GLD,False,,,
2023-02-23,GOOGL,True,6.571597655,0.001086891699,0.0001654196665
2023-02-23,JNJ,True,10.85007368,-0.009717754545,-0.0008948380461
2023-02-23,JPM,True,10.85039434,0.01283711359,0.001184502496
2023-02-23,MSFT,True,8.656361272,-0.01695480342,-0.001954823653
2023-02-23,PG,True,6.457718868,-0.005187567928,-0.0008026679606
2023-02-23,TSLA,True,1.992641189,0.0005909053215,0.0002966317297
2023-02-23,VNQ,False,,,
2023-02-23,WMT,True,2.143013155,-0.004757540872,-0.00221510652
2023-02-24,AAPL,True,8.01408147,-0.003070626568,-0.000383007149
2023-02-24,AMZN,True,3.145104667,-0.0106175661,-0.003364543935
2023-02-24,BAC,True,3.384091583,0.002847396681,0.0008421150688
2023-02-24,BND,False,,,
2023-02-24,GLD,False,,,
2023-02-24,GOOGL,True,6.557886097,-0.01371155762,-0.002086487691
2023-02-24,JNJ,True,10.85228772,0.002214038975,0.0002040575061
2023-02-24,JPM,True,10.81258582,-0.03780851989,-0.003484529566
2023-02-24,MSFT,True,8.638007898,-0.01835337398,-0.002120218115
2023-02-24,PG,True,6.442400481,-0.01531838665,-0.002372104913
2023-02-24,TSLA,True,1.980993189,-0.01164800008,-0.005845508036
2023-02-24,VNQ,False,,,
2023-02-24,WMT,True,2.142051585,-0.0009615703377,-0.0004487001564
2023-02-27,AAPL,True,8.016817168,0.002735697321,0.0003413613065
2023-02-27,AMZN,True,3.139162228,-0.005942439419,-0.00188942501
2023-02-27,BAC,True,3.377168161,-0.006923422388,-0.002045873233
2023-02-27,BND,False,,,
2023-02-27,GLD,False,,,
2023-02-27,GOOGL,True,6.537764421,-0.02012167573,-0.003068317356
2023-02-27,JNJ,True,10.85226071,-2.700580053e-05,-2.488489178e-06
2023-02-27,JPM,True,10.80188903,-0.01069679622,-0.0009892912197
2023-02-27,MSFT,True,8.650092177,0.01208427857,0.001398965909
2023-02-27,PG,True,6.4413569,-0.001043580945,-0.0001619863508
2023-02-27,TSLA,True,1.977927911,-0.003065277955,-0.001547344015
2023-02-27,VNQ,False,,,
2023-02-27,WMT,True,2.138268439,-0.003783146054,-0.001766132096
2023-02-28,AAPL,True,7.993807344,-0.02300982415,-0.002870194451
2023-02-28,AMZN,True,3.1404371,0.001274871976,0.0004061185383
2023-02-28,BAC,True,3.370330677,-0.006837483946,-0.002024620516
2023-02-28,BND,False,,,
2023-02-28,GLD,False,,,
2023-02-28,GOOGL,True,6.526387414,-0.01137700697,-0.001740198367
2023-02-28,JNJ,True,10.81676941,-0.03549129677,-0.003270405837
2023-02-28,JPM,True,10.79778508,-0.00410394284,-0.0003799282543
2023-02-28,MSFT,True,8.631225056,-0.0188671213,-0.002181146849
2023-02-28,PG,True,6.435856135,-0.005500765313,-0.0008539761727
2023-02-28,TSLA,True,1.974710204,-0.003217707763,-0.0016268074
2023-02-28,VNQ,False,,,
2023-02-28,WMT,True,2.13089372,-0.007374718611,-0.003448920855
2023-03-01,AAPL,True,7.989097892,-0.00470945194,-0.0005891375333
2023-03-01,AMZN,True,3.147326261,0.006889161363,0.002193695063
2023-03-01,BAC,True,3.356945096,-0.01338558149,-0.00397159293
2023-03-01,BND,False,,,
2023-03-01,GLD,False,,,
2023-03-01,GOOGL,True,6.498124055,-0.02826335943,-0.004330628514
2023-03-01,JNJ,True,10.78258712,-0.03418228787,-0.003160119862
2023-03-01,JPM,True,10.79951917,0.001734084655,0.0001605963299
2023-03-01,MSFT,True,8.596221943,-0.0350031125,-0.004055404914
2023-03-01,PG,True,6.436876209,0.001020073816,0.0001584985424
2023-03-01,TSLA,True,1.973052574,-0.001657629611,-0.0008394293035
2023-03-01,VNQ,False,,,
2023-03-01,WMT,True,2.126577824,-0.004315895728,-0.002025392298
2023-03-02,AAPL,True,7.982516929,-0.006580962681,-0.0008237429019
2023-03-02,AMZN,True,3.140554793,-0.006771468792,-0.002151498837
2023-03-02,BAC,True,3.348676041,-0.00826905496,-0.002463267859
2023-03-02,BND,False,,,
2023-03-02,GLD,False,,,
2023-03-02,GOOGL,True,6.498183319,5.926429101e-05,9.12021539e-06
2023-03-02,JNJ,True,10.77271188,-0.009875247164,-0.0009158513676
2023-03-02,JPM,True,10.79404676,-0.005472403501,-0.0005067265881
2023-03-02,MSFT,True,8.580900699,-0.01532124375,-0.001782322962
2023-03-02,PG,True,6.420052212,-0.01682399653,-0.00261368962
2023-03-02,TSLA,True,1.971082986,-0.001969588407,-0.0009982442601
2023-03-02,VNQ,False,,,
2023-03-02,WMT,True,2.120470063,-0.006107761509,-0.002872108154
2023-03-03,AAPL,True,7.965034038,-0.01748289078,-0.002190147661
2023-03-03,AMZN,True,3.142258539,0.001703746101,0.000542498448
2023-03-03,BAC,True,3.344370836,-0.004305204667,-0.001285643823
2023-03-03,BND,False,,,
2023-03-03,GLD,False,,,
2023-03-03,GOOGL,True,6.471205091,-0.02697822826,-0.004151657
2023-03-03,JNJ,True,10.75379414,-0.01891773995,-0.001756079636
2023-03-03,JPM,True,10.79202101,-0.002025757139,-0.0001876735559
2023-03-03,MSFT,True,8.565951948,-0.01494875117,-0.001742095812
2023-03-03,PG,True,6.409894056,-0.01015815653,-0.001582254505
2023-03-03,TSLA,True,1.963179222,-0.007903763258,-0.004009858193
2023-03-03,VNQ,False,,,
2023-03-03,WMT,True,2.118918959,-0.001551103505,-0.0007314904051
2023-03-06,AAPL,True,7.949955053,-0.01507898533,-0.001893147633
2023-03-06,AMZN,True,3.13557652,-0.006682018706,-0.002126501885
2023-03-06,BAC,True,3.342404855,-0.001965981494,-0.0005878479362
2023-03-06,BND,False,,,
2023-03-06,GLD,False,,,
2023-03-06,GOOGL,True,6.450772566,-0.02043252451,-0.00315745278
2023-03-06,JNJ,True,10.75817301,0.004378871666,0.0004071931831
2023-03-06,JPM,True,10.78696459,-0.00505641842,-0.0004685330409
2023-03-06,MSFT,True,8.554861454,-0.01109049472,-0.001294718297
2023-03-06,PG,True,6.394149441,-0.01574461457,-0.00245629872
2023-03-06,TSLA,True,1.962121172,-0.001058050427,-0.0005389474454
2023-03-06,VNQ,False,,,
2023-03-06,WMT,True,2.11105046,-0.007868498825,-0.00371344963
2023-03-07,AAPL,True,7.944126169,-0.005828883579,-0.0007331970483
2023-03-07,AMZN,True,3.135003751,-0.0005727693096,-0.0001826679419
2023-03-07,BAC,True,3.338118565,-0.004286289526,-0.001282396871
2023-03-07,BND,False,,,
2023-03-07,GLD,False,,,
2023-03-07,GOOGL,True,6.445974622,-0.004797944587,-0.0007437782897
2023-03-07,JNJ,True,10.7558537,-0.002319310572,-0.000215585915
2023-03-07,JPM,True,10.79266068,0.005696088854,0.0005280529854
2023-03-07,MSFT,True,8.545284565,-0.009576888427,-0.00111946739
2023-03-07,PG,True,6.383691943,-0.0104574986,-0.001635479229
2023-03-07,TSLA,True,1.956163226,-0.005957946138,-0.003036482264
2023-03-07,VNQ,False,,,
2023-03-07,WMT,True,2.107302271,-0.003748188928,-0.001775508922
2023-03-08,AAPL,True,7.929033967,-0.0150922026,-0.00189979392
2023-03-08,AMZN,True,3.134581366,-0.0004223841536,-0.0001347316262
2023-03-08,BAC,True,3.330637083,-0.007481482113,-0.002241227197
2023-03-08,BND,False,,,
2023-03-08,GLD,False,,,
2023-03-08,GOOGL,True,6.407368287,-0.03860633452,-0.005989216027
2023-03-08,JNJ,True,10.74516176,-0.01069193709,-0.0009940575048
2023-03-08,JPM,True,10.76300285,-0.02965782634,-0.002747962456
2023-03-08,MSFT,True,8.520560122,-0.02472444365,-0.002893343511
2023-03-08,PG,True,6.381516742,-0.002175200537,-0.0003407433436
2023-03-08,TSLA,True,1.953684994,-0.002478231544,-0.001266883822
2023-03-08,VNQ,False,,,
2023-03-08,WMT,True,2.10389941,-0.003402861934,-0.001614795362
2023-03-09,AAPL,True,7.919140325,-0.00989364155,-0.001247773889
2023-03-09,AMZN,True,3.128429943,-0.006151423394,-0.001962438576
2023-03-09,BAC,True,3.330632686,-4.396539413e-06,-1.320029563e-06
2023-03-09,BND,False,,,
2023-03-09,GLD,False,,,
2023-03-09,GOOGL,True,6.391765898,-0.01560238892,-0.002435069785
2023-03-09,JNJ,True,10.73156529,-0.01359646811,-0.001265357229
2023-03-09,JPM,True,10.73443431,-0.0285685366,-0.0026543277
2023-03-09,MSFT,True,8.488093196,-0.0324669253,-0.003810421479
2023-03-09,PG,True,6.363474322,-0.01804242007,-0.002827293385
2023-03-09,TSLA,True,1.950628639,-0.003056355475,-0.001564405461
2023-03-09,VNQ,False,,,
2023-03-09,WMT,True,2.099874302,-0.00402510754,-0.001913165393
2023-03-10,AAPL,True,7.895090656,-0.02404966939,-0.003036904059
2023-03-10,AMZN,True,3.119957647,-0.00847229588,-0.002708162252
2023-03-10,BAC,True,3.320536273,-0.01009641339,-0.003031380023
2023-03-10,BND,False,,,
2023-03-10,GLD,False,,,
2023-03-10,GOOGL,True,6.412099206,0.02033330778,0.003181172168
2023-03-10,JNJ,True,10.69543059,-0.03613470304,-0.00336714189
2023-03-10,JPM,True,10.7173985,-0.01703581378,-0.001587024829
2023-03-10,MSFT,True,8.491395306,0.003302109808,0.0003890284581
2023-03-10,PG,True,6.345808248,-0.0176660743,-0.002776168081
2023-03-10,TSLA,True,1.947243761,-0.003384878084,-0.001735275499
2023-03-10,VNQ,False,,,
2023-03-10,WMT,True,2.095120547,-0.00475375503,-0.002263828376
2023-03-13,AAPL,True,7.894023645,-0.001067011111,-0.0001351486838
2023-03-13,AMZN,True,3.115898365,-0.004059282526,-0.001301069753
2023-03-13,BAC,True,3.314469641,-0.006066632091,-0.00182700371
2023-03-13,BND,False,,,
2023-03-13,GLD,False,,,
2023-03-13,GOOGL,True,6.400954447,-0.01114475935,-0.001738082801
2023-03-13,JNJ,True,10.70513553,0.009704940573,0.0009073912912
2023-03-13,JPM,True,10.70026729,-0.01713121106,-0.001598448641
2023-03-13,MSFT,True,8.492469043,0.001073736537,0.000126449953
2023-03-13,PG,True,6.33184056,-0.01396768738,-0.002201088788
2023-03-13,TSLA,True,1.94322048,-0.004023281101,-0.002066141478
2023-03-13,VNQ,False,,,
2023-03-13,WMT,True,2.093561159,-0.001559388261,-0.0007442952449
2023-03-14,AAPL,True,7.883604523,-0.01041912137,-0.001319874608
2023-03-14,AMZN,True,3.114694665,-0.001203699222,-0.0003863088847
2023-03-14,BAC,True,3.310092673,-0.004376968315,-0.001320563707
2023-03-14,BND,False,,,
2023-03-14,GLD,False,,,
2023-03-14,GOOGL,True,6.374383971,-0.02657047618,-0.004151017852
2023-03-14,JNJ,True,10.69093385,-0.01420167889,-0.001326622988
2023-03-14,JPM,True,10.68110439,-0.01916289823,-0.001790880331
2023-03-14,MSFT,True,8.492179087,-0.0002899553567,-3.414264512e-05
2023-03-14,PG,True,6.326085695,-0.005754865118,-0.0009088771367
2023-03-14,TSLA,True,1.946292681,0.003072201208,0.001580984371
2023-03-14,VNQ,False,,,
2023-03-14,WMT,True,2.092988963,-0.0005721960559,-0.0002733123193
2023-03-15,AAPL,True,7.861565327,-0.02203919587,-0.002795573497
2023-03-15,AMZN,True,3.116901667,0.002207001133,0.0007085770422
2023-03-15,BAC,True,3.308245782,-0.001846890926,-0.0005579574678
2023-03-15,BND,False,,,
2023-03-15,GLD,False,,,
2023-03-15,GOOGL,True,6.374147963,-0.0002360072494,-3.702432273e-05
2023-03-15,JNJ,True,10.69060524,-0.0003286112264,-3.073737346e-05
2023-03-15,JPM,True,10.66013444,-0.0209699469,-0.001963275157
2023-03-15,MSFT,True,8.47438142,-0.01779766698,-0.00209577151
2023-03-15,PG,True,6.322766149,-0.003319546035,-0.0005247393404
2023-03-15,TSLA,True,1.94625107,-4.161039381e-05,-2.137930961e-05
2023-03-15,VNQ,False,,,
2023-03-15,WMT,True,2.093035129,4.616636492e-05,2.205762464e-05
2023-03-16,AAPL,True,7.853242689,-0.008322638534,-0.001058649033
2023-03-16,AMZN,True,3.114031733,-0.002869933983,-0.0009207650064
2023-03-16,BAC,True,3.312053541,0.00380775913,0.001150990398
2023-03-16,BND,False,,,
2023-03-16,GLD,False,,,
2023-03-16,GOOGL,True,6.377078096,0.002930132545,0.0004596900734
2023-03-16,JNJ,True,10.68616692,-0.004438319501,-0.0004151607324
2023-03-16,JPM,True,10.64729168,-0.0128427648,-0.001204746983
2023-03-16,MSFT,True,8.437920249,-0.03646117088,-0.004302517089
2023-03-16,PG,True,6.320191302,-0.002574847449,-0.000407234332
2023-03-16,TSLA,True,1.946776728,0.0005256577771,0.0002700873413
2023-03-16,VNQ,False,,,
2023-03-16,WMT,True,2.091272924,-0.001762205368,-0.0008419377885
2023-03-17,AAPL,True,7.835087961,-0.01815472786,-0.002311749245
2023-03-17,AMZN,True,3.119486372,0.005454639332,0.001751632546
2023-03-17,BAC,True,3.319957771,0.007904230693,0.002386504504
2023-03-17,BND,False,,,
2023-03-17,GLD,False,,,
2023-03-17,GOOGL,True,6.392297594,0.01521949763,0.002386594206
2023-03-17,JNJ,True,10.68306078,-0.003106140921,-0.0002906693245
2023-03-17,JPM,True,10.65330991,0.006018230124,0.0005652357712
2023-03-17,MSFT,True,8.436912644,-0.001007605737,-0.0001194139915
2023-03-17,PG,True,6.318582772,-0.001608529436,-0.0002545064475
2023-03-17,TSLA,True,1.938903003,-0.00787372543,-0.004044493298
2023-03-17,VNQ,False,,,
2023-03-17,WMT,True,2.090798461,-0.0004744621908,-0.0002268772217
2023-03-20,AAPL,True,7.801546682,-0.03354127922,-0.00428090653
2023-03-20,AMZN,True,3.121950426,0.002464054262,0.0007898910166
2023-03-20,BAC,True,3.323749246,0.003791474507,0.001142024919
2023-03-20,BND,False,,,
2023-03-20,GLD,False,,,
2023-03-20,GOOGL,True,6.400609758,0.008312164491,0.001300340663
2023-03-20,JNJ,True,10.67614636,-0.006914418722,-0.0006472319931
2023-03-20,JPM,True,10.62121984,-0.03209006485,-0.003012215464
2023-03-20,MSFT,True,8.418162835,-0.01874980904,-0.002222354293
2023-03-20,PG,True,6.321366851,0.002784078475,0.0004406175523
2023-03-20,TSLA,True,1.938604658,-0.0002983446339,-0.0001538729031
2023-03-20,VNQ,False,,,
2023-03-20,WMT,True,2.089806622,-0.000991839669,-0.000474383202
2023-03-21,AAPL,True,7.933964824,0.132418142,0.01697331919
2023-03-21,AMZN,True,3.22377963,0.1018292034,0.03261717501
2023-03-21,BAC,True,3.290801643,-0.03294760276,-0.009912782321
2023-03-21,BND,False,,,
2023-03-21,GLD,False,,,
2023-03-21,GOOGL,True,6.179413758,-0.2211960003,-0.03455858248
2023-03-21,JNJ,True,10.83132202,0.1551756625,0.01453480097
2023-03-21,JPM,True,10.83938611,0.2181662648,0.02054060344
2023-03-21,MSFT,True,8.713104961,0.2949421266,0.03503640074
2023-03-21,PG,True,6.530170479,0.2088036278,0.03303140488
2023-03-21,TSLA,True,2.083141452,0.1445367938,0.07455712705
2023-03-21,VNQ,False,,,
2023-03-21,WMT,True,2.106444213,0.01663759103,0.007961306492
2023-03-22,AAPL,True,7.914490376,-0.01947444807,-0.00245456698
2023-03-22,AMZN,True,3.217978439,-0.005801190593,-0.001799499736
2023-03-22,BAC,True,3.287328676,-0.003472966825,-0.001055355868
2023-03-22,BND,False,,,
2023-03-22,GLD,False,,,
2023-03-22,GOOGL,True,6.176658481,-0.002755276415,-0.0004458799043
2023-03-22,JNJ,True,10.8510735,0.01975147674,0.001823551797
2023-03-22,JPM,True,10.81088681,-0.02849930015,-0.002629235628
2023-03-22,MSFT,True,8.716412227,0.003307266184,0.0003795737798
2023-03-22,PG,True,6.53703206,0.006861581622,0.001050750764
2023-03-22,TSLA,True,2.080740512,-0.002400939822,-0.001152557269
2023-03-22,VNQ,False,,,
2023-03-22,WMT,True,2.108235811,0.001791597731,0.0008505317728
2023-03-23,AAPL,True,7.932026261,0.01753588582,0.002215668348
2023-03-23,AMZN,True,3.219587722,0.001609283193,0.0005000913535
2023-03-23,BAC,True,3.283806568,-0.003522108648,-0.001071419683
2023-03-23,BND,False,,,
2023-03-23,GLD,False,,,
2023-03-23,GOOGL,True,6.188634955,0.01197647365,0.001938989129
2023-03-23,JNJ,True,10.82147685,-0.02959664809,-0.002727531805
2023-03-23,JPM,True,10.80104808,-0.009838730816,-0.0009100762028
2023-03-23,MSFT,True,8.687545399,-0.02886682828,-0.003311778692
2023-03-23,PG,True,6.5269046,-0.01012745983,-0.001549244327
2023-03-23,TSLA,True,2.07829581,-0.002444702115,-0.001174919266
2023-03-23,VNQ,False,,,
2023-03-23,WMT,True,2.105790227,-0.002445583847,-0.001160014375
2023-03-24,AAPL,True,7.919680821,-0.01234544004,-0.001556404333
2023-03-24,AMZN,True,3.217023251,-0.002564470745,-0.0007965214699
2023-03-24,BAC,True,3.285082489,0.001275921414,0.0003885495041
2023-03-24,BND,False,,,
2023-03-24,GLD,False,,,
2023-03-24,GOOGL,True,6.193526371,0.004891416348,0.0007903869567
2023-03-24,JNJ,True,10.80462919,-0.01684765868,-0.001556872403
2023-03-24,JPM,True,10.77782258,-0.02322549889,-0.002150300483
2023-03-24,MSFT,True,8.703756211,0.01621081159,0.001865982949
2023-03-24,PG,True,6.519942807,-0.006961793524,-0.001066630195
2023-03-24,TSLA,True,2.075965819,-0.002329990493,-0.001121106284
2023-03-24,VNQ,False,,,
2023-03-24,WMT,True,2.103044985,-0.002745241733,-0.001303663441
2023-03-27,AAPL,True,7.90358983,-0.01609099124,-0.002031772695
2023-03-27,AMZN,True,3.216975549,-4.770284054e-05,-1.482825482e-05
2023-03-27,BAC,True,3.285420595,0.0003381061515,0.0001029216626
2023-03-27,BND,False,,,
2023-03-27,GLD,False,,,
2023-03-27,GOOGL,True,6.190134322,-0.00339204914,-0.0005476765475
2023-03-27,JNJ,True,10.78743638,-0.01719280947,-0.001591244749
2023-03-27,JPM,True,10.77175941,-0.006063166165,-0.0005625594707
2023-03-27,MSFT,True,8.704025448,0.0002692371707,3.093344576e-05
2023-03-27,PG,True,6.517255192,-0.002687614997,-0.0004122145051
2023-03-27,TSLA,True,2.077099635,0.001133815539,0.000546162913
2023-03-27,VNQ,False,,,
2023-03-27,WMT,True,2.101650203,-0.001394781514,-0.0006632200091
2023-03-28,AAPL,True,7.904665184,0.001075354036,0.0001360589376
2023-03-28,AMZN,True,3.214876163,-0.002099385784,-0.0006525961272
2023-03-28,BAC,True,3.283426763,-0.001993832612,-0.0006068728658
2023-03-28,BND,False,,,
2023-03-28,GLD,False,,,
2023-03-28,GOOGL,True,6.190061144,-7.31780853e-05,-1.182172817e-05
2023-03-28,JNJ,True,10.7823005,-0.005135889059,-0.0004760991282
2023-03-28,JPM,True,10.76674371,-0.005015705667,-0.0004656347653
2023-03-28,MSFT,True,8.673627866,-0.03039758144,-0.00349235898
2023-03-28,PG,True,6.525968259,0.008713067489,0.001336922866
2023-03-28,TSLA,True,2.072818504,-0.00428113064,-0.002061109909
2023-03-28,VNQ,False,,,
2023-03-28,WMT,True,2.101468487,-0.000181716429,-8.646368873e-05
2023-03-29,AAPL,True,7.893239687,-0.01142549707,-0.001445411893
2023-03-29,AMZN,True,3.210795017,-0.004081146287,-0.001269456763
2023-03-29,BAC,True,3.289965016,0.006538252942,0.00199128941
2023-03-29,BND,False,,,
2023-03-29,GLD,False,,,
2023-03-29,GOOGL,True,6.17951191,-0.0105492338,-0.001704221259
2023-03-29,JNJ,True,10.79805904,0.01575854635,0.001461519864
2023-03-29,JPM,True,10.76221287,-0.004530838513,-0.0004208179034
2023-03-29,MSFT,True,8.68812184,0.01449397335,0.001671039336
2023-03-29,PG,True,6.525067714,-0.0009005452954,-0.0001379941274
2023-03-29,TSLA,True,2.074197879,0.001379374823,0.000665458563
2023-03-29,VNQ,False,,,
2023-03-29,WMT,True,2.100435801,-0.001032685682,-0.0004914114529
2023-03-30,AAPL,True,7.893459542,0.0002198552796,2.785361756e-05
2023-03-30,AMZN,True,3.200645904,-0.01014911207,-0.003160934292
2023-03-30,BAC,True,3.288009975,-0.001955040462,-0.0005942435413
2023-03-30,BND,False,,,
2023-03-30,GLD,False,,,
2023-03-30,GOOGL,True,6.1787121,-0.0007998100228,-0.0001294293197
2023-03-30,JNJ,True,10.79750696,-0.0005520771753,-5.112744552e-05
2023-03-30,JPM,True,10.75858582,-0.003627045851,-0.0003370167358
2023-03-30,MSFT,True,8.677339347,-0.01078249304,-0.001241061444
2023-03-30,PG,True,6.542924299,0.01785658495,0.002736612973
2023-03-30,TSLA,True,2.066950871,-0.007247008087,-0.003493884629
2023-03-30,VNQ,False,,,
2023-03-30,WMT,True,2.099832618,-0.0006031831677,-0.000287170485
2023-03-31,AAPL,True,7.875854846,-0.01760469614,-0.002230289019
2023-03-31,AMZN,True,3.195304824,-0.005341080075,-0.001668750694
2023-03-31,BAC,True,3.288798846,0.0007888705997,0.0002399234204
2023-03-31,BND,False,,,
2023-03-31,GLD,False,,,
2023-03-31,GOOGL,True,6.154747922,-0.02396417819,-0.003878507009
2023-03-31,JNJ,True,10.78287959,-0.01462737663,-0.001354699439
2023-03-31,JPM,True,10.73202083,-0.02656498971,-0.002469189738
2023-03-31,MSFT,True,8.66948936,-0.007849986964,-0.000904653679
2023-03-31,PG,True,6.559560381,0.01663608212,0.00254260654
2023-03-31,TSLA,True,2.069102086,0.002151215241,0.001040767476
2023-03-31,VNQ,False,,,
2023-03-31,WMT,True,2.100990573,0.001157955251,0.0005514512159
2023-04-03,AAPL,True,7.87632274,0.0004678938963,5.940864902e-05
2023-04-03,AMZN,True,3.187707855,-0.007596969322,-0.002377541343
2023-04-03,BAC,True,3.288238485,-0.0005603605473,-0.0001703845609
2023-04-03,BND,False,,,
2023-04-03,GLD,False,,,
2023-04-03,GOOGL,True,6.15787689,0.003128967787,0.0005083827682
2023-04-03,JNJ,True,10.76524145,-0.01763813455,-0.001635753641
2023-04-03,JPM,True,10.72428683,-0.007733998774,-0.0007206470146
2023-04-03,MSFT,True,8.680117654,0.01062829443,0.001225942381
2023-04-03,PG,True,6.562827929,0.003267547655,0.0004981351592
2023-04-03,TSLA,True,2.066110576,-0.002991510107,-0.001445801117
2023-04-03,VNQ,False,,,
2023-04-03,WMT,True,2.103613349,0.00262277568,0.00124835195
2023-04-04,AAPL,True,7.876332421,9.680397027e-06,1.229050326e-06
2023-04-04,AMZN,True,3.181126416,-0.006581439331,-0.002064630647
2023-04-04,BAC,True,3.286443257,-0.001795228508,-0.0005459544727
2023-04-04,BND,False,,,
2023-04-04,GLD,False,,,
2023-04-04,GOOGL,True,6.165687119,0.007810229411,0.001268331529
2023-04-04,JNJ,True,10.74950276,-0.01573869662,-0.001461991975
2023-04-04,JPM,True,10.72555996,0.001273128019,0.0001187144692
2023-04-04,MSFT,True,8.692048296,0.01193064145,0.001374479233
2023-04-04,PG,True,6.564577131,0.001749202267,0.0002665317887
2023-04-04,TSLA,True,2.067797114,0.001686537709,0.0008162862764
2023-04-04,VNQ,False,,,
2023-04-04,WMT,True,2.104721855,0.001108506153,0.0005269533748
2023-04-05,AAPL,True,7.882589972,0.006257551373,0.0007944752759
2023-04-05,AMZN,True,3.190036172,0.008909756,0.002800817961
2023-04-05,BAC,True,3.289997804,0.003554547774,0.001081578928
2023-04-05,BND,False,,,
2023-04-05,GLD,False,,,
2023-04-05,GOOGL,True,6.160571336,-0.00511578388,-0.0008297183722
2023-04-05,JNJ,True,10.74789307,-0.001609688222,-0.0001497453658
2023-04-05,JPM,True,10.74749065,0.02193069164,0.002044712977
2023-04-05,MSFT,True,8.673081466,-0.0189668297,-0.002182089774
2023-04-05,PG,True,6.567016236,0.002439104801,0.0003715555095
2023-04-05,TSLA,True,2.069669089,0.001871975071,0.0009052991991
2023-04-05,VNQ,False,,,
2023-04-05,WMT,True,2.103067171,-0.001654684362,-0.0007861772127
2023-04-06,AAPL,True,7.863193329,-0.01939664285,-0.002460694126
2023-04-06,AMZN,True,3.184712112,-0.00532405983,-0.001668965348
2023-04-06,BAC,True,3.294393781,0.004395976863,0.001336164072
2023-04-06,BND,False,,,
2023-04-06,GLD,False,,,
2023-04-06,GOOGL,True,6.154994629,-0.005576706244,-0.0009052254963
2023-04-06,JNJ,True,10.73685005,-0.01104302047,-0.001027459094
2023-04-06,JPM,True,10.76424159,0.01675093465,0.001558590297
2023-04-06,MSFT,True,8.689321138,0.01623967217,0.001872422418
2023-04-06,PG,True,6.578570823,0.01155458711,0.001759488129
2023-04-06,TSLA,True,2.066653909,-0.003015179644,-0.001456841415
2023-04-06,VNQ,False,,,
2023-04-06,WMT,True,2.101650704,-0.001416467067,-0.0006735244059
2023-04-10,AAPL,True,7.844390437,-0.01880289221,-0.002391253963
2023-04-10,AMZN,True,3.196086381,0.01137426938,0.003571522004
2023-04-10,BAC,True,3.292652086,-0.001741695683,-0.0005286847288
2023-04-10,BND,False,,,
2023-04-10,GLD,False,,,
2023-04-10,GOOGL,True,6.152234433,-0.00276019663,-0.0004484482598
2023-04-10,JNJ,True,10.76301802,0.02616797453,0.002437211511
2023-04-10,JPM,True,10.76943121,0.005189625145,0.0004821171192
2023-04-10,MSFT,True,8.701166715,0.01184557649,0.001363233825
2023-04-10,PG,True,6.582268701,0.003697878316,0.0005621096763
2023-04-10,TSLA,True,2.069688226,0.003034316789,0.001468226864
2023-04-10,VNQ,False,,,
2023-04-10,WMT,True,2.100818089,-0.0008326152654,-0.0003961720489
2023-04-11,AAPL,True,7.862488094,0.01809765743,0.002307082695
2023-04-11,AMZN,True,3.203956953,0.007870571217,0.002462565237
2023-04-11,BAC,True,3.293345369,0.0006932838066,0.000210554832
2023-04-11,BND,False,,,
2023-04-11,GLD,False,,,
2023-04-11,GOOGL,True,6.149279165,-0.002955267845,-0.0004803568325
2023-04-11,JNJ,True,10.75714438,-0.005873646307,-0.0005457248417
2023-04-11,JPM,True,10.78858501,0.01915379933,0.001778533977
2023-04-11,MSFT,True,8.709715571,0.008548856605,0.0009824954383
2023-04-11,PG,True,6.590134252,0.007865550934,0.001194960475
2023-04-11,TSLA,True,2.072900519,0.003212292825,0.001552066048
2023-04-11,VNQ,False,,,
2023-04-11,WMT,True,2.100056355,-0.0007617330464,-0.0003625887699
2023-04-12,AAPL,True,7.84590747,-0.01658062386,-0.002108826578
2023-04-12,AMZN,True,3.204775839,0.0008188862479,0.0002555859083
2023-04-12,BAC,True,3.2995263,0.006180930833,0.001876794001
2023-04-12,BND,False,,,
2023-04-12,GLD,False,,,
2023-04-12,GOOGL,True,6.149243183,-3.598202306e-05,-5.851421295e-06
2023-04-12,JNJ,True,10.75970042,0.002556040165,0.0002376132619
2023-04-12,JPM,True,10.76771129,-0.02087372672,-0.001934797445
2023-04-12,MSFT,True,8.719963512,0.01024794125,0.001176610323
2023-04-12,PG,True,6.588122628,-0.002011624375,-0.0003052478595
2023-04-12,TSLA,True,2.065945988,-0.0069545314,-0.003354975956
2023-04-12,VNQ,False,,,
2023-04-12,WMT,True,2.098073547,-0.001982808779,-0.0009441693189
2023-04-13,AAPL,True,7.838043687,-0.007863783672,-0.001002278411
2023-04-13,AMZN,True,3.208932493,0.004156654623,0.001297018835
2023-04-13,BAC,True,3.299562501,3.620044502e-05,1.097140672e-05
2023-04-13,BND,False,,,
2023-04-13,GLD,False,,,
2023-04-13,GOOGL,True,6.159736692,0.01049350901,0.001706471625
2023-04-13,JNJ,True,10.75500379,-0.00469662376,-0.0004365013502
2023-04-13,JPM,True,10.78212669,0.01441540168,0.001338761906
2023-04-13,MSFT,True,8.695964696,-0.02399881651,-0.002752169373
2023-04-13,PG,True,6.589891773,0.001769145559,0.0002685356145
2023-04-13,TSLA,True,2.069982637,0.004036649134,0.001953898678
2023-04-13,VNQ,False,,,
2023-04-13,WMT,True,2.097135621,-0.0009379257319,-0.0004470413982
2023-04-14,AAPL,True,7.868307334,0.03026364744,0.003861122577
2023-04-14,AMZN,True,3.217895933,0.008963440055,0.00279327785
2023-04-14,BAC,True,3.294387468,-0.005175033186,-0.001568399806
2023-04-14,BND,False,,,
2023-04-14,GLD,False,,,
2023-04-14,GOOGL,True,6.154257764,-0.005478927506,-0.0008894743038
2023-04-14,JNJ,True,10.75468027,-0.0003235235127,-3.008120861e-05
2023-04-14,JPM,True,10.79588924,0.01376255316,0.001276422877
2023-04-14,MSFT,True,8.709702032,0.0137373359,0.001579736853
2023-04-14,PG,True,6.590666383,0.0007746099372,0.0001175451682
2023-04-14,TSLA,True,2.063020912,-0.006961724336,-0.003363180064
2023-04-14,VNQ,False,,,
2023-04-14,WMT,True,2.093782042,-0.003353579295,-0.00159912371
2023-04-17,AAPL,True,7.861347504,-0.006959830697,-0.0008845397621
2023-04-17,AMZN,True,3.217479169,-0.0004167645804,-0.0001295146235
2023-04-17,BAC,True,3.293325714,-0.00106175362,-0.0003222916642
2023-04-17,BND,False,,,
2023-04-17,GLD,False,,,
2023-04-17,GOOGL,True,6.159697432,0.005439668009,0.0008838869311
2023-04-17,JNJ,True,10.73790216,-0.01677811063,-0.001560075261
2023-04-17,JPM,True,10.78910847,-0.006780769427,-0.0006280880876
2023-04-17,MSFT,True,8.714082012,0.004379980159,0.0005028851898
2023-04-17,PG,True,6.584806399,-0.005859984016,-0.0008891337652
2023-04-17,TSLA,True,2.057610711,-0.005410201417,-0.002622465621
2023-04-17,VNQ,False,,,
2023-04-17,WMT,True,2.091728941,-0.00205310091,-0.000980570503
2023-04-18,AAPL,True,7.859382454,-0.001965049301,-0.0002499634191
2023-04-18,AMZN,True,3.204776786,-0.01270238328,-0.003947930231
2023-04-18,BAC,True,3.295212881,0.001887167245,0.0005730278171
2023-04-18,BND,False,,,
2023-04-18,GLD,False,,,
2023-04-18,GOOGL,True,6.161926303,0.002228870598,0.0003618474158
2023-04-18,JNJ,True,10.73702477,-0.0008773897633,-8.170960681e-05
2023-04-18,JPM,True,10.76926318,-0.0198452968,-0.001839382452
2023-04-18,MSFT,True,8.689318495,-0.02476351648,-0.002841781434
2023-04-18,PG,True,6.584460777,-0.0003456219382,-5.248779041e-05
2023-04-18,TSLA,True,2.060683925,0.003073214319,0.001493583943
2023-04-18,VNQ,False,,,
2023-04-18,WMT,True,2.091660072,-6.886847262e-05,-3.292418596e-05
2023-04-19,AAPL,True,7.832712606,-0.02666984814,-0.003393377062
2023-04-19,AMZN,True,3.202686187,-0.002090598225,-0.0006523381704
2023-04-19,BAC,True,3.296473926,0.001261044727,0.0003826899118
2023-04-19,BND,False,,,
2023-04-19,GLD,False,,,
2023-04-19,GOOGL,True,6.157114707,-0.004811595561,-0.0007808589919
2023-04-19,JNJ,True,10.72280306,-0.01422171382,-0.001324548851
2023-04-19,JPM,True,10.7722906,0.003027420694,0.00028111679
2023-04-19,MSFT,True,8.679144644,-0.01017385162,-0.001170845748
2023-04-19,PG,True,6.570632181,-0.01382859644,-0.002100186622
2023-04-19,TSLA,True,2.057392111,-0.003291814598,-0.001597437898
2023-04-19,VNQ,False,,,
2023-04-19,WMT,True,2.092942749,0.0012826767,0.0006132338217
2023-04-20,AAPL,True,7.845547842,0.01283523602,0.00163867062
2023-04-20,AMZN,True,3.198693539,-0.003992648625,-0.00124665621
2023-04-20,BAC,True,3.309590365,0.01311643901,0.003978930004
2023-04-20,BND,False,,,
2023-04-20,GLD,False,,,
2023-04-20,GOOGL,True,6.15695189,-0.0001628176408,-2.644382127e-05
2023-04-20,JNJ,True,10.74551005,0.02270699185,0.002117635821
2023-04-20,JPM,True,10.77308823,0.0007976347677,7.40450474e-05
2023-04-20,MSFT,True,8.661508925,-0.01763571876,-0.002031965071
2023-04-20,PG,True,6.578777787,0.008145605743,0.001239698939
2023-04-20,TSLA,True,2.053767603,-0.003624508108,-0.001761700207
2023-04-20,VNQ,False,,,
2023-04-20,WMT,True,2.095908409,0.002965660171,0.001416981029
2023-04-21,AAPL,True,7.834823689,-0.01072415347,-0.001366909448
2023-04-21,AMZN,True,3.188993444,-0.009700094277,-0.003032517545
2023-04-21,BAC,True,3.317501875,0.007911510535,0.00239048029
2023-04-21,BND,False,,,
2023-04-21,GLD,False,,,
2023-04-21,GOOGL,True,6.166858096,0.009906206454,0.001608946542
2023-04-21,JNJ,True,10.73875908,-0.006750970676,-0.0006282596774
2023-04-21,JPM,True,10.76634157,-0.006746655675,-0.0006262508513
2023-04-21,MSFT,True,8.693491807,0.03198288225,0.00369253008
2023-04-21,PG,True,6.582365367,0.00358758008,0.0005453262287
2023-04-21,TSLA,True,2.053289208,-0.0004783941784,-0.0002329349133
2023-04-21,VNQ,False,,,
2023-04-21,WMT,True,2.092382339,-0.003526070361,-0.001682358993
2023-04-24,AAPL,True,7.816264159,-0.01855952996,-0.002368851004
2023-04-24,AMZN,True,3.194168503,0.00517505894,0.001622787575
2023-04-24,BAC,True,3.3232896,0.005787724276,0.001744603166
2023-04-24,BND,False,,,
2023-04-24,GLD,False,,,
2023-04-24,GOOGL,True,6.172352857,0.005494760446,0.0008910145751
2023-04-24,JNJ,True,10.73679439,-0.001964690422,-0.0001829532079
2023-04-24,JPM,True,10.76024311,-0.006098463618,-0.0005664378727
2023-04-24,MSFT,True,8.708039777,0.01454797004,0.001673432306
2023-04-24,PG,True,6.586578022,0.004212654897,0.000639991046
2023-04-24,TSLA,True,2.05488061,0.001591401821,0.00077505001
2023-04-24,VNQ,False,,,
2023-04-24,WMT,True,2.096159632,0.003777293408,0.00180525965
2023-04-25,AAPL,True,7.829730368,0.01346620948,0.001722844726
2023-04-25,AMZN,True,3.194728489,0.000559985832,0.0001753150566
2023-04-25,BAC,True,3.329467528,0.006177928743,0.001858979953
2023-04-25,BND,False,,,
2023-04-25,GLD,False,,,
2023-04-25,GOOGL,True,6.184961193,0.01260833616,0.0020427115
2023-04-25,JNJ,True,10.72450306,-0.01229132203,-0.00114478508
2023-04-25,JPM,True,10.75796623,-0.002276880629,-0.0002116012255
2023-04-25,MSFT,True,8.716527188,0.008487411045,0.0009746637891
2023-04-25,PG,True,6.575754581,-0.01082344062,-0.001643257027
2023-04-25,TSLA,True,2.052454506,-0.00242610387,-0.001180654418
2023-04-25,VNQ,False,,,
2023-04-25,WMT,True,2.096435869,0.0002762367736,0.0001317823172
2023-04-26,AAPL,True,7.832784132,0.003053763355,0.0003900215219
2023-04-26,AMZN,True,3.194085365,-0.000643124136,-0.0002013079165
2023-04-26,BAC,True,3.327199888,-0.002267640785,-0.0006810821148
2023-04-26,BND,False,,,
2023-04-26,GLD,False,,,
2023-04-26,GOOGL,True,6.197675184,0.01271399092,0.002055629862
2023-04-26,JNJ,True,10.74407289,0.01956982743,0.001824777084
2023-04-26,JPM,True,10.77632819,0.01836195934,0.001706824408
2023-04-26,MSFT,True,8.726243238,0.009716049212,0.001114669753
2023-04-26,PG,True,6.57483451,-0.0009200712178,-0.0001399187282
2023-04-26,TSLA,True,2.051551784,-0.0009027220144,-0.0004398255901
2023-04-26,VNQ,False,,,
2023-04-26,WMT,True,2.098274482,0.001838613324,0.0008770186349
2023-04-27,AAPL,True,7.849103202,0.01631907003,0.002083431607
2023-04-27,AMZN,True,3.198263093,0.00417772802,0.001307957535
2023-04-27,BAC,True,3.327798068,0.0005981806248,0.0001797849979
2023-04-27,BND,False,,,
2023-04-27,GLD,False,,,
2023-04-27,GOOGL,True,6.218582444,0.02090726066,0.003373403742
2023-04-27,JNJ,True,10.73108099,-0.01299190077,-0.00120921562
2023-04-27,JPM,True,10.7624492,-0.01387899498,-0.001287915024
2023-04-27,MSFT,True,8.711837154,-0.01440608345,-0.001650891805
2023-04-27,PG,True,6.567456253,-0.007378256567,-0.001122196544
2023-04-27,TSLA,True,2.056271414,0.004719630099,0.002300517167
2023-04-27,VNQ,False,,,
2023-04-27,WMT,True,2.095205735,-0.003068747031,-0.001462509818
2023-04-28,AAPL,True,7.863383073,0.0142798719,0.001819299803
2023-04-28,AMZN,True,3.18808691,-0.01017618346,-0.003181784351
2023-04-28,BAC,True,3.331689825,0.003891756636,0.001169468987
2023-04-28,BND,False,,,
2023-04-28,GLD,False,,,
2023-04-28,GOOGL,True,6.216657951,-0.001924493484,-0.0003094746273
2023-04-28,JNJ,True,10.7141619,-0.01691909046,-0.001576643627
2023-04-28,JPM,True,10.73715605,-0.02529314326,-0.002350128935
2023-04-28,MSFT,True,8.713508506,0.001671351699,0.0001918483632
2023-04-28,PG,True,6.570508017,0.003051763884,0.000464679743
2023-04-28,TSLA,True,2.0615373,0.00526588557,0.002560890325
2023-04-28,VNQ,False,,,
2023-04-28,WMT,True,2.087722085,-0.007483649974,-0.003571797198
2023-05-01,AAPL,True,7.856397455,-0.006985618007,-0.0008883731012
2023-05-01,AMZN,True,3.187848848,-0.0002380617583,-7.467229251e-05
2023-05-01,BAC,True,3.330600481,-0.00108934361,-0.0003269642935
2023-05-01,BND,False,,,
2023-05-01,GLD,False,,,
2023-05-01,GOOGL,True,6.225279662,0.008621711341,0.001386872401
2023-05-01,JNJ,True,10.71130812,-0.002853783148,-0.0002663561718
2023-05-01,JPM,True,10.74255227,0.005396216454,0.000502574092
2023-05-01,MSFT,True,8.716029714,0.002521208198,0.0002893447795
2023-05-01,PG,True,6.574064653,0.003556635908,0.0005413030315
2023-05-01,TSLA,True,2.058211166,-0.003326133896,-0.001613424068
2023-05-01,VNQ,False,,,
2023-05-01,WMT,True,2.087748415,2.632954404e-05,1.26116135e-05
2023-05-02,AAPL,True,7.854665341,-0.001732114358,-0.0002204718343
2023-05-02,AMZN,True,3.196458127,0.008609278624,0.00270065459
2023-05-02,BAC,True,3.333428138,0.002827656312,0.0008489929452
2023-05-02,BND,False,,,
2023-05-02,GLD,False,,,
2023-05-02,GOOGL,True,6.218807774,-0.006471887898,-0.001039614001
2023-05-02,JNJ,True,10.69193497,-0.01937315098,-0.001808663402
2023-05-02,JPM,True,10.72442443,-0.01812783539,-0.001687479375
2023-05-02,MSFT,True,8.709837573,-0.006192141134,-0.0007104313933
2023-05-02,PG,True,6.571531838,-0.002532815385,-0.0003852738782
2023-05-02,TSLA,True,2.057103999,-0.001107167126,-0.0005379268874
2023-05-02,VNQ,False,,,
2023-05-02,WMT,True,2.086085303,-0.001663111981,-0.0007966055535
2023-05-03,AAPL,True,7.866336539,0.01167119778,0.001485893705
2023-05-03,AMZN,True,3.207210333,0.0107522066,0.003363787721
2023-05-03,BAC,True,3.334138899,0.0007107612166,0.0002132223007
2023-05-03,BND,False,,,
2023-05-03,GLD,False,,,
2023-05-03,GOOGL,True,6.223777314,0.004969539754,0.0007991145465
2023-05-03,JNJ,True,10.66215012,-0.02978484247,-0.002785729858
2023-05-03,JPM,True,10.72764428,0.003219849128,0.0003002351454
2023-05-03,MSFT,True,8.736376748,0.02653917515,0.003047034452
2023-05-03,PG,True,6.567216262,-0.004315575671,-0.0006567077172
2023-05-03,TSLA,True,2.057790629,0.0006866299905,0.0003337847726
2023-05-03,VNQ,False,,,
2023-05-03,WMT,True,2.084233325,-0.001851977974,-0.0008877767231
2023-05-04,AAPL,True,7.835639626,-0.03069691246,-0.003902313652
2023-05-04,AMZN,True,3.201686816,-0.005523516817,-0.001722218453
2023-05-04,BAC,True,3.334057047,-8.185209065e-05,-2.454969428e-05
2023-05-04,BND,False,,,
2023-05-04,GLD,False,,,
2023-05-04,GOOGL,True,6.213337265,-0.01044004892,-0.001677445768
2023-05-04,JNJ,True,10.65168175,-0.01046837624,-0.0009818260035
2023-05-04,JPM,True,10.71702422,-0.01062006268,-0.000989971554
2023-05-04,MSFT,True,8.726213103,-0.01016364473,-0.001163370699
2023-05-04,PG,True,6.565132964,-0.002083298082,-0.0003172269649
2023-05-04,TSLA,True,2.056201813,-0.001588816132,-0.0007720980502
2023-05-04,VNQ,False,,,
2023-05-04,WMT,True,2.079437698,-0.004795626923,-0.002300906941
2023-05-05,AAPL,True,7.829412189,-0.006227437412,-0.0007947580171
2023-05-05,AMZN,True,3.20298386,0.001297043548,0.0004051125616
2023-05-05,BAC,True,3.334055965,-1.081309433e-06,-3.24322415e-07
2023-05-05,BND,False,,,
2023-05-05,GLD,False,,,
2023-05-05,GOOGL,True,6.205107044,-0.008230221363,-0.001324605604
2023-05-05,JNJ,True,10.65235326,0.0006715158645,6.304317763e-05
2023-05-05,JPM,True,10.7202387,0.003214484716,0.0002999419102
2023-05-05,MSFT,True,8.718044734,-0.00816836901,-0.0009360726026
2023-05-05,PG,True,6.563911709,-0.001221255269,-0.0001860214067
2023-05-05,TSLA,True,2.0562268,2.498718182e-05,1.215210572e-05
2023-05-05,VNQ,False,,,
2023-05-05,WMT,True,2.084168788,0.004731089801,0.00227517747
2023-05-08,AAPL,True,7.812832346,-0.01657984296,-0.002117635725
2023-05-08,AMZN,True,3.205861566,0.002877706441,0.0008984455017
2023-05-08,BAC,True,3.338347514,0.004291548302,0.001287185442
2023-05-08,BND,False,,,
2023-05-08,GLD,False,,,
2023-05-08,GOOGL,True,6.200061688,-0.005045355353,-0.0008130972306
2023-05-08,JNJ,True,10.65906385,0.006710589296,0.0006299630823
2023-05-08,JPM,True,10.71182739,-0.008411318208,-0.0007846204212
2023-05-08,MSFT,True,8.722484043,0.004439308933,0.0005092092399
2023-05-08,PG,True,6.580890382,0.01697867285,0.002586669902
2023-05-08,TSLA,True,2.057631024,0.001404224504,0.0006829132389
2023-05-08,VNQ,False,,,
2023-05-08,WMT,True,2.084441938,0.000273149859,0.0001310593751
2023-05-09,AAPL,True,7.854054057,0.04122171119,0.005276154583
2023-05-09,AMZN,True,3.205285839,-0.0005757268791,-0.0001795856955
2023-05-09,BAC,True,3.340855863,0.00250834913,0.000751374481
2023-05-09,BND,False,,,
2023-05-09,GLD,False,,,
2023-05-09,GOOGL,True,6.194700061,-0.005361627608,-0.0008647700423
2023-05-09,JNJ,True,10.65710168,-0.001962175673,-0.0001840851786
2023-05-09,JPM,True,10.73717959,0.02535220705,0.002366749027
2023-05-09,MSFT,True,8.715199662,-0.007284381617,-0.0008351269639
2023-05-09,PG,True,6.589829664,0.008939282117,0.001358369704
2023-05-09,TSLA,True,2.056289485,-0.001341539459,-0.0006519825192
2023-05-09,VNQ,False,,,
2023-05-09,WMT,True,2.08053996,-0.003901977391,-0.001871953025
2023-05-10,AAPL,True,7.839556041,-0.01449801589,-0.001845927693
2023-05-10,AMZN,True,3.208142295,0.002856455856,0.0008911703976
2023-05-10,BAC,True,3.347085555,0.006229692357,0.00186469953
2023-05-10,BND,False,,,
2023-05-10,GLD,False,,,
2023-05-10,GOOGL,True,6.177740061,-0.01695999932,-0.002737824132
2023-05-10,JNJ,True,10.67417034,0.01706866004,0.001601623082
2023-05-10,JPM,True,10.74257695,0.005397357774,0.0005026792862
2023-05-10,MSFT,True,8.702148301,-0.01305136064,-0.001497540062
2023-05-10,PG,True,6.583417317,-0.006412346551,-0.0009730671168
2023-05-10,TSLA,True,2.056097448,-0.0001920374207,-9.339026536e-05
2023-05-10,VNQ,False,,,
2023-05-10,WMT,True,2.078817961,-0.001721999121,-0.0008276693328
2023-05-11,AAPL,True,7.836078288,-0.003477753165,-0.0004436160858
2023-05-11,AMZN,True,3.21019642,0.002054124907,0.0006402848497
2023-05-11,BAC,True,3.34971079,0.002625234426,0.0007843344255
2023-05-11,BND,False,,,
2023-05-11,GLD,False,,,
2023-05-11,GOOGL,True,6.182961086,0.005221024592,0.0008451350397
2023-05-11,JNJ,True,10.66502849,-0.009141842735,-0.0008564452736
2023-05-11,JPM,True,10.76008336,0.01750641159,0.001629628689
2023-05-11,MSFT,True,8.70182884,-0.0003194605729,-3.671054111e-05
2023-05-11,PG,True,6.603925578,0.02050826048,0.003115139067
2023-05-11,TSLA,True,2.052888961,-0.00320848611,-0.001560473758
2023-05-11,VNQ,False,,,
2023-05-11,WMT,True,2.079027004,0.0002090427677,0.0001005584768
2023-05-12,AAPL,True,7.827765994,-0.008312294216,-0.001060772227
2023-05-12,AMZN,True,3.21906906,0.008872640208,0.002763893247
2023-05-12,BAC,True,3.357249329,0.007538539221,0.002250504504
2023-05-12,BND,False,,,
2023-05-12,GLD,False,,,
2023-05-12,GOOGL,True,6.156807251,-0.02615383502,-0.004229985384
2023-05-12,JNJ,True,10.66413893,-0.0008895651286,-8.340954074e-05
2023-05-12,JPM,True,10.76344674,0.003363380247,0.0003125793857
2023-05-12,MSFT,True,8.697305184,-0.004523656114,-0.0005198511942
2023-05-12,PG,True,6.614171614,0.01024603687,0.001551507017
2023-05-12,TSLA,True,2.046542776,-0.006346185537,-0.003091343787
2023-05-12,VNQ,False,,,
2023-05-12,WMT,True,2.07878247,-0.0002445342746,-0.0001176195759
2023-05-15,AAPL,True,7.817629319,-0.01013667521,-0.001294964006
2023-05-15,AMZN,True,3.226218434,0.007149373164,0.002220944326
2023-05-15,BAC,True,3.360014055,0.002764726114,0.0008235093208
2023-05-15,BND,False,,,
2023-05-15,GLD,False,,,
2023-05-15,GOOGL,True,6.151168284,-0.005638966874,-0.0009158914099
2023-05-15,JNJ,True,10.63762762,-0.02651131207,-0.002486024633
2023-05-15,JPM,True,10.7710628,0.007616062195,0.0007075858113
2023-05-15,MSFT,True,8.707494021,0.01018883705,0.001171493564
2023-05-15,PG,True,6.617454641,0.003283026047,0.0004963623925
2023-05-15,TSLA,True,2.044465401,-0.00207737513,-0.00101506558
2023-05-15,VNQ,False,,,
2023-05-15,WMT,True,2.078504908,-0.000277561207,-0.0001335210447
2023-05-16,AAPL,True,7.807600074,-0.01002924456,-0.001282901011
2023-05-16,AMZN,True,3.225942724,-0.0002757097897,-8.545912045e-05
2023-05-16,BAC,True,3.358541171,-0.001472884107,-0.0004383565314
2023-05-16,BND,False,,,
2023-05-16,GLD,False,,,
2023-05-16,GOOGL,True,6.146757144,-0.004411140586,-0.0007171224038
2023-05-16,JNJ,True,10.62885261,-0.008775003349,-0.000824902287
2023-05-16,JPM,True,10.74952379,-0.02153901912,-0.001999711589
2023-05-16,MSFT,True,8.707927139,0.00043311778,4.974080705e-05
2023-05-16,PG,True,6.611041563,-0.006413077725,-0.0009691154792
2023-05-16,TSLA,True,2.044225538,-0.0002398628963,-0.0001173230402
2023-05-16,VNQ,False,,,
2023-05-16,WMT,True,2.076348818,-0.002156089997,-0.001037327354
2023-05-17,AAPL,True,7.825339247,0.01773917299,0.002272039144
2023-05-17,AMZN,True,3.223691296,-0.002251427462,-0.0006979130303
2023-05-17,BAC,True,3.356075118,-0.002466053017,-0.0007342631493
2023-05-17,BND,False,,,
2023-05-17,GLD,False,,,
2023-05-17,GOOGL,True,6.141677902,-0.005079241713,-0.0008263286794
2023-05-17,JNJ,True,10.61947966,-0.009372954512,-0.0008818406702
2023-05-17,JPM,True,10.74799184,-0.00153194616,-0.0001425129328
2023-05-17,MSFT,True,8.691965439,-0.01596170014,-0.001833008003
2023-05-17,PG,True,6.600974085,-0.01006747815,-0.001522827841
2023-05-17,TSLA,True,2.04498456,0.000759022188,0.0003713006094
2023-05-17,VNQ,False,,,
2023-05-17,WMT,True,2.074713616,-0.001635202425,-0.0007875374364
2023-05-18,AAPL,True,7.831455195,0.006115948215,0.0007815569423
2023-05-18,AMZN,True,3.219393323,-0.004297973527,-0.001333246
2023-05-18,BAC,True,3.350697988,-0.005377130073,-0.001602207902
2023-05-18,BND,False,,,
2023-05-18,GLD,False,,,
2023-05-18,GOOGL,True,6.163491947,0.02181404551,0.003551805526
2023-05-18,JNJ,True,10.6196955,0.0002158415356,2.032505759e-05
2023-05-18,JPM,True,10.76090267,0.01291082924,0.001201231768
2023-05-18,MSFT,True,8.681454713,-0.01051072643,-0.001209246229
2023-05-18,PG,True,6.601032193,5.810788306e-05,8.802925494e-06
2023-05-18,TSLA,True,2.049987757,0.005003196638,0.002446569395
2023-05-18,VNQ,False,,,
2023-05-18,WMT,True,2.073753766,-0.0009598496466,-0.0004626419951
2023-05-19,AAPL,True,7.831078418,-0.0003767778287,-4.811083244e-05
2023-05-19,AMZN,True,3.225857945,0.006464622074,0.002008024937
2023-05-19,BAC,True,3.348237418,-0.002460569882,-0.0007343454681
2023-05-19,BND,False,,,
2023-05-19,GLD,False,,,
2023-05-19,GOOGL,True,6.146997104,-0.01649484336,-0.002676217232
2023-05-19,JNJ,True,10.63823648,0.01854097787,0.001745904849
2023-05-19,JPM,True,10.75692621,-0.003976458404,-0.000369528331
2023-05-19,MSFT,True,8.672169501,-0.009285211565,-0.001069545586
2023-05-19,PG,True,6.604297993,0.003265800166,0.0004947408331
2023-05-19,TSLA,True,2.05349625,0.003508492796,0.001711470122
2023-05-19,VNQ,False,,,
2023-05-19,WMT,True,2.07039999,-0.003353776511,-0.001617249148
2023-05-22,AAPL,True,7.813017673,-0.01806074476,-0.002306290883
2023-05-22,AMZN,True,3.227762724,0.001904778898,0.0005904720329
2023-05-22,BAC,True,3.345706994,-0.002530424198,-0.000755748139
2023-05-22,BND,False,,,
2023-05-22,GLD,False,,,
2023-05-22,GOOGL,True,6.134563284,-0.01243381978,-0.002022746971
2023-05-22,JNJ,True,10.62544065,-0.01279583256,-0.001202815202
2023-05-22,JPM,True,10.7327588,-0.02416741052,-0.002246683676
2023-05-22,MSFT,True,8.677601091,0.005431590315,0.0006263242796
2023-05-22,PG,True,6.591678195,-0.01261979752,-0.00191084617
2023-05-22,TSLA,True,2.051105595,-0.002390654802,-0.001164187566
2023-05-22,VNQ,False,,,
2023-05-22,WMT,True,2.069036278,-0.001363711441,-0.0006586705216
2023-05-23,AAPL,True,7.829039448,0.01602177555,0.00205065139
2023-05-23,AMZN,True,3.217337295,-0.01042542907,-0.003229924244
2023-05-23,BAC,True,3.336851451,-0.008855543124,-0.002646837616
2023-05-23,BND,False,,,
2023-05-23,GLD,False,,,
2023-05-23,GOOGL,True,6.146498693,0.01193540908,0.001945600448
2023-05-23,JNJ,True,10.64076959,0.01532894211,0.001442664133
2023-05-23,JPM,True,10.7354634,0.00270459598,0.0002519944807
2023-05-23,MSFT,True,8.645937633,-0.03166345852,-0.003648872331
2023-05-23,PG,True,6.594840074,0.003161879183,0.0004796774189
2023-05-23,TSLA,True,2.054159041,0.00305344601,0.00148868299
2023-05-23,VNQ,False,,,
2023-05-23,WMT,True,2.066565171,-0.002471106947,-0.00119432751
2023-05-24,AAPL,True,7.817533154,-0.01150629393,-0.001469694208
2023-05-24,AMZN,True,3.209674373,-0.007662921341,-0.002381758777
2023-05-24,BAC,True,3.345997472,0.009146021106,0.002740913475
2023-05-24,BND,False,,,
2023-05-24,GLD,False,,,
2023-05-24,GOOGL,True,6.158167804,0.01166911027,0.001898497153
2023-05-24,JNJ,True,10.62289416,-0.01787542458,-0.001679899601
2023-05-24,JPM,True,10.73557056,0.0001071680992,9.982624436e-06
2023-05-24,MSFT,True,8.645074958,-0.0008626744817,-9.977801349e-05
2023-05-24,PG,True,6.595833489,0.0009934150681,0.0001506352022
2023-05-24,TSLA,True,2.05346968,-0.0006893610683,-0.000335592841
2023-05-24,VNQ,False,,,
2023-05-24,WMT,True,2.062412224,-0.004152947758,-0.002009589543
2023-05-25,AAPL,True,7.786129565,-0.03140358933,-0.004017071461
2023-05-25,AMZN,True,3.201776807,-0.007897566204,-0.0024605506
2023-05-25,BAC,True,3.352649567,0.006652095645,0.001988075514
2023-05-25,BND,False,,,
2023-05-25,GLD,False,,,
2023-05-25,GOOGL,True,6.168133755,0.009965951456,0.00161833061
2023-05-25,JNJ,True,10.61450174,-0.008392419921,-0.0007900313974
2023-05-25,JPM,True,10.71967774,-0.01589282456,-0.001480389371
2023-05-25,MSFT,True,8.633709588,-0.01136537051,-0.001314664195
2023-05-25,PG,True,6.590528718,-0.005304770986,-0.0008042609011
2023-05-25,TSLA,True,2.050749792,-0.002719887215,-0.001324532445
2023-05-25,VNQ,False,,,
2023-05-25,WMT,True,2.058017391,-0.004394832918,-0.002130918769
2023-05-26,AAPL,True,7.785998257,-0.0001313076213,-1.686429955e-05
2023-05-26,AMZN,True,3.209373075,0.007596267559,0.002372516267
2023-05-26,BAC,True,3.348920049,-0.003729518,-0.001112409133
2023-05-26,BND,False,,,
2023-05-26,GLD,False,,,
2023-05-26,GOOGL,True,6.165082244,-0.003051511107,-0.0004947219415
2023-05-26,JNJ,True,10.59540226,-0.01909948058,-0.001799376084
2023-05-26,JPM,True,10.71450227,-0.005175470325,-0.0004828009247
2023-05-26,MSFT,True,8.67571253,0.04200294217,0.004864993633
2023-05-26,PG,True,6.571696553,-0.01883216559,-0.002857458999
2023-05-26,TSLA,True,2.04701998,-0.003729812295,-0.001818755418
2023-05-26,VNQ,False,,,
2023-05-26,WMT,True,2.057860062,-0.0001573292229,-7.644698419e-05
2023-05-30,AAPL,True,7.811069272,0.0250710145,0.003220012857
2023-05-30,AMZN,True,3.203282067,-0.006091007611,-0.001897880823
2023-05-30,BAC,True,3.344334431,-0.004585618274,-0.001369282696
2023-05-30,BND,False,,,
2023-05-30,GLD,False,,,
2023-05-30,GOOGL,True,6.183776286,0.01869404227,0.003032245399
2023-05-30,JNJ,True,10.59736835,0.001966083535,0.0001855600652
2023-05-30,JPM,True,10.73613293,0.02163066062,0.002018820854
2023-05-30,MSFT,True,8.679807779,0.004095248794,0.0004720360178
2023-05-30,PG,True,6.577005319,0.00530876572,0.0008078227103
2023-05-30,TSLA,True,2.03904065,-0.007979329788,-0.003898022426
2023-05-30,VNQ,False,,,
2023-05-30,WMT,True,2.053771802,-0.004088259588,-0.001986655781
2023-05-31,AAPL,True,7.82639189,0.01532261767,0.001961654305
2023-05-31,AMZN,True,3.197295035,-0.00598703174,-0.001869030455
2023-05-31,BAC,True,3.351616828,0.007282397155,0.002177532572
2023-05-31,BND,False,,,
2023-05-31,GLD,False,,,
2023-05-31,GOOGL,True,6.189336744,0.005560457652,0.0008992009727
2023-05-31,JNJ,True,10.55863684,-0.03873151057,-0.003654823472
2023-05-31,JPM,True,10.7481881,0.01205517156,0.001122859752
2023-05-31,MSFT,True,8.698510955,0.01870317605,0.002154791504
2023-05-31,PG,True,6.567861965,-0.009143353107,-0.001390200048
2023-05-31,TSLA,True,2.041988279,0.002947628687,0.001445595842
2023-05-31,VNQ,False,,,
2023-05-31,WMT,True,2.059463244,0.005691442401,0.002771214599
2023-06-01,AAPL,True,7.805123176,-0.02126871317,-0.002717563019
2023-06-01,AMZN,True,3.191318979,-0.005976055941,-0.001869097432
2023-06-01,BAC,True,3.356192806,0.004575977722,0.001365304555
2023-06-01,BND,False,,,
2023-06-01,GLD,False,,,
2023-06-01,GOOGL,True,6.17969809,-0.009638653905,-0.001557299967
2023-06-01,JNJ,True,10.56997068,0.01133384225,0.001073419081
2023-06-01,JPM,True,10.75724422,0.009056116728,0.0008425714774
2023-06-01,MSFT,True,8.699258434,0.0007474791321,8.593184926e-05
2023-06-01,PG,True,6.555795905,-0.01206606017,-0.001837136687
2023-06-01,TSLA,True,2.033788051,-0.008200227966,-0.0040158056
2023-06-01,VNQ,False,,,
2023-06-01,WMT,True,2.056525515,-0.00293772975,-0.001426454081
2023-06-02,AAPL,True,7.798153765,-0.006969411212,-0.0008929277674
2023-06-02,AMZN,True,3.192108214,0.0007892341676,0.0002473065753
2023-06-02,BAC,True,3.349206099,-0.006986707391,-0.002081736001
2023-06-02,BND,False,,,
2023-06-02,GLD,False,,,
2023-06-02,GOOGL,True,6.174354872,-0.005343218377,-0.000864640683
2023-06-02,JNJ,True,10.56215068,-0.007819999753,-0.0007398317357
2023-06-02,JPM,True,10.78318653,0.02594231144,0.002411613134
2023-06-02,MSFT,True,8.704444975,0.005186540773,0.0005962049308
2023-06-02,PG,True,6.555826251,3.034580695e-05,4.628851689e-06
2023-06-02,TSLA,True,2.026829201,-0.00695885024,-0.003421620181
2023-06-02,VNQ,False,,,
2023-06-02,WMT,True,2.051859152,-0.004666362527,-0.002269051608
2023-06-05,AAPL,True,7.793692989,-0.004460776082,-0.0005720297671
2023-06-05,AMZN,True,3.18928636,-0.002821853091,-0.0008840092197
2023-06-05,BAC,True,3.35566492,0.006458821591,0.001928463463
2023-06-05,BND,False,,,
2023-06-05,GLD,False,,,
2023-06-05,GOOGL,True,6.173860082,-0.0004947895169,-8.013622915e-05
2023-06-05,JNJ,True,10.57168673,0.009536050542,0.0009028512121
2023-06-05,JPM,True,10.79474571,0.01155918187,0.001071963454
2023-06-05,MSFT,True,8.711499323,0.007054348341,0.0008104305744
2023-06-05,PG,True,6.550256321,-0.005569929984,-0.0008496152538
2023-06-05,TSLA,True,2.035413063,0.00858386215,0.004235118651
2023-06-05,VNQ,False,,,
2023-06-05,WMT,True,2.054008881,0.002149728791,0.00104769803
2023-06-06,AAPL,True,7.810528805,0.01683581548,0.002160184588
2023-06-06,AMZN,True,3.185382297,-0.003904063242,-0.001224118126
2023-06-06,BAC,True,3.357484062,0.001819141921,0.0005421107185
2023-06-06,BND,False,,,
2023-06-06,GLD,False,,,
2023-06-06,GOOGL,True,6.143248602,-0.03061148034,-0.004958240054
2023-06-06,JNJ,True,10.56109672,-0.01059001013,-0.001001733253
2023-06-06,JPM,True,10.78948813,-0.005257581957,-0.000487050098
2023-06-06,MSFT,True,8.73696014,0.02546081694,0.002922667614
2023-06-06,PG,True,6.534702242,-0.01555407896,-0.002374575619
2023-06-06,TSLA,True,2.03399343,-0.001419632613,-0.0006974665922
2023-06-06,VNQ,False,,,
2023-06-06,WMT,True,2.058069053,0.004060171833,0.001976706075
2023-06-07,AAPL,True,7.799951546,-0.01057725904,-0.001354230848
2023-06-07,AMZN,True,3.184864904,-0.0005173929073,-0.0001624272565
2023-06-07,BAC,True,3.36257069,0.005086628032,0.001515011818
2023-06-07,BND,False,,,
2023-06-07,GLD,False,,,
2023-06-07,GOOGL,True,6.164207475,0.02095887301,0.003411692146
2023-06-07,JNJ,True,10.55870748,-0.002389235698,-0.0002262298852
2023-06-07,JPM,True,10.83779517,0.04830704268,0.004477232107
2023-06-07,MSFT,True,8.735666274,-0.001293866475,-0.00014809115
2023-06-07,PG,True,6.524346898,-0.01035534448,-0.001584669676
2023-06-07,TSLA,True,2.037759201,0.003765770985,0.001851417477
2023-06-07,VNQ,False,,,
2023-06-07,WMT,True,2.055395075,-0.00267397805,-0.001299265468
2023-06-08,AAPL,True,7.785892831,-0.01405871496,-0.001802410551
2023-06-08,AMZN,True,3.180241892,-0.004623012668,-0.001451556913
2023-06-08,BAC,True,3.359993068,-0.002577622178,-0.000766562971
2023-06-08,BND,False,,,
2023-06-08,GLD,False,,,
2023-06-08,GOOGL,True,6.142197578,-0.02200989688,-0.003570596377
2023-06-08,JNJ,True,10.54787149,-0.01083599476,-0.001026261479
2023-06-08,JPM,True,10.83129009,-0.006505086097,-0.0006002222771
2023-06-08,MSFT,True,8.768310259,0.03264398574,0.003736862733
2023-06-08,PG,True,6.517720093,-0.006626804899,-0.001015703948
2023-06-08,TSLA,True,2.044012742,0.006253540125,0.003068831745
2023-06-08,VNQ,False,,,
2023-06-08,WMT,True,2.053268998,-0.002126076783,-0.001034388381
2023-06-09,AAPL,True,7.799999743,0.01410691187,0.001811855388
2023-06-09,AMZN,True,3.174863555,-0.00537833695,-0.001691172286
2023-06-09,BAC,True,3.357437938,-0.002555129991,-0.0007604569233
2023-06-09,BND,False,,,
2023-06-09,GLD,False,,,
2023-06-09,GOOGL,True,6.139227871,-0.002969707072,-0.0004834925993
2023-06-09,JNJ,True,10.53055026,-0.0173212252,-0.001642153606
2023-06-09,JPM,True,10.83403151,0.002741419914,0.0002531018828
2023-06-09,MSFT,True,8.759481111,-0.008829148412,-0.001006938412
2023-06-09,PG,True,6.516305719,-0.001414373853,-0.0002170043869
2023-06-09,TSLA,True,2.043635244,-0.0003774971528,-0.0001846843442
2023-06-09,VNQ,False,,,
2023-06-09,WMT,True,2.053221846,-4.715198236e-05,-2.296434729e-05
2023-06-12,AAPL,True,7.794110844,-0.005888898591,-0.0007549870237
2023-06-12,AMZN,True,3.166541804,-0.008321750593,-0.002621136452
2023-06-12,BAC,True,3.357180572,-0.0002573662273,-7.665554272e-05
2023-06-12,BND,False,,,
2023-06-12,GLD,False,,,
2023-06-12,GOOGL,True,6.131106648,-0.008121222456,-0.00132284102
2023-06-12,JNJ,True,10.52289641,-0.007653854256,-0.0007268237713
2023-06-12,JPM,True,10.82770077,-0.006330733168,-0.0005843377107
2023-06-12,MSFT,True,8.743460575,-0.01602053553,-0.001828936592
2023-06-12,PG,True,6.50918963,-0.007116088577,-0.001092043388
2023-06-12,TSLA,True,2.038911561,-0.004723682991,-0.002311411982
2023-06-12,VNQ,False,,,
2023-06-12,WMT,True,2.050262437,-0.002959408586,-0.001441348675
2023-06-13,AAPL,True,7.787532033,-0.006578811123,-0.0008440746167
2023-06-13,AMZN,True,3.159991921,-0.006549883573,-0.002068465846
2023-06-13,BAC,True,3.355099738,-0.002080834138,-0.0006198159715
2023-06-13,BND,False,,,
2023-06-13,GLD,False,,,
2023-06-13,GOOGL,True,6.131195392,8.874367748e-05,1.447433271e-05
2023-06-13,JNJ,True,10.52385687,0.0009604647212,9.1273798e-05
2023-06-13,JPM,True,10.80974872,-0.0179520499,-0.001657974327
2023-06-13,MSFT,True,8.74126381,-0.002196764848,-0.0002512466121
2023-06-13,PG,True,6.505392922,-0.003796708624,-0.0005832843779
2023-06-13,TSLA,True,2.03537756,-0.003534001664,-0.001733278545
2023-06-13,VNQ,False,,,
2023-06-13,WMT,True,2.050270031,7.594134202e-06,3.703981531e-06
2023-06-14,AAPL,True,7.791472551,0.003940517888,0.0005060034259
2023-06-14,AMZN,True,3.154671638,-0.005320282874,-0.001683638126
2023-06-14,BAC,True,3.352888342,-0.002211395304,-0.0006591146246
2023-06-14,BND,False,,,
2023-06-14,GLD,False,,,
2023-06-14,GOOGL,True,6.131327413,0.0001320213592,2.153272743e-05
2023-06-14,JNJ,True,10.51290266,-0.01095421379,-0.00104089346
2023-06-14,JPM,True,10.83404313,0.02429440965,0.002247453689
2023-06-14,MSFT,True,8.739122171,-0.002141639412,-0.0002450034066
2023-06-14,PG,True,6.518049429,0.01265650726,0.001945540787
2023-06-14,TSLA,True,2.044902625,0.009525065016,0.004679753381
2023-06-14,VNQ,False,,,
2023-06-14,WMT,True,2.049782406,-0.0004876259032,-0.000237834966
2023-06-15,AAPL,True,7.796763674,0.005291123212,0.0006790915553
2023-06-15,AMZN,True,3.146621693,-0.008049944678,-0.00255175359
2023-06-15,BAC,True,3.348797904,-0.004090438128,-0.001219974455
2023-06-15,BND,False,,,
2023-06-15,GLD,False,,,
2023-06-15,GOOGL,True,6.129505282,-0.001822131105,-0.0002971837877
2023-06-15,JNJ,True,10.51312363,0.0002209716432,2.101908962e-05
2023-06-15,JPM,True,10.81827597,-0.01576716232,-0.001455335015
2023-06-15,MSFT,True,8.732644835,-0.00647733656,-0.0007411884665
2023-06-15,PG,True,6.505070063,-0.01297936572,-0.001991295995
2023-06-15,TSLA,True,2.044284353,-0.0006182715733,-0.0003023476844
2023-06-15,VNQ,False,,,
2023-06-15,WMT,True,2.050649952,0.0008675466498,0.0004232384118
2023-06-16,AAPL,True,7.772772457,-0.02399121727,-0.003077073806
2023-06-16,AMZN,True,3.143449943,-0.003171749823,-0.001007985749
2023-06-16,BAC,True,3.34234968,-0.006448224484,-0.001925534078
2023-06-16,BND,False,,,
2023-06-16,GLD,False,,,
2023-06-16,GOOGL,True,6.114134682,-0.01537060019,-0.002507641234
2023-06-16,JNJ,True,10.49289293,-0.02023070383,-0.001924328539
2023-06-16,JPM,True,10.80763198,-0.0106439853,-0.0009838892375
2023-06-16,MSFT,True,8.710359277,-0.02228555735,-0.002551982563
2023-06-16,PG,True,6.482382049,-0.02268801399,-0.003487743217
2023-06-16,TSLA,True,2.040241908,-0.00404244513,-0.001977437788
2023-06-16,VNQ,False,,,
2023-06-16,WMT,True,2.051894743,0.001244790383,0.0006070223648
2023-06-20,AAPL,True,7.753413976,-0.01935848046,-0.00249055026
2023-06-20,AMZN,True,3.140460582,-0.002989360944,-0.0009509809281
2023-06-20,BAC,True,3.343141941,0.0007922616777,0.0002370373401
2023-06-20,BND,False,,,
2023-06-20,GLD,False,,,
2023-06-20,GOOGL,True,6.117972015,0.003837333333,0.0006276167492
2023-06-20,JNJ,True,10.5116863,0.01879336779,0.001791056853
2023-06-20,JPM,True,10.80515967,-0.002472314766,-0.0002287563797
2023-06-20,MSFT,True,8.720198523,0.009839245576,0.001129602725
2023-06-20,PG,True,6.479049479,-0.003332570624,-0.0005140966082
2023-06-20,TSLA,True,2.045238307,0.004996399165,0.002448924878
2023-06-20,VNQ,False,,,
2023-06-20,WMT,True,2.052735765,0.0008410224399,0.0004098760148
2023-06-21,AAPL,True,7.495500278,-0.2579136977,-0.03326453334
2023-06-21,AMZN,True,3.10793171,-0.03252887207,-0.01035799406
2023-06-21,BAC,True,3.473512673,0.1303707314,0.03899646911
2023-06-21,BND,False,,,
2023-06-21,GLD,False,,,
2023-06-21,GOOGL,True,6.242046362,0.124074347,0.0202803064
2023-06-21,JNJ,True,10.74318295,0.2314966559,0.02202278962
2023-06-21,JPM,True,10.77038182,-0.03477785359,-0.003218633935
2023-06-21,MSFT,True,8.752890991,0.0326924678,0.003749050863
2023-06-21,PG,True,6.271542416,-0.2075070627,-0.03202739282
2023-06-21,TSLA,True,2.059469092,0.01423078512,0.006958008301
2023-06-21,VNQ,False,,,
2023-06-21,WMT,True,2.089303722,0.03656795741,0.01781425454
2023-06-22,AAPL,True,7.479333474,-0.01616680413,-0.002156867925
2023-06-22,AMZN,True,3.106228508,-0.001703202339,-0.0005480179418
2023-06-22,BAC,True,3.471704556,-0.001808116315,-0.0005205440388
2023-06-22,BND,False,,,
2023-06-22,GLD,False,,,
2023-06-22,GOOGL,True,6.217801368,-0.02424499412,-0.003884141948
2023-06-22,JNJ,True,10.73574722,-0.007435729552,-0.0006921346854
2023-06-22,JPM,True,10.7894277,0.01904588204,0.001768357182
2023-06-22,MSFT,True,8.732912814,-0.01997817616,-0.002282466009
2023-06-22,PG,True,6.274987324,0.003444908109,0.0005492920052
2023-06-22,TSLA,True,2.063526414,0.004057321814,0.00197008143
2023-06-22,VNQ,False,,,
2023-06-22,WMT,True,2.085425761,-0.003877961678,-0.001856102412
2023-06-23,AAPL,True,7.49170806,0.01237458535,0.001654503759
2023-06-23,AMZN,True,3.101434339,-0.004794168632,-0.001543405007
2023-06-23,BAC,True,3.47223528,0.0005307239589,0.0001528712914
2023-06-23,BND,False,,,
2023-06-23,GLD,False,,,
2023-06-23,GOOGL,True,6.216929695,-0.0008716733428,-0.0001401899628
2023-06-23,JNJ,True,10.76129697,0.02554974375,0.002379875683
2023-06-23,JPM,True,10.80451574,0.01508804129,0.001398409787
2023-06-23,MSFT,True,8.727430883,-0.005481931556,-0.0006277323125
2023-06-23,PG,True,6.272600777,-0.002386547174,-0.0003803270111
2023-06-23,TSLA,True,2.056029538,-0.007496876503,-0.003633041211
2023-06-23,VNQ,False,,,
2023-06-23,WMT,True,2.083306469,-0.002119291841,-0.001016239408
2023-06-26,AAPL,True,7.534703656,0.04299559664,0.005739091313
2023-06-26,AMZN,True,3.097690633,-0.003743705971,-0.001207088579
2023-06-26,BAC,True,3.471856149,-0.0003791315251,-0.0001091894686
2023-06-26,BND,False,,,
2023-06-26,GLD,False,,,
2023-06-26,GOOGL,True,6.201611319,-0.01531837621,-0.002463977713
2023-06-26,JNJ,True,10.76790534,0.006608374631,0.0006140871916
2023-06-26,JPM,True,10.80367727,-0.0008384721132,-7.760385874e-05
2023-06-26,MSFT,True,8.75090811,0.02347722669,0.002690050142
2023-06-26,PG,True,6.271249906,-0.001350870682,-0.0002153605386
2023-06-26,TSLA,True,2.067076761,0.01104722303,0.005373085759
2023-06-26,VNQ,False,,,
2023-06-26,WMT,True,2.084480186,0.001173716681,0.0005633912718
2023-06-27,AAPL,True,7.540453578,0.005749921877,0.0007631251525
2023-06-27,AMZN,True,3.097236587,-0.000454046307,-0.0001465757433
2023-06-27,BAC,True,3.468444417,-0.003411731776,-0.0009826823547
2023-06-27,BND,False,,,
2023-06-27,GLD,False,,,
2023-06-27,GOOGL,True,6.221735342,0.02012402357,0.003244966919
2023-06-27,JNJ,True,10.78991795,0.02201260494,0.002044279202
2023-06-27,JPM,True,10.80036445,-0.003312817073,-0.0003066379151
2023-06-27,MSFT,True,8.74895281,-0.001955299355,-0.0002234395939
2023-06-27,PG,True,6.273010522,0.001760616279,0.000280744079
2023-06-27,TSLA,True,2.065162501,-0.00191425932,-0.000926070747
2023-06-27,VNQ,False,,,
2023-06-27,WMT,True,2.08274112,-0.00173906568,-0.0008342922576
2023-06-28,AAPL,True,7.558511531,0.01805795237,0.002394809833
2023-06-28,AMZN,True,3.095899574,-0.001337012965,-0.0004316793141
2023-06-28,BAC,True,3.464244414,-0.00420000269,-0.001210918263
2023-06-28,BND,False,,,
2023-06-28,GLD,False,,,
2023-06-28,GOOGL,True,6.217378645,-0.004356697839,-0.0007002383738
2023-06-28,JNJ,True,10.79156058,0.001642639645,0.0001522383816
2023-06-28,JPM,True,10.78779055,-0.01257390008,-0.001164210721
2023-06-28,MSFT,True,8.747824231,-0.001128578783,-0.0001289958704
2023-06-28,PG,True,6.267150472,-0.005860050878,-0.0009341688264
2023-06-28,TSLA,True,2.062466635,-0.002695866214,-0.001305401494
2023-06-28,VNQ,False,,,
2023-06-28,WMT,True,2.082460697,-0.0002804230321,-0.0001346413289
2023-06-29,AAPL,True,7.567677454,0.009165923354,0.001212662482
2023-06-29,AMZN,True,3.096668447,0.0007688734976,0.0002483522089
2023-06-29,BAC,True,3.460111301,-0.004133113706,-0.001193077974
2023-06-29,BND,False,,,
2023-06-29,GLD,False,,,
2023-06-29,GOOGL,True,6.205280254,-0.012098391,-0.001945899018
2023-06-29,JNJ,True,10.79786431,0.006303725664,0.0005841347611
2023-06-29,JPM,True,10.79368718,0.005896629882,0.0005466021846
2023-06-29,MSFT,True,8.751063447,0.003239215311,0.0003702881111
2023-06-29,PG,True,6.273865072,0.006714600144,0.001071396031
2023-06-29,TSLA,True,2.064365798,0.001899163256,0.0009208213232
2023-06-29,VNQ,False,,,
2023-06-29,WMT,True,2.081005714,-0.001454982917,-0.000698684455
2023-06-30,AAPL,True,7.570485536,0.002808081785,0.000371062562
2023-06-30,AMZN,True,3.100574688,0.003906241032,0.001261433408
2023-06-30,BAC,True,3.462866675,0.002755374123,0.0007963252866
2023-06-30,BND,False,,,
2023-06-30,GLD,False,,,
2023-06-30,GOOGL,True,6.213671072,0.008390818039,0.001352206137
2023-06-30,JNJ,True,10.80805719,0.01019287632,0.0009439715137
2023-06-30,JPM,True,10.77962209,-0.01406508709,-0.001303084558
2023-06-30,MSFT,True,8.758180635,0.007117188627,0.0008132941408
2023-06-30,PG,True,6.280477755,0.006612683341,0.001054004711
2023-06-30,TSLA,True,2.060299996,-0.004065802039,-0.001969516276
2023-06-30,VNQ,False,,,
2023-06-30,WMT,True,2.079027171,-0.00197854314,-0.000950762954
2023-07-03,AAPL,True,7.564743482,-0.005742053434,-0.0007584788857
2023-07-03,AMZN,True,3.112654173,0.01207948447,0.00389588566
2023-07-03,BAC,True,3.474674122,0.0118074469,0.00340973188
2023-07-03,BND,False,,,
2023-07-03,GLD,False,,,
2023-07-03,GOOGL,True,6.216951893,0.003280821465,0.0005280005053
2023-07-03,JNJ,True,10.82899741,0.02094022087,0.001937463923
2023-07-03,JPM,True,10.78251012,0.00288802488,0.0002679152251
2023-07-03,MSFT,True,8.766559727,0.008379091717,0.0009567160196
2023-07-03,PG,True,6.285669497,0.005191741888,0.0008266476039
2023-07-03,TSLA,True,2.05742002,-0.002879976306,-0.001397843184
2023-07-03,VNQ,False,,,
2023-07-03,WMT,True,2.077564717,-0.001462454079,-0.0007034319224
2023-07-05,AAPL,True,7.556381493,-0.008361989574,-0.001105389706
2023-07-05,AMZN,True,3.121064825,0.008410652136,0.00270208371
2023-07-05,BAC,True,3.4696047,-0.005069421616,-0.001458963183
2023-07-05,BND,False,,,
2023-07-05,GLD,False,,,
2023-07-05,GOOGL,True,6.217466393,0.0005144999842,8.275759456e-05
2023-07-05,JNJ,True,10.84254278,0.01354537548,0.001250842989
2023-07-05,JPM,True,10.78107206,-0.001438061657,-0.0001333698408
2023-07-05,MSFT,True,8.77902385,0.01246412282,0.001421780403
2023-07-05,PG,True,6.299743739,0.01407424243,0.002239099977
2023-07-05,TSLA,True,2.062466223,0.005046203426,0.002452685099
2023-07-05,VNQ,False,,,
2023-07-05,WMT,True,2.075758072,-0.001806645176,-0.0008695975445
2023-07-06,AAPL,True,7.549446088,-0.006935404562,-0.0009178208602
2023-07-06,AMZN,True,3.121726724,0.000661899042,0.0002120747498
2023-07-06,BAC,True,3.472910693,0.003305992431,0.0009528441181
2023-07-06,BND,False,,,
2023-07-06,GLD,False,,,
2023-07-06,GOOGL,True,6.222190127,0.004723734423,0.0007597523049
2023-07-06,JNJ,True,10.83111394,-0.01142884456,-0.001054074196
2023-07-06,JPM,True,10.78865047,0.007578418338,0.0007029373608
2023-07-06,MSFT,True,8.758929117,-0.0200947329,-0.002288948434
2023-07-06,PG,True,6.306243905,0.006500165567,0.001031814283
2023-07-06,TSLA,True,2.065283133,0.002816909816,0.001365796823
2023-07-06,VNQ,False,,,
2023-07-06,WMT,True,2.075911268,0.0001531961353,7.380250011e-05
2023-07-07,AAPL,True,7.536224111,-0.01322197749,-0.001751383789
2023-07-07,AMZN,True,3.127499704,0.005772980277,0.001849290725
2023-07-07,BAC,True,3.481441889,0.008531196228,0.002456497441
2023-07-07,BND,False,,,
2023-07-07,GLD,False,,,
2023-07-07,GOOGL,True,6.208923991,-0.01326613671,-0.002132068683
2023-07-07,JNJ,True,10.82618708,-0.004926857547,-0.0004548800405
2023-07-07,JPM,True,10.80460659,0.01595611356,0.001478972147
2023-07-07,MSFT,True,8.781638061,0.02270894448,0.002592662206
2023-07-07,PG,True,6.314856428,0.0086125228,0.001365713558
2023-07-07,TSLA,True,2.06218368,-0.003099453258,-0.001500740121
2023-07-07,VNQ,False,,,
2023-07-07,WMT,True,2.075897615,-1.365242225e-05,-6.576592392e-06
2023-07-10,AAPL,True,7.54709144,0.01086732919,0.001442012477
2023-07-10,AMZN,True,3.127812233,0.0003125281303,9.99290679e-05
2023-07-10,BAC,True,3.48000736,-0.001434528326,-0.0004120500561
2023-07-10,BND,False,,,
2023-07-10,GLD,False,,,
2023-07-10,GOOGL,True,6.226465639,0.01754164827,0.002825231602
2023-07-10,JNJ,True,10.80903817,-0.01714891498,-0.001584021674
2023-07-10,JPM,True,10.83621686,0.03161027577,0.0029256295
2023-07-10,MSFT,True,8.787553658,0.00591559636,0.0006736324497
2023-07-10,PG,True,6.320072179,0.005215751399,0.0008259493242
2023-07-10,TSLA,True,2.057851073,-0.004332607006,-0.002100980164
2023-07-10,VNQ,False,,,
2023-07-10,WMT,True,2.082125939,0.006228323414,0.003000303757
2023-07-11,AAPL,True,7.533231878,-0.01385956192,-0.001836411024
2023-07-11,AMZN,True,3.123443655,-0.004368577675,-0.001396687956
2023-07-11,BAC,True,3.480892041,0.0008846807519,0.0002542180692
2023-07-11,BND,False,,,
2023-07-11,GLD,False,,,
2023-07-11,GOOGL,True,6.220142651,-0.006322987805,-0.001015501919
2023-07-11,JNJ,True,10.79297653,-0.01606163735,-0.001485945105
2023-07-11,JPM,True,10.84432984,0.008112974674,0.0007486906894
2023-07-11,MSFT,True,8.782350286,-0.005203372179,-0.000592129776
2023-07-11,PG,True,6.316214715,-0.003857463876,-0.0006103512376
2023-07-11,TSLA,True,2.049967867,-0.007883205576,-0.003830794988
2023-07-11,VNQ,False,,,
2023-07-11,WMT,True,2.077986496,-0.004139442838,-0.001988084756
2023-07-12,AAPL,True,7.546155791,0.01292391298,0.001715586775
2023-07-12,AMZN,True,3.117440857,-0.006002797914,-0.001921852473
2023-07-12,BAC,True,3.485880471,0.004988429941,0.00143308953
2023-07-12,BND,False,,,
2023-07-12,GLD,False,,,
2023-07-12,GOOGL,True,6.231117661,0.01097500968,0.001764430544
2023-07-12,JNJ,True,10.79717996,0.00420342826,0.0003894595943
2023-07-12,JPM,True,10.84384627,-0.0004835694865,-4.459191981e-05
2023-07-12,MSFT,True,8.788323509,0.005973223039,0.0006801394666
2023-07-12,PG,True,6.310297921,-0.005916794317,-0.0009367626947
2023-07-12,TSLA,True,2.052243676,0.002275809035,0.00111016815
2023-07-12,VNQ,False,,,
2023-07-12,WMT,True,2.075853866,-0.002132629941,-0.001026296343
2023-07-13,AAPL,True,7.541294733,-0.004861058085,-0.0006441767464
2023-07-13,AMZN,True,3.113677722,-0.00376313461,-0.001207123016
2023-07-13,BAC,True,3.479782016,-0.006098455481,-0.001749473492
2023-07-13,BND,False,,,
2023-07-13,GLD,False,,,
2023-07-13,GOOGL,True,6.237673173,0.006555512222,0.001052060413
2023-07-13,JNJ,True,10.79499628,-0.002183672379,-0.0002022446961
2023-07-13,JPM,True,10.86258207,0.01873579967,0.001727781748
2023-07-13,MSFT,True,8.784805825,-0.003517683653,-0.0004002678838
2023-07-13,PG,True,6.302882965,-0.007414956109,-0.001175056424
2023-07-13,TSLA,True,2.050391822,-0.00185185494,-0.0009023562657
2023-07-13,VNQ,False,,,
2023-07-13,WMT,True,2.075360384,-0.0004934819474,-0.0002377248011
2023-07-14,AAPL,True,7.554855566,0.01356083297,0.001798210182
2023-07-14,AMZN,True,3.113865602,0.0001878796437,6.034010597e-05
2023-07-14,BAC,True,3.484305913,0.004523896886,0.001300051804
2023-07-14,BND,False,,,
2023-07-14,GLD,False,,,
2023-07-14,GOOGL,True,6.228757937,-0.008915236213,-0.001429256706
2023-07-14,JNJ,True,10.80091272,0.005916431593,0.0005480716655
2023-07-14,JPM,True,10.87654749,0.01396542575,0.001285645132
2023-07-14,MSFT,True,8.799094695,0.01428887005,0.001626543641
2023-07-14,PG,True,6.301940733,-0.0009422321319,-0.0001494922462
2023-07-14,TSLA,True,2.052503463,0.002111641112,0.001029871993
2023-07-14,VNQ,False,,,
2023-07-14,WMT,True,2.077545422,0.0021850377,0.001052847359
2023-07-17,AAPL,True,7.566895169,0.01203960323,0.001593624541
2023-07-17,AMZN,True,3.112924367,-0.0009412348726,-0.0003022721571
2023-07-17,BAC,True,3.482024916,-0.002280996464,-0.0006546487367
2023-07-17,BND,False,,,
2023-07-17,GLD,False,,,
2023-07-17,GOOGL,True,6.228389929,-0.0003680082099,-5.908211775e-05
2023-07-17,JNJ,True,10.82736384,0.02645112305,0.002448971095
2023-07-17,JPM,True,10.88380295,0.007255457794,0.0006670736093
2023-07-17,MSFT,True,8.813401534,0.01430683913,0.001625944444
2023-07-17,PG,True,6.316914881,0.01497414782,0.002376116891
2023-07-17,TSLA,True,2.060347333,0.007843870604,0.003821611387
2023-07-17,VNQ,False,,,
2023-07-17,WMT,True,2.080876684,0.003331262155,0.001603460565
2023-07-18,AAPL,True,7.563075095,-0.003820074289,-0.0005048403874
2023-07-18,AMZN,True,3.107052805,-0.005871562125,-0.001886188494
2023-07-18,BAC,True,3.487926466,0.005901549777,0.001694861444
2023-07-18,BND,False,,,
2023-07-18,GLD,False,,,
2023-07-18,GOOGL,True,6.216097713,-0.01229221596,-0.00197357842
2023-07-18,JNJ,True,10.82804021,0.000676368855,6.246847017e-05
2023-07-18,JPM,True,10.88728109,0.003478141864,0.0003195704553
2023-07-18,MSFT,True,8.815258844,0.001857309604,0.0002107369779
2023-07-18,PG,True,6.313609797,-0.003305083785,-0.0005232117018
2023-07-18,TSLA,True,2.059873976,-0.0004733572558,-0.0002297463385
2023-07-18,VNQ,False,,,
2023-07-18,WMT,True,2.080785314,-9.136930504e-05,-4.39090436e-05
2023-07-19,AAPL,True,7.573984654,0.01090955891,0.001442476609
2023-07-19,AMZN,True,3.105857135,-0.001195669636,-0.0003848243693
2023-07-19,BAC,True,3.496038097,0.008111631052,0.002325631326
2023-07-19,BND,False,,,
2023-07-19,GLD,False,,,
2023-07-19,GOOGL,True,6.245020184,0.02892247174,0.004652834154
2023-07-19,JNJ,True,10.80196301,-0.02607720022,-0.002408302862
2023-07-19,JPM,True,10.91693141,0.02965031726,0.002723390441
2023-07-19,MSFT,True,8.808653355,-0.006605488554,-0.0007493244011
2023-07-19,PG,True,6.306619515,-0.00699028125,-0.001107176635
2023-07-19,TSLA,True,2.066660199,0.006786223527,0.003294484811
2023-07-19,VNQ,False,,,
2023-07-19,WMT,True,2.078485404,-0.002299910279,-0.001105308781
2023-07-20,AAPL,True,7.574033952,4.929816068e-05,6.508880455e-06
2023-07-20,AMZN,True,3.107888151,0.002031016001,0.0006539309158
2023-07-20,BAC,True,3.502244986,0.006206888659,0.001775406471
2023-07-20,BND,False,,,
2023-07-20,GLD,False,,,
2023-07-20,GOOGL,True,6.236826839,-0.008193344978,-0.001311980544
2023-07-20,JNJ,True,10.79083912,-0.01112388713,-0.001029802372
2023-07-20,JPM,True,10.93833804,0.02140663267,0.001960865363
2023-07-20,MSFT,True,8.784089967,-0.02456338835,-0.002788552048
2023-07-20,PG,True,6.312038013,0.005418497502,0.0008591762177
2023-07-20,TSLA,True,2.067139361,0.0004791612745,0.0002318529551
2023-07-20,VNQ,False,,,
2023-07-20,WMT,True,2.083027395,0.004541990457,0.002185240487
2023-07-21,AAPL,True,7.566822832,-0.007211119655,-0.0009520844111
2023-07-21,AMZN,True,3.112144233,0.004256081515,0.001369444879
2023-07-21,BAC,True,3.505186299,0.002941312895,0.0008398364213
2023-07-21,BND,False,,,
2023-07-21,GLD,False,,,
2023-07-21,GOOGL,True,6.229577747,-0.007249092041,-0.001162304522
2023-07-21,JNJ,True,10.79083058,-8.537996752e-06,-7.912263965e-07
2023-07-21,JPM,True,10.95496029,0.0166222458,0.001519631751
2023-07-21,MSFT,True,8.800996132,0.0169061649,0.001924634761
2023-07-21,PG,True,6.301457593,-0.01058041998,-0.001676228812
2023-07-21,TSLA,True,2.076704462,0.009565101231,0.004627216439
2023-07-21,VNQ,False,,,
2023-07-21,WMT,True,2.081156903,-0.001870491833,-0.0008979679468
2023-07-24,AAPL,True,7.560975549,-0.00584728339,-0.0007727527815
2023-07-24,AMZN,True,3.107343654,-0.004800578342,-0.001542530803
2023-07-24,BAC,True,3.512690391,0.007504092933,0.002140854235
2023-07-24,BND,False,,,
2023-07-24,GLD,False,,,
2023-07-24,GOOGL,True,6.225504945,-0.004072802748,-0.0006537847207
2023-07-24,JNJ,True,10.78556472,-0.00526586191,-0.0004879941234
2023-07-24,JPM,True,10.95676079,0.001800496251,0.0001643544297
2023-07-24,MSFT,True,8.812477373,0.01148124097,0.001304538804
2023-07-24,PG,True,6.303261607,0.001804014065,0.0002862852028
2023-07-24,TSLA,True,2.075673225,-0.001031236696,-0.0004965736408
2023-07-24,VNQ,False,,,
2023-07-24,WMT,True,2.083054227,0.001897324088,0.0009116679697
2023-07-25,AAPL,True,7.572157331,0.01118178177,0.001478880827
2023-07-25,AMZN,True,3.107996463,0.0006528082294,0.0002100856236
2023-07-25,BAC,True,3.520820116,0.00812972449,0.002314386861
2023-07-25,BND,False,,,
2023-07-25,GLD,False,,,
2023-07-25,GOOGL,True,6.221561942,-0.003943002772,-0.0006333627244
2023-07-25,JNJ,True,10.77342505,-0.012139666,-0.001125547555
2023-07-25,JPM,True,10.94656859,-0.01019219286,-0.0009302195296
2023-07-25,MSFT,True,8.810006076,-0.002471296967,-0.0002804315815
2023-07-25,PG,True,6.308859303,0.00559769618,0.0008880634391
2023-07-25,TSLA,True,2.073726957,-0.001946268305,-0.00093765641
2023-07-25,VNQ,False,,,
2023-07-25,WMT,True,2.084716187,0.001661960515,0.0007978479356
2023-07-26,AAPL,True,7.589839346,0.01768201579,0.002335135817
2023-07-26,AMZN,True,3.101426559,-0.006569904192,-0.002113871193
2023-07-26,BAC,True,3.513813566,-0.007006549488,-0.001990033361
2023-07-26,BND,False,,,
2023-07-26,GLD,False,,,
2023-07-26,GOOGL,True,6.208051446,-0.01351049636,-0.002171560211
2023-07-26,JNJ,True,10.76880933,-0.004615727096,-0.0004284363675
2023-07-26,JPM,True,10.93422986,-0.01233873158,-0.001127178026
2023-07-26,MSFT,True,8.812325372,0.002319295935,0.0002632570188
2023-07-26,PG,True,6.299141099,-0.009718203832,-0.001540405859
2023-07-26,TSLA,True,2.06981125,-0.00391570666,-0.001888246014
2023-07-26,VNQ,False,,,
2023-07-26,WMT,True,2.085255411,0.0005392236215,0.0002586556505
2023-07-27,AAPL,True,7.581057808,-0.008781538591,-0.001157012447
2023-07-27,AMZN,True,3.104502505,0.003075946835,0.0009917845149
2023-07-27,BAC,True,3.516582363,0.002768796176,0.0007879746958
2023-07-27,BND,False,,,
2023-07-27,GLD,False,,,
2023-07-27,GOOGL,True,6.225011527,0.01696008174,0.00273194929
2023-07-27,JNJ,True,10.73971077,-0.02909855878,-0.002702114773
2023-07-27,JPM,True,10.91887064,-0.01535921711,-0.001404691259
2023-07-27,MSFT,True,8.812450198,0.0001248264442,1.416498358e-05
2023-07-27,PG,True,6.28995762,-0.009183479722,-0.001457893954
2023-07-27,TSLA,True,2.069972327,0.0001610761959,7.782168344e-05
2023-07-27,VNQ,False,,,
2023-07-27,WMT,True,2.082349979,-0.002905431932,-0.001393321852
2023-07-28,AAPL,True,7.575209363,-0.005848444772,-0.0007714549764
2023-07-28,AMZN,True,3.101465194,-0.003037311381,-0.0009783568787
2023-07-28,BAC,True,3.511867588,-0.004714774239,-0.001340726237
2023-07-28,BND,False,,,
2023-07-28,GLD,False,,,
2023-07-28,GOOGL,True,6.203349735,-0.02166179197,-0.003479799495
2023-07-28,JNJ,True,10.73923863,-0.0004721360691,-4.396171175e-05
2023-07-28,JPM,True,10.95005,0.0311793548,0.002855547595
2023-07-28,MSFT,True,8.797163795,-0.01528640345,-0.001734637144
2023-07-28,PG,True,6.301966345,0.01200872559,0.001909190222
2023-07-28,TSLA,True,2.06857321,-0.001399116712,-0.0006759108292
2023-07-28,VNQ,False,,,
2023-07-28,WMT,True,2.08233239,-1.758879664e-05,-8.446609271e-06
2023-07-31,AAPL,True,7.601080186,0.025870823,0.003415195773
2023-07-31,AMZN,True,3.111232017,0.009766822604,0.003149099536
2023-07-31,BAC,True,3.514792915,0.002925326345,0.0008329830985
2023-07-31,BND,False,,,
2023-07-31,GLD,False,,,
2023-07-31,GOOGL,True,6.205625114,0.002275378541,0.0003667983651
2023-07-31,JNJ,True,10.75413947,0.01490084018,0.001387513648
2023-07-31,JPM,True,10.94118153,-0.008868469046,-0.0008099021508
2023-07-31,MSFT,True,8.807452788,0.01028899296,0.001169580697
2023-07-31,PG,True,6.315923336,0.01395699052,0.002214704071
2023-07-31,TSLA,True,2.065749249,-0.002823961256,-0.001365173465
2023-07-31,VNQ,False,,,
2023-07-31,WMT,True,2.079983404,-0.002348986452,-0.001128055474
2023-08-01,AAPL,True,7.580101254,-0.02097893159,-0.002759993459
2023-08-01,AMZN,True,3.108652756,-0.002579260917,-0.0008290159344
2023-08-01,BAC,True,3.517153008,0.002360092974,0.0006714742606
2023-08-01,BND,False,,,
2023-08-01,GLD,False,,,
2023-08-01,GOOGL,True,6.221689512,0.01606439774,0.002588683243
2023-08-01,JNJ,True,10.75304312,-0.001096354577,-0.0001019472157
2023-08-01,JPM,True,10.93452539,-0.006656145241,-0.0006083570794
2023-08-01,MSFT,True,8.810951099,0.00349831109,0.0003971989603
2023-08-01,PG,True,6.318809967,0.002886631483,0.0004570402979
2023-08-01,TSLA,True,2.066187573,0.000438324116,0.0002121865063
2023-08-01,VNQ,False,,,
2023-08-01,WMT,True,2.077242342,-0.002741062046,-0.001317828806
2023-08-02,AAPL,True,7.583218072,0.00311681762,0.0004111841669
2023-08-02,AMZN,True,3.103175466,-0.005477289956,-0.001761949753
2023-08-02,BAC,True,3.510584699,-0.006568308454,-0.001867507168
2023-08-02,BND,False,,,
2023-08-02,GLD,False,,,
2023-08-02,GOOGL,True,6.230332287,0.008642775501,0.001389136421
2023-08-02,JNJ,True,10.76599122,0.01294810302,0.001204133832
2023-08-02,JPM,True,10.93534058,0.000815191488,7.455206873e-05
2023-08-02,MSFT,True,8.815313622,0.004362522793,0.0004951250716
2023-08-02,PG,True,6.311452474,-0.007357493724,-0.001164379648
2023-08-02,TSLA,True,2.060066035,-0.006121537845,-0.002962721258
2023-08-02,VNQ,False,,,
2023-08-02,WMT,True,2.07383597,-0.003406371804,-0.001639852864
2023-08-03,AAPL,True,7.596688357,0.01347028475,0.001776328284
2023-08-03,AMZN,True,3.110653366,0.007477900741,0.002409757625
2023-08-03,BAC,True,3.511822178,0.001237479214,0.0003524994609
2023-08-03,BND,False,,,
2023-08-03,GLD,False,,,
2023-08-03,GOOGL,True,6.228335818,-0.001996468885,-0.0003204434038
2023-08-03,JNJ,True,10.75332824,-0.01266298029,-0.00117620199
2023-08-03,JPM,True,10.92477898,-0.01056159311,-0.0009658220553
2023-08-03,MSFT,True,8.807254938,-0.008058683881,-0.0009141687099
2023-08-03,PG,True,6.315339915,0.003887441867,0.0006159345861
2023-08-03,TSLA,True,2.049433284,-0.01063275096,-0.00516136414
2023-08-03,VNQ,False,,,
2023-08-03,WMT,True,2.070454789,-0.003381181476,-0.001630399667
2023-08-04,AAPL,True,7.598942542,0.002254185323,0.000296732631
2023-08-04,AMZN,True,3.117614191,0.00696082422,0.002237737028
2023-08-04,BAC,True,3.511002588,-0.0008195905097,-0.0002333804128
2023-08-04,BND,False,,,
2023-08-04,GLD,False,,,
2023-08-04,GOOGL,True,6.23142875,0.003092932182,0.0004965904653
2023-08-04,JNJ,True,10.73881676,-0.01451147914,-0.00134948723
2023-08-04,JPM,True,10.92481542,3.644066186e-05,3.33559717e-06
2023-08-04,MSFT,True,8.808449683,0.001194745287,0.0001356546728
2023-08-04,PG,True,6.321243261,0.005903345789,0.0009347629531
2023-08-04,TSLA,True,2.045639094,-0.003794190029,-0.001851336201
2023-08-04,VNQ,False,,,
2023-08-04,WMT,True,2.070336701,-0.0001180874914,-5.703456652e-05
2023-08-07,AAPL,True,7.630029806,0.03108726406,0.0040909987
2023-08-07,AMZN,True,3.117083031,-0.0005311596544,-0.0001703737608
2023-08-07,BAC,True,3.509119386,-0.001883201639,-0.0005363714757
2023-08-07,BND,False,,,
2023-08-07,GLD,False,,,
2023-08-07,GOOGL,True,6.236142773,0.004714022239,0.0007564913967
2023-08-07,JNJ,True,10.75162855,0.01281178892,0.001193035435
2023-08-07,JPM,True,10.93737485,0.0125594286,0.001149623871
2023-08-07,MSFT,True,8.782956605,-0.0254930775,-0.002894161676
2023-08-07,PG,True,6.324055357,0.00281209602,0.0004448643888
2023-08-07,TSLA,True,2.037360785,-0.008278308526,-0.004046807939
2023-08-07,VNQ,False,,,
2023-08-07,WMT,True,2.068511133,-0.001825567568,-0.0008817732725
2023-08-08,AAPL,True,7.645904405,0.01587459916,0.002080542221
2023-08-08,AMZN,True,3.122060584,0.004977553225,0.001596862572
2023-08-08,BAC,True,3.513903979,0.004784592737,0.001363473912
2023-08-08,BND,False,,,
2023-08-08,GLD,False,,,
2023-08-08,GOOGL,True,6.237908668,0.001765894873,0.0002831710141
2023-08-08,JNJ,True,10.74089761,-0.0107309448,-0.0009980762219
2023-08-08,JPM,True,10.93382852,-0.003546329953,-0.0003242395913
2023-08-08,MSFT,True,8.820254529,0.03729792386,0.004246625087
2023-08-08,PG,True,6.318300582,-0.005754775625,-0.000909981855
2023-08-08,TSLA,True,2.040635302,0.003274516205,0.001607234334
2023-08-08,VNQ,False,,,
2023-08-08,WMT,True,2.070081951,0.001570817108,0.0007593950462
2023-08-09,AAPL,True,7.662711367,0.01680696126,0.002198165235
2023-08-09,AMZN,True,3.120050306,-0.002010278544,-0.0006438947898
2023-08-09,BAC,True,3.513280032,-0.0006239472654,-0.0001775652577
2023-08-09,BND,False,,,
2023-08-09,GLD,False,,,
2023-08-09,GOOGL,True,6.2416773,0.003768631999,0.0006041499163
2023-08-09,JNJ,True,10.74698541,0.006087804145,0.0005667872805
2023-08-09,JPM,True,10.92110286,-0.01272566185,-0.001163879772
2023-08-09,MSFT,True,8.835568135,0.01531360553,0.001736186351
2023-08-09,PG,True,6.31415132,-0.00414926146,-0.000656705297
2023-08-09,TSLA,True,2.04542253,0.004787228398,0.002345950006
2023-08-09,VNQ,False,,,
2023-08-09,WMT,True,2.072165087,0.002083136078,0.001006306092
2023-08-10,AAPL,True,7.685545512,0.02283414584,0.002979904207
2023-08-10,AMZN,True,3.124271704,0.004221397938,0.001352990344
2023-08-10,BAC,True,3.51279444,-0.0004855917739,-0.0001382160743
2023-08-10,BND,False,,,
2023-08-10,GLD,False,,,
2023-08-10,GOOGL,True,6.231197623,-0.01047967671,-0.001678984063
2023-08-10,JNJ,True,10.74959312,0.002607709134,0.0002426456382
2023-08-10,JPM,True,10.92015152,-0.0009513364828,-8.71099279e-05
2023-08-10,MSFT,True,8.854162087,0.0185939526,0.002104443349
2023-08-10,PG,True,6.318160909,0.004009589041,0.0006350163051
2023-08-10,TSLA,True,2.047302711,0.001880181073,0.0009192140234
2023-08-10,VNQ,False,,,
2023-08-10,WMT,True,2.072902756,0.0007376692028,0.0003559895915
2023-08-11,AAPL,True,7.673724814,-0.01182069883,-0.001538042915
2023-08-11,AMZN,True,3.124439762,0.0001680584592,5.379124325e-05
2023-08-11,BAC,True,3.511723139,-0.001071301208,-0.0003049712206
2023-08-11,BND,False,,,
2023-08-11,GLD,False,,,
2023-08-11,GOOGL,True,6.212498371,-0.01869925139,-0.003000908095
2023-08-11,JNJ,True,10.74653195,-0.003061171536,-0.0002847709213
2023-08-11,JPM,True,10.90845483,-0.01169669278,-0.001071110849
2023-08-11,MSFT,True,8.858682547,0.004520459294,0.0005105462549
2023-08-11,PG,True,6.319937987,0.001777078096,0.0002812650898
2023-08-11,TSLA,True,2.045030287,-0.002272423746,-0.001109959819
2023-08-11,VNQ,False,,,
2023-08-11,WMT,True,2.07131444,-0.001588315564,-0.0007662277255
2023-08-14,AAPL,True,7.644479162,-0.02924565112,-0.003811141503
2023-08-14,AMZN,True,3.132641739,0.008201977037,0.00262510327
2023-08-14,BAC,True,3.512413806,0.0006906672993,0.0001966747582
2023-08-14,BND,False,,,
2023-08-14,GLD,False,,,
2023-08-14,GOOGL,True,6.21113997,-0.001358401286,-0.0002186562
2023-08-14,JNJ,True,10.78544214,0.03891019449,0.003620721055
2023-08-14,JPM,True,10.89592554,-0.01252929189,-0.001148585394
2023-08-14,MSFT,True,8.857901139,-0.0007814081279,-8.820816457e-05
2023-08-14,PG,True,6.310828967,-0.009109020223,-0.001441314811
2023-08-14,TSLA,True,2.039335023,-0.00569526451,-0.002784929175
2023-08-14,VNQ,False,,,
2023-08-14,WMT,True,2.074423001,0.003108561171,0.001500767392
2023-08-15,AAPL,True,7.646070443,0.001591280449,0.0002081607413
2023-08-15,AMZN,True,3.138323246,0.005681506832,0.001813647172
2023-08-15,BAC,True,3.524968411,0.01255460507,0.003574352501
2023-08-15,BND,False,,,
2023-08-15,GLD,False,,,
2023-08-15,GOOGL,True,6.215574717,0.004434746546,0.0007139988097
2023-08-15,JNJ,True,10.80592529,0.02048314665,0.001899147608
2023-08-15,JPM,True,10.90005361,0.004128073622,0.0003788639713
2023-08-15,MSFT,True,8.848890577,-0.009010561642,-0.001017234388
2023-08-15,PG,True,6.311292021,0.0004630542676,7.337455508e-05
2023-08-15,TSLA,True,2.037370706,-0.001964316246,-0.0009632140988
2023-08-15,VNQ,False,,,
2023-08-15,WMT,True,2.079103478,0.004680476106,0.002256278542
2023-08-16,AAPL,True,7.667409311,0.02133886855,0.00279082814
2023-08-16,AMZN,True,3.141714695,0.003391449003,0.001080656369
2023-08-16,BAC,True,3.5281864,0.003217988992,0.0009129128594
2023-08-16,BND,False,,,
2023-08-16,GLD,False,,,
2023-08-16,GOOGL,True,6.194744891,-0.02082982586,-0.00335123087
2023-08-16,JNJ,True,10.81218152,0.006256230623,0.0005789629723
2023-08-16,JPM,True,10.91178576,0.01173214284,0.001076338086
2023-08-16,MSFT,True,8.869954563,0.02106398623,0.002380409844
2023-08-16,PG,True,6.313155805,0.001863783998,0.0002953094218
2023-08-16,TSLA,True,2.033796769,-0.003573937322,-0.001754190983
2023-08-16,VNQ,False,,,
2023-08-16,WMT,True,2.075898438,-0.003205039734,-0.001541548926
2023-08-17,AAPL,True,7.660433835,-0.006975476362,-0.0009097566177
2023-08-17,AMZN,True,3.142672888,0.0009581934315,0.0003049905942
2023-08-17,BAC,True,3.52608116,-0.002105240119,-0.0005966918639
2023-08-17,BND,False,,,
2023-08-17,GLD,False,,,
2023-08-17,GOOGL,True,6.192172215,-0.002572676274,-0.0004152997935
2023-08-17,JNJ,True,10.81032023,-0.00186129457,-0.000172147921
2023-08-17,JPM,True,10.9035972,-0.008188551532,-0.0007504318463
2023-08-17,MSFT,True,8.873329697,0.00337513341,0.0003805130439
2023-08-17,PG,True,6.312833301,-0.0003225038906,-5.108441808e-05
2023-08-17,TSLA,True,2.032229094,-0.001567674776,-0.0007708119117
2023-08-17,VNQ,False,,,
2023-08-17,WMT,True,2.080009702,0.00411126448,0.00198047477
2023-08-18,AAPL,True,7.660966763,0.0005329276868,6.956886493e-05
2023-08-18,AMZN,True,3.144732194,0.002059306011,0.000655272147
2023-08-18,BAC,True,3.537308689,0.01122752927,0.003184138073
2023-08-18,BND,False,,,
2023-08-18,GLD,False,,,
2023-08-18,GOOGL,True,6.213280018,0.02110780303,0.003408788111
2023-08-18,JNJ,True,10.82847913,0.01815890161,0.001679774625
2023-08-18,JPM,True,10.90544891,0.00185170101,0.0001698247812
2023-08-18,MSFT,True,8.89429441,0.02096471336,0.002362665885
2023-08-18,PG,True,6.30820943,-0.004623871693,-0.0007324558517
2023-08-18,TSLA,True,2.039105009,0.006875914829,0.003383434893
2023-08-18,VNQ,False,,,
2023-08-18,WMT,True,2.084646533,0.004636830778,0.002229235168
2023-08-21,AAPL,True,7.657255206,-0.003711556707,-0.0004844762837
2023-08-21,AMZN,True,3.143074378,-0.001657816384,-0.0005271725164
2023-08-21,BAC,True,3.541063387,0.003754697939,0.001061456115
2023-08-21,BND,False,,,
2023-08-21,GLD,False,,,
2023-08-21,GOOGL,True,6.21305043,-0.0002295874073,-3.695108004e-05
2023-08-21,JNJ,True,10.84244963,0.01397050739,0.001290163395
2023-08-21,JPM,True,10.87510177,-0.03034713392,-0.002782749631
2023-08-21,MSFT,True,8.888457085,-0.005837324498,-0.0006562998962
2023-08-21,PG,True,6.322090621,0.01388119137,0.002200496278
2023-08-21,TSLA,True,2.04068013,0.001575120879,0.0007724569709
2023-08-21,VNQ,False,,,
2023-08-21,WMT,True,2.085619086,0.0009725531927,0.0004665314609
2023-08-22,AAPL,True,7.644305001,-0.01295020503,-0.001691233305
2023-08-22,AMZN,True,3.143933791,0.0008594134139,0.000273430823
2023-08-22,BAC,True,3.54556023,0.004496842509,0.001269913023
2023-08-22,BND,False,,,
2023-08-22,GLD,False,,,
2023-08-22,GOOGL,True,6.226631279,0.01358084854,0.00218585841
2023-08-22,JNJ,True,10.8552291,0.01277946837,0.001178651394
2023-08-22,JPM,True,10.86077406,-0.01432770735,-0.001317478002
2023-08-22,MSFT,True,8.896525791,0.008068705184,0.0009077734309
2023-08-22,PG,True,6.32884581,0.006755188771,0.001068505527
2023-08-22,TSLA,True,2.04300207,0.002321939802,0.001137826437
2023-08-22,VNQ,False,,,
2023-08-22,WMT,True,2.09293087,0.007311783496,0.003505809639
2023-08-23,AAPL,True,7.613424033,-0.03088096762,-0.004039735151
2023-08-23,AMZN,True,3.152566518,0.00863272639,0.002745835938
2023-08-23,BAC,True,3.542744809,-0.00281542086,-0.0007940693931
2023-08-23,BND,False,,,
2023-08-23,GLD,False,,,
2023-08-23,GOOGL,True,6.230796914,0.004165635501,0.0006690030797
2023-08-23,JNJ,True,10.84751313,-0.007715971525,-0.0007108068796
2023-08-23,JPM,True,10.85694679,-0.003827270827,-0.0003523939274
2023-08-23,MSFT,True,8.891708612,-0.004817178923,-0.0005414674263
2023-08-23,PG,True,6.331643104,0.002797294185,0.0004419912049
2023-08-23,TSLA,True,2.044498884,0.001496814258,0.0007326543031
2023-08-23,VNQ,False,,,
2023-08-23,WMT,True,2.09713226,0.00420139053,0.002007419639
2023-08-24,AAPL,True,7.627831325,0.01440729191,0.001892353801
2023-08-24,AMZN,True,3.153741275,0.00117475672,0.0003726350302
2023-08-24,BAC,True,3.535079145,-0.007665663559,-0.002163763966
2023-08-24,BND,False,,,
2023-08-24,GLD,False,,,
2023-08-24,GOOGL,True,6.217257001,-0.01353991365,-0.002173062907
2023-08-24,JNJ,True,10.83746471,-0.01004841955,-0.0009263339372
2023-08-24,JPM,True,10.86956161,0.01261481967,0.001161912268
2023-08-24,MSFT,True,8.881220929,-0.01048768264,-0.00117949014
2023-08-24,PG,True,6.347957105,0.0163140006,0.002576582466
2023-08-24,TSLA,True,2.048821971,0.004323087275,0.002114497254
2023-08-24,VNQ,False,,,
2023-08-24,WMT,True,2.100335078,0.003202817653,0.001527236843
2023-08-25,AAPL,True,7.632917988,0.005086662839,0.0006668557054
2023-08-25,AMZN,True,3.149413757,-0.004327517319,-0.001372185269
2023-08-25,BAC,True,3.534701276,-0.0003778692018,-0.000106891299
2023-08-25,BND,False,,,
2023-08-25,GLD,False,,,
2023-08-25,GOOGL,True,6.222475677,0.005218676471,0.0008393856761
2023-08-25,JNJ,True,10.8598658,0.02240108734,0.002067004409
2023-08-25,JPM,True,10.87204719,0.002485575548,0.0002286730262
2023-08-25,MSFT,True,8.874011651,-0.007209278375,-0.0008117440646
2023-08-25,PG,True,6.34039525,-0.007561854389,-0.001191226447
2023-08-25,TSLA,True,2.051653028,0.002831056637,0.001381797285
2023-08-25,VNQ,False,,,
2023-08-25,WMT,True,2.096968743,-0.003366334773,-0.001602760821
2023-08-28,AAPL,True,7.636634019,0.003716031336,0.0004868428223
2023-08-28,AMZN,True,3.152135313,0.002721555818,0.0008641467992
2023-08-28,BAC,True,3.532848547,-0.001852729297,-0.00052415442
2023-08-28,BND,False,,,
2023-08-28,GLD,False,,,
2023-08-28,GOOGL,True,6.228418825,0.005943148293,0.0009551099275
2023-08-28,JNJ,True,10.8473437,-0.01252209615,-0.001153061776
2023-08-28,JPM,True,10.85408728,-0.01795991064,-0.001651934574
2023-08-28,MSFT,True,8.866313367,-0.007698284151,-0.0008675089074
2023-08-28,PG,True,6.354587464,0.01419221355,0.002238379942
2023-08-28,TSLA,True,2.046050713,-0.005602315362,-0.0027306349
2023-08-28,VNQ,False,,,
2023-08-28,WMT,True,2.096627165,-0.0003415785327,-0.0001628915709
2023-08-29,AAPL,True,7.654417458,0.01778343808,0.002328701105
2023-08-29,AMZN,True,3.147483491,-0.004651822218,-0.001475768568
2023-08-29,BAC,True,3.529858078,-0.00299046909,-0.000846475316
2023-08-29,BND,False,,,
2023-08-29,GLD,False,,,
2023-08-29,GOOGL,True,6.216599357,-0.01181946797,-0.001897667499
2023-08-29,JNJ,True,10.85028896,0.002945252856,0.0002715183492
2023-08-29,JPM,True,10.8622926,0.008205319247,0.0007559658437
2023-08-29,MSFT,True,8.858374046,-0.00793932105,-0.0008954478284
2023-08-29,PG,True,6.366788706,0.01220124211,0.001920068325
2023-08-29,TSLA,True,2.0458792,-0.0001715130734,-8.382640388e-05
2023-08-29,VNQ,False,,,
2023-08-29,WMT,True,2.098954485,0.002327319897,0.001110030403
2023-08-30,AAPL,True,7.659597251,0.005179793923,0.0006767064837
2023-08-30,AMZN,True,3.146154342,-0.00132914924,-0.0004222895033
2023-08-30,BAC,True,3.527493811,-0.002364266692,-0.000669790864
2023-08-30,BND,False,,,
2023-08-30,GLD,False,,,
2023-08-30,GOOGL,True,6.214113413,-0.002485944661,-0.0003998881894
2023-08-30,JNJ,True,10.85361232,0.003323361124,0.0003062924073
2023-08-30,JPM,True,10.85828003,-0.004012571114,-0.0003694037035
2023-08-30,MSFT,True,8.884996615,0.02662256942,0.003005356206
2023-08-30,PG,True,6.373656971,0.00686826464,0.001078764344
2023-08-30,TSLA,True,2.044340586,-0.001538613604,-0.0007520549621
2023-08-30,VNQ,False,,,
2023-08-30,WMT,True,2.102891262,0.003936777909,0.001875589937
2023-08-31,AAPL,True,7.671848161,0.01225090903,0.001599419477
2023-08-31,AMZN,True,3.143740749,-0.002413592983,-0.0007671565732
2023-08-31,BAC,True,3.529058105,0.001564293529,0.0004434574837
2023-08-31,BND,False,,,
2023-08-31,GLD,False,,,
2023-08-31,GOOGL,True,6.213953037,-0.0001603753012,-2.580823532e-05
2023-08-31,JNJ,True,10.83782714,-0.01578517536,-0.001454370665
2023-08-31,JPM,True,10.84634789,-0.01193214083,-0.001098897874
2023-08-31,MSFT,True,8.875882284,-0.009114330951,-0.001025811415
2023-08-31,PG,True,6.378030865,0.004373894076,0.0006862456037
2023-08-31,TSLA,True,2.042610029,-0.001730557007,-0.0008465111044
2023-08-31,VNQ,False,,,
2023-08-31,WMT,True,2.102999077,0.0001078142635,5.1269538e-05
2023-09-01,AAPL,True,7.65572829,-0.01611987089,-0.002101171784
2023-09-01,AMZN,True,3.139120031,-0.004620717321,-0.001469815004
2023-09-01,BAC,True,3.539973696,0.01091559163,0.003093060897
2023-09-01,BND,False,,,
2023-09-01,GLD,False,,,
2023-09-01,GOOGL,True,6.194183455,-0.01976958212,-0.003181482383
2023-09-01,JNJ,True,10.84267999,0.004852845278,0.0004477692083
2023-09-01,JPM,True,10.8435048,-0.002843089309,-0.0002621241121
2023-09-01,MSFT,True,8.853147282,-0.0227350019,-0.002561435717
2023-09-01,PG,True,6.370490523,-0.00754034138,-0.001182236577
2023-09-01,TSLA,True,2.043541055,0.0009310261528,0.0004558022038
2023-09-01,VNQ,False,,,
2023-09-01,WMT,True,2.105108013,0.002108936723,0.001002823418
2023-09-05,AAPL,True,7.642976895,-0.01275139418,-0.001665601717
2023-09-05,AMZN,True,3.124934967,-0.01418506392,-0.00451880265
2023-09-05,BAC,True,3.542002898,0.002029201511,0.0005732250253
2023-09-05,BND,False,,,
2023-09-05,GLD,False,,,
2023-09-05,GOOGL,True,6.196957691,0.002774236175,0.000447877625
2023-09-05,JNJ,True,10.8225291,-0.02015088817,-0.00185847855
2023-09-05,JPM,True,10.81925174,-0.02425305434,-0.002236643483
2023-09-05,MSFT,True,8.862415106,0.009267824271,0.0010468395
2023-09-05,PG,True,6.37420924,0.003718717026,0.0005837410813
2023-09-05,TSLA,True,2.040508751,-0.003032303913,-0.001483847807
2023-09-05,VNQ,False,,,
2023-09-05,WMT,True,2.107126123,0.002018109498,0.0009586726597
2023-09-06,AAPL,True,7.635148234,-0.007828661685,-0.001024294825
2023-09-06,AMZN,True,3.120334031,-0.004600936282,-0.00147233025
2023-09-06,BAC,True,3.543869822,0.001866924185,0.0005270814956
2023-09-06,BND,False,,,
2023-09-06,GLD,False,,,
2023-09-06,GOOGL,True,6.206449709,0.009492017502,0.001531722173
2023-09-06,JNJ,True,10.82642232,0.003893216937,0.0003597326375
2023-09-06,JPM,True,10.82746994,0.008218197234,0.0007595901667
2023-09-06,MSFT,True,8.839443745,-0.02297136148,-0.002591997916
2023-09-06,PG,True,6.378257641,0.004048400488,0.0006351219947
2023-09-06,TSLA,True,2.03918428,-0.001324470998,-0.0006490886144
2023-09-06,VNQ,False,,,
2023-09-06,WMT,True,2.110476665,0.003350541595,0.001590100165
2023-09-07,AAPL,True,7.620900465,-0.01424776905,-0.001866076284
2023-09-07,AMZN,True,3.121749049,0.001415017598,0.0004534827308
2023-09-07,BAC,True,3.549743787,0.005873964916,0.001657500194
2023-09-07,BND,False,,,
2023-09-07,GLD,False,,,
2023-09-07,GOOGL,True,6.195636074,-0.01081363517,-0.001742322209
2023-09-07,JNJ,True,10.81971107,-0.006711246723,-0.0006198951536
2023-09-07,JPM,True,10.85578865,0.02831870734,0.0026154501
2023-09-07,MSFT,True,8.843673877,0.004230132171,0.0004785518516
2023-09-07,PG,True,6.386749262,0.008491621678,0.001331338769
2023-09-07,TSLA,True,2.035132287,-0.004051993348,-0.001987065802
2023-09-07,VNQ,False,,,
2023-09-07,WMT,True,2.112550567,0.002073902356,0.0009826701196
2023-09-08,AAPL,True,7.615334794,-0.00556567025,-0.0007303166176
2023-09-08,AMZN,True,3.116056097,-0.005692951769,-0.001823641709
2023-09-08,BAC,True,3.547679941,-0.002063846088,-0.0005814070571
2023-09-08,BND,False,,,
2023-09-08,GLD,False,,,
2023-09-08,GOOGL,True,6.206190816,0.01055474204,0.001703576827
2023-09-08,JNJ,True,10.81464265,-0.005068420539,-0.0004684432428
2023-09-08,JPM,True,10.84982815,-0.005960493064,-0.0005490612665
2023-09-08,MSFT,True,8.82933606,-0.01433781734,-0.001621251252
2023-09-08,PG,True,6.390498103,0.003748840779,0.0005869716542
2023-09-08,TSLA,True,2.037168351,0.002036064036,0.001000457832
2023-09-08,VNQ,False,,,
2023-09-08,WMT,True,2.110254962,-0.002295604778,-0.001086650807
2023-09-11,AAPL,True,7.609383498,-0.005951296376,-0.0007814884751
2023-09-11,AMZN,True,3.105937403,-0.01011869343,-0.003247275761
2023-09-11,BAC,True,3.549923719,0.002243777906,0.0006324634533
2023-09-11,BND,False,,,
2023-09-11,GLD,False,,,
2023-09-11,GOOGL,True,6.193403937,-0.01278687897,-0.002060342544
2023-09-11,JNJ,True,10.80793554,-0.006707103686,-0.0006201872687
2023-09-11,JPM,True,10.85299254,0.00316438178,0.0002916527096
2023-09-11,MSFT,True,8.818735509,-0.01060055045,-0.001200605615
2023-09-11,PG,True,6.375039904,-0.01545819942,-0.002418934983
2023-09-11,TSLA,True,2.037849569,0.0006812179149,0.0003343945112
2023-09-11,VNQ,False,,,
2023-09-11,WMT,True,2.110615867,0.0003609050347,0.0001710243744
2023-09-12,AAPL,True,7.612686969,0.003303471003,0.0004341312281
2023-09-12,AMZN,True,3.106028522,9.111844556e-05,2.933685832e-05
2023-09-12,BAC,True,3.552220755,0.002297035955,0.0006470662856
2023-09-12,BND,False,,,
2023-09-12,GLD,False,,,
2023-09-12,GOOGL,True,6.207401531,0.01399759405,0.002260080917
2023-09-12,JNJ,True,10.81188471,0.003949164434,0.0003653948914
2023-09-12,JPM,True,10.84571734,-0.007275192064,-0.000670339728
2023-09-12,MSFT,True,8.806908652,-0.01182685742,-0.001341105809
2023-09-12,PG,True,6.367312436,-0.007727468212,-0.001212144289
2023-09-12,TSLA,True,2.037676223,-0.0001733455788,-8.506299065e-05
2023-09-12,VNQ,False,,,
2023-09-12,WMT,True,2.113476291,0.002860423864,0.001355255548
2023-09-13,AAPL,True,7.615727085,0.003040115656,0.0003993485701
2023-09-13,AMZN,True,3.096306476,-0.00972204621,-0.003130056965
2023-09-13,BAC,True,3.558841166,0.006620410973,0.00186373861
2023-09-13,BND,False,,,
2023-09-13,GLD,False,,,
2023-09-13,GOOGL,True,6.200043196,-0.007358335203,-0.001185413118
2023-09-13,JNJ,True,10.80876801,-0.003116697597,-0.0002882658926
2023-09-13,JPM,True,10.83309809,-0.01261925124,-0.001163523891
2023-09-13,MSFT,True,8.81365535,0.006746698191,0.0007660688282
2023-09-13,PG,True,6.338609833,-0.02870260287,-0.004507805006
2023-09-13,TSLA,True,2.030413498,-0.007262725225,-0.003564219448
2023-09-13,VNQ,False,,,
2023-09-13,WMT,True,2.111295764,-0.002180526847,-0.001031725246
2023-09-14,AAPL,True,7.61323952,-0.002487564308,-0.0003266351696
2023-09-14,AMZN,True,3.094015152,-0.002291323828,-0.0007400184207
2023-09-14,BAC,True,3.560311396,0.001470230431,0.0004131205532
2023-09-14,BND,False,,,
2023-09-14,GLD,False,,,
2023-09-14,GOOGL,True,6.218118122,0.01807492643,0.002915290403
2023-09-14,JNJ,True,10.80840994,-0.0003580661648,-3.312737996e-05
2023-09-14,JPM,True,10.84725853,0.01416043351,0.001307145323
2023-09-14,MSFT,True,8.795486637,-0.01816871347,-0.002061427722
2023-09-14,PG,True,6.34474183,0.006131997308,0.0009674041264
2023-09-14,TSLA,True,2.030371794,-4.170416443e-05,-2.053973955e-05
2023-09-14,VNQ,False,,,
2023-09-14,WMT,True,2.107355691,-0.003940073022,-0.001866187148
2023-09-15,AAPL,True,7.599103136,-0.01413638417,-0.001856815898
2023-09-15,AMZN,True,3.088367896,-0.005647255702,-0.001825219149
2023-09-15,BAC,True,3.563262892,0.002951496388,0.0008289995059
2023-09-15,BND,False,,,
2023-09-15,GLD,False,,,
2023-09-15,GOOGL,True,6.19854708,-0.01957104238,-0.003147422097
2023-09-15,JNJ,True,10.82452741,0.0161174658,0.001491196752
2023-09-15,JPM,True,10.86223898,0.01498045655,0.001381036187
2023-09-15,MSFT,True,8.790030665,-0.005455971179,-0.0006203148734
2023-09-15,PG,True,6.358700741,0.01395891106,0.0022000755
2023-09-15,TSLA,True,2.030587532,0.0002157378656,0.00010625535
2023-09-15,VNQ,False,,,
2023-09-15,WMT,True,2.105386474,-0.001969216967,-0.0009344492603
2023-09-18,AAPL,True,7.580871734,-0.01823140197,-0.0023991518
2023-09-18,AMZN,True,3.08556302,-0.002804875967,-0.0009082065548
2023-09-18,BAC,True,3.563650749,0.0003878568784,0.0001088487968
2023-09-18,BND,False,,,
2023-09-18,GLD,False,,,
2023-09-18,GOOGL,True,6.193089956,-0.005457123675,-0.0008803875496
2023-09-18,JNJ,True,10.84725312,0.02272571269,0.002099464653
2023-09-18,JPM,True,10.83720895,-0.02503003535,-0.002304316393
2023-09-18,MSFT,True,8.79166725,0.001636584291,0.0001861864142
2023-09-18,PG,True,6.359268258,0.0005675164497,8.925037877e-05
2023-09-18,TSLA,True,2.025335052,-0.005252479736,-0.002586679793
2023-09-18,VNQ,False,,,
2023-09-18,WMT,True,2.103576015,-0.001810459653,-0.000859917965
2023-09-19,AAPL,True,7.578105753,-0.002765981549,-0.0003648632566
2023-09-19,AMZN,True,3.082224301,-0.003338719518,-0.00108204548
2023-09-19,BAC,True,3.562074243,-0.001576506179,-0.0004423851521
2023-09-19,BND,False,,,
2023-09-19,GLD,False,,,
2023-09-19,GOOGL,True,6.189832283,-0.003257673075,-0.0005260173997
2023-09-19,JNJ,True,10.83097044,-0.0162826832,-0.001501088157
2023-09-19,JPM,True,10.82194235,-0.01526659618,-0.001408720295
2023-09-19,MSFT,True,8.815917136,0.02424988626,0.002758280719
2023-09-19,PG,True,6.373465766,0.01419750834,0.002232569498
2023-09-19,TSLA,True,2.026676345,0.001341293233,0.0006622574528
2023-09-19,VNQ,False,,,
2023-09-19,WMT,True,2.102438777,-0.001137237749,-0.0005406211811
2023-09-20,AAPL,True,7.377991728,-0.2001140244,-0.02640686617
2023-09-20,AMZN,True,2.946876329,-0.1353479718,-0.04391243419
2023-09-20,BAC,True,3.588303305,0.02622906176,0.007363423661
2023-09-20,BND,False,,,
2023-09-20,GLD,False,,,
2023-09-20,GOOGL,True,6.055763612,-0.1340686714,-0.02165949985
2023-09-20,JNJ,True,10.73751078,-0.09345966137,-0.008628927748
2023-09-20,JPM,True,10.72510251,-0.09683984038,-0.008948471286
2023-09-20,MSFT,True,8.886593536,0.07067639988,0.00801690837
2023-09-20,PG,True,6.408002319,0.03453655329,0.005418802667
2023-09-20,TSLA,True,1.983606884,-0.04306946132,-0.02125127745
2023-09-20,VNQ,False,,,
2023-09-20,WMT,True,2.082780706,-0.0196580713,-0.009350127822
2023-09-21,AAPL,True,7.378997059,0.001005330709,0.0001362607531
2023-09-21,AMZN,True,2.939373046,-0.007503282669,-0.00254618173
2023-09-21,BAC,True,3.587970248,-0.000333056614,-9.281729713e-05
2023-09-21,BND,False,,,
2023-09-21,GLD,False,,,
2023-09-21,GOOGL,True,6.042970962,-0.01279264981,-0.002112475095
2023-09-21,JNJ,True,10.71422078,-0.02329000336,-0.002169031895
2023-09-21,JPM,True,10.70740283,-0.01769967712,-0.001650303771
2023-09-21,MSFT,True,8.911615048,0.0250215126,0.002815647244
2023-09-21,PG,True,6.394301231,-0.01370108796,-0.002138121567
2023-09-21,TSLA,True,1.985186137,0.001579253,0.0007961522076
2023-09-21,VNQ,False,,,
2023-09-21,WMT,True,2.082929299,0.0001485933054,7.134371131e-05
2023-09-22,AAPL,True,7.35006568,-0.02893137887,-0.003920773872
2023-09-22,AMZN,True,2.944494562,0.005121515299,0.001742383569
2023-09-22,BAC,True,3.588042592,7.234328479e-05,2.016273263e-05
2023-09-22,BND,False,,,
2023-09-22,GLD,False,,,
2023-09-22,GOOGL,True,6.059864947,0.01689398505,0.002795642269
2023-09-22,JNJ,True,10.6993971,-0.01482367773,-0.001383551641
2023-09-22,JPM,True,10.71426589,0.006863059755,0.0006409640005
2023-09-22,MSFT,True,8.88867789,-0.02293715889,-0.002573849832
2023-09-22,PG,True,6.401254123,0.006952892015,0.001087357596
2023-09-22,TSLA,True,1.985420028,0.0002338909937,0.0001178181679
2023-09-22,VNQ,False,,,
2023-09-22,WMT,True,2.083754166,0.0008248673763,0.0003960131421
2023-09-25,AAPL,True,7.36742761,0.01736193026,0.002362146274
2023-09-25,AMZN,True,2.946640617,0.002146055598,0.0007288366654
2023-09-25,BAC,True,3.586036368,-0.002006223805,-0.0005591415805
2023-09-25,BND,False,,,
2023-09-25,GLD,False,,,
2023-09-25,GOOGL,True,6.052792194,-0.007072752494,-0.001167146885
2023-09-25,JNJ,True,10.65556114,-0.04383596048,-0.004097049589
2023-09-25,JPM,True,10.70861593,-0.005649963856,-0.0005273309355
2023-09-25,MSFT,True,8.894453389,0.005775499383,0.0006497591041
2023-09-25,PG,True,6.405230926,0.003976802948,0.0006212537218
2023-09-25,TSLA,True,1.988536488,0.003116460202,0.001569672995
2023-09-25,VNQ,False,,,
2023-09-25,WMT,True,2.079716703,-0.004037462977,-0.001937590836
2023-09-26,AAPL,True,7.353977446,-0.0134501643,-0.001825625579
2023-09-26,AMZN,True,2.94175503,-0.004885587004,-0.001658019297
2023-09-26,BAC,True,3.585858175,-0.0001781930412,-4.969080703e-05
2023-09-26,BND,False,,,
2023-09-26,GLD,False,,,
2023-09-26,GOOGL,True,6.04828855,-0.004503644438,-0.0007440606407
2023-09-26,JNJ,True,10.63256379,-0.02299734354,-0.002158248002
2023-09-26,JPM,True,10.69269742,-0.01591851013,-0.001486514245
2023-09-26,MSFT,True,8.882520135,-0.01193325396,-0.001341651189
2023-09-26,PG,True,6.419338969,0.01410804246,0.002202581394
2023-09-26,TSLA,True,1.99390454,0.005368051519,0.002699498627
2023-09-26,VNQ,False,,,
2023-09-26,WMT,True,2.078634477,-0.00108222655,-0.0005203721008
2023-09-27,AAPL,True,7.355021157,0.001043711303,0.0001419247354
2023-09-27,AMZN,True,2.93468984,-0.007065190246,-0.002401692246
2023-09-27,BAC,True,3.591896867,0.006038692673,0.001684029981
2023-09-27,BND,False,,,
2023-09-27,GLD,False,,,
2023-09-27,GOOGL,True,6.044515547,-0.003773003046,-0.0006238133341
2023-09-27,JNJ,True,10.62088004,-0.01168375782,-0.001098865528
2023-09-27,JPM,True,10.66918852,-0.02350889555,-0.002198593548
2023-09-27,MSFT,True,8.865172457,-0.0173476778,-0.001953013057
2023-09-27,PG,True,6.413823861,-0.005515107905,-0.0008591395363
2023-09-27,TSLA,True,1.987557483,-0.006347056663,-0.003183229958
2023-09-27,VNQ,False,,,
2023-09-27,WMT,True,2.07455799,-0.004076486677,-0.001961136854
2023-09-28,AAPL,True,7.347399298,-0.007621859763,-0.001036279788
2023-09-28,AMZN,True,2.933783516,-0.0009063239894,-0.0003088312697
2023-09-28,BAC,True,3.599243455,0.007346588045,0.002045322657
2023-09-28,BND,False,,,
2023-09-28,GLD,False,,,
2023-09-28,GOOGL,True,6.038725034,-0.005790513263,-0.0009579780577
2023-09-28,JNJ,True,10.60461771,-0.01626232603,-0.001531165588
2023-09-28,JPM,True,10.67468629,0.005497768717,0.0005152939893
2023-09-28,MSFT,True,8.868580765,0.003408307964,0.0003844604243
2023-09-28,PG,True,6.425576512,0.01175265093,0.001832393777
2023-09-28,TSLA,True,1.974734187,-0.01282329593,-0.006451786195
2023-09-28,VNQ,False,,,
2023-09-28,WMT,True,2.072710835,-0.001847154507,-0.0008903846099
2023-09-29,AAPL,True,7.336884609,-0.01051468834,-0.00143107621
2023-09-29,AMZN,True,2.92646328,-0.007320236296,-0.002495152167
2023-09-29,BAC,True,3.597325597,-0.001917858651,-0.0005328504933
2023-09-29,BND,False,,,
2023-09-29,GLD,False,,,
2023-09-29,GOOGL,True,6.020649546,-0.01807548784,-0.002993262277
2023-09-29,JNJ,True,10.60250709,-0.002110620057,-0.0001990283963
2023-09-29,JPM,True,10.66210134,-0.01258494751,-0.001178952446
2023-09-29,MSFT,True,8.871891824,0.003311058808,0.0003733470885
2023-09-29,PG,True,6.421721764,-0.003854748138,-0.0005999069703
2023-09-29,TSLA,True,1.9730984,-0.001635787021,-0.0008283580809
2023-09-29,VNQ,False,,,
2023-09-29,WMT,True,2.071608657,-0.001102178634,-0.0005317570669
2023-10-02,AAPL,True,7.327876498,-0.009008110853,-0.00122778418
2023-10-02,AMZN,True,2.917418775,-0.009044505051,-0.003090592359
2023-10-02,BAC,True,3.593452337,-0.003873259364,-0.001076705252
2023-10-02,BND,False,,,
2023-10-02,GLD,False,,,
2023-10-02,GOOGL,True,6.012614208,-0.008035337386,-0.001334629648
2023-10-02,JNJ,True,10.60152057,-0.0009865215383,-9.304606259e-05
2023-10-02,JPM,True,10.65299048,-0.009110867809,-0.0008545095863
2023-10-02,MSFT,True,8.88344855,0.01155672596,0.001302622506
2023-10-02,PG,True,6.422098394,0.000376630303,5.864942719e-05
2023-10-02,TSLA,True,1.970808674,-0.002289726223,-0.001160472394
2023-10-02,VNQ,False,,,
2023-10-02,WMT,True,2.06579808,-0.005810576968,-0.002804862274
2023-10-03,AAPL,True,7.324517758,-0.003358740576,-0.0004583511439
2023-10-03,AMZN,True,2.91387556,-0.003543214107,-0.001214503087
2023-10-03,BAC,True,3.587509096,-0.005943241235,-0.001653908464
2023-10-03,BND,False,,,
2023-10-03,GLD,False,,,
2023-10-03,GOOGL,True,6.007228174,-0.0053860342,-0.0008957890884
2023-10-03,JNJ,True,10.57864215,-0.02287841464,-0.002158031435
2023-10-03,JPM,True,10.651463,-0.001527475969,-0.0001433847118
2023-10-03,MSFT,True,8.871245433,-0.01220311682,-0.001373691393
2023-10-03,PG,True,6.423711327,0.001612933226,0.0002511536148
2023-10-03,TSLA,True,1.962595231,-0.008213442812,-0.004167549555
2023-10-03,VNQ,False,,,
2023-10-03,WMT,True,2.059428036,-0.00637004369,-0.003083575182
2023-10-04,AAPL,True,7.29650399,-0.02801376815,-0.003824657005
2023-10-04,AMZN,True,2.912558687,-0.00131687322,-0.0004519318663
2023-10-04,BAC,True,3.590709672,0.003200576146,0.0008921443988
2023-10-04,BND,False,,,
2023-10-04,GLD,False,,,
2023-10-04,GOOGL,True,6.004959275,-0.002268898696,-0.0003776947754
2023-10-04,JNJ,True,10.58038699,0.001744835221,0.0001649394313
2023-10-04,JPM,True,10.60879334,-0.04266965636,-0.004005990197
2023-10-04,MSFT,True,8.854935394,-0.01631003874,-0.001838528633
2023-10-04,PG,True,6.432892859,0.009181531537,0.001429318827
2023-10-04,TSLA,True,1.961012547,-0.001582683684,-0.0008064238916
2023-10-04,VNQ,False,,,
2023-10-04,WMT,True,2.062533272,0.00310523575,0.001507814643
2023-10-05,AAPL,True,7.309526236,0.01302224667,0.001784724122
2023-10-05,AMZN,True,2.912936484,0.0003777967903,0.0001297130224
2023-10-05,BAC,True,3.589946076,-0.0007635960218,-0.0002126588033
2023-10-05,BND,False,,,
2023-10-05,GLD,False,,,
2023-10-05,GOOGL,True,5.983826713,-0.02113256285,-0.003519185041
2023-10-05,JNJ,True,10.57623723,-0.004149758086,-0.0003922123161
2023-10-05,JPM,True,10.60873438,-5.896003467e-05,-5.557657007e-06
2023-10-05,MSFT,True,8.873721297,0.01878590316,0.002121517812
2023-10-05,PG,True,6.436797503,0.003904644042,0.000606981047
2023-10-05,TSLA,True,1.960111503,-0.0009010440543,-0.0004594789847
2023-10-05,VNQ,False,,,
2023-10-05,WMT,True,2.063217606,0.0006843344096,0.0003317931492
2023-10-06,AAPL,True,7.285361252,-0.02416498445,-0.003305957688
2023-10-06,AMZN,True,2.909851031,-0.003085453515,-0.00105922444
2023-10-06,BAC,True,3.58843778,-0.001508295797,-0.0004201444159
2023-10-06,BND,False,,,
2023-10-06,GLD,False,,,
2023-10-06,GOOGL,True,5.968242773,-0.01558393946,-0.002604343376
2023-10-06,JNJ,True,10.57166384,-0.004573392404,-0.0004324215034
2023-10-06,JPM,True,10.59858896,-0.01014542512,-0.0009563275647
2023-10-06,MSFT,True,8.865710479,-0.008010818942,-0.0009027575549
2023-10-06,PG,True,6.442360362,0.005562858879,0.0008642277277
2023-10-06,TSLA,True,1.961695556,0.001584052237,0.0008081439422
2023-10-06,VNQ,False,,,
2023-10-06,WMT,True,2.06020807,-0.003009536053,-0.001458661483
2023-10-09,AAPL,True,7.310797255,0.02543600299,0.003491385274
2023-10-09,AMZN,True,2.893624281,-0.0162267491,-0.005576487911
2023-10-09,BAC,True,3.598432656,0.009994875381,0.002785299897
2023-10-09,BND,False,,,
2023-10-09,GLD,False,,,
2023-10-09,GOOGL,True,5.972750077,0.004507303482,0.0007552145
2023-10-09,JNJ,True,10.55421857,-0.01744527225,-0.001650191731
2023-10-09,JPM,True,10.59963572,0.001046761052,9.876418987e-05
2023-10-09,MSFT,True,8.864054187,-0.001656291344,-0.0001868199224
2023-10-09,PG,True,6.447276372,0.004916010454,0.0007630759813
2023-10-09,TSLA,True,1.956401822,-0.005293733157,-0.002698549804
2023-10-09,VNQ,False,,,
2023-10-09,WMT,True,2.059805757,-0.0004023136741,-0.000195278176
2023-10-10,AAPL,True,7.320036939,0.009239684499,0.001263840889
2023-10-10,AMZN,True,2.884976665,-0.008647616708,-0.002988507099
2023-10-10,BAC,True,3.597596244,-0.0008364120735,-0.0002324378843
2023-10-10,BND,False,,,
2023-10-10,GLD,False,,,
2023-10-10,GOOGL,True,5.985386862,0.01263678577,0.00211573992
2023-10-10,JNJ,True,10.53781445,-0.01640411277,-0.001554270709
2023-10-10,JPM,True,10.5859555,-0.01368022334,-0.001290631462
2023-10-10,MSFT,True,8.842446131,-0.02160805598,-0.002437717045
2023-10-10,PG,True,6.461786049,0.0145096773,0.002250512692
2023-10-10,TSLA,True,1.95346117,-0.002940652016,-0.001503092045
2023-10-10,VNQ,False,,,
2023-10-10,WMT,True,2.059687411,-0.0001183456451,-5.745475984e-05
2023-10-11,AAPL,True,7.3134779,-0.006559039133,-0.0008960390757
2023-10-11,AMZN,True,2.882021919,-0.002954745934,-0.001024183651
2023-10-11,BAC,True,3.59077554,-0.006820703397,-0.001895905748
2023-10-11,BND,False,,,
2023-10-11,GLD,False,,,
2023-10-11,GOOGL,True,5.971518959,-0.01386790313,-0.002316960199
2023-10-11,JNJ,True,10.53959054,0.001776091591,0.0001685445876
2023-10-11,JPM,True,10.56429854,-0.02165696168,-0.002045820208
2023-10-11,MSFT,True,8.8470876,0.004641468926,0.0005249077978
2023-10-11,PG,True,6.461857169,7.111932791e-05,1.100614093e-05
2023-10-11,TSLA,True,1.947875515,-0.005585655525,-0.002859363477
2023-10-11,VNQ,False,,,
2023-10-11,WMT,True,2.056489204,-0.003198207325,-0.001552763448
2023-10-12,AAPL,True,7.308736951,-0.00474094953,-0.0006482482883
2023-10-12,AMZN,True,2.873723665,-0.008298253938,-0.002879316734
2023-10-12,BAC,True,3.587563382,-0.003212158399,-0.0008945583936
2023-10-12,BND,False,,,
2023-10-12,GLD,False,,,
2023-10-12,GOOGL,True,5.975009913,0.00349095382,0.0005846006424
2023-10-12,JNJ,True,10.51112168,-0.02846886556,-0.002701135821
2023-10-12,JPM,True,10.5471578,-0.01714073411,-0.001622515121
2023-10-12,MSFT,True,8.846406698,-0.0006809016552,-7.696336761e-05
2023-10-12,PG,True,6.464627656,0.002770487203,0.0004287447294
2023-10-12,TSLA,True,1.94876572,0.0008902047715,0.000457013174
2023-10-12,VNQ,False,,,
2023-10-12,WMT,True,2.053188688,-0.003300515884,-0.001604927407
2023-10-13,AAPL,True,7.305105101,-0.003631849603,-0.0004969189106
2023-10-13,AMZN,True,2.864203655,-0.009520009729,-0.003312778415
2023-10-13,BAC,True,3.584259632,-0.003303749755,-0.0009208895854
2023-10-13,BND,False,,,
2023-10-13,GLD,False,,,
2023-10-13,GOOGL,True,5.951947305,-0.02306260794,-0.003859844297
2023-10-13,JNJ,True,10.48421747,-0.02690420622,-0.002559594213
2023-10-13,JPM,True,10.54820853,0.00105073372,9.962245182e-05
2023-10-13,MSFT,True,8.802355305,-0.04405139327,-0.004979580385
2023-10-13,PG,True,6.474807175,0.0101795189,0.001574648912
2023-10-13,TSLA,True,1.945624538,-0.003141181699,-0.001611882674
2023-10-13,VNQ,False,,,
2023-10-13,WMT,True,2.052289348,-0.0008993393755,-0.0004380208117
2023-10-16,AAPL,True,7.278971081,-0.02613402063,-0.003577500976
2023-10-16,AMZN,True,2.867941876,0.003738220967,0.001305151944
2023-10-16,BAC,True,3.583493164,-0.0007664686668,-0.0002138429538
2023-10-16,BND,False,,,
2023-10-16,GLD,False,,,
2023-10-16,GOOGL,True,5.956629273,0.004681967857,0.000786627908
2023-10-16,JNJ,True,10.47505034,-0.009167135835,-0.0008743748266
2023-10-16,JPM,True,10.54488336,-0.003325174159,-0.000315235914
2023-10-16,MSFT,True,8.79127372,-0.01108158552,-0.001258934131
2023-10-16,PG,True,6.464012716,-0.01079445899,-0.001667147561
2023-10-16,TSLA,True,1.946899354,0.001274816301,0.0006552221541
2023-10-16,VNQ,False,,,
2023-10-16,WMT,True,2.05194863,-0.000340718099,-0.0001660185486
2023-10-17,AAPL,True,7.269477101,-0.009493979991,-0.001304302474
2023-10-17,AMZN,True,2.860021984,-0.007919892345,-0.002761524706
2023-10-17,BAC,True,3.578432977,-0.005060187014,-0.001412082229
2023-10-17,BND,False,,,
2023-10-17,GLD,False,,,
2023-10-17,GOOGL,True,5.939117146,-0.01751212658,-0.002939938978
2023-10-17,JNJ,True,10.4640361,-0.01101424004,-0.00105147371
2023-10-17,JPM,True,10.54463366,-0.0002497010077,-2.367982643e-05
2023-10-17,MSFT,True,8.792418885,0.001145165408,0.0001302616031
2023-10-17,PG,True,6.457857721,-0.006154994729,-0.0009521940937
2023-10-17,TSLA,True,1.945927035,-0.000972319389,-0.0004994194419
2023-10-17,VNQ,False,,,
2023-10-17,WMT,True,2.051960185,1.155473792e-05,5.631104869e-06
2023-10-18,AAPL,True,7.264670317,-0.004806783983,-0.0006612282996
2023-10-18,AMZN,True,2.865602501,0.005580517187,0.001951214787
2023-10-18,BAC,True,3.57605334,-0.002379636096,-0.0006649938985
2023-10-18,BND,False,,,
2023-10-18,GLD,False,,,
2023-10-18,GOOGL,True,5.969914306,0.03079715923,0.005185477651
2023-10-18,JNJ,True,10.46203487,-0.002001227211,-0.0001912481181
2023-10-18,JPM,True,10.55119587,0.006562210087,0.0006223269863
2023-10-18,MSFT,True,8.757296132,-0.03512275295,-0.00399466329
2023-10-18,PG,True,6.46621678,0.008359058812,0.001294401204
2023-10-18,TSLA,True,1.946571456,0.0006444214609,0.0003311642469
2023-10-18,VNQ,False,,,
2023-10-18,WMT,True,2.048677634,-0.003282551012,-0.001599714768
2023-10-19,AAPL,True,7.265923341,0.001253024353,0.0001724819294
2023-10-19,AMZN,True,2.866323277,0.0007207756669,0.0002515267441
2023-10-19,BAC,True,3.578458946,0.002405605792,0.0006726985207
2023-10-19,BND,False,,,
2023-10-19,GLD,False,,,
2023-10-19,GOOGL,True,5.970992677,0.001078371834,0.0001806343908
2023-10-19,JNJ,True,10.45343577,-0.008599098678,-0.0008219336663
2023-10-19,JPM,True,10.55355754,0.002361673248,0.0002238299125
2023-10-19,MSFT,True,8.751408166,-0.005887966097,-0.0006723497765
2023-10-19,PG,True,6.466005363,-0.0002114166239,-3.269556699e-05
2023-10-19,TSLA,True,1.945485153,-0.001086303102,-0.0005580597096
2023-10-19,VNQ,False,,,
2023-10-19,WMT,True,2.042782165,-0.005895468782,-0.002877694706
2023-10-20,AAPL,True,7.26523816,-0.0006851812986,-9.430065065e-05
2023-10-20,AMZN,True,2.873271803,0.006948526399,0.002424194945
2023-10-20,BAC,True,3.574363231,-0.004095714977,-0.001144547147
2023-10-20,BND,False,,,
2023-10-20,GLD,False,,,
2023-10-20,GOOGL,True,5.979841124,0.008848446656,0.001481905461
2023-10-20,JNJ,True,10.42848092,-0.0249548483,-0.00238723888
2023-10-20,JPM,True,10.53591562,-0.0176419215,-0.001671656352
2023-10-20,MSFT,True,8.706755356,-0.0446528103,-0.005102357181
2023-10-20,PG,True,6.474099445,0.008094081583,0.001251790113
2023-10-20,TSLA,True,1.938102918,-0.007382234787,-0.003794546967
2023-10-20,VNQ,False,,,
2023-10-20,WMT,True,2.040784328,-0.00199783742,-0.0009779982682
2023-10-23,AAPL,True,7.269161443,0.003923283446,0.0005400075482
2023-10-23,AMZN,True,2.871668521,-0.001603282504,-0.0005579988995
2023-10-23,BAC,True,3.570254023,-0.004109207956,-0.001149633568
2023-10-23,BND,False,,,
2023-10-23,GLD,False,,,
2023-10-23,GOOGL,True,5.970645635,-0.009195488627,-0.001537747983
2023-10-23,JNJ,True,10.41489377,-0.01358715734,-0.001302889409
2023-10-23,JPM,True,10.54103606,0.005120436454,0.0004859982405
2023-10-23,MSFT,True,8.710880481,0.004125124821,0.0004737843953
2023-10-23,PG,True,6.46521934,-0.008880105286,-0.001371635601
2023-10-23,TSLA,True,1.936737472,-0.001365446748,-0.0007045274713
2023-10-23,VNQ,False,,,
2023-10-23,WMT,True,2.039749045,-0.00103528255,-0.0005072964035
2023-10-24,AAPL,True,7.269719614,0.0005581707504,7.678612654e-05
2023-10-24,AMZN,True,2.877107671,0.005439150967,0.001894073403
2023-10-24,BAC,True,3.572337682,0.002083658507,0.000583616318
2023-10-24,BND,False,,,
2023-10-24,GLD,False,,,
2023-10-24,GOOGL,True,5.941600872,-0.02904476368,-0.004864593455
2023-10-24,JNJ,True,10.39542189,-0.01947187614,-0.001869618315
2023-10-24,JPM,True,10.51557615,-0.02545990689,-0.002415313518
2023-10-24,MSFT,True,8.675343992,-0.03553648859,-0.004079551851
2023-10-24,PG,True,6.454065676,-0.01115366307,-0.001725179377
2023-10-24,TSLA,True,1.93605254,-0.0006849315695,-0.0003536522526
2023-10-24,VNQ,False,,,
2023-10-24,WMT,True,2.035501965,-0.004247080536,-0.002082158364
2023-10-25,AAPL,True,7.238483021,-0.03123659317,-0.004296808519
2023-10-25,AMZN,True,2.877104548,-3.123551119e-06,-1.085656665e-06
2023-10-25,BAC,True,3.572674817,0.0003371353655,9.437387939e-05
2023-10-25,BND,False,,,
2023-10-25,GLD,False,,,
2023-10-25,GOOGL,True,5.949622098,0.008021225723,0.001350010863
2023-10-25,JNJ,True,10.3794266,-0.01599528887,-0.00153868588
2023-10-25,JPM,True,10.49875186,-0.01682429326,-0.001599940224
2023-10-25,MSFT,True,8.629274153,-0.0460698385,-0.005310433632
2023-10-25,PG,True,6.455135386,0.001069709566,0.000165741971
2023-10-25,TSLA,True,1.936540599,0.0004880587263,0.0002520896082
2023-10-25,VNQ,False,,,
2023-10-25,WMT,True,2.035431851,-7.011330254e-05,-3.444521487e-05
2023-10-26,AAPL,True,7.24130507,0.002822049038,0.0003898674666
2023-10-26,AMZN,True,2.877444191,0.0003396433385,0.0001180503985
2023-10-26,BAC,True,3.569531865,-0.003142952535,-0.0008797197326
2023-10-26,BND,False,,,
2023-10-26,GLD,False,,,
2023-10-26,GOOGL,True,5.946790536,-0.002831561581,-0.00047592293
2023-10-26,JNJ,True,10.35523857,-0.02418802738,-0.002330381851
2023-10-26,JPM,True,10.4902961,-0.0084557563,-0.000805405863
2023-10-26,MSFT,True,8.610116942,-0.01915721152,-0.002220025831
2023-10-26,PG,True,6.442766733,-0.01236865273,-0.001916095014
2023-10-26,TSLA,True,1.936861455,0.00032085621,0.0001656852484
2023-10-26,VNQ,False,,,
2023-10-26,WMT,True,2.032273892,-0.003157959046,-0.001551493382
2023-10-27,AAPL,True,7.216612956,-0.02469211336,-0.003409898233
2023-10-27,AMZN,True,2.881660879,0.004216687766,0.001465428167
2023-10-27,BAC,True,3.565889286,-0.00364257913,-0.001020464102
2023-10-27,BND,False,,,
2023-10-27,GLD,False,,,
2023-10-27,GOOGL,True,5.920018016,-0.02677252041,-0.004502011674
2023-10-27,JNJ,True,10.34896915,-0.006269422101,-0.0006054348296
2023-10-27,JPM,True,10.47647647,-0.01381963289,-0.001317373004
2023-10-27,MSFT,True,8.649423906,0.03930696416,0.004565206771
2023-10-27,PG,True,6.428407878,-0.01435885569,-0.002228678498
2023-10-27,TSLA,True,1.930559387,-0.006302067987,-0.003253752596
2023-10-27,VNQ,False,,,
2023-10-27,WMT,True,2.031382619,-0.0008912735088,-0.0004385597395
2023-10-30,AAPL,True,7.200611347,-0.01600160895,-0.00221732952
2023-10-30,AMZN,True,2.884600213,0.002939333638,0.001020013722
2023-10-30,BAC,True,3.566298995,0.0004097093958,0.0001148968358
2023-10-30,BND,False,,,
2023-10-30,GLD,False,,,
2023-10-30,GOOGL,True,5.904631307,-0.01538670803,-0.002599098177
2023-10-30,JNJ,True,10.31113272,-0.03783643625,-0.003656058463
2023-10-30,JPM,True,10.46223139,-0.01424507946,-0.001359720466
2023-10-30,MSFT,True,8.648971641,-0.0004522649688,-5.228844993e-05
2023-10-30,PG,True,6.427864349,-0.0005435286731,-8.455105578e-05
2023-10-30,TSLA,True,1.921183593,-0.00937579446,-0.004856516988
2023-10-30,VNQ,False,,,
2023-10-30,WMT,True,2.030044518,-0.001338100712,-0.0006587142665
2023-10-31,AAPL,True,7.158388464,-0.04222288314,-0.005863791434
2023-10-31,AMZN,True,2.893265734,0.008665521317,0.00300406319
2023-10-31,BAC,True,3.565729677,-0.0005693174913,-0.0001596381829
2023-10-31,BND,False,,,
2023-10-31,GLD,False,,,
2023-10-31,GOOGL,True,5.88263661,-0.02199469751,-0.003724990836
2023-10-31,JNJ,True,10.28586522,-0.02526749779,-0.002450506505
2023-10-31,JPM,True,10.42058098,-0.04165040469,-0.003981024998
2023-10-31,MSFT,True,8.617705449,-0.03126619193,-0.003615018435
2023-10-31,PG,True,6.414088803,-0.01377554562,-0.002143098372
2023-10-31,TSLA,True,1.917915367,-0.003268225889,-0.001701152301
2023-10-31,VNQ,False,,,
2023-10-31,WMT,True,2.026618146,-0.003426371981,-0.001687830956
2023-11-01,AAPL,True,7.149974157,-0.008414307308,-0.001175447149
2023-11-01,AMZN,True,2.882750504,-0.01051523013,-0.00363438104
2023-11-01,BAC,True,3.567515734,0.001786056853,0.0005008951923
2023-11-01,BND,False,,,
2023-11-01,GLD,False,,,
2023-11-01,GOOGL,True,5.867041536,-0.01559507388,-0.002651034717
2023-11-01,JNJ,True,10.28824103,0.002375816503,0.0002309787706
2023-11-01,JPM,True,10.40604188,-0.01453910109,-0.001395229413
2023-11-01,MSFT,True,8.611289784,-0.006415665146,-0.0007444748702
2023-11-01,PG,True,6.395946552,-0.01814225098,-0.002828500125
2023-11-01,TSLA,True,1.909135695,-0.008779671388,-0.004577715754
2023-11-01,VNQ,False,,,
2023-11-01,WMT,True,2.024382275,-0.002235870798,-0.001103252136
2023-11-02,AAPL,True,7.150882945,0.0009087879887,0.0001271036746
2023-11-02,AMZN,True,2.868524844,-0.01422565957,-0.004934752261
2023-11-02,BAC,True,3.556488324,-0.01102740999,-0.003091061346
2023-11-02,BND,False,,,
2023-11-02,GLD,False,,,
2023-11-02,GOOGL,True,5.850021877,-0.01701965952,-0.002900892965
2023-11-02,JNJ,True,10.26783395,-0.02040708685,-0.001983535065
2023-11-02,JPM,True,10.42351559,0.01747370892,0.001679188794
2023-11-02,MSFT,True,8.637571876,0.02628209204,0.003052050587
2023-11-02,PG,True,6.391080028,-0.004866523921,-0.0007608762646
2023-11-02,TSLA,True,1.91512362,0.005987924778,0.003136458447
2023-11-02,VNQ,False,,,
2023-11-02,WMT,True,2.027678861,0.003296585503,0.001628440212
2023-11-03,AAPL,True,7.143669573,-0.007213372407,-0.001008738706
2023-11-03,AMZN,True,2.860897067,-0.007627777761,-0.002659129056
2023-11-03,BAC,True,3.545137525,-0.0113507992,-0.003191574993
2023-11-03,BND,False,,,
2023-11-03,GLD,False,,,
2023-11-03,GOOGL,True,5.84491966,-0.005102216588,-0.0008721705141
2023-11-03,JNJ,True,10.26182385,-0.006010094179,-0.0005853322337
2023-11-03,JPM,True,10.41092076,-0.01259483315,-0.001208309522
2023-11-03,MSFT,True,8.601494627,-0.03607724906,-0.004176781343
2023-11-03,PG,True,6.385347621,-0.005732407397,-0.0008969387602
2023-11-03,TSLA,True,1.911147122,-0.003976497889,-0.002076366166
2023-11-03,VNQ,False,,,
2023-11-03,WMT,True,2.021977514,-0.00570134717,-0.002811760422
2023-11-06,AAPL,True,7.118386677,-0.02528289519,-0.003539202777
2023-11-06,AMZN,True,2.85697217,-0.003924896469,-0.00137191111
2023-11-06,BAC,True,3.53543464,-0.009702885225,-0.002736955945
2023-11-06,BND,False,,,
2023-11-06,GLD,False,,,
2023-11-06,GOOGL,True,5.822595743,-0.02232391743,-0.003819371134
2023-11-06,JNJ,True,10.25031642,-0.01150742834,-0.001121382369
2023-11-06,JPM,True,10.37884859,-0.03207216955,-0.003080627573
2023-11-06,MSFT,True,8.609445071,0.007950443692,0.0009243095575
2023-11-06,PG,True,6.371019496,-0.0143281252,-0.00224390684
2023-11-06,TSLA,True,1.910453646,-0.000693476134,-0.0003628585816
2023-11-06,VNQ,False,,,
2023-11-06,WMT,True,2.019154853,-0.002822660741,-0.001395990174
2023-11-07,AAPL,True,7.110898082,-0.007488595384,-0.001052007389
2023-11-07,AMZN,True,2.853741969,-0.003230200708,-0.001130637792
2023-11-07,BAC,True,3.534554465,-0.0008801749144,-0.0002489580502
2023-11-07,BND,False,,,
2023-11-07,GLD,False,,,
2023-11-07,GOOGL,True,5.829907486,0.007311743069,0.001255753171
2023-11-07,JNJ,True,10.25387974,0.003563315103,0.0003476297663
2023-11-07,JPM,True,10.38609344,0.007244846159,0.0006980394883
2023-11-07,MSFT,True,8.596838042,-0.012607029,-0.001464325389
2023-11-07,PG,True,6.371216545,0.0001970491438,3.092898145e-05
2023-11-07,TSLA,True,1.907899237,-0.002554408946,-0.001337069314
2023-11-07,VNQ,False,,,
2023-11-07,WMT,True,2.018967071,-0.0001877820277,-9.300031021e-05
2023-11-08,AAPL,True,7.126361067,0.01546298541,0.002174547467
2023-11-08,AMZN,True,2.844695966,-0.00904600377,-0.003169874455
2023-11-08,BAC,True,3.525589125,-0.008965340102,-0.002536483789
2023-11-08,BND,False,,,
2023-11-08,GLD,False,,,
2023-11-08,GOOGL,True,5.826381733,-0.003525752155,-0.0006047698293
2023-11-08,JNJ,True,10.21323076,-0.04064898187,-0.003964253814
2023-11-08,JPM,True,10.40544638,0.01935294805,0.001863352007
2023-11-08,MSFT,True,8.602434764,0.005596722668,0.0006510210662
2023-11-08,PG,True,6.369913917,-0.00130262766,-0.0002044550913
2023-11-08,TSLA,True,1.907993554,9.431731337e-05,4.943516488e-05
2023-11-08,VNQ,False,,,
2023-11-08,WMT,True,2.019775019,0.0008079481361,0.0004001789567
2023-11-09,AAPL,True,7.102594008,-0.02376705968,-0.003335090582
2023-11-09,AMZN,True,2.836507278,-0.008188687674,-0.002878580971
2023-11-09,BAC,True,3.520091568,-0.005497556782,-0.001559329969
2023-11-09,BND,False,,,
2023-11-09,GLD,False,,,
2023-11-09,GOOGL,True,5.822911358,-0.003470375767,-0.0005956313756
2023-11-09,JNJ,True,10.20755431,-0.005676450895,-0.0005557938551
2023-11-09,JPM,True,10.39191184,-0.01353454473,-0.001300717359
2023-11-09,MSFT,True,8.605682074,0.003247310086,0.0003774873248
2023-11-09,PG,True,6.355869143,-0.01404477431,-0.002204860929
2023-11-09,TSLA,True,1.903709952,-0.004283602746,-0.002245082399
2023-11-09,VNQ,False,,,
2023-11-09,WMT,True,2.01690414,-0.002870878949,-0.001421385512
2023-11-10,AAPL,True,7.09210218,-0.01049182768,-0.001477182515
2023-11-10,AMZN,True,2.834920316,-0.001586962122,-0.0005594775428
2023-11-10,BAC,True,3.512567727,-0.007523840916,-0.002137399204
2023-11-10,BND,False,,,
2023-11-10,GLD,False,,,
2023-11-10,GOOGL,True,5.820796309,-0.00211504851,-0.0003632286978
2023-11-10,JNJ,True,10.17970644,-0.02784786527,-0.002728162342
2023-11-10,JPM,True,10.37059279,-0.02131905354,-0.002051504465
2023-11-10,MSFT,True,8.594670092,-0.01101198202,-0.001279617574
2023-11-10,PG,True,6.346834234,-0.009034909435,-0.001421506521
2023-11-10,TSLA,True,1.90359908,-0.0001108718693,-5.823989583e-05
2023-11-10,VNQ,False,,,
2023-11-10,WMT,True,2.01638781,-0.0005163305328,-0.0002560015236
2023-11-13,AAPL,True,7.076746111,-0.01535606885,-0.002165235139
2023-11-13,AMZN,True,2.834410491,-0.0005098245096,-0.0001798373333
2023-11-13,BAC,True,3.50696199,-0.00560573717,-0.001595908636
2023-11-13,BND,False,,,
2023-11-13,GLD,False,,,
2023-11-13,GOOGL,True,5.803556082,-0.01724022713,-0.002961833093
2023-11-13,JNJ,True,10.14209043,-0.03761601228,-0.003695196173
2023-11-13,JPM,True,10.3633798,-0.007212983447,-0.0006955227726
2023-11-13,MSFT,True,8.594722993,5.290098813e-05,6.155092349e-06
2023-11-13,PG,True,6.331479237,-0.01535499604,-0.002419315752
2023-11-13,TSLA,True,1.903634718,3.563867325e-05,1.872173276e-05
2023-11-13,VNQ,False,,,
2023-11-13,WMT,True,2.014027873,-0.002359937017,-0.001170378538
2023-11-14,AAPL,True,7.058738547,-0.0180075643,-0.002544610761
2023-11-14,AMZN,True,2.834167378,-0.0002431133698,-8.577211047e-05
2023-11-14,BAC,True,3.502363729,-0.00459826113,-0.001311180772
2023-11-14,BND,False,,,
2023-11-14,GLD,False,,,
2023-11-14,GOOGL,True,5.804038624,0.0004825420755,8.314593134e-05
2023-11-14,JNJ,True,10.1184531,-0.02363732517,-0.002330616684
2023-11-14,JPM,True,10.34942954,-0.01395026225,-0.001346111261
2023-11-14,MSFT,True,8.551926022,-0.0427969718,-0.004979447486
2023-11-14,PG,True,6.309007729,-0.02247150819,-0.003549171899
2023-11-14,TSLA,True,1.901860534,-0.001774184329,-0.0009319983038
2023-11-14,VNQ,False,,,
2023-11-14,WMT,True,2.008883455,-0.00514441721,-0.002554292957
2023-11-15,AAPL,True,7.048684502,-0.0100540444,-0.001424340105
2023-11-15,AMZN,True,2.824570491,-0.009596886673,-0.003386139699
2023-11-15,BAC,True,3.498466541,-0.00389718796,-0.00111273079
2023-11-15,BND,False,,,
2023-11-15,GLD,False,,,
2023-11-15,GOOGL,True,5.769213358,-0.03482526652,-0.006000178285
2023-11-15,JNJ,True,10.09641334,-0.02203976688,-0.002178175523
2023-11-15,JPM,True,10.33127442,-0.01815512205,-0.001754214759
2023-11-15,MSFT,True,8.528549639,-0.02337638245,-0.002733464063
2023-11-15,PG,True,6.293440666,-0.01556706345,-0.002467434519
2023-11-15,TSLA,True,1.903368301,0.001507767012,0.0007927852673
2023-11-15,VNQ,False,,,
2023-11-15,WMT,True,2.003922509,-0.004960946387,-0.002469504328
2023-11-16,AAPL,True,7.04717353,-0.001510972872,-0.0002143623923
2023-11-16,AMZN,True,2.818438031,-0.00613246061,-0.00217111261
2023-11-16,BAC,True,3.499222298,0.0007557572677,0.0002160252953
2023-11-16,BND,False,,,
2023-11-16,GLD,False,,,
2023-11-16,GOOGL,True,5.764594349,-0.004619009039,-0.0008006306498
2023-11-16,JNJ,True,10.05580746,-0.04060587909,-0.004021812275
2023-11-16,JPM,True,10.32845249,-0.002821928058,-0.000273144236
2023-11-16,MSFT,True,8.545720332,0.0171706923,0.002013319149
2023-11-16,PG,True,6.274127373,-0.01931329248,-0.003068797103
2023-11-16,TSLA,True,1.905907091,0.002538789622,0.001333840445
2023-11-16,VNQ,False,,,
2023-11-16,WMT,True,2.000341813,-0.003580696305,-0.001786843697
2023-11-17,AAPL,True,7.042186133,-0.004987396679,-0.0007077158889
2023-11-17,AMZN,True,2.809362555,-0.009075475411,-0.003220037238
2023-11-17,BAC,True,3.493179165,-0.006043132808,-0.001726993112
2023-11-17,BND,False,,,
2023-11-17,GLD,False,,,
2023-11-17,GOOGL,True,5.771610478,0.007016129408,0.001217107221
2023-11-17,JNJ,True,10.03515807,-0.02064939081,-0.002053479136
2023-11-17,JPM,True,10.31866678,-0.009785707487,-0.0009474514693
2023-11-17,MSFT,True,8.535464475,-0.01025585603,-0.001200116038
2023-11-17,PG,True,6.271059064,-0.00306830906,-0.0004890415634
2023-11-17,TSLA,True,1.901252573,-0.004654518112,-0.002442153731
2023-11-17,VNQ,False,,,
2023-11-17,WMT,True,1.997675632,-0.00266618095,-0.00133286268
2023-11-20,AAPL,True,7.048817825,0.006631691662,0.0009417092273
2023-11-20,AMZN,True,2.801270732,-0.00809182319,-0.002880305774
2023-11-20,BAC,True,3.490547713,-0.002631452684,-0.0007533116852
2023-11-20,BND,False,,,
2023-11-20,GLD,False,,,
2023-11-20,GOOGL,True,5.756266255,-0.01534422315,-0.002658568732
2023-11-20,JNJ,True,10.0120838,-0.02307426736,-0.002299342692
2023-11-20,JPM,True,10.31265977,-0.006007014608,-0.0005821502656
2023-11-20,MSFT,True,8.52969894,-0.00576553506,-0.0006754799433
2023-11-20,PG,True,6.265933178,-0.005125886469,-0.0008173876879
2023-11-20,TSLA,True,1.901190557,-6.201564432e-05,-3.261830922e-05
2023-11-20,VNQ,False,,,
2023-11-20,WMT,True,1.999709695,0.002034062997,0.001018214852
2023-11-21,AAPL,True,7.022663811,-0.02615401348,-0.003710411324
2023-11-21,AMZN,True,2.799573744,-0.001696987951,-0.0006057921968
2023-11-21,BAC,True,3.486165254,-0.004382458858,-0.001255521832
2023-11-21,BND,False,,,
2023-11-21,GLD,False,,,
2023-11-21,GOOGL,True,5.73973627,-0.01652998466,-0.002871650463
2023-11-21,JNJ,True,10.01816008,0.006076282752,0.0006068949155
2023-11-21,JPM,True,10.31018628,-0.002473484004,-0.0002398492785
2023-11-21,MSFT,True,8.505436703,-0.02426223728,-0.002844442395
2023-11-21,PG,True,6.260602675,-0.005330502943,-0.0008507117442
2023-11-21,TSLA,True,1.899121783,-0.002068774277,-0.001088146724
2023-11-21,VNQ,False,,,
2023-11-21,WMT,True,1.999096273,-0.000613421446,-0.0003067552493
2023-11-22,AAPL,True,7.031920136,0.009256325374,0.001318064715
2023-11-22,AMZN,True,2.799945276,0.0003715320392,0.000132710217
2023-11-22,BAC,True,3.489048988,0.002883733711,0.0008271936356
2023-11-22,BND,False,,,
2023-11-22,GLD,False,,,
2023-11-22,GOOGL,True,5.740237517,0.0005012464632,8.732918023e-05
2023-11-22,JNJ,True,10.0137323,-0.004427785589,-0.000441975927
2023-11-22,JPM,True,10.26708623,-0.04310005128,-0.004180336814
2023-11-22,MSFT,True,8.49201808,-0.01341862327,-0.001577652475
2023-11-22,PG,True,6.248050472,-0.01255220266,-0.002004951171
2023-11-22,TSLA,True,1.89146988,-0.007651902356,-0.004029179395
2023-11-22,VNQ,False,,,
2023-11-22,WMT,True,1.996714674,-0.002381599577,-0.00119133811
2023-11-24,AAPL,True,7.009641839,-0.02227829711,-0.00316816697
2023-11-24,AMZN,True,2.796351042,-0.00359423425,-0.001283680178
2023-11-24,BAC,True,3.484932951,-0.004116036468,-0.001179701541
2023-11-24,BND,False,,,
2023-11-24,GLD,False,,,
2023-11-24,GOOGL,True,5.730473503,-0.009764014027,-0.001700977355
2023-11-24,JNJ,True,9.990335518,-0.02339677872,-0.002336469363
2023-11-24,JPM,True,10.27113579,0.004049558272,0.0003944213753
2023-11-24,MSFT,True,8.492425848,0.0004077680894,4.801780749e-05
2023-11-24,PG,True,6.248981032,0.0009305597728,0.0001489360204
2023-11-24,TSLA,True,1.888987657,-0.002482223418,-0.001312325109
2023-11-24,VNQ,False,,,
2023-11-24,WMT,True,1.993262201,-0.003452472895,-0.001729076738
2023-11-27,AAPL,True,6.977235454,-0.03240638567,-0.004623115761
2023-11-27,AMZN,True,2.795905516,-0.0004455261736,-0.0001593241217
2023-11-27,BAC,True,3.481635567,-0.003297384096,-0.0009461829375
2023-11-27,BND,False,,,
2023-11-27,GLD,False,,,
2023-11-27,GOOGL,True,5.729315063,-0.001158439768,-0.0002021542841
2023-11-27,JNJ,True,9.949720235,-0.04061528373,-0.004065457427
2023-11-27,JPM,True,10.23404616,-0.03708963359,-0.003611054741
2023-11-27,MSFT,True,8.481491355,-0.01093449305,-0.00128755826
2023-11-27,PG,True,6.236010805,-0.0129702275,-0.002075574791
2023-11-27,TSLA,True,1.893585837,0.004598180539,0.002434203591
2023-11-27,VNQ,False,,,
2023-11-27,WMT,True,1.985259419,-0.008002781841,-0.004014916772
2023-11-28,AAPL,True,6.960058287,-0.01717716668,-0.002461887204
2023-11-28,AMZN,True,2.793736951,-0.002168565092,-0.0007756217367
2023-11-28,BAC,True,3.490094819,0.008459251597,0.002429677499
2023-11-28,BND,False,,,
2023-11-28,GLD,False,,,
2023-11-28,GOOGL,True,5.71936589,-0.009949173138,-0.001736537968
2023-11-28,JNJ,True,9.926580528,-0.02313970693,-0.002325664077
2023-11-28,JPM,True,10.22936419,-0.004681962064,-0.0004574888556
2023-11-28,MSFT,True,8.491103192,0.009611837293,0.001133272073
2023-11-28,PG,True,6.222733321,-0.01327748372,-0.00212916304
2023-11-28,TSLA,True,1.890032548,-0.003553289882,-0.001876487356
2023-11-28,VNQ,False,,,
2023-11-28,WMT,True,1.986153696,0.0008942773841,0.0004504587036
2023-11-29,AAPL,True,6.958409874,-0.001648413493,-0.0002368390357
2023-11-29,AMZN,True,2.793488803,-0.0002481477838,-8.882288785e-05
2023-11-29,BAC,True,3.49575157,0.005656751871,0.001620801773
2023-11-29,BND,False,,,
2023-11-29,GLD,False,,,
2023-11-29,GOOGL,True,5.717644558,-0.001721331795,-0.0003009654965
2023-11-29,JNJ,True,9.917208278,-0.00937224999,-0.0009441569495
2023-11-29,JPM,True,10.24137591,0.01201171782,0.001174238945
2023-11-29,MSFT,True,8.483687124,-0.007416068177,-0.0008733927746
2023-11-29,PG,True,6.221598299,-0.001135021879,-0.0001823992482
2023-11-29,TSLA,True,1.889839115,-0.0001934323299,-0.0001023433857
2023-11-29,VNQ,False,,,
2023-11-29,WMT,True,1.983573741,-0.002579954957,-0.001298970448
2023-11-30,AAPL,True,6.953223204,-0.005186669542,-0.0007453814357
2023-11-30,AMZN,True,2.788114499,-0.005374304224,-0.001923868182
2023-11-30,BAC,True,3.488616384,-0.007135186514,-0.002041102284
2023-11-30,BND,False,,,
2023-11-30,GLD,False,,,
2023-11-30,GOOGL,True,5.725633687,0.007989128886,0.001397276239
2023-11-30,JNJ,True,9.916976035,-0.0002322427215,-2.341815509e-05
2023-11-30,JPM,True,10.23962686,-0.001749049611,-0.0001707826786
2023-11-30,MSFT,True,8.481886151,-0.001800972935,-0.0002122865811
2023-11-30,PG,True,6.219906694,-0.00169160443,-0.0002718922612
2023-11-30,TSLA,True,1.885514083,-0.004325032746,-0.002288571927
2023-11-30,VNQ,False,,,
2023-11-30,WMT,True,1.983930639,0.0003568978516,0.000179926687
2023-12-01,AAPL,True,6.952189601,-0.001033602633,-0.0001486508635
2023-12-01,AMZN,True,2.782608793,-0.005505705377,-0.001974705623
2023-12-01,BAC,True,3.480419875,-0.008196508964,-0.002349501367
2023-12-01,BND,False,,,
2023-12-01,GLD,False,,,
2023-12-01,GOOGL,True,5.71965529,-0.005978397304,-0.001044145964
2023-12-01,JNJ,True,9.901067312,-0.01590872268,-0.001604190897
2023-12-01,JPM,True,10.21691163,-0.0227152359,-0.002218365592
2023-12-01,MSFT,True,8.451360532,-0.03052561915,-0.003598918755
2023-12-01,PG,True,6.207639936,-0.01226675831,-0.001972177223
2023-12-01,TSLA,True,1.885337728,-0.0001763550018,-9.353152196e-05
2023-12-01,VNQ,False,,,
2023-12-01,WMT,True,1.98047942,-0.003451219534,-0.001739586791
2023-12-04,AAPL,True,6.924567895,-0.0276217059,-0.003973094447
2023-12-04,AMZN,True,2.771861973,-0.01074681989,-0.003862138261
2023-12-04,BAC,True,3.469821029,-0.01059884603,-0.003045277987
2023-12-04,BND,False,,,
2023-12-04,GLD,False,,,
2023-12-04,GOOGL,True,5.726584023,0.006928733094,0.001211389978
2023-12-04,JNJ,True,9.887040375,-0.01402693736,-0.001416709625
2023-12-04,JPM,True,10.22281951,0.005907880274,0.0005782452163
2023-12-04,MSFT,True,8.442445725,-0.008914806755,-0.001054836878
2023-12-04,PG,True,6.206664977,-0.0009749592086,-0.0001570579509
2023-12-04,TSLA,True,1.891969516,0.006631788699,0.003517560065
2023-12-04,VNQ,False,,,
2023-12-04,WMT,True,1.975496623,-0.004982796408,-0.002515954652
2023-12-05,AAPL,True,6.943891778,0.01932388259,0.002790626489
2023-12-05,AMZN,True,2.760594212,-0.0112677609,-0.004065051221
2023-12-05,BAC,True,3.46492639,-0.004894639365,-0.001410631651
2023-12-05,BND,False,,,
2023-12-05,GLD,False,,,
2023-12-05,GOOGL,True,5.721980629,-0.004603394093,-0.0008038638872
2023-12-05,JNJ,True,9.873859698,-0.01318067694,-0.001333126642
2023-12-05,JPM,True,10.19972616,-0.02309335172,-0.00225900024
2023-12-05,MSFT,True,8.407189348,-0.03525637694,-0.004176085709
2023-12-05,PG,True,6.200212319,-0.006452658079,-0.001039633701
2023-12-05,TSLA,True,1.890973763,-0.0009957535922,-0.0005263053044
2023-12-05,VNQ,False,,,
2023-12-05,WMT,True,1.974842141,-0.0006544820987,-0.0003313000341
2023-12-06,AAPL,True,6.955699213,0.01180743536,0.001700406017
2023-12-06,AMZN,True,2.75609461,-0.004499602147,-0.001629939716
2023-12-06,BAC,True,3.458305858,-0.006620531728,-0.001910727959
2023-12-06,BND,False,,,
2023-12-06,GLD,False,,,
2023-12-06,GOOGL,True,5.743071849,0.02109122031,0.00368599995
2023-12-06,JNJ,True,9.864228131,-0.009631566703,-0.0009754611669
2023-12-06,JPM,True,10.18949935,-0.01022680931,-0.001002655282
2023-12-06,MSFT,True,8.403716164,-0.003473184744,-0.0004131207946
2023-12-06,PG,True,6.192579229,-0.007633089945,-0.001231101381
2023-12-06,TSLA,True,1.893783564,0.002809801833,0.001485902073
2023-12-06,VNQ,False,,,
2023-12-06,WMT,True,1.972294453,-0.002547687909,-0.001290071675
2023-12-07,AAPL,True,6.937659951,-0.01803926206,-0.002593450566
2023-12-07,AMZN,True,2.748313049,-0.007781561508,-0.002823401446
2023-12-07,BAC,True,3.454258526,-0.004047332079,-0.001170322188
2023-12-07,BND,False,,,
2023-12-07,GLD,False,,,
2023-12-07,GOOGL,True,5.736563353,-0.006508495446,-0.001133277733
2023-12-07,JNJ,True,9.859731191,-0.004496940375,-0.0004558836551
2023-12-07,JPM,True,10.18793722,-0.001562127748,-0.0001533076057
2023-12-07,MSFT,True,8.414618325,0.01090216126,0.001297302413
2023-12-07,PG,True,6.178085238,-0.01449399075,-0.002340541835
2023-12-07,TSLA,True,1.897357658,0.00357409313,0.001887276454
2023-12-07,VNQ,False,,,
2023-12-07,WMT,True,1.96877853,-0.003515922888,-0.001782656176
2023-12-08,AAPL,True,6.955516826,0.01785687419,0.002573904503
2023-12-08,AMZN,True,2.7341934,-0.01411964874,-0.005137569296
2023-12-08,BAC,True,3.456593762,0.002335236708,0.0006760457246
2023-12-08,BND,False,,,
2023-12-08,GLD,False,,,
2023-12-08,GOOGL,True,5.719804916,-0.01675843772,-0.002921337512
2023-12-08,JNJ,True,9.852828807,-0.006902383534,-0.0007000579834
2023-12-08,JPM,True,10.21257817,0.02464094881,0.00241863964
2023-12-08,MSFT,True,8.405172024,-0.00944630085,-0.00112260598
2023-12-08,PG,True,6.165859416,-0.01222582208,-0.00197890149
2023-12-08,TSLA,True,1.891531655,-0.005826002412,-0.003070587345
2023-12-08,VNQ,False,,,
2023-12-08,WMT,True,1.970784345,0.002005814862,0.001018811832
2023-12-11,AAPL,True,6.955165662,-0.0003511633562,-5.048702563e-05
2023-12-11,AMZN,True,2.718383324,-0.01581007557,-0.005782354521
2023-12-11,BAC,True,3.449616993,-0.006976769437,-0.002018394384
2023-12-11,BND,False,,,
2023-12-11,GLD,False,,,
2023-12-11,GOOGL,True,5.71313556,-0.006669355203,-0.001166010957
2023-12-11,JNJ,True,9.8412279,-0.01160090716,-0.001177418931
2023-12-11,JPM,True,10.18762278,-0.0249553901,-0.002443593547
2023-12-11,MSFT,True,8.386322593,-0.01884943052,-0.002242599017
2023-12-11,PG,True,6.159622566,-0.006236849987,-0.001011513492
2023-12-11,TSLA,True,1.88870213,-0.002829525339,-0.001495891085
2023-12-11,VNQ,False,,,
2023-12-11,WMT,True,1.969243516,-0.001540829532,-0.0007818356867
2023-12-12,AAPL,True,6.95083162,-0.00433404265,-0.0006231401034
2023-12-12,AMZN,True,2.713182913,-0.00520041187,-0.001913053183
2023-12-12,BAC,True,3.44428707,-0.005329923048,-0.00154507676
2023-12-12,BND,False,,,
2023-12-12,GLD,False,,,
2023-12-12,GOOGL,True,5.711548714,-0.001586846821,-0.0002777540992
2023-12-12,JNJ,True,9.83847594,-0.002751960239,-0.0002796358612
2023-12-12,JPM,True,10.20450918,0.01688640673,0.001657541421
2023-12-12,MSFT,True,8.383411772,-0.002910821593,-0.0003470915364
2023-12-12,PG,True,6.145121834,-0.0145007326,-0.002354159275
2023-12-12,TSLA,True,1.888302264,-0.0003998662086,-0.0002117148079
2023-12-12,VNQ,False,,,
2023-12-12,WMT,True,1.965488093,-0.003755422787,-0.00190703829
2023-12-13,AAPL,True,6.929828049,-0.02100357089,-0.003021734957
2023-12-13,AMZN,True,2.714934377,0.001751464879,0.0006455388136
2023-12-13,BAC,True,3.438664661,-0.005622408483,-0.001632386723
2023-12-13,BND,False,,,
2023-12-13,GLD,False,,,
2023-12-13,GOOGL,True,5.698983549,-0.01256516443,-0.0021999575
2023-12-13,JNJ,True,9.841015622,0.002539681592,0.0002581377042
2023-12-13,JPM,True,10.19546028,-0.009048906837,-0.0008867557149
2023-12-13,MSFT,True,8.384679103,0.001267331447,0.0001511713227
2023-12-13,PG,True,6.139582289,-0.005539544973,-0.0009014540514
2023-12-13,TSLA,True,1.885941279,-0.002360985046,-0.001250321567
2023-12-13,VNQ,False,,,
2023-12-13,WMT,True,1.957741916,-0.007746177174,-0.003941095956
2023-12-14,AAPL,True,6.926797831,-0.003030217607,-0.0004372716878
2023-12-14,AMZN,True,2.706901809,-0.008032568008,-0.002958660097
2023-12-14,BAC,True,3.431445848,-0.007218813228,-0.002099307126
2023-12-14,BND,False,,,
2023-12-14,GLD,False,,,
2023-12-14,GOOGL,True,5.693117456,-0.005866092858,-0.001029322652
2023-12-14,JNJ,True,9.832384526,-0.008631095851,-0.0008770533635
2023-12-14,JPM,True,10.19349237,-0.001967912143,-0.0001930184699
2023-12-14,MSFT,True,8.362597086,-0.02208201703,-0.002633615045
2023-12-14,PG,True,6.119889315,-0.01969297333,-0.003207542859
2023-12-14,TSLA,True,1.891192198,0.005250919885,0.002784243574
2023-12-14,VNQ,False,,,
2023-12-14,WMT,True,1.955354303,-0.002387612626,-0.00121957476
2023-12-15,AAPL,True,6.929041746,0.002243915219,0.0003239469773
2023-12-15,AMZN,True,2.697971221,-0.008930588281,-0.00329919181
2023-12-15,BAC,True,3.417555009,-0.0138908397,-0.004048101097
2023-12-15,BND,False,,,
2023-12-15,GLD,False,,,
2023-12-15,GOOGL,True,5.666039087,-0.02707836921,-0.004756334191
2023-12-15,JNJ,True,9.833080437,0.000695911569,7.077749728e-05
2023-12-15,JPM,True,10.21275971,0.01926734348,0.001890161173
2023-12-15,MSFT,True,8.378240138,0.01564305173,0.001870597323
2023-12-15,PG,True,6.100519191,-0.01937012424,-0.003165110224
2023-12-15,TSLA,True,1.890929018,-0.0002631800869,-0.0001391609415
2023-12-15,VNQ,False,,,
2023-12-15,WMT,True,1.956013113,0.0006588098724,0.0003369260862
2023-12-18,AAPL,True,6.921140092,-0.007901654495,-0.001140367569
2023-12-18,AMZN,True,2.703480635,0.00550941415,0.002042058161
2023-12-18,BAC,True,3.418233509,0.0006785003323,0.0001985338438
2023-12-18,BND,False,,,
2023-12-18,GLD,False,,,
2023-12-18,GOOGL,True,5.635933394,-0.03010569314,-0.005313357828
2023-12-18,JNJ,True,9.839355285,0.006274847512,0.0006381364978
2023-12-18,JPM,True,10.21763058,0.004870868203,0.0004769394701
2023-12-18,MSFT,True,8.376228704,-0.002011433662,-0.0002400783016
2023-12-18,PG,True,6.092433028,-0.008086162661,-0.00132548762
2023-12-18,TSLA,True,1.888346976,-0.002582042097,-0.001365488642
2023-12-18,VNQ,False,,,
2023-12-18,WMT,True,1.960027273,0.004014159501,0.002052215026
2023-12-19,AAPL,True,6.329501113,-0.5916389786,-0.08548287866
2023-12-19,AMZN,True,2.687609016,-0.01587161927,-0.005870809304
2023-12-19,BAC,True,3.360808136,-0.0574253725,-0.01679972195
2023-12-19,BND,False,,,
2023-12-19,GLD,False,,,
2023-12-19,GOOGL,True,5.75829945,0.1223660561,0.02171176406
2023-12-19,JNJ,True,9.856653121,0.01729783674,0.001758025423
2023-12-19,JPM,True,9.896988056,-0.3206425207,-0.03138129905
2023-12-19,MSFT,True,8.221753544,-0.1544751599,-0.01844208956
2023-12-19,PG,True,6.143876972,0.05144394341,0.008443907905
2023-12-19,TSLA,True,1.898393469,0.010046493,0.005320257945
2023-12-19,VNQ,False,,,
2023-12-19,WMT,True,1.979416683,0.01938940999,0.009892418469
2023-12-20,AAPL,True,6.34334574,0.0138446273,0.002187317303
2023-12-20,AMZN,True,2.691881853,0.004272836962,0.001589828333
2023-12-20,BAC,True,3.359268463,-0.001539673551,-0.0004581259888
2023-12-20,BND,False,,,
2023-12-20,GLD,False,,,
2023-12-20,GOOGL,True,5.759828623,0.001529173092,0.000265559842
2023-12-20,JNJ,True,9.856655414,2.292595317e-06,2.325936896e-07
2023-12-20,JPM,True,9.874424006,-0.0225640503,-0.002279890627
2023-12-20,MSFT,True,8.242979273,0.02122572839,0.002581654665
2023-12-20,PG,True,6.13103933,-0.01283764123,-0.002089501676
2023-12-20,TSLA,True,1.898204021,-0.0001894485442,-9.979414026e-05
2023-12-20,VNQ,False,,,
2023-12-20,WMT,True,1.974442304,-0.004974378129,-0.002513052543
2023-12-21,AAPL,True,6.354050159,0.01070441838,0.001687503537
2023-12-21,AMZN,True,2.688528547,-0.00335330619,-0.00124571076
2023-12-21,BAC,True,3.358482256,-0.0007862072489,-0.000234041208
2023-12-21,BND,False,,,
2023-12-21,GLD,False,,,
2023-12-21,GOOGL,True,5.76807632,0.00824769723,0.001431934484
2023-12-21,JNJ,True,9.871253495,0.01459808051,0.001481037928
2023-12-21,JPM,True,9.839530435,-0.03489357132,-0.003533732327
2023-12-21,MSFT,True,8.232359987,-0.01061928608,-0.001288282516
2023-12-21,PG,True,6.126012892,-0.005026438485,-0.0008198346503
2023-12-21,TSLA,True,1.894499978,-0.003704042959,-0.001951340803
2023-12-21,VNQ,False,,,
2023-12-21,WMT,True,1.968986765,-0.005455539434,-0.002763078679
2023-12-22,AAPL,True,6.342227225,-0.01182293424,-0.00186069262
2023-12-22,AMZN,True,2.67926707,-0.009261476391,-0.003444812368
2023-12-22,BAC,True,3.358254719,-0.0002275368613,-6.774990725e-05
2023-12-22,BND,False,,,
2023-12-22,GLD,False,,,
2023-12-22,GOOGL,True,5.766228905,-0.001847414973,-0.0003202826854
2023-12-22,JNJ,True,9.861533882,-0.009719612647,-0.0009846381366
2023-12-22,JPM,True,9.862665738,0.02313530385,0.002351260968
2023-12-22,MSFT,True,8.240322925,0.00796293827,0.0009672728456
2023-12-22,PG,True,6.125904957,-0.0001079354243,-1.76191964e-05
2023-12-22,TSLA,True,1.89048615,-0.004013827311,-0.002118673718
2023-12-22,VNQ,False,,,
2023-12-22,WMT,True,1.96637666,-0.002610104499,-0.001325607945
2023-12-26,AAPL,True,6.337733223,-0.004494001931,-0.0007085841885
2023-12-26,AMZN,True,2.676597294,-0.002669776561,-0.0009964577966
2023-12-26,BAC,True,3.362359275,0.004104556142,0.001222228951
2023-12-26,BND,False,,,
2023-12-26,GLD,False,,,
2023-12-26,GOOGL,True,5.776268961,0.0100400552,0.001741182212
2023-12-26,JNJ,True,9.857450923,-0.004082958819,-0.0004140287777
2023-12-26,JPM,True,9.85738031,-0.005285428135,-0.0005359025922
2023-12-26,MSFT,True,8.255437092,0.01511416749,0.001834171746
2023-12-26,PG,True,6.121363287,-0.004541669177,-0.0007413874699
2023-12-26,TSLA,True,1.89224276,0.00175660907,0.0009291837813
2023-12-26,VNQ,False,,,
2023-12-26,WMT,True,1.967456647,0.001079986346,0.0005492265892
2023-12-27,AAPL,True,6.331633892,-0.006099331024,-0.0009623836804
2023-12-27,AMZN,True,2.679892833,0.003295539058,0.00123124202
2023-12-27,BAC,True,3.367969341,0.005610065673,0.001668490847
2023-12-27,BND,False,,,
2023-12-27,GLD,False,,,
2023-12-27,GOOGL,True,5.791657557,0.01538859603,0.00266410656
2023-12-27,JNJ,True,9.860774112,0.003323189185,0.0003371245986
2023-12-27,JPM,True,9.85675345,-0.000626859807,-6.359294126e-05
2023-12-27,MSFT,True,8.261209996,0.005772903205,0.0006992849852
2023-12-27,PG,True,6.134410215,0.01304692753,0.002131376119
2023-12-27,TSLA,True,1.889813282,-0.002429477639,-0.001283914353
2023-12-27,VNQ,False,,,
2023-12-27,WMT,True,1.967254621,-0.0002020262817,-0.0001026839814
2023-12-28,AAPL,True,6.329077888,-0.002556003897,-0.0004036878854
2023-12-28,AMZN,True,2.673497343,-0.006395489838,-0.002386472235
2023-12-28,BAC,True,3.373841393,0.005872052239,0.001743499315
2023-12-28,BND,False,,,
2023-12-28,GLD,False,,,
2023-12-28,GOOGL,True,5.782604522,-0.009053034755,-0.001563116373
2023-12-28,JNJ,True,9.862689252,0.001915139392,0.000194217956
2023-12-28,JPM,True,9.874098322,0.01734487157,0.001759694168
2023-12-28,MSFT,True,8.247081816,-0.01412817943,-0.001710182823
2023-12-28,PG,True,6.139682205,0.005271989989,0.0008594126907
2023-12-28,TSLA,True,1.889342616,-0.0004706658767,-0.0002490541691
2023-12-28,VNQ,False,,,
2023-12-28,WMT,True,1.968481925,0.001227304971,0.0006238668641
2023-12-29,AAPL,True,6.332422998,0.003345110232,0.000528530426
2023-12-29,AMZN,True,2.676434676,0.002937333156,0.001098685646
2023-12-29,BAC,True,3.377109435,0.003268041931,0.0009686412462
2023-12-29,BND,False,,,
2023-12-29,GLD,False,,,
2023-12-29,GOOGL,True,5.782734943,0.0001304207671,2.255398352e-05
2023-12-29,JNJ,True,9.837994888,-0.02469436409,-0.0025038165
2023-12-29,JPM,True,9.88046613,0.006367807788,0.0006449001803
2023-12-29,MSFT,True,8.250772806,0.003690989829,0.000447551014
2023-12-29,PG,True,6.127692264,-0.01198994102,-0.0019528602
2023-12-29,TSLA,True,1.885956412,-0.003386204361,-0.001792265909
2023-12-29,VNQ,False,,,
2023-12-29,WMT,True,1.967494546,-0.00098737993,-0.0005015946132
2024-01-02,AAPL,True,6.334513698,0.002090700424,0.0003301580492
2024-01-02,AMZN,True,2.679409963,0.002975286471,0.00111166041
2024-01-02,BAC,True,3.378609262,0.001499827012,0.0004441156085
2024-01-02,BND,False,,,
2024-01-02,GLD,False,,,
2024-01-02,GOOGL,True,5.783709915,0.0009749727326,0.0001686006262
2024-01-02,JNJ,True,9.839063316,0.001068428179,0.0001086022295
2024-01-02,JPM,True,9.871353566,-0.009112564297,-0.0009222808091
2024-01-02,MSFT,True,8.250687889,-8.491754323e-05,-1.029207145e-05
2024-01-02,PG,True,6.125077943,-0.002614320467,-0.0004266403001
2024-01-02,TSLA,True,1.886746968,0.0007905561061,0.0004191804759
2024-01-02,VNQ,False,,,
2024-01-02,WMT,True,1.964961609,-0.002532936278,-0.001287391766
2024-01-03,AAPL,True,6.32192877,-0.012584928,-0.001986723623
2024-01-03,AMZN,True,2.685776302,0.006366339706,0.002376023003
2024-01-03,BAC,True,3.373358911,-0.005250351201,-0.001553997753
2024-01-03,BND,False,,,
2024-01-03,GLD,False,,,
2024-01-03,GOOGL,True,5.795485162,0.01177524613,0.002035933044
2024-01-03,JNJ,True,9.82780033,-0.01126298611,-0.001144721378
2024-01-03,JPM,True,9.870502666,-0.0008508997101,-8.619888898e-05
2024-01-03,MSFT,True,8.252239451,0.00155156244,0.0001880524947
2024-01-03,PG,True,6.122145845,-0.002932098741,-0.0004787039067
2024-01-03,TSLA,True,1.887226486,0.0004795177445,0.0002541505314
2024-01-03,VNQ,False,,,
2024-01-03,WMT,True,1.965280025,0.0003184157178,0.0001620467883
2024-01-04,AAPL,True,6.314411819,-0.007516951323,-0.001189028158
2024-01-04,AMZN,True,2.689404063,0.003627760676,0.001350730764
2024-01-04,BAC,True,3.379224047,0.0058651368,0.001738663734
2024-01-04,BND,False,,,
2024-01-04,GLD,False,,,
2024-01-04,GOOGL,True,5.788310739,-0.007174422544,-0.001237933036
2024-01-04,JNJ,True,9.839121929,0.01132159945,0.001151997301
2024-01-04,JPM,True,9.834704616,-0.03579804942,-0.003626770655
2024-01-04,MSFT,True,8.26189574,0.009656289546,0.001170141706
2024-01-04,PG,True,6.107035031,-0.01511081358,-0.002468221759
2024-01-04,TSLA,True,1.890857746,0.00363125999,0.001924125174
2024-01-04,VNQ,False,,,
2024-01-04,WMT,True,1.968075745,0.002795720372,0.001422555736
2024-01-05,AAPL,True,6.311766741,-0.002645078354,-0.0004188954458
2024-01-05,AMZN,True,2.683287326,-0.006116737545,-0.002274383991
2024-01-05,BAC,True,3.375347165,-0.00387688212,-0.001147269925
2024-01-05,BND,False,,,
2024-01-05,GLD,False,,,
2024-01-05,GOOGL,True,5.779722369,-0.008588370353,-0.001483743831
2024-01-05,JNJ,True,9.852397258,0.01327532897,0.001349239197
2024-01-05,JPM,True,9.835468056,0.0007634400302,7.762714387e-05
2024-01-05,MSFT,True,8.259776646,-0.002119094609,-0.0002564901175
2024-01-05,PG,True,6.094398501,-0.0126365303,-0.002069175997
2024-01-05,TSLA,True,1.895180464,0.004322718301,0.002286115024
2024-01-05,VNQ,False,,,
2024-01-05,WMT,True,1.964253603,-0.003822142497,-0.00194207083
2024-01-08,AAPL,True,6.323393452,0.01162671179,0.001842069308
2024-01-08,AMZN,True,2.681721713,-0.001565612531,-0.00058346809
2024-01-08,BAC,True,3.372845405,-0.002501760546,-0.0007411861428
2024-01-08,BND,False,,,
2024-01-08,GLD,False,,,
2024-01-08,GOOGL,True,5.760886022,-0.01883634685,-0.00325904008
2024-01-08,JNJ,True,9.863418356,0.0110210981,0.001118620962
2024-01-08,JPM,True,9.839682348,0.004214291946,0.0004284790436
2024-01-08,MSFT,True,8.26945452,0.009677874143,0.001171687148
2024-01-08,PG,True,6.101458799,0.007060298102,0.001158489735
2024-01-08,TSLA,True,1.891620585,-0.003559878449,-0.001878384944
2024-01-08,VNQ,False,,,
2024-01-08,WMT,True,1.961732574,-0.002521029295,-0.001283454077
2024-01-09,AAPL,True,6.318806934,-0.004586518744,-0.0007253255358
2024-01-09,AMZN,True,2.679302945,-0.002418768165,-0.0009019459973
2024-01-09,BAC,True,3.388182942,0.01533753755,0.004547358599
2024-01-09,BND,False,,,
2024-01-09,GLD,False,,,
2024-01-09,GOOGL,True,5.760714852,-0.0001711698399,-2.971241563e-05
2024-01-09,JNJ,True,9.853149461,-0.01026889481,-0.001041109121
2024-01-09,JPM,True,9.842506121,0.00282377299,0.000286978064
2024-01-09,MSFT,True,8.247136518,-0.02231800252,-0.002698848208
2024-01-09,PG,True,6.101552195,9.339569998e-05,1.530710983e-05
2024-01-09,TSLA,True,1.889175322,-0.002445263392,-0.001292681741
2024-01-09,VNQ,False,,,
2024-01-09,WMT,True,1.959486916,-0.002245657958,-0.001144731952
2024-01-10,AAPL,True,6.328401333,0.009594399497,0.001518387822
2024-01-10,AMZN,True,2.677324937,-0.001978008262,-0.0007382548008
2024-01-10,BAC,True,3.383249718,-0.004933224276,-0.001456008829
2024-01-10,BND,False,,,
2024-01-10,GLD,False,,,
2024-01-10,GOOGL,True,5.786736207,0.02602135458,0.004517035689
2024-01-10,JNJ,True,9.864686888,0.01153742664,0.00117093795
2024-01-10,JPM,True,9.84104888,-0.001457241432,-0.0001480559335
2024-01-10,MSFT,True,8.248927044,0.001790526864,0.0002171089154
2024-01-10,PG,True,6.088398083,-0.01315411172,-0.002155863181
2024-01-10,TSLA,True,1.892613572,0.003438249702,0.00181997386
2024-01-10,VNQ,False,,,
2024-01-10,WMT,True,1.960174501,0.0006875857658,0.0003509009222
2024-01-11,AAPL,True,6.351097916,0.0226965829,0.003586463896
2024-01-11,AMZN,True,2.683183922,0.005858984926,0.002188372747
2024-01-11,BAC,True,3.385809276,0.002559557801,0.0007565382442
2024-01-11,BND,False,,,
2024-01-11,GLD,False,,,
2024-01-11,GOOGL,True,5.795178803,0.008442596327,0.001458956487
2024-01-11,JNJ,True,9.859514814,-0.005172074462,-0.0005243019389
2024-01-11,JPM,True,9.832777481,-0.008271398541,-0.0008404996909
2024-01-11,MSFT,True,8.244965169,-0.00396187575,-0.0004802898278
2024-01-11,PG,True,6.083795165,-0.00460291779,-0.0007560145916
2024-01-11,TSLA,True,1.895079335,0.002465763015,0.001302834901
2024-01-11,VNQ,False,,,
2024-01-11,WMT,True,1.957419089,-0.002755412289,-0.001405697445
2024-01-12,AAPL,True,6.336635582,-0.01446233429,-0.002277139241
2024-01-12,AMZN,True,2.684697373,0.001513451954,0.0005640507688
2024-01-12,BAC,True,3.385517415,-0.0002918603039,-8.620104681e-05
2024-01-12,BND,False,,,
2024-01-12,GLD,False,,,
2024-01-12,GOOGL,True,5.79388103,-0.001297773249,-0.0002239401566
2024-01-12,JNJ,True,9.872156628,0.01264181474,0.001282194406
2024-01-12,JPM,True,9.799281448,-0.03349603378,-0.003406568881
2024-01-12,MSFT,True,8.247629756,0.002664587301,0.0003231775085
2024-01-12,PG,True,6.086478447,0.002683282166,0.0004410539957
2024-01-12,TSLA,True,1.890653608,-0.004425726205,-0.002335377799
2024-01-12,VNQ,False,,,
2024-01-12,WMT,True,1.953808611,-0.003610477835,-0.001844509362
2024-01-16,AAPL,True,6.356968492,0.02033291003,0.003208786393
2024-01-16,AMZN,True,2.676666575,-0.008030798106,-0.002991323411
2024-01-16,BAC,True,3.382504156,-0.003013259244,-0.0008900439354
2024-01-16,BND,False,,,
2024-01-16,GLD,False,,,
2024-01-16,GOOGL,True,5.790114848,-0.003766181808,-0.0006500274667
2024-01-16,JNJ,True,9.858117507,-0.01403912153,-0.001422092665
2024-01-16,JPM,True,9.783311142,-0.01597030532,-0.001629742487
2024-01-16,MSFT,True,8.218509941,-0.02911981469,-0.003530688882
2024-01-16,PG,True,6.082557805,-0.003920641793,-0.00064415603
2024-01-16,TSLA,True,1.891393774,0.0007401652164,0.000391486422
2024-01-16,VNQ,False,,,
2024-01-16,WMT,True,1.951063185,-0.002745426334,-0.001405166462
2024-01-17,AAPL,True,6.368933588,0.01196509596,0.001882201552
2024-01-17,AMZN,True,2.681481157,0.00481458115,0.001798722782
2024-01-17,BAC,True,3.378429272,-0.004074884013,-0.001204694459
2024-01-17,BND,False,,,
2024-01-17,GLD,False,,,
2024-01-17,GOOGL,True,5.805925459,0.01581061143,0.002730621386
2024-01-17,JNJ,True,9.849580403,-0.008537103946,-0.0008659973813
2024-01-17,JPM,True,9.792628727,0.009317584757,0.0009523958322
2024-01-17,MSFT,True,8.189259405,-0.02925053605,-0.003559104541
2024-01-17,PG,True,6.082366512,-0.000191293259,-3.144947654e-05
2024-01-17,TSLA,True,1.88789814,-0.003495633812,-0.001848178767
2024-01-17,VNQ,False,,,
2024-01-17,WMT,True,1.952965817,0.001902632079,0.0009751770693
2024-01-18,AAPL,True,6.358393619,-0.01053996881,-0.001654903237
2024-01-18,AMZN,True,2.690605155,0.009123998337,0.003402596477
2024-01-18,BAC,True,3.384438712,0.006009440239,0.001778767514
2024-01-18,BND,False,,,
2024-01-18,GLD,False,,,
2024-01-18,GOOGL,True,5.802022623,-0.003902836426,-0.0006722160753
2024-01-18,JNJ,True,9.860669269,0.01108886612,0.001125821169
2024-01-18,JPM,True,9.79635628,0.003727552629,0.0003806488261
2024-01-18,MSFT,True,8.163608718,-0.02565068734,-0.003132235293
2024-01-18,PG,True,6.081845885,-0.0005206276883,-8.559623745e-05
2024-01-18,TSLA,True,1.885617992,-0.002280147694,-0.001207770507
2024-01-18,VNQ,False,,,
2024-01-18,WMT,True,1.953380736,0.0004149187512,0.0002124557161
2024-01-19,AAPL,True,6.339971933,-0.0184216863,-0.002897223325
2024-01-19,AMZN,True,2.68521543,-0.005389725307,-0.002003164715
2024-01-19,BAC,True,3.38007274,-0.00436597244,-0.00129001374
2024-01-19,BND,False,,,
2024-01-19,GLD,False,,,
2024-01-19,GOOGL,True,5.796090049,-0.005932574235,-0.001022501052
2024-01-19,JNJ,True,9.841415083,-0.01925418574,-0.001952624636
2024-01-19,JPM,True,9.788431962,-0.007924317497,-0.0008089045836
2024-01-19,MSFT,True,8.153379651,-0.01022906695,-0.001253007989
2024-01-19,PG,True,6.07987074,-0.00197514494,-0.000324760768
2024-01-19,TSLA,True,1.879013075,-0.00660491736,-0.00350278656
2024-01-19,VNQ,False,,,
2024-01-19,WMT,True,1.952493614,-0.0008871222499,-0.0004541471274
2024-01-22,AAPL,True,6.344783903,0.004811970215,0.0007589891984
2024-01-22,AMZN,True,2.693450921,0.008235491726,0.003066976167
2024-01-22,BAC,True,3.374639908,-0.005432831775,-0.001607312089
2024-01-22,BND,False,,,
2024-01-22,GLD,False,,,
2024-01-22,GOOGL,True,5.781467069,-0.01462297962,-0.002522904147
2024-01-22,JNJ,True,9.828104163,-0.01331092053,-0.001352541318
2024-01-22,JPM,True,9.778632571,-0.009799391567,-0.001001119649
2024-01-22,MSFT,True,8.140527484,-0.01285216709,-0.001576299356
2024-01-22,PG,True,6.077831376,-0.002039363182,-0.0003354287071
2024-01-22,TSLA,True,1.8803156,0.001302525383,0.0006931965511
2024-01-22,VNQ,False,,,
2024-01-22,WMT,True,1.956601407,0.004107793111,0.002103870191
2024-01-23,AAPL,True,6.333464657,-0.01131924607,-0.001784023892
2024-01-23,AMZN,True,2.683732507,-0.009718413799,-0.003608164427
2024-01-23,BAC,True,3.371844492,-0.002795415875,-0.0008283597514
2024-01-23,BND,False,,,
2024-01-23,GLD,False,,,
2024-01-23,GOOGL,True,5.759096053,-0.02237101601,-0.003869435861
2024-01-23,JNJ,True,9.836573054,0.00846889119,0.0008617014075
2024-01-23,JPM,True,9.781079761,0.002447190334,0.0002502589515
2024-01-23,MSFT,True,8.142226654,0.00169917029,0.0002087297529
2024-01-23,PG,True,6.076449277,-0.00138209982,-0.0002274001587
2024-01-23,TSLA,True,1.880593305,0.0002777044644,0.0001476903475
2024-01-23,VNQ,False,,,
2024-01-23,WMT,True,1.953796992,-0.00280441503,-0.001433309319
2024-01-24,AAPL,True,6.327516309,-0.005948347651,-0.0009391933126
2024-01-24,AMZN,True,2.689600023,0.005867515361,0.002186326448
2024-01-24,BAC,True,3.369622012,-0.002222480518,-0.0006591290089
2024-01-24,BND,False,,,
2024-01-24,GLD,False,,,
2024-01-24,GOOGL,True,5.73601867,-0.02307738316,-0.004007118991
2024-01-24,JNJ,True,9.83557807,-0.0009949839539,-0.0001011514832
2024-01-24,JPM,True,9.766865046,-0.01421471499,-0.00145328689
2024-01-24,MSFT,True,8.145290621,0.003063966421,0.0003763057148
2024-01-24,PG,True,6.062972461,-0.01347681582,-0.002217876791
2024-01-24,TSLA,True,1.877239801,-0.003353503321,-0.001783215602
2024-01-24,VNQ,False,,,
2024-01-24,WMT,True,1.948638727,-0.005158264285,-0.002640122954
2024-01-25,AAPL,True,6.293367667,-0.03414864218,-0.005396847754
2024-01-25,AMZN,True,2.683773856,-0.005826167292,-0.002166183538
2024-01-25,BAC,True,3.367724957,-0.001897054901,-0.0005629874493
2024-01-25,BND,False,,,
2024-01-25,GLD,False,,,
2024-01-25,GOOGL,True,5.733822199,-0.002196471238,-0.0003829260963
2024-01-25,JNJ,True,9.82088758,-0.01469049042,-0.00149360722
2024-01-25,JPM,True,9.763993599,-0.002871446601,-0.0002939987998
2024-01-25,MSFT,True,8.163628388,0.01833776716,0.002251333686
2024-01-25,PG,True,6.065959241,0.002986780278,0.000492626397
2024-01-25,TSLA,True,1.875122695,-0.00211710656,-0.001127776302
2024-01-25,VNQ,False,,,
2024-01-25,WMT,True,1.944300785,-0.004337942442,-0.00222613991
2024-01-26,AAPL,True,6.280350672,-0.01301699528,-0.002068367203
2024-01-26,AMZN,True,2.676872714,-0.006901141649,-0.002571431879
2024-01-26,BAC,True,3.359771268,-0.007953689354,-0.002361739589
2024-01-26,BND,False,,,
2024-01-26,GLD,False,,,
2024-01-26,GOOGL,True,5.719940032,-0.01388216627,-0.002421101631
2024-01-26,JNJ,True,9.812662801,-0.008224778644,-0.000837478138
2024-01-26,JPM,True,9.784236395,0.02024279546,0.002073208596
2024-01-26,MSFT,True,8.158008865,-0.005619522383,-0.0006883608753
2024-01-26,PG,True,6.057553391,-0.008405849729,-0.001385741215
2024-01-26,TSLA,True,1.869699129,-0.005423565393,-0.00289237894
2024-01-26,VNQ,False,,,
2024-01-26,WMT,True,1.949589245,0.005288460362,0.002719980573
2024-01-29,AAPL,True,6.263417617,-0.01693305481,-0.002696195753
2024-01-29,AMZN,True,2.669260954,-0.00761175984,-0.002843527001
2024-01-29,BAC,True,3.355634463,-0.00413680441,-0.001231275608
2024-01-29,BND,False,,,
2024-01-29,GLD,False,,,
2024-01-29,GOOGL,True,5.706552598,-0.01338743426,-0.002340485073
2024-01-29,JNJ,True,9.809223313,-0.003439487458,-0.0003505151994
2024-01-29,JPM,True,9.786532454,0.002296059428,0.0002346692512
2024-01-29,MSFT,True,8.147731898,-0.01027696762,-0.001259739698
2024-01-29,PG,True,6.047792919,-0.009760471843,-0.001611289445
2024-01-29,TSLA,True,1.863719232,-0.005979897829,-0.003198320915
2024-01-29,VNQ,False,,,
2024-01-29,WMT,True,1.948377213,-0.001212032437,-0.0006216860499
2024-01-30,AAPL,True,6.24913156,-0.01428605677,-0.002280872463
2024-01-30,AMZN,True,2.656486561,-0.012774393,-0.00478574153
2024-01-30,BAC,True,3.339090725,-0.01654373764,-0.004930137005
2024-01-30,BND,False,,,
2024-01-30,GLD,False,,,
2024-01-30,GOOGL,True,5.699359249,-0.007193348929,-0.001260541948
2024-01-30,JNJ,True,9.805100784,-0.004122528913,-0.000420270676
2024-01-30,JPM,True,9.761210532,-0.02532192201,-0.002587425335
2024-01-30,MSFT,True,8.132364349,-0.01536754857,-0.001886113677
2024-01-30,PG,True,6.039918997,-0.00787392213,-0.001301949692
2024-01-30,TSLA,True,1.863957372,0.0002381401002,0.0001277768111
2024-01-30,VNQ,False,,,
2024-01-30,WMT,True,1.943319244,-0.005057968333,-0.002595990294
2024-01-31,AAPL,True,6.236095677,-0.01303588328,-0.00208603118
2024-01-31,AMZN,True,2.647284068,-0.009202493554,-0.003464159649
2024-01-31,BAC,True,3.330066826,-0.00902389903,-0.0027025019
2024-01-31,BND,False,,,
2024-01-31,GLD,False,,,
2024-01-31,GOOGL,True,5.694698874,-0.004660375321,-0.0008177016253
2024-01-31,JNJ,True,9.796533355,-0.008567429,-0.0008737726606
2024-01-31,JPM,True,9.730622201,-0.03058833146,-0.003133661687
2024-01-31,MSFT,True,8.117537703,-0.01482664573,-0.001823165453
2024-01-31,PG,True,6.027516919,-0.01240207846,-0.002053351786
2024-01-31,TSLA,True,1.859885371,-0.004072000313,-0.002184599484
2024-01-31,VNQ,False,,,
2024-01-31,WMT,True,1.939477268,-0.003841976464,-0.001977017659
2024-02-01,AAPL,True,6.223777883,-0.01231779411,-0.001975241361
2024-02-01,AMZN,True,2.639759898,-0.007524169256,-0.00284222209
2024-02-01,BAC,True,3.32238022,-0.007686606956,-0.002308244055
2024-02-01,BND,False,,,
2024-02-01,GLD,False,,,
2024-02-01,GOOGL,True,5.694982843,0.0002839691477,4.986552476e-05
2024-02-01,JNJ,True,9.765755799,-0.03077755662,-0.003141678336
2024-02-01,JPM,True,9.726143453,-0.004478747697,-0.0004602735164
2024-02-01,MSFT,True,8.128956568,0.011418865,0.001406690725
2024-02-01,PG,True,6.01844384,-0.009073079162,-0.001505276432
2024-02-01,TSLA,True,1.855233202,-0.00465216944,-0.002501320518
2024-02-01,VNQ,False,,,
2024-02-01,WMT,True,1.934683591,-0.004793677136,-0.002471633577
2024-02-02,AAPL,True,6.203466363,-0.02031151932,-0.003263535381
2024-02-02,AMZN,True,2.629378078,-0.01038182001,-0.003932865265
2024-02-02,BAC,True,3.317694282,-0.004685937412,-0.001410415757
2024-02-02,BND,False,,,
2024-02-02,GLD,False,,,
2024-02-02,GOOGL,True,5.700168202,0.005185358875,0.0009105135201
2024-02-02,JNJ,True,9.752702347,-0.01305345193,-0.001336655575
2024-02-02,JPM,True,9.726637315,0.0004938620088,5.077675558e-05
2024-02-02,MSFT,True,8.116945695,-0.0120108735,-0.001477541847
2024-02-02,PG,True,6.017239109,-0.001204730263,-0.0002001730506
2024-02-02,TSLA,True,1.852658207,-0.002574994834,-0.001387962889
2024-02-02,VNQ,False,,,
2024-02-02,WMT,True,1.930980029,-0.003703561757,-0.001914298428
2024-02-05,AAPL,True,6.186228583,-0.01723778077,-0.002778733656
2024-02-05,AMZN,True,2.617527968,-0.01185010978,-0.004506810897
2024-02-05,BAC,True,3.311697406,-0.00599687596,-0.001807543266
2024-02-05,BND,False,,,
2024-02-05,GLD,False,,,
2024-02-05,GOOGL,True,5.699306023,-0.000862178722,-0.0001512549615
2024-02-05,JNJ,True,9.736546313,-0.01615603398,-0.001656569985
2024-02-05,JPM,True,9.727887522,0.001250206861,0.0001285343352
2024-02-05,MSFT,True,8.124895513,0.007949818516,0.0009794100903
2024-02-05,PG,True,6.017093287,-0.0001458222792,-2.42340842e-05
2024-02-05,TSLA,True,1.848038273,-0.00461993452,-0.002493678813
2024-02-05,VNQ,False,,,
2024-02-05,WMT,True,1.930645546,-0.0003344833936,-0.0001732194992
2024-02-06,AAPL,True,6.161699517,-0.02452906575,-0.003965108212
2024-02-06,AMZN,True,2.602660846,-0.0148671226,-0.005679833332
2024-02-06,BAC,True,3.306847585,-0.004849821081,-0.001464451756
2024-02-06,BND,False,,,
2024-02-06,GLD,False,,,
2024-02-06,GOOGL,True,5.685261739,-0.01404428382,-0.00246420946
2024-02-06,JNJ,True,9.728158171,-0.008388142404,-0.0008615110671
2024-02-06,JPM,True,9.724111644,-0.003775878242,-0.0003881498664
2024-02-06,MSFT,True,8.11830748,-0.006588033142,-0.0008108452756
2024-02-06,PG,True,6.011006658,-0.006086629611,-0.001011556464
2024-02-06,TSLA,True,1.843543301,-0.00449497183,-0.00243229369
2024-02-06,VNQ,False,,,
2024-02-06,WMT,True,1.926251868,-0.00439367765,-0.002275755723
2024-02-07,AAPL,True,6.149108226,-0.01259129137,-0.00204347702
2024-02-07,AMZN,True,2.597801578,-0.004859267516,-0.001867038313
2024-02-07,BAC,True,3.297551713,-0.009295871788,-0.002811097745
2024-02-07,BND,False,,,
2024-02-07,GLD,False,,,
2024-02-07,GOOGL,True,5.686134356,0.000872616313,0.0001534874476
2024-02-07,JNJ,True,9.713116524,-0.01504164677,-0.001546196773
2024-02-07,JPM,True,9.677475057,-0.04663658714,-0.004795974053
2024-02-07,MSFT,True,8.101839343,-0.01646813768,-0.002028518594
2024-02-07,PG,True,6.007825892,-0.003180765483,-0.0005291568724
2024-02-07,TSLA,True,1.838576076,-0.004967224564,-0.002694389962
2024-02-07,VNQ,False,,,
2024-02-07,WMT,True,1.924478413,-0.00177345476,-0.0009206764644
2024-02-08,AAPL,True,6.137095102,-0.01201312398,-0.001953636778
2024-02-08,AMZN,True,2.598617144,0.0008155658935,0.0003139446447
2024-02-08,BAC,True,3.296233712,-0.001318001591,-0.0003996909543
2024-02-08,BND,False,,,
2024-02-08,GLD,False,,,
2024-02-08,GOOGL,True,5.680548952,-0.005585403609,-0.0009822848459
2024-02-08,JNJ,True,9.690969229,-0.02214729431,-0.002280142965
2024-02-08,JPM,True,9.6590222,-0.01845285669,-0.001906784216
2024-02-08,MSFT,True,8.076252862,-0.0255864803,-0.003158107588
2024-02-08,PG,True,6.006543624,-0.001282268018,-0.0002134329525
2024-02-08,TSLA,True,1.832088394,-0.006487682316,-0.00352864502
2024-02-08,VNQ,False,,,
2024-02-08,WMT,True,1.92116389,-0.003314523763,-0.00172229719
2024-02-09,AAPL,True,6.125020873,-0.0120742284,-0.001967417517
2024-02-09,AMZN,True,2.590887406,-0.007729738681,-0.002974558487
2024-02-09,BAC,True,3.285355244,-0.01087846719,-0.003300271809
2024-02-09,BND,False,,,
2024-02-09,GLD,False,,,
2024-02-09,GOOGL,True,5.665022614,-0.01552633765,-0.002733245992
2024-02-09,JNJ,True,9.670368518,-0.02060071173,-0.002125763816
2024-02-09,JPM,True,9.651316728,-0.00770547142,-0.0007977485982
2024-02-09,MSFT,True,8.029011834,-0.04724102843,-0.005849374609
2024-02-09,PG,True,6.00396254,-0.002581084543,-0.0004297121113
2024-02-09,TSLA,True,1.826658178,-0.005430216148,-0.002963948774
2024-02-09,VNQ,False,,,
2024-02-09,WMT,True,1.921640067,0.0004761769985,0.0002478586034
2024-02-12,AAPL,True,6.123326554,-0.001694319623,-0.0002766226692
2024-02-12,AMZN,True,2.578092625,-0.01279478095,-0.00493837784
2024-02-12,BAC,True,3.28112663,-0.004228614555,-0.001287110294
2024-02-12,BND,False,,,
2024-02-12,GLD,False,,,
2024-02-12,GOOGL,True,5.650394039,-0.0146285754,-0.002582262489
2024-02-12,JNJ,True,9.642191835,-0.02817668262,-0.00291371343
2024-02-12,JPM,True,9.637843254,-0.01347347458,-0.001396024497
2024-02-12,MSFT,True,8.03711267,0.008100836355,0.001008945624
2024-02-12,PG,True,6.005367574,0.001405034459,0.000234017859
2024-02-12,TSLA,True,1.824583177,-0.002075001031,-0.001135954749
2024-02-12,VNQ,False,,,
2024-02-12,WMT,True,1.921335523,-0.0003045432915,-0.000158480923
2024-02-13,AAPL,True,6.122161328,-0.001165225989,-0.0001902929688
2024-02-13,AMZN,True,2.582716066,0.004623441091,0.001793357247
2024-02-13,BAC,True,3.281186822,6.01925412e-05,1.834508326e-05
2024-02-13,BND,False,,,
2024-02-13,GLD,False,,,
2024-02-13,GOOGL,True,5.63307652,-0.0173175191,-0.003064833883
2024-02-13,JNJ,True,9.640340053,-0.001851781911,-0.000192049893
2024-02-13,JPM,True,9.617244242,-0.02059901217,-0.002137305165
2024-02-13,MSFT,True,8.000889239,-0.03622343071,-0.004507020394
2024-02-13,PG,True,6.004820694,-0.0005468797576,-9.106515977e-05
2024-02-13,TSLA,True,1.824262242,-0.0003209346754,-0.0001758947904
2024-02-13,VNQ,False,,,
2024-02-13,WMT,True,1.923704471,0.002368947399,0.001232969135
2024-02-14,AAPL,True,6.122143454,-1.787337239e-05,-2.919454656e-06
2024-02-14,AMZN,True,2.579999793,-0.002716272494,-0.001051711619
2024-02-14,BAC,True,3.276629068,-0.00455775494,-0.001389056822
2024-02-14,BND,False,,,
2024-02-14,GLD,False,,,
2024-02-14,GOOGL,True,5.627443247,-0.005633272487,-0.001000034789
2024-02-14,JNJ,True,9.643032063,0.002692009732,0.0002792442711
2024-02-14,JPM,True,9.612900355,-0.004343886459,-0.0004516768369
2024-02-14,MSFT,True,8.024532569,0.02364333,0.002955087778
2024-02-14,PG,True,5.992472028,-0.0123486658,-0.002056458708
2024-02-14,TSLA,True,1.816664218,-0.007598023675,-0.004164984343
2024-02-14,VNQ,False,,,
2024-02-14,WMT,True,1.916751705,-0.006952765798,-0.003614258793
2024-02-15,AAPL,True,6.13474864,0.01260518561,0.00205894973
2024-02-15,AMZN,True,2.577772514,-0.002227279175,-0.0008632865711
2024-02-15,BAC,True,3.266375199,-0.01025386851,-0.003129395575
2024-02-15,BND,False,,,
2024-02-15,GLD,False,,,
2024-02-15,GOOGL,True,5.619417684,-0.008025562981,-0.001426147298
2024-02-15,JNJ,True,9.624954351,-0.01807771175,-0.001874691657
2024-02-15,JPM,True,9.610607168,-0.002293187162,-0.0002385530981
2024-02-15,MSFT,True,8.026924556,0.00239198671,0.0002980842422
2024-02-15,PG,True,5.971209241,-0.02126278723,-0.003548249726
2024-02-15,TSLA,True,1.813750976,-0.002913242391,-0.001603621826
2024-02-15,VNQ,False,,,
2024-02-15,WMT,True,1.913731075,-0.003020630017,-0.001575910959
2024-02-16,AAPL,True,6.138338052,0.003589412034,0.0005850952084
2024-02-16,AMZN,True,2.569709866,-0.008062647584,-0.003127757605
2024-02-16,BAC,True,3.263383603,-0.002991596326,-0.0009158765126
2024-02-16,BND,False,,,
2024-02-16,GLD,False,,,
2024-02-16,GOOGL,True,5.617117157,-0.002300527681,-0.0004093889812
2024-02-16,JNJ,True,9.633689093,0.008734741887,0.0009075099547
2024-02-16,JPM,True,9.596748548,-0.01385862053,-0.001442013005
2024-02-16,MSFT,True,8.033369155,0.006444598596,0.0008028727007
2024-02-16,PG,True,5.962937525,-0.008271716193,-0.001385266511
2024-02-16,TSLA,True,1.810869165,-0.002881810987,-0.001588868056
2024-02-16,VNQ,False,,,
2024-02-16,WMT,True,1.911752196,-0.001978879089,-0.001034042408
2024-02-20,AAPL,True,6.133794631,-0.004543421191,-0.0007401712244
2024-02-20,AMZN,True,2.571041904,0.001332037671,0.0005183611148
2024-02-20,BAC,True,3.257800852,-0.005582750731,-0.001710724638
2024-02-20,BND,False,,,
2024-02-20,GLD,False,,,
2024-02-20,GOOGL,True,5.629667121,0.01254996402,0.00223423576
2024-02-20,JNJ,True,9.641817417,0.008128323902,0.000843739488
2024-02-20,JPM,True,9.581075661,-0.01567288659,-0.001633145488
2024-02-20,MSFT,True,8.024181218,-0.009187936633,-0.001143721452
2024-02-20,PG,True,5.956598163,-0.006339362436,-0.001063127428
2024-02-20,TSLA,True,1.79746524,-0.0134039253,-0.007401929171
2024-02-20,VNQ,False,,,
2024-02-20,WMT,True,1.909503652,-0.002248543383,-0.001176168851
2024-02-21,AAPL,True,6.132053549,-0.001741081301,-0.0002838506025
2024-02-21,AMZN,True,2.564133803,-0.00690810141,-0.002686887911
2024-02-21,BAC,True,3.253377173,-0.004423679121,-0.001357872787
2024-02-21,BND,False,,,
2024-02-21,GLD,False,,,
2024-02-21,GOOGL,True,5.62237209,-0.007295030561,-0.001295819167
2024-02-21,JNJ,True,9.623519508,-0.01829790922,-0.00189776558
2024-02-21,JPM,True,9.569131779,-0.01194388212,-0.001246611815
2024-02-21,MSFT,True,8.024964888,0.0007836698169,9.766352425e-05
2024-02-21,PG,True,5.949693836,-0.00690432645,-0.001159105627
2024-02-21,TSLA,True,1.796672101,-0.0007931390965,-0.0004412542056
2024-02-21,VNQ,False,,,
2024-02-21,WMT,True,1.913373872,0.003870219722,0.002026819754
2024-02-22,AAPL,True,6.141417027,0.00936347811,0.001526972658
2024-02-22,AMZN,True,2.564404097,0.0002702939285,0.0001054133479
2024-02-22,BAC,True,3.249377526,-0.003999647225,-0.001229383196
2024-02-22,BND,False,,,
2024-02-22,GLD,False,,,
2024-02-22,GOOGL,True,5.62025259,-0.002119499793,-0.0003769760804
2024-02-22,JNJ,True,9.615311763,-0.008207745008,-0.0008528839164
2024-02-22,JPM,True,9.544712373,-0.02441940562,-0.002551893545
2024-02-22,MSFT,True,8.027916559,0.002951671146,0.0003678110978
2024-02-22,PG,True,5.938077939,-0.01161589701,-0.001952352059
2024-02-22,TSLA,True,1.790690889,-0.005981211828,-0.003329050318
2024-02-22,VNQ,False,,,
2024-02-22,WMT,True,1.915401942,0.002028069486,0.001059944173
2024-02-23,AAPL,True,6.138863688,-0.002553338983,-0.0004157573036
2024-02-23,AMZN,True,2.563213903,-0.001190193565,-0.0004641209109
2024-02-23,BAC,True,3.239379187,-0.009998338153,-0.003077001079
2024-02-23,BND,False,,,
2024-02-23,GLD,False,,,
2024-02-23,GOOGL,True,5.624466183,0.004213592499,0.000749715859
2024-02-23,JNJ,True,9.624180738,0.008868975494,0.0009223804399
2024-02-23,JPM,True,9.540902331,-0.00381004231,-0.0003991783263
2024-02-23,MSFT,True,8.023576176,-0.004340382686,-0.0005406611608
2024-02-23,PG,True,5.926136104,-0.01194183459,-0.002011060602
2024-02-23,TSLA,True,1.78905955,-0.001631339172,-0.0009110110418
2024-02-23,VNQ,False,,,
2024-02-23,WMT,True,1.912882634,-0.002519307939,-0.001315289436
2024-02-26,AAPL,True,6.133378289,-0.005485399124,-0.0008935528467
2024-02-26,AMZN,True,2.558601978,-0.004611925059,-0.001799274362
2024-02-26,BAC,True,3.231533444,-0.007845743731,-0.002421989918
2024-02-26,BND,False,,,
2024-02-26,GLD,False,,,
2024-02-26,GOOGL,True,5.638822761,0.01435657782,0.002552522738
2024-02-26,JNJ,True,9.597212397,-0.02696834127,-0.0028021441
2024-02-26,JPM,True,9.532228941,-0.008673390028,-0.0009090743965
2024-02-26,MSFT,True,8.006903651,-0.01667252591,-0.002077941997
2024-02-26,PG,True,5.911454976,-0.01468112802,-0.002477352488
2024-02-26,TSLA,True,1.785058804,-0.004000745553,-0.002236228276
2024-02-26,VNQ,False,,,
2024-02-26,WMT,True,1.913392419,0.0005097850941,0.0002665009787
2024-02-27,AAPL,True,6.119892587,-0.01348570204,-0.002198739651
2024-02-27,AMZN,True,2.549471326,-0.009130651969,-0.003568609752
2024-02-27,BAC,True,3.226063473,-0.00546997073,-0.001692685787
2024-02-27,BND,False,,,
2024-02-27,GLD,False,,,
2024-02-27,GOOGL,True,5.619816789,-0.01900597116,-0.00337055658
2024-02-27,JNJ,True,9.602881726,0.005669328757,0.0005907266113
2024-02-27,JPM,True,9.515261126,-0.01696781525,-0.00178004697
2024-02-27,MSFT,True,8.005272416,-0.001631234189,-0.0002037284649
2024-02-27,PG,True,5.91548583,0.004030853731,0.0006818716792
2024-02-27,TSLA,True,1.78343623,-0.001622574336,-0.0009089752855
2024-02-27,VNQ,False,,,
2024-02-27,WMT,True,1.912600627,-0.0007917917493,-0.0004138156614
2024-02-28,AAPL,True,6.110495024,-0.009397563821,-0.001535576595
2024-02-28,AMZN,True,2.541851488,-0.007619837667,-0.00298879128
2024-02-28,BAC,True,3.22056382,-0.005499653371,-0.001704756716
2024-02-28,BND,False,,,
2024-02-28,GLD,False,,,
2024-02-28,GOOGL,True,5.636211404,0.01639461443,0.002917286282
2024-02-28,JNJ,True,9.59513367,-0.0077480555,-0.0008068469155
2024-02-28,JPM,True,9.513535502,-0.001725623267,-0.0001813532224
2024-02-28,MSFT,True,8.006330649,0.001058233144,0.0001321920215
2024-02-28,PG,True,5.910725293,-0.004760537588,-0.0008047585143
2024-02-28,TSLA,True,1.780422788,-0.003013442021,-0.00168968308
2024-02-28,VNQ,False,,,
2024-02-28,WMT,True,1.915285734,0.002685107275,0.001403903793
2024-02-29,AAPL,True,6.101696273,-0.008798750608,-0.001439940721
2024-02-29,AMZN,True,2.541055395,-0.000796093338,-0.0003131942766
2024-02-29,BAC,True,3.21744374,-0.003120079584,-0.0009687991789
2024-02-29,BND,False,,,
2024-02-29,GLD,False,,,
2024-02-29,GOOGL,True,5.635063079,-0.001148325363,-0.0002037406478
2024-02-29,JNJ,True,9.586838042,-0.008295627933,-0.0008645661664
2024-02-29,JPM,True,9.508845484,-0.004690018162,-0.0004929837242
2024-02-29,MSFT,True,8.018445075,0.01211442576,0.001513105852
2024-02-29,PG,True,5.909554932,-0.001170360155,-0.0001980061831
2024-02-29,TSLA,True,1.778562871,-0.001859916912,-0.001044649015
2024-02-29,VNQ,False,,,
2024-02-29,WMT,True,1.917074006,0.001788271915,0.0009336841405
2024-03-01,AAPL,True,6.113589827,0.0118935536,0.001949220851
2024-03-01,AMZN,True,2.543229605,0.002174209617,0.0008556325145
2024-03-01,BAC,True,3.217471915,2.817445801e-05,8.756783424e-06
2024-03-01,BND,False,,,
2024-03-01,GLD,False,,,
2024-03-01,GOOGL,True,5.64346022,0.008397141494,0.001490159272
2024-03-01,JNJ,True,9.569591287,-0.01724675543,-0.001799003524
2024-03-01,JPM,True,9.501488598,-0.007356886497,-0.0007736887206
2024-03-01,MSFT,True,8.038382011,0.01993693579,0.002486384281
2024-03-01,PG,True,5.901755191,-0.007799741382,-0.00131985259
2024-03-01,TSLA,True,1.779126411,0.0005635406516,0.0003168516902
2024-03-01,VNQ,False,,,
2024-03-01,WMT,True,1.921783343,0.004709337223,0.002456523435
2024-03-04,AAPL,True,6.135090784,0.02150095785,0.00351691207
2024-03-04,AMZN,True,2.538063226,-0.005166379037,-0.002031424543
2024-03-04,BAC,True,3.215088993,-0.002382921066,-0.0007406190728
2024-03-04,BND,False,,,
2024-03-04,GLD,False,,,
2024-03-04,GOOGL,True,5.641375512,-0.002084708191,-0.0003694024782
2024-03-04,JNJ,True,9.571075703,0.001484416129,0.000155118028
2024-03-04,JPM,True,9.494092186,-0.007396411349,-0.0007784476372
2024-03-04,MSFT,True,8.019638573,-0.01874343853,-0.002331742694
2024-03-04,PG,True,5.893641166,-0.008114025062,-0.001374849481
2024-03-04,TSLA,True,1.775189985,-0.003936426118,-0.002212561228
2024-03-04,VNQ,False,,,
2024-03-04,WMT,True,1.92221108,0.000427736718,0.0002225728095
2024-03-05,AAPL,True,6.117801393,-0.01728939107,-0.002818114952
2024-03-05,AMZN,True,2.537939761,-0.0001234642374,-4.86450598e-05
2024-03-05,BAC,True,3.21495611,-0.0001328838841,-4.133132376e-05
2024-03-05,BND,False,,,
2024-03-05,GLD,False,,,
2024-03-05,GOOGL,True,5.656477135,0.01510162327,0.002676939912
2024-03-05,JNJ,True,9.569171498,-0.001904204782,-0.000198954103
2024-03-05,JPM,True,9.498469112,0.004376925706,0.0004610157159
2024-03-05,MSFT,True,7.994580524,-0.02505804884,-0.003124585804
2024-03-05,PG,True,5.887999641,-0.005641525241,-0.0009572223829
2024-03-05,TSLA,True,1.768267753,-0.006922231849,-0.003899431557
2024-03-05,VNQ,False,,,
2024-03-05,WMT,True,1.926347217,0.004136137094,0.002151760094
2024-03-06,AAPL,True,6.132166282,0.01436488918,0.00234804765
2024-03-06,AMZN,True,2.538219538,0.000279777036,0.0001102378552
2024-03-06,BAC,True,3.221377724,0.00642161463,0.001997419066
2024-03-06,BND,False,,,
2024-03-06,GLD,False,,,
2024-03-06,GOOGL,True,5.662705363,0.006228227434,0.001101078867
2024-03-06,JNJ,True,9.580131795,0.01096029713,0.001145375766
2024-03-06,JPM,True,9.504365159,0.005896046705,0.0006207365246
2024-03-06,MSFT,True,7.994613996,3.347270043e-05,4.18692392e-06
2024-03-06,PG,True,5.887213674,-0.0007859664943,-0.0001334861655
2024-03-06,TSLA,True,1.768948672,0.0006809187414,0.0003850767171
2024-03-06,VNQ,False,,,
2024-03-06,WMT,True,1.926314694,-3.252346071e-05,-1.68834883e-05
2024-03-07,AAPL,True,6.128331376,-0.003834906401,-0.000625375475
2024-03-07,AMZN,True,2.525887844,-0.01233169478,-0.004858403537
2024-03-07,BAC,True,3.216716804,-0.004660920261,-0.001446871699
2024-03-07,BND,False,,,
2024-03-07,GLD,False,,,
2024-03-07,GOOGL,True,5.658656224,-0.004049138848,-0.0007150537753
2024-03-07,JNJ,True,9.60298654,0.02285474464,0.002385639898
2024-03-07,JPM,True,9.528080352,0.02371519358,0.002495189651
2024-03-07,MSFT,True,8.006637042,0.01202304589,0.001503893234
2024-03-07,PG,True,5.878755193,-0.008458481467,-0.001436754624
2024-03-07,TSLA,True,1.768891525,-5.71470173e-05,-3.230563905e-05
2024-03-07,VNQ,False,,,
2024-03-07,WMT,True,1.933389283,0.007074589282,0.003672603082
2024-03-08,AAPL,True,6.091824065,-0.03650731123,-0.005957137268
2024-03-08,AMZN,True,2.52533299,-0.0005548539255,-0.0002196668894
2024-03-08,BAC,True,3.221556277,0.004839473485,0.001504476079
2024-03-08,BND,False,,,
2024-03-08,GLD,False,,,
2024-03-08,GOOGL,True,5.649524653,-0.009131570585,-0.00161373482
2024-03-08,JNJ,True,9.58281945,-0.02016709007,-0.002100085217
2024-03-08,JPM,True,9.52849208,0.0004117279694,4.32120589e-05
2024-03-08,MSFT,True,8.025677156,0.01904011381,0.002378041331
2024-03-08,PG,True,5.871163265,-0.007591927838,-0.001291417586
2024-03-08,TSLA,True,1.767756327,-0.001135197856,-0.0006417566254
2024-03-08,VNQ,False,,,
2024-03-08,WMT,True,1.929265669,-0.00412361443,-0.002132842292
2024-03-11,AAPL,True,6.102742173,0.01091810801,0.001792255964
2024-03-11,AMZN,True,2.52136073,-0.003972259924,-0.001572964809
2024-03-11,BAC,True,3.225419225,0.003862947435,0.001199093575
2024-03-11,BND,False,,,
2024-03-11,GLD,False,,,
2024-03-11,GOOGL,True,5.647912611,-0.001612041745,-0.0002853411295
2024-03-11,JNJ,True,9.575786215,-0.007033234443,-0.0007339420804
2024-03-11,JPM,True,9.528840368,0.0003482879814,3.655226645e-05
2024-03-11,MSFT,True,8.032445095,0.006767938923,0.000843285718
2024-03-11,PG,True,5.868638965,-0.002524300444,-0.0004299489436
2024-03-11,TSLA,True,1.763112243,-0.004644083842,-0.002627106332
2024-03-11,VNQ,False,,,
2024-03-11,WMT,True,1.928376005,-0.0008896633752,-0.0004611409355
2024-03-12,AAPL,True,6.11577525,0.01303307694,0.002135609956
2024-03-12,AMZN,True,2.516490483,-0.004870246965,-0.001931594677
2024-03-12,BAC,True,3.223995183,-0.001424041556,-0.0004415058809
2024-03-12,BND,False,,,
2024-03-12,GLD,False,,,
2024-03-12,GOOGL,True,5.639926603,-0.00798600868,-0.001413975256
2024-03-12,JNJ,True,9.593434226,0.01764801003,0.001842982877
2024-03-12,JPM,True,9.53840411,0.009563741914,0.001003662727
2024-03-12,MSFT,True,8.043356044,0.01091094872,0.001358359577
2024-03-12,PG,True,5.856130261,-0.01250870393,-0.002131448878
2024-03-12,TSLA,True,1.758110111,-0.00500213198,-0.002837103536
2024-03-12,VNQ,False,,,
2024-03-12,WMT,True,1.93005218,0.001676174537,0.000869215616
2024-03-13,AAPL,True,6.126240142,0.01046489215,0.001711130923
2024-03-13,AMZN,True,2.512162698,-0.004327785158,-0.001719770127
2024-03-13,BAC,True,3.21936359,-0.004631593331,-0.001436600574
2024-03-13,BND,False,,,
2024-03-13,GLD,False,,,
2024-03-13,GOOGL,True,5.635398651,-0.004527952019,-0.00080283882
2024-03-13,JNJ,True,9.584342418,-0.009091807632,-0.0009477114679
2024-03-13,JPM,True,9.545335349,0.006931238616,0.000726666488
2024-03-13,MSFT,True,8.044237971,0.0008819269408,0.0001096466371
2024-03-13,PG,True,5.875791597,0.01966133636,0.003357393959
2024-03-13,TSLA,True,1.760754986,0.0026448747,0.001504385125
2024-03-13,VNQ,False,,,
2024-03-13,WMT,True,1.928886268,-0.001165912121,-0.0006040832125
2024-03-14,AAPL,True,6.113909809,-0.01233033267,-0.00201270802
2024-03-14,AMZN,True,2.51118777,-0.0009749281055,-0.0003880831868
2024-03-14,BAC,True,3.226079081,0.006715491296,0.00208596858
2024-03-14,BND,False,,,
2024-03-14,GLD,False,,,
2024-03-14,GOOGL,True,5.646952575,0.01155392417,0.002050240789
2024-03-14,JNJ,True,9.604013725,0.01967130723,0.002052442032
2024-03-14,JPM,True,9.537587377,-0.007747971688,-0.000811702408
2024-03-14,MSFT,True,8.036421351,-0.007816619632,-0.0009717041764
2024-03-14,PG,True,5.88264526,0.006853662589,0.001166423702
2024-03-14,TSLA,True,1.759290153,-0.001464833659,-0.0008319349771
2024-03-14,VNQ,False,,,
2024-03-14,WMT,True,1.925577304,-0.003308963668,-0.001715478887
2024-03-15,AAPL,True,6.125764195,0.01185438586,0.00193892063
2024-03-15,AMZN,True,2.5073256,-0.00386216936,-0.001537985095
2024-03-15,BAC,True,3.224521739,-0.001557341879,-0.0004827351841
2024-03-15,BND,False,,,
2024-03-15,GLD,False,,,
2024-03-15,GOOGL,True,5.660142293,0.01318971801,0.002335723178
2024-03-15,JNJ,True,9.601130735,-0.002882989801,-0.0003001859309
2024-03-15,JPM,True,9.548617846,0.01103046861,0.001156526087
2024-03-15,MSFT,True,8.025824671,-0.0105966797,-0.001318581896
2024-03-15,PG,True,5.883061989,0.0004167292065,7.084044475e-05
2024-03-15,TSLA,True,1.760292485,0.001002332767,0.0005697370418
2024-03-15,VNQ,False,,,
2024-03-15,WMT,True,1.92710978,0.001532476153,0.0007958528335
2024-03-18,AAPL,True,6.109109855,-0.01665433992,-0.002718736699
2024-03-18,AMZN,True,2.515742479,0.008416878312,0.003356914759
2024-03-18,BAC,True,3.229198015,0.004676275666,0.001450223024
2024-03-18,BND,False,,,
2024-03-18,GLD,False,,,
2024-03-18,GOOGL,True,5.656430024,-0.003712268871,-0.0006558614039
2024-03-18,JNJ,True,9.611306753,0.01017601768,0.001059877004
2024-03-18,JPM,True,9.553574757,0.004956911415,0.0005191234475
2024-03-18,MSFT,True,8.034710048,0.008885376813,0.001107098295
2024-03-18,PG,True,5.883308055,0.0002460663552,4.182623873e-05
2024-03-18,TSLA,True,1.756607122,-0.003685362785,-0.002093608202
2024-03-18,VNQ,False,,,
2024-03-18,WMT,True,1.929788948,0.002679167579,0.001390251664
2024-03-19,AAPL,True,6.12270161,0.01359175478,0.002224833912
2024-03-19,AMZN,True,2.515002065,-0.0007404139921,-0.0002943123147
2024-03-19,BAC,True,3.225556395,-0.003641620427,-0.001127716668
2024-03-19,BND,False,,,
2024-03-19,GLD,False,,,
2024-03-19,GOOGL,True,5.64516723,-0.011262794,-0.001991148826
2024-03-19,JNJ,True,9.611495389,0.0001886355693,1.962642273e-05
2024-03-19,JPM,True,9.564116503,0.01054174549,0.001103434658
2024-03-19,MSFT,True,8.048826888,0.01411683973,0.00175698185
2024-03-19,PG,True,5.883453371,0.0001453162196,2.469974685e-05
2024-03-19,TSLA,True,1.753141395,-0.003465727102,-0.001972966554
2024-03-19,VNQ,False,,,
2024-03-19,WMT,True,1.934513796,0.004724848037,0.00244837553
2024-03-20,AAPL,True,6.122310738,-0.0003908722267,-6.383982948e-05
2024-03-20,AMZN,True,2.513779418,-0.001222646741,-0.0004861414461
2024-03-20,BAC,True,3.231069016,0.005512621084,0.001709045017
2024-03-20,BND,False,,,
2024-03-20,GLD,False,,,
2024-03-20,GOOGL,True,5.648394943,0.00322771318,0.0005717657331
2024-03-20,JNJ,True,9.607366718,-0.004128670588,-0.0004295554876
2024-03-20,JPM,True,9.571621105,0.007504602234,0.0007846623608
2024-03-20,MSFT,True,8.047061725,-0.001765163138,-0.0002193068832
2024-03-20,PG,True,5.885619439,0.002166067842,0.0003681626598
2024-03-20,TSLA,True,1.751449689,-0.001691706013,-0.0009649569723
2024-03-20,VNQ,False,,,
2024-03-20,WMT,True,1.928939582,-0.005574213661,-0.002881454593
2024-03-21,AAPL,True,6.33314979,0.210839052,0.03443782275
2024-03-21,AMZN,True,2.542640826,0.02886140802,0.01148128106
2024-03-21,BAC,True,3.124537574,-0.1065314421,-0.03297095839
2024-03-21,BND,False,,,
2024-03-21,GLD,False,,,
2024-03-21,GOOGL,True,5.684228319,0.03583337627,0.006343992698
2024-03-21,JNJ,True,9.599546262,-0.00782045557,-0.0008140061475
2024-03-21,JPM,True,9.544032349,-0.02758875624,-0.002882349389
2024-03-21,MSFT,True,8.218199954,0.171138229,0.02126716991
2024-03-21,PG,True,5.974588141,0.08896870134,0.01511628508
2024-03-21,TSLA,True,1.632877355,-0.1185723341,-0.06769953758
2024-03-21,VNQ,False,,,
2024-03-21,WMT,True,1.931977301,0.003037719406,0.001574813143
2024-03-22,AAPL,True,6.346234816,0.01308502614,0.002066116636
2024-03-22,AMZN,True,2.54586433,0.003223504229,0.00126777805
2024-03-22,BAC,True,3.118406432,-0.006131141855,-0.001962255761
2024-03-22,BND,False,,,
2024-03-22,GLD,False,,,
2024-03-22,GOOGL,True,5.696115046,0.0118867263,0.002091176785
2024-03-22,JNJ,True,9.611857123,0.01231086101,0.001282441969
2024-03-22,JPM,True,9.544478213,0.0004458642303,4.671654642e-05
2024-03-22,MSFT,True,8.223428234,0.005228279931,0.0006361831009
2024-03-22,PG,True,5.96903733,-0.005550810977,-0.0009290700625
2024-03-22,TSLA,True,1.632987294,0.0001099386617,6.732818076e-05
2024-03-22,VNQ,False,,,
2024-03-22,WMT,True,1.929704465,-0.002272836777,-0.001176430373
2024-03-25,AAPL,True,6.345286046,-0.0009487695523,-0.0001495011735
2024-03-25,AMZN,True,2.545712314,-0.0001520160273,-5.971096946e-05
2024-03-25,BAC,True,3.119535359,0.001128927093,0.0003620205121
2024-03-25,BND,False,,,
2024-03-25,GLD,False,,,
2024-03-25,GOOGL,True,5.680869933,-0.01524511317,-0.002676405419
2024-03-25,JNJ,True,9.591234477,-0.02062264686,-0.002145542385
2024-03-25,JPM,True,9.547648492,0.003170278645,0.0003321584035
2024-03-25,MSFT,True,8.238912,0.01548376608,0.001882884564
2024-03-25,PG,True,5.968187587,-0.0008497421126,-0.0001423583177
2024-03-25,TSLA,True,1.632425719,-0.0005615745419,-0.0003438940058
2024-03-25,VNQ,False,,,
2024-03-25,WMT,True,1.927787263,-0.001917201818,-0.0009935209524
2024-03-26,AAPL,True,6.357384103,0.01209805688,0.001906621198
2024-03-26,AMZN,True,2.539176831,-0.00653548253,-0.002567251018
2024-03-26,BAC,True,3.124067452,0.004532092794,0.001452810202
2024-03-26,BND,False,,,
2024-03-26,GLD,False,,,
2024-03-26,GOOGL,True,5.672529379,-0.008340553285,-0.001468182406
2024-03-26,JNJ,True,9.590444847,-0.0007896295259,-8.232824751e-05
2024-03-26,JPM,True,9.559021864,0.01137337277,0.001191222402
2024-03-26,MSFT,True,8.243351711,0.004439711489,0.0005388710899
2024-03-26,PG,True,5.963546514,-0.004641073091,-0.0007776352575
2024-03-26,TSLA,True,1.63037378,-0.002051939702,-0.001256988099
2024-03-26,VNQ,False,,,
2024-03-26,WMT,True,1.923757041,-0.004030221975,-0.002090594773
2024-03-27,AAPL,True,6.352509714,-0.004874389185,-0.0007667287529
2024-03-27,AMZN,True,2.542252988,0.003076156662,0.001211477918
2024-03-27,BAC,True,3.130707729,0.006640277675,0.002125523145
2024-03-27,BND,False,,,
2024-03-27,GLD,False,,,
2024-03-27,GOOGL,True,5.675919185,0.003389805817,0.0005975827695
2024-03-27,JNJ,True,9.585093514,-0.005351333036,-0.0005579859038
2024-03-27,JPM,True,9.580360375,0.02133851025,0.00223229014
2024-03-27,MSFT,True,8.243778751,0.0004270402261,5.180419822e-05
2024-03-27,PG,True,5.968384575,0.004838060774,0.0008112724136
2024-03-27,TSLA,True,1.63038654,1.276074777e-05,7.826884812e-06
2024-03-27,VNQ,False,,,
2024-03-27,WMT,True,1.921971485,-0.001785556004,-0.0009281608675
2024-03-28,AAPL,True,6.349192258,-0.003317455916,-0.0005222276021
2024-03-28,AMZN,True,2.540344719,-0.001908268994,-0.0007506212022
2024-03-28,BAC,True,3.133135114,0.002427384553,0.0007753469064
2024-03-28,BND,False,,,
2024-03-28,GLD,False,,,
2024-03-28,GOOGL,True,5.693955148,0.01803596327,0.003177628624
2024-03-28,JNJ,True,9.588657569,0.003564055398,0.0003718331378
2024-03-28,JPM,True,9.595966881,0.01560650604,0.001629010333
2024-03-28,MSFT,True,8.20946606,-0.03431269126,-0.004162252809
2024-03-28,PG,True,5.97690314,0.008518565016,0.001427281521
2024-03-28,TSLA,True,1.634380057,0.003993516706,0.002449429388
2024-03-28,VNQ,False,,,
2024-03-28,WMT,True,1.922729618,0.0007581333864,0.0003944561053
2024-04-01,AAPL,True,6.343615315,-0.00557694323,-0.0008783705082
2024-04-01,AMZN,True,2.548746452,0.008401732834,0.003307319975
2024-04-01,BAC,True,3.137220156,0.004085042432,0.001303819428
2024-04-01,BND,False,,,
2024-04-01,GLD,False,,,
2024-04-01,GOOGL,True,5.688603745,-0.005351403325,-0.0009398393885
2024-04-01,JNJ,True,9.591355407,0.002697838108,0.0002813572274
2024-04-01,JPM,True,9.607551154,0.01158427387,0.00120720236
2024-04-01,MSFT,True,8.217007753,0.007541692468,0.000918658097
2024-04-01,PG,True,5.971764704,-0.005138436613,-0.0008597155572
2024-04-01,TSLA,True,1.635938216,0.001558158718,0.0009533637607
2024-04-01,VNQ,False,,,
2024-04-01,WMT,True,1.920715328,-0.002014290181,-0.001047620093
2024-04-02,AAPL,True,6.338952416,-0.00466289921,-0.0007350539051
2024-04-02,AMZN,True,2.554194716,0.005448264217,0.002137625032
2024-04-02,BAC,True,3.141139175,0.003919018964,0.00124920113
2024-04-02,BND,False,,,
2024-04-02,GLD,False,,,
2024-04-02,GOOGL,True,5.695304749,0.006701003837,0.001177969874
2024-04-02,JNJ,True,9.592065076,0.000709668014,7.399037819e-05
2024-04-02,JPM,True,9.629409432,0.02185827762,0.002275114362
2024-04-02,MSFT,True,8.234550279,0.01754252647,0.002134904457
2024-04-02,PG,True,5.969109944,-0.002654759869,-0.0004445519877
2024-04-02,TSLA,True,1.635345709,-0.0005925066106,-0.0003621815328
2024-04-02,VNQ,False,,,
2024-04-02,WMT,True,1.91774813,-0.00296719816,-0.001544840152
2024-04-03,AAPL,True,6.31425009,-0.0247023262,-0.003896909865
2024-04-03,AMZN,True,2.551098446,-0.003096270486,-0.001212229618
2024-04-03,BAC,True,3.146529436,0.005390261005,0.001716021069
2024-04-03,BND,False,,,
2024-04-03,GLD,False,,,
2024-04-03,GOOGL,True,5.705469466,0.01016471752,0.001784753928
2024-04-03,JNJ,True,9.573667601,-0.01839747413,-0.001917988878
2024-04-03,JPM,True,9.636968092,0.00755866018,0.0007849557373
2024-04-03,MSFT,True,8.232699372,-0.00185090675,-0.0002247732647
2024-04-03,PG,True,5.96553476,-0.003575183961,-0.000598947581
2024-04-03,TSLA,True,1.639525284,0.004179574443,0.002555774243
2024-04-03,VNQ,False,,,
2024-04-03,WMT,True,1.916161201,-0.00158692893,-0.0008274960123
2024-04-04,AAPL,True,6.302512562,-0.01173752746,-0.001858894927
2024-04-04,AMZN,True,2.54983712,-0.001261325961,-0.0004944246518
2024-04-04,BAC,True,3.146565867,3.643072477e-05,1.157806577e-05
2024-04-04,BND,False,,,
2024-04-04,GLD,False,,,
2024-04-04,GOOGL,True,5.699542403,-0.005927063878,-0.001038838944
2024-04-04,JNJ,True,9.571267328,-0.002400272999,-0.0002507161413
2024-04-04,JPM,True,9.641426234,0.004458141564,0.0004626083143
2024-04-04,MSFT,True,8.221047808,-0.01165156433,-0.001415278732
2024-04-04,PG,True,5.950816321,-0.01471843851,-0.002467245453
2024-04-04,TSLA,True,1.640540571,0.001015287678,0.0006192571033
2024-04-04,VNQ,False,,,
2024-04-04,WMT,True,1.91182409,-0.004337111161,-0.002263437522
2024-04-05,AAPL,True,6.294152317,-0.00836024503,-0.001326493989
2024-04-05,AMZN,True,2.55828393,0.008446810442,0.00331268628
2024-04-05,BAC,True,3.145828489,-0.0007373775699,-0.000234343599
2024-04-05,BND,False,,,
2024-04-05,GLD,False,,,
2024-04-05,GOOGL,True,5.696997662,-0.002544740128,-0.0004464814802
2024-04-05,JNJ,True,9.563544192,-0.007723136293,-0.00080690843
2024-04-05,JPM,True,9.621158753,-0.02026748098,-0.002102124778
2024-04-05,MSFT,True,8.208574067,-0.01247374076,-0.0015172933
2024-04-05,PG,True,5.950105643,-0.0007106785809,-0.0001194253935
2024-04-05,TSLA,True,1.641374341,0.0008337691809,0.0005082283215
2024-04-05,VNQ,False,,,
2024-04-05,WMT,True,1.9108345,-0.0009895903367,-0.0005176157901
2024-04-08,AAPL,True,6.29515982,0.001007503395,0.0001600697511
2024-04-08,AMZN,True,2.557567258,-0.0007166725734,-0.0002801380116
2024-04-08,BAC,True,3.144490004,-0.001338485399,-0.0004254794573
2024-04-08,BND,False,,,
2024-04-08,GLD,False,,,
2024-04-08,GOOGL,True,5.698794126,0.00179646334,0.0003153351021
2024-04-08,JNJ,True,9.567347374,0.003803181464,0.0003976748983
2024-04-08,JPM,True,9.608394851,-0.01276390168,-0.001326649108
2024-04-08,MSFT,True,8.205732518,-0.002841549513,-0.0003461684685
2024-04-08,PG,True,5.963299854,0.01319421112,0.002217475103
2024-04-08,TSLA,True,1.639467529,-0.00190681152,-0.001161716418
2024-04-08,VNQ,False,,,
2024-04-08,WMT,True,1.90977627,-0.001058229957,-0.0005538051347
2024-04-09,AAPL,True,6.291577379,-0.003582441323,-0.0005690786931
2024-04-09,AMZN,True,2.548297474,-0.009269783245,-0.003624453362
2024-04-09,BAC,True,3.143370515,-0.001119488662,-0.0003560159709
2024-04-09,BND,False,,,
2024-04-09,GLD,False,,,
2024-04-09,GOOGL,True,5.700491368,0.001697241995,0.0002978247604
2024-04-09,JNJ,True,9.582318869,0.01497149592,0.001564853384
2024-04-09,JPM,True,9.606966979,-0.001427872638,-0.0001486067819
2024-04-09,MSFT,True,8.188824248,-0.01690826933,-0.002060543564
2024-04-09,PG,True,5.957805775,-0.005494079132,-0.000921315256
2024-04-09,TSLA,True,1.639267666,-0.0001998630141,-0.0001219072721
2024-04-09,VNQ,False,,,
2024-04-09,WMT,True,1.910654877,0.0008786077334,0.0004600579384
2024-04-10,AAPL,True,6.29600749,0.004430110832,0.0007041335685
2024-04-10,AMZN,True,2.545044448,-0.003253026548,-0.001276548983
2024-04-10,BAC,True,3.140536411,-0.002834104246,-0.000901613167
2024-04-10,BND,False,,,
2024-04-10,GLD,False,,,
2024-04-10,GOOGL,True,5.715753642,0.01526227465,0.002677361242
2024-04-10,JNJ,True,9.570762985,-0.01155588443,-0.001205959078
2024-04-10,JPM,True,9.627862282,0.02089530339,0.002175015636
2024-04-10,MSFT,True,8.184979158,-0.003845090485,-0.0004695534266
2024-04-10,PG,True,5.971244937,0.01343916259,0.002255723516
2024-04-10,TSLA,True,1.638745338,-0.0005223279508,-0.0003186349378
2024-04-10,VNQ,False,,,
2024-04-10,WMT,True,1.911171278,0.0005164008651,0.0002702742768
2024-04-11,AAPL,True,6.268731949,-0.02727554095,-0.004332196395
2024-04-11,AMZN,True,2.548388994,0.003344546582,0.001314140735
2024-04-11,BAC,True,3.142556394,0.002019983368,0.0006431969267
2024-04-11,BND,False,,,
2024-04-11,GLD,False,,,
2024-04-11,GOOGL,True,5.732202315,0.01644867251,0.002877778424
2024-04-11,JNJ,True,9.574220444,0.003457459323,0.0003612522146
2024-04-11,JPM,True,9.630822717,0.00296043533,0.0003074862564
2024-04-11,MSFT,True,8.192959015,0.007979857395,0.0009749392443
2024-04-11,PG,True,5.978463587,0.00721864951,0.001208901927
2024-04-11,TSLA,True,1.635161421,-0.00358391726,-0.002186988531
2024-04-11,VNQ,False,,,
2024-04-11,WMT,True,1.913232175,0.002060897092,0.001078342436
2024-04-12,AAPL,True,6.270060657,0.001328707743,0.0002119579771
2024-04-12,AMZN,True,2.551008237,0.002619243011,0.001027803454
2024-04-12,BAC,True,3.138500768,-0.004055626637,-0.001290550154
2024-04-12,BND,False,,,
2024-04-12,GLD,False,,,
2024-04-12,GOOGL,True,5.726688656,-0.005513659145,-0.0009618744842
2024-04-12,JNJ,True,9.573201209,-0.00101923532,-0.0001064562202
2024-04-12,JPM,True,9.635892679,0.005069961612,0.00052643079
2024-04-12,MSFT,True,8.176106316,-0.01685269979,-0.002056973525
2024-04-12,PG,True,5.988959682,0.01049609492,0.001755650891
2024-04-12,TSLA,True,1.638566306,0.00340488505,0.00208229292
2024-04-12,VNQ,False,,,
2024-04-12,WMT,True,1.910071058,-0.003161117274,-0.00165223924
2024-04-15,AAPL,True,6.260487788,-0.00957286915,-0.001526758619
2024-04-15,AMZN,True,2.55161704,0.0006088029034,0.0002386518767
2024-04-15,BAC,True,3.135154231,-0.003346537083,-0.001066285252
2024-04-15,BND,False,,,
2024-04-15,GLD,False,,,
2024-04-15,GOOGL,True,5.724021149,-0.002667506537,-0.0004658026126
2024-04-15,JNJ,True,9.555762637,-0.01743857229,-0.001821603026
2024-04-15,JPM,True,9.623227272,-0.0126654073,-0.001314398958
2024-04-15,MSFT,True,8.181402052,0.005295736026,0.0006477088019
2024-04-15,PG,True,5.985490122,-0.003469559976,-0.0005793259865
2024-04-15,TSLA,True,1.636824543,-0.001741763038,-0.001062979894
2024-04-15,VNQ,False,,,
2024-04-15,WMT,True,1.913811348,0.00374028967,0.001958193992
2024-04-16,AAPL,True,6.254063665,-0.006424122283,-0.001026137659
2024-04-16,AMZN,True,2.554051387,0.00243434665,0.0009540407558
2024-04-16,BAC,True,3.135425888,0.000271657063,8.664870785e-05
2024-04-16,BND,False,,,
2024-04-16,GLD,False,,,
2024-04-16,GOOGL,True,5.727717618,0.003696468295,0.0006457817325
2024-04-16,JNJ,True,9.564182713,0.008420076216,0.0008811516711
2024-04-16,JPM,True,9.625041974,0.001814702035,0.0001885752029
2024-04-16,MSFT,True,8.163414161,-0.01798789068,-0.002198631795
2024-04-16,PG,True,5.9857412,0.0002510784939,4.19478587e-05
2024-04-16,TSLA,True,1.638539001,0.001714458036,0.001047429331
2024-04-16,VNQ,False,,,
2024-04-16,WMT,True,1.914093289,0.0002819408962,0.0001473190639
2024-04-17,AAPL,True,6.253533888,-0.0005297775635,-8.47093333e-05
2024-04-17,AMZN,True,2.549658506,-0.004392881124,-0.001719965834
2024-04-17,BAC,True,3.131218421,-0.004207466942,-0.00134191242
2024-04-17,BND,False,,,
2024-04-17,GLD,False,,,
2024-04-17,GOOGL,True,5.763354133,0.03563651573,0.006221765476
2024-04-17,JNJ,True,9.563655689,-0.0005270235544,-5.510387769e-05
2024-04-17,JPM,True,9.630680353,0.005638379751,0.0005858031337
2024-04-17,MSFT,True,8.15523397,-0.00818019071,-0.00100205509
2024-04-17,PG,True,5.977388893,-0.008352307341,-0.001395367267
2024-04-17,TSLA,True,1.634566396,-0.003972604985,-0.002424479968
2024-04-17,VNQ,False,,,
2024-04-17,WMT,True,1.913105485,-0.0009878034224,-0.0005160685889
2024-04-18,AAPL,True,6.254637417,0.001103528853,0.0001764648394
2024-04-18,AMZN,True,2.557956232,0.008297725994,0.003254446027
2024-04-18,BAC,True,3.129308505,-0.0019099162,-0.0006099594291
2024-04-18,BND,False,,,
2024-04-18,GLD,False,,,
2024-04-18,GOOGL,True,5.76042326,-0.002930873416,-0.0005085360621
2024-04-18,JNJ,True,9.568475208,0.00481951828,0.0005039410071
2024-04-18,JPM,True,9.615281943,-0.01539841021,-0.001598891215
2024-04-18,MSFT,True,8.169850296,0.01461632593,0.001792263224
2024-04-18,PG,True,5.978133285,0.0007443926363,0.0001245347508
2024-04-18,TSLA,True,1.628272669,-0.006293726446,-0.003850395103
2024-04-18,VNQ,False,,,
2024-04-18,WMT,True,1.909528115,-0.003577369657,-0.001869928075
2024-04-19,AAPL,True,6.241884287,-0.01275312916,-0.002038987763
2024-04-19,AMZN,True,2.556266468,-0.001689763821,-0.0006605913736
2024-04-19,BAC,True,3.124975518,-0.004332986403,-0.001384646607
2024-04-19,BND,False,,,
2024-04-19,GLD,False,,,
2024-04-19,GOOGL,True,5.74550525,-0.01491800977,-0.002589741951
2024-04-19,JNJ,True,9.546693781,-0.0217814269,-0.002276373866
2024-04-19,JPM,True,9.593290515,-0.0219914282,-0.002287132954
2024-04-19,MSFT,True,8.181165923,0.01131562719,0.001385047067
2024-04-19,PG,True,5.983732171,0.005598886,0.0009365609183
2024-04-19,TSLA,True,1.622374349,-0.005898320738,-0.003622440423
2024-04-19,VNQ,False,,,
2024-04-19,WMT,True,1.902935992,-0.006592123611,-0.003452226525
2024-04-22,AAPL,True,6.232402753,-0.009481534694,-0.001519018017
2024-04-22,AMZN,True,2.558404795,0.002138326662,0.0008365038186
2024-04-22,BAC,True,3.123503733,-0.001471785442,-0.0004709750312
2024-04-22,BND,False,,,
2024-04-22,GLD,False,,,
2024-04-22,GOOGL,True,5.738111546,-0.007393704043,-0.001286867512
2024-04-22,JNJ,True,9.541848112,-0.004845668316,-0.0005075755468
2024-04-22,JPM,True,9.590347611,-0.002942903567,-0.0003067668557
2024-04-22,MSFT,True,8.165996735,-0.01516918854,-0.001854159747
2024-04-22,PG,True,5.991236797,0.007504625346,0.001254171332
2024-04-22,TSLA,True,1.624901756,0.002527407561,0.001557844873
2024-04-22,VNQ,False,,,
2024-04-22,WMT,True,1.902804831,-0.0001311605671,-6.892536991e-05
2024-04-23,AAPL,True,6.216279004,-0.01612374842,-0.002587083836
2024-04-23,AMZN,True,2.564592562,0.006187766999,0.002418603581
2024-04-23,BAC,True,3.129657996,0.006154263432,0.001970307693
2024-04-23,BND,False,,,
2024-04-23,GLD,False,,,
2024-04-23,GOOGL,True,5.726115118,-0.01199642804,-0.002090657866
2024-04-23,JNJ,True,9.538956437,-0.002891675325,-0.0003030519131
2024-04-23,JPM,True,9.603272148,0.01292453663,0.001347660915
2024-04-23,MSFT,True,8.134987519,-0.03100921584,-0.003797358344
2024-04-23,PG,True,5.998942446,0.007705649,0.001286153304
2024-04-23,TSLA,True,1.627364147,0.002462390701,0.001515408972
2024-04-23,VNQ,False,,,
2024-04-23,WMT,True,1.897253013,-0.005551818416,-0.002917702502
2024-04-24,AAPL,True,6.195709698,-0.02056930602,-0.003308941893
2024-04-24,AMZN,True,2.57107601,0.00648344882,0.00252806193
2024-04-24,BAC,True,3.127753427,-0.00190456954,-0.0006085551654
2024-04-24,BND,False,,,
2024-04-24,GLD,False,,,
2024-04-24,GOOGL,True,5.720460774,-0.005654343591,-0.0009874659302
2024-04-24,JNJ,True,9.540296966,0.001340528455,0.0001405319821
2024-04-24,JPM,True,9.585203399,-0.01806874932,-0.001881520074
2024-04-24,MSFT,True,8.135425235,0.0004377164058,5.380664749e-05
2024-04-24,PG,True,6.000840021,0.001897575744,0.000316318378
2024-04-24,TSLA,True,1.632381617,0.005017470366,0.003083188465
2024-04-24,VNQ,False,,,
2024-04-24,WMT,True,1.89449954,-0.002753472875,-0.001451294507
2024-04-25,AAPL,True,6.199309278,0.003599579985,0.0005809794455
2024-04-25,AMZN,True,2.57415208,0.003076069378,0.001196413239
2024-04-25,BAC,True,3.123780555,-0.003972871465,-0.0012701997
2024-04-25,BND,False,,,
2024-04-25,GLD,False,,,
2024-04-25,GOOGL,True,5.717403004,-0.003057770331,-0.0005345321735
2024-04-25,JNJ,True,9.549157326,0.008860359932,0.0009287299928
2024-04-25,JPM,True,9.573584754,-0.01161864461,-0.001212143773
2024-04-25,MSFT,True,8.116069324,-0.01935591147,-0.002379213245
2024-04-25,PG,True,5.992149219,-0.008690802899,-0.001448264388
2024-04-25,TSLA,True,1.630141366,-0.002240251673,-0.001372382321
2024-04-25,VNQ,False,,,
2024-04-25,WMT,True,1.891127089,-0.003372450717,-0.001780127493
2024-04-26,AAPL,True,6.187618573,-0.01169070572,-0.001885807788
2024-04-26,AMZN,True,2.570490461,-0.003661618644,-0.001422456222
2024-04-26,BAC,True,3.126324888,0.002544332391,0.0008145042028
2024-04-26,BND,False,,,
2024-04-26,GLD,False,,,
2024-04-26,GOOGL,True,5.72387654,0.00647353575,0.001132251084
2024-04-26,JNJ,True,9.559756487,0.01059916099,0.00110995773
2024-04-26,JPM,True,9.583952276,0.01036752188,0.001082929973
2024-04-26,MSFT,True,8.101491491,-0.01457783299,-0.001796169107
2024-04-26,PG,True,5.993019511,0.0008702923215,0.0001452387599
2024-04-26,TSLA,True,1.6286994,-0.001441965448,-0.0008845646631
2024-04-26,VNQ,False,,,
2024-04-26,WMT,True,1.892590153,0.001463063994,0.0007736465743
2024-04-29,AAPL,True,6.172769478,-0.01484909443,-0.002399807657
2024-04-29,AMZN,True,2.57174951,0.001259048902,0.0004898088208
2024-04-29,BAC,True,3.124643628,-0.001681259371,-0.0005377750014
2024-04-29,BND,False,,,
2024-04-29,GLD,False,,,
2024-04-29,GOOGL,True,5.716815883,-0.007060656796,-0.001233544565
2024-04-29,JNJ,True,9.573325421,0.01356893447,0.001419380764
2024-04-29,JPM,True,9.5602855,-0.02366677635,-0.002469417175
2024-04-29,MSFT,True,8.074156999,-0.02733449185,-0.003374007352
2024-04-29,PG,True,5.984392945,-0.008626566324,-0.001439435715
2024-04-29,TSLA,True,1.632706917,0.004007516783,0.002460562571
2024-04-29,VNQ,False,,,
2024-04-29,WMT,True,1.890194184,-0.002395969188,-0.00126597361
2024-04-30,AAPL,True,6.157860504,-0.01490897372,-0.002415281144
2024-04-30,AMZN,True,2.566916334,-0.004833176498,-0.001879334079
2024-04-30,BAC,True,3.119556194,-0.005087434734,-0.001628164789
2024-04-30,BND,False,,,
2024-04-30,GLD,False,,,
2024-04-30,GOOGL,True,5.705929208,-0.01088667452,-0.001904324846
2024-04-30,JNJ,True,9.577205218,0.003879796547,0.000405271562
2024-04-30,JPM,True,9.578244579,0.01795907913,0.001878508663
2024-04-30,MSFT,True,8.055563038,-0.01859396108,-0.002302898133
2024-04-30,PG,True,6.002768401,0.01837545597,0.00307056307
2024-04-30,TSLA,True,1.632854818,0.0001479012094,9.05865026e-05
2024-04-30,VNQ,False,,,
2024-04-30,WMT,True,1.889661363,-0.0005328209846,-0.000281886903
2024-05-01,AAPL,True,6.145990666,-0.01186983812,-0.001927591266
2024-05-01,AMZN,True,2.560816436,-0.006099897138,-0.002376352146
2024-05-01,BAC,True,3.117186447,-0.002369746308,-0.0007596421288
2024-05-01,BND,False,,,
2024-05-01,GLD,False,,,
2024-05-01,GOOGL,True,5.692445433,-0.01348377519,-0.002363116452
2024-05-01,JNJ,True,9.56115346,-0.01605175724,-0.001676037725
2024-05-01,JPM,True,9.559736581,-0.01850799765,-0.00193229537
2024-05-01,MSFT,True,8.052129832,-0.003433206336,-0.0004261907355
2024-05-01,PG,True,6.004563684,0.00179528387,0.0002990759847
2024-05-01,TSLA,True,1.633274785,0.0004199669971,0.0002571980022
2024-05-01,VNQ,False,,,
2024-05-01,WMT,True,1.885703603,-0.003957760351,-0.002094428361
2024-05-02,AAPL,True,6.163565347,0.01757468044,0.002859535816
2024-05-02,AMZN,True,2.562045532,0.001229095325,0.0004799622916
2024-05-02,BAC,True,3.117756617,0.0005701700094,0.000182911744
2024-05-02,BND,False,,,
2024-05-02,GLD,False,,,
2024-05-02,GOOGL,True,5.671076882,-0.02136855172,-0.003753843927
2024-05-02,JNJ,True,9.543054054,-0.01809940661,-0.001893014968
2024-05-02,JPM,True,9.55815142,-0.001585160832,-0.0001658163715
2024-05-02,MSFT,True,8.040470875,-0.01165895705,-0.001447934558
2024-05-02,PG,True,5.992037699,-0.01252598532,-0.00208607752
2024-05-02,TSLA,True,1.635042523,0.001767737618,0.001082327135
2024-05-02,VNQ,False,,,
2024-05-02,WMT,True,1.881569668,-0.004133934739,-0.002192250539
2024-05-03,AAPL,True,6.139145707,-0.0244196395,-0.003961934064
2024-05-03,AMZN,True,2.555656511,-0.006389021323,-0.002493718883
2024-05-03,BAC,True,3.116693933,-0.001062683829,-0.000340848873
2024-05-03,BND,False,,,
2024-05-03,GLD,False,,,
2024-05-03,GOOGL,True,5.684252298,0.01317541595,0.002323265268
2024-05-03,JNJ,True,9.530323151,-0.01273090287,-0.001334049121
2024-05-03,JPM,True,9.539319761,-0.01883165931,-0.001970219814
2024-05-03,MSFT,True,8.002120349,-0.03835052523,-0.004769686481
2024-05-03,PG,True,5.987518972,-0.004518727207,-0.0007541219588
2024-05-03,TSLA,True,1.633166857,-0.001875666147,-0.001147166585
2024-05-03,VNQ,False,,,
2024-05-03,WMT,True,1.874352406,-0.00721726216,-0.003835766638
2024-05-06,AAPL,True,6.146819939,0.007674231645,0.001250048787
2024-05-06,AMZN,True,2.556387589,0.0007310781331,0.0002860627514
2024-05-06,BAC,True,3.114834491,-0.001859442659,-0.0005966073982
2024-05-06,BND,False,,,
2024-05-06,GLD,False,,,
2024-05-06,GOOGL,True,5.6965841,0.01233180234,0.002169467803
2024-05-06,JNJ,True,9.52387723,-0.0064459208,-0.0006763591011
2024-05-06,JPM,True,9.542829243,0.003509481625,0.0003678964237
2024-05-06,MSFT,True,7.989189764,-0.01293058493,-0.001615894834
2024-05-06,PG,True,5.998063286,0.01054431449,0.001761049032
2024-05-06,TSLA,True,1.630452233,-0.002714623873,-0.001662184033
2024-05-06,VNQ,False,,,
2024-05-06,WMT,True,1.868999212,-0.005353193756,-0.002856023093
2024-05-07,AAPL,True,6.137147577,-0.009672361764,-0.001573555409
2024-05-07,AMZN,True,2.557879892,0.001492303217,0.0005837546794
2024-05-07,BAC,True,3.1148179,-1.659072457e-05,-5.326358308e-06
2024-05-07,BND,False,,,
2024-05-07,GLD,False,,,
2024-05-07,GOOGL,True,5.694988644,-0.001595455727,-0.0002800723554
2024-05-07,JNJ,True,9.523126439,-0.0007507914361,-7.883254036e-05
2024-05-07,JPM,True,9.549462094,0.006632851591,0.0006950613306
2024-05-07,MSFT,True,7.949149905,-0.04003985934,-0.005011754698
2024-05-07,PG,True,5.990469397,-0.007593889272,-0.001266056877
2024-05-07,TSLA,True,1.629734771,-0.0007174615097,-0.0004400383497
2024-05-07,VNQ,False,,,
2024-05-07,WMT,True,1.868911715,-8.749678278e-05,-4.681477778e-05
2024-05-08,AAPL,True,6.12747096,-0.009676617403,-0.001576728811
2024-05-08,AMZN,True,2.555404732,-0.002475159716,-0.000967660649
2024-05-08,BAC,True,3.110287208,-0.004530692496,-0.001454560954
2024-05-08,BND,False,,,
2024-05-08,GLD,False,,,
2024-05-08,GOOGL,True,5.7025274,0.007538756031,0.001323752601
2024-05-08,JNJ,True,9.513875586,-0.009250852965,-0.0009714092347
2024-05-08,JPM,True,9.566247881,0.01678578679,0.001757773017
2024-05-08,MSFT,True,7.957872849,0.008722944032,0.001097343003
2024-05-08,PG,True,5.982393384,-0.00807601282,-0.001348143573
2024-05-08,TSLA,True,1.629076626,-0.0006581450463,-0.000403835678
2024-05-08,VNQ,False,,,
2024-05-08,WMT,True,1.866591137,-0.002320578294,-0.001241673577
2024-05-09,AAPL,True,6.097894017,-0.02957694222,-0.004826941232
2024-05-09,AMZN,True,2.554464228,-0.0009405042294,-0.0003680451153
2024-05-09,BAC,True,3.108453419,-0.001833789056,-0.000589588335
2024-05-09,BND,False,,,
2024-05-09,GLD,False,,,
2024-05-09,GOOGL,True,5.710735412,0.008208011772,0.001439363846
2024-05-09,JNJ,True,9.514150239,0.0002746537809,2.886875895e-05
2024-05-09,JPM,True,9.5692476,0.002999718615,0.0003135731639
2024-05-09,MSFT,True,7.967564531,0.009691681564,0.001217873387
2024-05-09,PG,True,5.983013348,0.000619963541,0.0001036313564
2024-05-09,TSLA,True,1.630015911,0.000939285138,0.0005765751732
2024-05-09,VNQ,False,,,
2024-05-09,WMT,True,1.863089168,-0.003501968573,-0.001876130505
2024-05-10,AAPL,True,6.092402801,-0.005491216707,-0.0009005103551
2024-05-10,AMZN,True,2.546432559,-0.008031668558,-0.003144169517
2024-05-10,BAC,True,3.100631805,-0.007821613424,-0.002516239548
2024-05-10,BND,False,,,
2024-05-10,GLD,False,,,
2024-05-10,GOOGL,True,5.702728924,-0.008006487857,-0.001402006446
2024-05-10,JNJ,True,9.520191812,0.006041572842,0.0006350091906
2024-05-10,JPM,True,9.536462015,-0.03278558426,-0.003426140239
2024-05-10,MSFT,True,7.974173745,0.006609213979,0.0008295149607
2024-05-10,PG,True,5.988706166,0.005692818528,0.000951496879
2024-05-10,TSLA,True,1.637248023,0.007232111254,0.004436834759
2024-05-10,VNQ,False,,,
2024-05-10,WMT,True,1.861783408,-0.00130576009,-0.000700857539
2024-05-13,AAPL,True,6.086602689,-0.005800111652,-0.0009520236665
2024-05-13,AMZN,True,2.541225345,-0.005207214363,-0.002044905664
2024-05-13,BAC,True,3.091452339,-0.009179465585,-0.002960514554
2024-05-13,BND,False,,,
2024-05-13,GLD,False,,,
2024-05-13,GOOGL,True,5.693228998,-0.009499926574,-0.001665856242
2024-05-13,JNJ,True,9.48592357,-0.03426824222,-0.003599532751
2024-05-13,JPM,True,9.511828287,-0.02463372805,-0.002583109754
2024-05-13,MSFT,True,7.969744402,-0.004429342674,-0.000555461019
2024-05-13,PG,True,5.985435195,-0.003270971138,-0.0005461899528
2024-05-13,TSLA,True,1.628835056,-0.008412966667,-0.005138480273
2024-05-13,VNQ,False,,,
2024-05-13,WMT,True,1.857594716,-0.004188692658,-0.002249828116
2024-05-14,AAPL,True,6.068670882,-0.01793180681,-0.002946110947
2024-05-14,AMZN,True,2.539460903,-0.00176444165,-0.00069432711
2024-05-14,BAC,True,3.088380512,-0.00307182705,-0.0009936517574
2024-05-14,BND,False,,,
2024-05-14,GLD,False,,,
2024-05-14,GOOGL,True,5.696679436,0.003450438676,0.0006060600544
2024-05-14,JNJ,True,9.473789034,-0.01213453614,-0.001279215045
2024-05-14,JPM,True,9.502646698,-0.009181588764,-0.0009652811727
2024-05-14,MSFT,True,7.974610469,0.004866066864,0.0006105674936
2024-05-14,PG,True,5.983610916,-0.00182427952,-0.0003047864458
2024-05-14,TSLA,True,1.623405966,-0.005429090102,-0.003333112265
2024-05-14,VNQ,False,,,
2024-05-14,WMT,True,1.854335437,-0.003259278199,-0.001754569052
2024-05-15,AAPL,True,6.055854451,-0.01281643094,-0.002111900807
2024-05-15,AMZN,True,2.542445197,0.002984293444,0.0011751681
2024-05-15,BAC,True,3.084355651,-0.004024861239,-0.001303227119
2024-05-15,BND,False,,,
2024-05-15,GLD,False,,,
2024-05-15,GOOGL,True,5.679770674,-0.01690876256,-0.0029681787
2024-05-15,JNJ,True,9.460133235,-0.01365579919,-0.001441429521
2024-05-15,JPM,True,9.491014944,-0.01163175477,-0.001224054218
2024-05-15,MSFT,True,7.960632433,-0.01397803555,-0.001752817345
2024-05-15,PG,True,5.979737846,-0.003873070096,-0.0006472797363
2024-05-15,TSLA,True,1.619403934,-0.004002031913,-0.0024652071
2024-05-15,VNQ,False,,,
2024-05-15,WMT,True,1.856111344,0.001775906566,0.0009577051328
2024-05-16,AAPL,True,6.064873357,0.009018906092,0.001489287129
2024-05-16,AMZN,True,2.542725464,0.0002802672366,0.0001102353109
2024-05-16,BAC,True,3.080531957,-0.003823693846,-0.001239705883
2024-05-16,BND,False,,,
2024-05-16,GLD,False,,,
2024-05-16,GOOGL,True,5.665544418,-0.01422625512,-0.002504723506
2024-05-16,JNJ,True,9.446580941,-0.01355229353,-0.001432568992
2024-05-16,JPM,True,9.477990923,-0.01302402059,-0.001372247401
2024-05-16,MSFT,True,7.936507309,-0.02412512387,-0.003030553675
2024-05-16,PG,True,5.993888967,0.0141511212,0.002366511972
2024-05-16,TSLA,True,1.616402605,-0.003001328909,-0.001853354093
2024-05-16,VNQ,False,,,
2024-05-16,WMT,True,1.854385229,-0.001726114911,-0.00092996302
2024-05-17,AAPL,True,6.053209924,-0.01166343332,-0.001923112427
2024-05-17,AMZN,True,2.541942777,-0.0007826873805,-0.0003078143479
2024-05-17,BAC,True,3.070698314,-0.009833643767,-0.003192190149
2024-05-17,BND,False,,,
2024-05-17,GLD,False,,,
2024-05-17,GOOGL,True,5.661063551,-0.004480867094,-0.0007908978843
2024-05-17,JNJ,True,9.416158328,-0.03042261318,-0.003220489336
2024-05-17,JPM,True,9.46635512,-0.01163580279,-0.001227665535
2024-05-17,MSFT,True,7.942754084,0.006246774386,0.0007870936348
2024-05-17,PG,True,5.987342202,-0.006546764597,-0.001092239885
2024-05-17,TSLA,True,1.614408123,-0.001994482184,-0.001233901862
2024-05-17,VNQ,False,,,
2024-05-17,WMT,True,1.852936068,-0.001449160778,-0.00078147774
2024-05-20,AAPL,True,6.055102386,0.001892461465,0.0003126376731
2024-05-20,AMZN,True,2.535680967,-0.006261810047,-0.002463395362
2024-05-20,BAC,True,3.06649122,-0.004207094042,-0.001370077296
2024-05-20,BND,False,,,
2024-05-20,GLD,False,,,
2024-05-20,GOOGL,True,5.662861462,0.001797910666,0.0003175923834
2024-05-20,JNJ,True,9.426067761,0.009909432762,0.001052385954
2024-05-20,JPM,True,9.47244955,0.006094429437,0.0006437989448
2024-05-20,MSFT,True,7.946036254,0.003282170319,0.0004132282436
2024-05-20,PG,True,5.976076701,-0.0112655011,-0.001881552902
2024-05-20,TSLA,True,1.610374727,-0.004033395848,-0.002498374352
2024-05-20,VNQ,False,,,
2024-05-20,WMT,True,1.853321118,0.0003850497449,0.0002078051971
2024-05-21,AAPL,True,6.057026015,0.001923629615,0.0003176873805
2024-05-21,AMZN,True,2.526272142,-0.009408824858,-0.003710571236
2024-05-21,BAC,True,3.063904116,-0.002587103966,-0.0008436691256
2024-05-21,BND,False,,,
2024-05-21,GLD,False,,,
2024-05-21,GOOGL,True,5.663829736,0.0009682741406,0.0001709867259
2024-05-21,JNJ,True,9.418338879,-0.007728881942,-0.0008199476322
2024-05-21,JPM,True,9.462511929,-0.009937620846,-0.001049107815
2024-05-21,MSFT,True,7.950697793,0.004661539124,0.0005866496168
2024-05-21,PG,True,5.969312062,-0.006764638934,-0.001131953165
2024-05-21,TSLA,True,1.604088074,-0.00628665259,-0.003903844543
2024-05-21,VNQ,False,,,
2024-05-21,WMT,True,1.851238377,-0.002082741124,-0.001123788589
2024-05-22,AAPL,True,6.047078192,-0.009947823453,-0.001642361025
2024-05-22,AMZN,True,2.525422917,-0.0008492243224,-0.0003361571022
2024-05-22,BAC,True,3.064864018,0.0009599022336,0.000313293823
2024-05-22,BND,False,,,
2024-05-22,GLD,False,,,
2024-05-22,GOOGL,True,5.656420359,-0.007409376894,-0.001308192025
2024-05-22,JNJ,True,9.419228004,0.0008891251215,9.440360269e-05
2024-05-22,JPM,True,9.440670931,-0.02184099809,-0.002308160693
2024-05-22,MSFT,True,7.93445673,-0.01624106356,-0.002042721782
2024-05-22,PG,True,5.96407888,-0.005233182656,-0.0008766810315
2024-05-22,TSLA,True,1.60629469,0.002206615676,0.001375620025
2024-05-22,VNQ,False,,,
2024-05-22,WMT,True,1.853135584,0.001897207205,0.001024831393
2024-05-23,AAPL,True,6.044545828,-0.002532363867,-0.0004187747846
2024-05-23,AMZN,True,2.514267524,-0.01115539322,-0.004417237661
2024-05-23,BAC,True,3.065826644,0.0009626259637,0.000314084396
2024-05-23,BND,False,,,
2024-05-23,GLD,False,,,
2024-05-23,GOOGL,True,5.650715435,-0.005704924114,-0.001008574991
2024-05-23,JNJ,True,9.416290678,-0.002937326225,-0.0003118436271
2024-05-23,JPM,True,9.416833291,-0.02383764009,-0.002524994278
2024-05-23,MSFT,True,7.939838249,0.005381519112,0.0006782467024
2024-05-23,PG,True,5.955074106,-0.009004773131,-0.001509834681
2024-05-23,TSLA,True,1.605357686,-0.000937004385,-0.0005833328036
2024-05-23,VNQ,False,,,
2024-05-23,WMT,True,1.855965176,0.002829592204,0.001526921305
2024-05-24,AAPL,True,6.053028328,0.008482499827,0.001403331213
2024-05-24,AMZN,True,2.512984389,-0.00128313542,-0.0005103416433
2024-05-24,BAC,True,3.063314197,-0.002512446523,-0.0008195005182
2024-05-24,BND,False,,,
2024-05-24,GLD,False,,,
2024-05-24,GOOGL,True,5.647443534,-0.003271901461,-0.0005790242843
2024-05-24,JNJ,True,9.433727199,0.01743652096,0.001851739879
2024-05-24,JPM,True,9.407344283,-0.00948900794,-0.001007664429
2024-05-24,MSFT,True,7.932087895,-0.007750353335,-0.0009761349151
2024-05-24,PG,True,5.949400985,-0.005673121566,-0.0009526533952
2024-05-24,TSLA,True,1.609421878,0.00406419178,0.002531642522
2024-05-24,VNQ,False,,,
2024-05-24,WMT,True,1.855999836,3.466005303e-05,1.867494793e-05
2024-05-28,AAPL,True,6.04979311,-0.003235218109,-0.0005344792613
2024-05-28,AMZN,True,2.504613448,-0.008370941064,-0.003331075633
2024-05-28,BAC,True,3.059391138,-0.003923059559,-0.001280658563
2024-05-28,BND,False,,,
2024-05-28,GLD,False,,,
2024-05-28,GOOGL,True,5.645057568,-0.002385965934,-0.0004224860187
2024-05-28,JNJ,True,9.44054425,0.006817051423,0.0007226254564
2024-05-28,JPM,True,9.388015965,-0.01932831744,-0.002054598712
2024-05-28,MSFT,True,7.934241644,0.002153748445,0.0002715235223
2024-05-28,PG,True,5.950253464,0.0008524789391,0.0001432881968
2024-05-28,TSLA,True,1.608962334,-0.0004595435127,-0.0002855332832
2024-05-28,VNQ,False,,,
2024-05-28,WMT,True,1.855798934,-0.0002009026881,-0.0001082449924
2024-05-29,AAPL,True,6.058542203,0.00874909368,0.001446180641
2024-05-29,AMZN,True,2.503922779,-0.0006906689474,-0.0002757586996
2024-05-29,BAC,True,3.057919985,-0.001471152801,-0.000480864569
2024-05-29,BND,False,,,
2024-05-29,GLD,False,,,
2024-05-29,GOOGL,True,5.632274166,-0.01278340194,-0.002264529952
2024-05-29,JNJ,True,9.453234985,0.01269073485,0.001344280003
2024-05-29,JPM,True,9.366036247,-0.02197971834,-0.002341252765
2024-05-29,MSFT,True,7.913804599,-0.02043704505,-0.002575803204
2024-05-29,PG,True,5.936649129,-0.01360433504,-0.002286345468
2024-05-29,TSLA,True,1.60868578,-0.000276553794,-0.0001718833239
2024-05-29,VNQ,False,,,
2024-05-29,WMT,True,1.852487618,-0.00331131595,-0.001784307497
2024-05-30,AAPL,True,6.052728947,-0.005813255872,-0.0009595139684
2024-05-30,AMZN,True,2.499651895,-0.004270883819,-0.00170567713
2024-05-30,BAC,True,3.055301831,-0.002618154194,-0.0008561879339
2024-05-30,BND,False,,,
2024-05-30,GLD,False,,,
2024-05-30,GOOGL,True,5.62036612,-0.01190804629,-0.002114251888
2024-05-30,JNJ,True,9.440909856,-0.01232512859,-0.001303800087
2024-05-30,JPM,True,9.352326174,-0.01371007278,-0.001463807359
2024-05-30,MSFT,True,7.920847529,0.007042930447,0.00088995506
2024-05-30,PG,True,5.93561839,-0.001030738864,-0.0001736230055
2024-05-30,TSLA,True,1.608111039,-0.0005747408345,-0.000357273522
2024-05-30,VNQ,False,,,
2024-05-30,WMT,True,1.850816715,-0.001670903012,-0.0009019779649
2024-05-31,AAPL,True,6.043391573,-0.009337374599,-0.001542671856
2024-05-31,AMZN,True,2.503435768,0.003783872597,0.001513759818
2024-05-31,BAC,True,3.05196877,-0.003333060406,-0.001090910355
2024-05-31,BND,False,,,
2024-05-31,GLD,False,,,
2024-05-31,GOOGL,True,5.622401676,0.002035556543,0.0003621750789
2024-05-31,JNJ,True,9.456144349,0.0152344923,0.001613667807
2024-05-31,JPM,True,9.35808058,0.005754406161,0.0006152914317
2024-05-31,MSFT,True,7.936465821,0.01561829208,0.001971795572
2024-05-31,PG,True,5.930569014,-0.005049375883,-0.0008506907876
2024-05-31,TSLA,True,1.608680343,0.0005693033702,0.0003540199378
2024-05-31,VNQ,False,,,
2024-05-31,WMT,True,1.847453048,-0.003363666736,-0.001817395914
2024-06-03,AAPL,True,6.034391473,-0.009000099935,-0.001489246531
2024-06-03,AMZN,True,2.507887461,0.00445169377,0.001778233669
2024-06-03,BAC,True,3.0536973,0.001728529503,0.0005663653965
2024-06-03,BND,False,,,
2024-06-03,GLD,False,,,
2024-06-03,GOOGL,True,5.617186705,-0.005214970916,-0.0009275343912
2024-06-03,JNJ,True,9.474821278,0.01867692943,0.001975110441
2024-06-03,JPM,True,9.341296247,-0.01678433365,-0.001793565839
2024-06-03,MSFT,True,7.919306344,-0.01715947737,-0.002162105622
2024-06-03,PG,True,5.934721272,0.004152257856,0.0007001449349
2024-06-03,TSLA,True,1.608769839,8.949637998e-05,5.56334143e-05
2024-06-03,VNQ,False,,,
2024-06-03,WMT,True,1.845122417,-0.00233063084,-0.001261537251
2024-06-04,AAPL,True,6.053068243,0.01867677053,0.003095054507
2024-06-04,AMZN,True,2.5011046,-0.006782860986,-0.002704611387
2024-06-04,BAC,True,3.053828477,0.0001311776393,4.295698834e-05
2024-06-04,BND,False,,,
2024-06-04,GLD,False,,,
2024-06-04,GOOGL,True,5.595477216,-0.02170948925,-0.003864833125
2024-06-04,JNJ,True,9.472603274,-0.002218004346,-0.000234094584
2024-06-04,JPM,True,9.345321411,0.004025164366,0.00043089998
2024-06-04,MSFT,True,7.891811916,-0.02749442797,-0.003471822754
2024-06-04,PG,True,5.929725674,-0.004995597777,-0.0008417577757
2024-06-04,TSLA,True,1.61131783,0.002547990611,0.001583813016
2024-06-04,VNQ,False,,,
2024-06-04,WMT,True,1.840391803,-0.00473061375,-0.002563848179
2024-06-05,AAPL,True,6.051190417,-0.001877826581,-0.0003102272279
2024-06-05,AMZN,True,2.507242006,0.006137405872,0.002453878127
2024-06-05,BAC,True,3.050257007,-0.003571470493,-0.001169505923
2024-06-05,BND,False,,,
2024-06-05,GLD,False,,,
2024-06-05,GOOGL,True,5.584149737,-0.01132747881,-0.002024399058
2024-06-05,JNJ,True,9.490742665,0.01813939094,0.001914931979
2024-06-05,JPM,True,9.317646414,-0.02767499665,-0.002961374514
2024-06-05,MSFT,True,7.896374171,0.004562254917,0.0005780998034
2024-06-05,PG,True,5.935543297,0.00581762333,0.0009810948515
2024-06-05,TSLA,True,1.608538358,-0.002779471424,-0.001724967832
2024-06-05,VNQ,False,,,
2024-06-05,WMT,True,1.839068589,-0.001323214182,-0.000718985044
2024-06-06,AAPL,True,6.032781308,-0.01840910839,-0.003042229234
2024-06-06,AMZN,True,2.50399408,-0.003247926331,-0.001295417963
2024-06-06,BAC,True,3.044160066,-0.006096941116,-0.001998828657
2024-06-06,BND,False,,,
2024-06-06,GLD,False,,,
2024-06-06,GOOGL,True,5.600060553,0.01591081624,0.002849281805
2024-06-06,JNJ,True,9.51307257,0.02232990509,0.002352809035
2024-06-06,JPM,True,9.299952627,-0.0176937878,-0.00189895463
2024-06-06,MSFT,True,7.902938105,0.006563933927,0.0008312592318
2024-06-06,PG,True,5.929313589,-0.006229708025,-0.001049559865
2024-06-06,TSLA,True,1.610329431,0.001791072643,0.001113478354
2024-06-06,VNQ,False,,,
2024-06-06,WMT,True,1.83409096,-0.004977629235,-0.002706603366
2024-06-07,AAPL,True,6.037910783,0.005129474372,0.0008502669184
2024-06-07,AMZN,True,2.503692175,-0.0003019044633,-0.0001205691602
2024-06-07,BAC,True,3.040360439,-0.003799626357,-0.001248169043
2024-06-07,BND,False,,,
2024-06-07,GLD,False,,,
2024-06-07,GOOGL,True,5.591869335,-0.008191217968,-0.001462701678
2024-06-07,JNJ,True,9.521011923,0.007939353386,0.0008345729866
2024-06-07,JPM,True,9.303582946,0.003630319505,0.0003903589244
2024-06-07,MSFT,True,7.906430351,0.003492245671,0.0004418920691
2024-06-07,PG,True,5.925323459,-0.003990130256,-0.0006729497767
2024-06-07,TSLA,True,1.614350277,0.004020845705,0.002496908787
2024-06-07,VNQ,False,,,
2024-06-07,WMT,True,1.832140112,-0.001950848439,-0.00106365959
2024-06-10,AAPL,True,6.016018954,-0.02189182886,-0.003625729105
2024-06-10,AMZN,True,2.499161619,-0.004530556692,-0.001809550206
2024-06-10,BAC,True,3.037837813,-0.002522626973,-0.0008297131289
2024-06-10,BND,False,,,
2024-06-10,GLD,False,,,
2024-06-10,GOOGL,True,5.587085313,-0.004784022519,-0.000855531886
2024-06-10,JNJ,True,9.499347259,-0.02166466403,-0.002275458134
2024-06-10,JPM,True,9.297224537,-0.006358409293,-0.0006834366211
2024-06-10,MSFT,True,7.898491483,-0.007938867865,-0.001004102675
2024-06-10,PG,True,5.91308969,-0.01223376931,-0.002064658477
2024-06-10,TSLA,True,1.612608661,-0.001741615894,-0.001078833955
2024-06-10,VNQ,False,,,
2024-06-10,WMT,True,1.831175013,-0.0009650982122,-0.0005267600475
2024-06-11,AAPL,True,5.99640893,-0.01961002444,-0.003259634749
2024-06-11,AMZN,True,2.495793824,-0.003367794386,-0.001347569665
2024-06-11,BAC,True,3.025400479,-0.01243733379,-0.004094140162
2024-06-11,BND,False,,,
2024-06-11,GLD,False,,,
2024-06-11,GOOGL,True,5.579202346,-0.007882966942,-0.001410926539
2024-06-11,JNJ,True,9.495628418,-0.003718841349,-0.0003914838828
2024-06-11,JPM,True,9.292776158,-0.004448378518,-0.0004784630618
2024-06-11,MSFT,True,7.91450696,0.01601547754,0.002027662824
2024-06-11,PG,True,5.908329945,-0.00475974514,-0.0008049506079
2024-06-11,TSLA,True,1.612948674,0.0003400127925,0.0002108464383
2024-06-11,VNQ,False,,,
2024-06-11,WMT,True,1.833795284,0.002620270854,0.001430923224
2024-06-12,AAPL,True,5.979403834,-0.01700509511,-0.002835879825
2024-06-12,AMZN,True,2.492943192,-0.002850631896,-0.001142174433
2024-06-12,BAC,True,3.017905334,-0.007495144566,-0.002477405758
2024-06-12,BND,False,,,
2024-06-12,GLD,False,,,
2024-06-12,GOOGL,True,5.575926601,-0.003275744722,-0.0005871349557
2024-06-12,JNJ,True,9.511235388,0.01560697073,0.001643595351
2024-06-12,JPM,True,9.286103716,-0.006672442121,-0.0007180246255
2024-06-12,MSFT,True,7.904928131,-0.009578829,-0.00121028752
2024-06-12,PG,True,5.902579306,-0.005750638469,-0.0009733103132
2024-06-12,TSLA,True,1.610601645,-0.002347028992,-0.001455116973
2024-06-12,VNQ,False,,,
2024-06-12,WMT,True,1.835428656,0.001633372209,0.000890705862
2024-06-13,AAPL,True,5.984562011,0.005158176576,0.0008626573349
2024-06-13,AMZN,True,2.493186591,0.000243398684,9.763507036e-05
2024-06-13,BAC,True,3.016924537,-0.0009807968099,-0.0003249925698
2024-06-13,BND,False,,,
2024-06-13,GLD,False,,,
2024-06-13,GOOGL,True,5.570818092,-0.005108509391,-0.0009161722806
2024-06-13,JNJ,True,9.505368736,-0.005866652231,-0.0006168128525
2024-06-13,JPM,True,9.283319156,-0.002784560582,-0.0002998631791
2024-06-13,MSFT,True,7.885430471,-0.01949766013,-0.002466519594
2024-06-13,PG,True,5.896671846,-0.005907459864,-0.001000826852
2024-06-13,TSLA,True,1.615225494,0.004623849134,0.002870883157
2024-06-13,VNQ,False,,,
2024-06-13,WMT,True,1.836869699,0.001441042601,0.0007851259137
2024-06-14,AAPL,True,5.999127216,0.01456520489,0.002433796301
2024-06-14,AMZN,True,2.485506471,-0.007680120224,-0.003080443418
2024-06-14,BAC,True,3.016059956,-0.0008645815721,-0.0002865771289
2024-06-14,BND,False,,,
2024-06-14,GLD,False,,,
2024-06-14,GOOGL,True,5.566574846,-0.004243246317,-0.0007616917743
2024-06-14,JNJ,True,9.503126694,-0.002242042326,-0.0002358711574
2024-06-14,JPM,True,9.274019856,-0.009299299642,-0.001001721419
2024-06-14,MSFT,True,7.868411595,-0.01701887633,-0.002158268517
2024-06-14,PG,True,5.884118084,-0.01255376232,-0.002128957257
2024-06-14,TSLA,True,1.61438071,-0.0008447833211,-0.0005230126223
2024-06-14,VNQ,False,,,
2024-06-14,WMT,True,1.834852663,-0.002017036455,-0.00109808358
2024-06-17,AAPL,True,5.972927059,-0.02620015669,-0.00436732807
2024-06-17,AMZN,True,2.486081613,0.0005751419834,0.0002313983046
2024-06-17,BAC,True,3.01580097,-0.0002589861611,-8.586903605e-05
2024-06-17,BND,False,,,
2024-06-17,GLD,False,,,
2024-06-17,GOOGL,True,5.568904639,0.002329793609,0.0004185327017
2024-06-17,JNJ,True,9.495241949,-0.007884745215,-0.0008297001049
2024-06-17,JPM,True,9.246135604,-0.02788425153,-0.003006706042
2024-06-17,MSFT,True,7.855222104,-0.01318949107,-0.001676258405
2024-06-17,PG,True,5.884195376,7.72917007e-05,1.313564745e-05
2024-06-17,TSLA,True,1.615680388,0.001299678035,0.0008050629116
2024-06-17,VNQ,False,,,
2024-06-17,WMT,True,1.834337824,-0.0005148386698,-0.0002805885618
2024-06-18,AAPL,True,5.960638391,-0.01228866856,-0.002057394714
2024-06-18,AMZN,True,2.487039569,0.0009579560308,0.0003853276682
2024-06-18,BAC,True,3.019866321,0.004065351555,0.001348017192
2024-06-18,BND,False,,,
2024-06-18,GLD,False,,,
2024-06-18,GOOGL,True,5.550858049,-0.01804658976,-0.00324059953
2024-06-18,JNJ,True,9.487489327,-0.007752621605,-0.0008164743613
2024-06-18,JPM,True,9.228239174,-0.01789643031,-0.001935557846
2024-06-18,MSFT,True,7.84468737,-0.01053473326,-0.001341112081
2024-06-18,PG,True,5.87675608,-0.007439295777,-0.001264284291
2024-06-18,TSLA,True,1.617149499,0.001469110254,0.0009092827174
2024-06-18,VNQ,False,,,
2024-06-18,WMT,True,1.83474835,0.0004105256943,0.0002238004848
2024-06-20,AAPL,True,5.972304182,0.01166579138,0.001957137914
2024-06-20,AMZN,True,2.491747378,0.004707808865,0.001892936857
2024-06-20,BAC,True,3.022915237,0.003048915678,0.001009619418
2024-06-20,BND,False,,,
2024-06-20,GLD,False,,,
2024-06-20,GOOGL,True,5.560544496,0.009686446538,0.001745035894
2024-06-20,JNJ,True,9.492916667,0.005427340381,0.0005720523305
2024-06-20,JPM,True,9.23269533,0.004456156212,0.0004828826093
2024-06-20,MSFT,True,7.853086756,0.008399385521,0.001070710039
2024-06-20,PG,True,5.869810878,-0.006945201526,-0.001181808711
2024-06-20,TSLA,True,1.612037244,-0.005112255145,-0.003161275534
2024-06-20,VNQ,False,,,
2024-06-20,WMT,True,1.833846833,-0.0009015170778,-0.000491357345
2024-06-21,AAPL,True,6.008585521,0.036281339,0.006074931532
2024-06-21,AMZN,True,2.545772806,0.0540254278,0.02168174361
2024-06-21,BAC,True,3.060721418,0.03780618147,0.01250653045
2024-06-21,BND,False,,,
2024-06-21,GLD,False,,,
2024-06-21,GOOGL,True,5.541010792,-0.01953370429,-0.003512912145
2024-06-21,JNJ,True,9.620112526,0.1271958587,0.01339902826
2024-06-21,JPM,True,8.823589867,-0.4091054635,-0.04431051268
2024-06-21,MSFT,True,8.148298465,0.2952117086,0.03759180533
2024-06-21,PG,True,6.037695261,0.1678843821,0.02860132729
2024-06-21,TSLA,True,1.52069709,-0.09134015379,-0.05666131732
2024-06-21,VNQ,False,,,
2024-06-21,WMT,True,1.868283863,0.03443703012,0.01877857491
2024-06-24,AAPL,True,6.025605151,0.01701963009,0.002832551859
2024-06-24,AMZN,True,2.548351663,0.00257885734,0.001012995871
2024-06-24,BAC,True,3.060498335,-0.0002230835612,-7.288594115e-05
2024-06-24,BND,False,,,
2024-06-24,GLD,False,,,
2024-06-24,GOOGL,True,5.536450532,-0.004560259303,-0.0008230013393
2024-06-24,JNJ,True,9.627743075,0.007630548485,0.0007931870302
2024-06-24,JPM,True,8.827480389,0.003890522141,0.0004409228217
2024-06-24,MSFT,True,8.12627315,-0.02202531424,-0.002703056881
2024-06-24,PG,True,6.020661213,-0.01703404727,-0.002821283045
2024-06-24,TSLA,True,1.51883376,-0.001863329919,-0.001225313004
2024-06-24,VNQ,False,,,
2024-06-24,WMT,True,1.8727765,0.004492637471,0.002404686761
2024-06-25,AAPL,True,6.045583452,0.0199783011,0.003315567583
2024-06-25,AMZN,True,2.547520164,-0.0008314986312,-0.0003262888099
2024-06-25,BAC,True,3.063385203,0.002886868319,0.0009432674038
2024-06-25,BND,False,,,
2024-06-25,GLD,False,,,
2024-06-25,GOOGL,True,5.525230779,-0.01121975286,-0.002026524539
2024-06-25,JNJ,True,9.615774293,-0.01196878155,-0.001243155479
2024-06-25,JPM,True,8.808313761,-0.0191666284,-0.00217124565
2024-06-25,MSFT,True,8.150361029,0.02408787856,0.0029641975
2024-06-25,PG,True,6.026968645,0.006307431959,0.001047631105
2024-06-25,TSLA,True,1.518947206,0.0001134460335,7.469285741e-05
2024-06-25,VNQ,False,,,
2024-06-25,WMT,True,1.870656604,-0.00211989577,-0.001131953423
2024-06-26,AAPL,True,6.034208947,-0.01137450529,-0.001881456998
2024-06-26,AMZN,True,2.540559246,-0.006960918576,-0.002732429236
2024-06-26,BAC,True,3.058753949,-0.004631254365,-0.001511809341
2024-06-26,BND,False,,,
2024-06-26,GLD,False,,,
2024-06-26,GOOGL,True,5.526619193,0.001388413384,0.0002512860439
2024-06-26,JNJ,True,9.620870936,0.005096643324,0.0005300294254
2024-06-26,JPM,True,8.814285078,0.005971317291,0.0006779183228
2024-06-26,MSFT,True,8.182152759,0.03179173022,0.003900653002
2024-06-26,PG,True,6.030068359,0.003099713669,0.0005143072499
2024-06-26,TSLA,True,1.522458334,0.003511128329,0.002311553894
2024-06-26,VNQ,False,,,
2024-06-26,WMT,True,1.8723724,0.001715795857,0.0009172158336
2024-06-27,AAPL,True,6.045461589,0.01125264184,0.00186480812
2024-06-27,AMZN,True,2.547341163,0.006781917391,0.002669458467
2024-06-27,BAC,True,3.060513955,0.001760006141,0.0005753997119
2024-06-27,BND,False,,,
2024-06-27,GLD,False,,,
2024-06-27,GOOGL,True,5.523893576,-0.002725616782,-0.0004931797698
2024-06-27,JNJ,True,9.636241464,0.01537052741,0.001597623283
2024-06-27,JPM,True,8.825610447,0.01132536956,0.001284888049
2024-06-27,MSFT,True,8.190509532,0.008356772427,0.001021341531
2024-06-27,PG,True,6.037870091,0.007801732403,0.001293804969
2024-06-27,TSLA,True,1.522398381,-5.995303735e-05,-3.937909892e-05
2024-06-27,VNQ,False,,,
2024-06-27,WMT,True,1.872907611,0.0005352109516,0.0002858464222
2024-06-28,AAPL,True,6.046203408,0.0007418191148,0.0001227067783
2024-06-28,AMZN,True,2.546792814,-0.0005483489805,-0.0002152632668
2024-06-28,BAC,True,3.06414452,0.003630564839,0.001186259855
2024-06-28,BND,False,,,
2024-06-28,GLD,False,,,
2024-06-28,GOOGL,True,5.523196096,-0.0006974798241,-0.0001262659779
2024-06-28,JNJ,True,9.649117791,0.01287632739,0.001336239595
2024-06-28,JPM,True,8.818052925,-0.007557522958,-0.0008563173055
2024-06-28,MSFT,True,8.218174481,0.02766494993,0.003377683625
2024-06-28,PG,True,6.051631397,0.01376130538,0.00227916553
2024-06-28,TSLA,True,1.522402094,3.713177023e-06,2.439031117e-06
2024-06-28,VNQ,False,,,
2024-06-28,WMT,True,1.872326558,-0.0005810527935,-0.0003102410338
2024-07-01,AAPL,True,6.047206447,0.001003038963,0.0001658956695
2024-07-01,AMZN,True,2.553897161,0.007104347019,0.002789526882
2024-07-01,BAC,True,3.070029099,0.005884579589,0.001920464114
2024-07-01,BND,False,,,
2024-07-01,GLD,False,,,
2024-07-01,GOOGL,True,5.506392576,-0.0168035203,-0.003042354465
2024-07-01,JNJ,True,9.654165158,0.00504736701,0.0005230910348
2024-07-01,JPM,True,8.816170249,-0.001882675962,-0.0002135024566
2024-07-01,MSFT,True,8.234986409,0.01681192761,0.002045700982
2024-07-01,PG,True,6.07842821,0.02679681339,0.004428031325
2024-07-01,TSLA,True,1.526910511,0.004508416731,0.002961383689
2024-07-01,VNQ,False,,,
2024-07-01,WMT,True,1.872621185,0.0002946267045,0.0001573586099
2024-07-02,AAPL,True,6.040452068,-0.006754378746,-0.001116941981
2024-07-02,AMZN,True,2.560941728,0.007044566404,0.002758359464
2024-07-02,BAC,True,3.062630026,-0.007399073406,-0.002410098786
2024-07-02,BND,False,,,
2024-07-02,GLD,False,,,
2024-07-02,GOOGL,True,5.52292458,0.01653200434,0.003002329404
2024-07-02,JNJ,True,9.689500766,0.03533560768,0.003660141204
2024-07-02,JPM,True,8.829586035,0.01341578655,0.001521724986
2024-07-02,MSFT,True,8.262812393,0.02782598389,0.003378995727
2024-07-02,PG,True,6.091104663,0.01267645271,0.002085482015
2024-07-02,TSLA,True,1.530893443,0.003982932042,0.002608490814
2024-07-02,VNQ,False,,,
2024-07-02,WMT,True,1.875050359,0.002429174127,0.0012972053
2024-07-03,AAPL,True,6.053253305,0.01280123662,0.00211925142
2024-07-03,AMZN,True,2.561084623,0.0001428952097,5.579791534e-05
2024-07-03,BAC,True,3.065187843,0.002557816648,0.0008351699768
2024-07-03,BND,False,,,
2024-07-03,GLD,False,,,
2024-07-03,GOOGL,True,5.509729084,-0.0131954961,-0.002389222578
2024-07-03,JNJ,True,9.701107043,0.01160627697,0.001197819914
2024-07-03,JPM,True,8.827074231,-0.002511803664,-0.0002844758128
2024-07-03,MSFT,True,8.235489279,-0.02732311391,-0.003306757143
2024-07-03,PG,True,6.104393918,0.01328925479,0.002181747897
2024-07-03,TSLA,True,1.527082072,-0.003811370857,-0.00248963824
2024-07-03,VNQ,False,,,
2024-07-03,WMT,True,1.874453265,-0.0005970939963,-0.0003184415786
2024-07-05,AAPL,True,6.060292905,0.007039600248,0.001162944931
2024-07-05,AMZN,True,2.564239768,0.003155144919,0.001231956528
2024-07-05,BAC,True,3.073840783,0.008652940666,0.002822972395
2024-07-05,BND,False,,,
2024-07-05,GLD,False,,,
2024-07-05,GOOGL,True,5.512908072,0.003178988066,0.0005769772011
2024-07-05,JNJ,True,9.712219255,0.01111221165,0.001145458101
2024-07-05,JPM,True,8.842724402,0.01565017052,0.001772973707
2024-07-05,MSFT,True,8.254457343,0.01896806354,0.002303210277
2024-07-05,PG,True,6.124285395,0.01989147716,0.003258550713
2024-07-05,TSLA,True,1.529626487,0.002544415089,0.001666194067
2024-07-05,VNQ,False,,,
2024-07-05,WMT,True,1.875547631,0.001094365554,0.0005838318694
2024-07-08,AAPL,True,6.052116527,-0.008176377545,-0.001349172008
2024-07-08,AMZN,True,2.570040821,0.005801053661,0.002262289874
2024-07-08,BAC,True,3.076998158,0.003157374572,0.001027175705
2024-07-08,BND,False,,,
2024-07-08,GLD,False,,,
2024-07-08,GOOGL,True,5.516129023,0.003220950348,0.0005842561324
2024-07-08,JNJ,True,9.723196218,0.0109769637,0.001130221982
2024-07-08,JPM,True,8.844571671,0.001847268878,0.0002089026859
2024-07-08,MSFT,True,8.245607886,-0.008849456529,-0.001072082169
2024-07-08,PG,True,6.142731869,0.01844647426,0.00301202068
2024-07-08,TSLA,True,1.522929073,-0.006697414281,-0.004378463851
2024-07-08,VNQ,False,,,
2024-07-08,WMT,True,1.878652993,0.003105362506,0.001655709754
2024-07-09,AAPL,True,6.055293637,0.003177109194,0.0005249583645
2024-07-09,AMZN,True,2.572130059,0.002089237254,0.0008129198714
2024-07-09,BAC,True,3.081770698,0.004772540067,0.001551037675
2024-07-09,BND,False,,,
2024-07-09,GLD,False,,,
2024-07-09,GOOGL,True,5.512228512,-0.003900510661,-0.0007071101211
2024-07-09,JNJ,True,9.736999713,0.01380349503,0.001419645837
2024-07-09,JPM,True,8.854516278,0.009944606747,0.001124374036
2024-07-09,MSFT,True,8.259155889,0.01354800275,0.001643056878
2024-07-09,PG,True,6.156192186,0.01346031694,0.002191259074
2024-07-09,TSLA,True,1.525955337,0.003026263707,0.001987133715
2024-07-09,VNQ,False,,,
2024-07-09,WMT,True,1.882653223,0.004000229488,0.002129307276
2024-07-10,AAPL,True,6.065555331,0.01026169429,0.001694665016
2024-07-10,AMZN,True,2.569985108,-0.002144950326,-0.0008339198554
2024-07-10,BAC,True,3.084391561,0.002620863433,0.0008504407659
2024-07-10,BND,False,,,
2024-07-10,GLD,False,,,
2024-07-10,GOOGL,True,5.517313125,0.005084612789,0.0009224241661
2024-07-10,JNJ,True,9.757016715,0.02001700202,0.002055766932
2024-07-10,JPM,True,8.873287366,0.01877108817,0.002119945074
2024-07-10,MSFT,True,8.242525602,-0.01663028661,-0.002013557661
2024-07-10,PG,True,6.172544526,0.01635234028,0.002656242655
2024-07-10,TSLA,True,1.527967192,0.002011855092,0.001318423314
2024-07-10,VNQ,False,,,
2024-07-10,WMT,True,1.886232994,0.003579771208,0.001901450126
2024-07-11,AAPL,True,6.097140002,0.03158467101,0.005207218347
2024-07-11,AMZN,True,2.576067073,0.006081964865,0.002366537007
2024-07-11,BAC,True,3.08708817,0.002696608717,0.0008742757409
2024-07-11,BND,False,,,
2024-07-11,GLD,False,,,
2024-07-11,GOOGL,True,5.500912468,-0.01640065653,-0.002972580342
2024-07-11,JNJ,True,9.77768104,0.02066432439,0.002117893716
2024-07-11,JPM,True,8.869697925,-0.003589440948,-0.0004045221123
2024-07-11,MSFT,True,8.25860902,0.01608341799,0.00195127304
2024-07-11,PG,True,6.170656173,-0.001888352996,-0.0003059278047
2024-07-11,TSLA,True,1.532402092,0.00443489982,0.002902483668
2024-07-11,VNQ,False,,,
2024-07-11,WMT,True,1.89169038,0.005457385975,0.00289327246
2024-07-12,AAPL,True,6.11899436,0.02185435796,0.003584362169
2024-07-12,AMZN,True,2.575755743,-0.0003113303875,-0.0001208549229
2024-07-12,BAC,True,3.094873946,0.007785776028,0.002522045241
2024-07-12,BND,False,,,
2024-07-12,GLD,False,,,
2024-07-12,GOOGL,True,5.49839941,-0.00251305784,-0.0004568438154
2024-07-12,JNJ,True,9.79387717,0.01619613013,0.001656438788
2024-07-12,JPM,True,8.863586207,-0.006111717636,-0.0006890558943
2024-07-12,MSFT,True,8.255899218,-0.002709802229,-0.0003281184788
2024-07-12,PG,True,6.1788327,0.008176526419,0.001325065956
2024-07-12,TSLA,True,1.533528804,0.001126712638,0.0007352591363
2024-07-12,VNQ,False,,,
2024-07-12,WMT,True,1.895342318,0.003651937886,0.001930515651
2024-07-15,AAPL,True,6.128459025,0.009464665154,0.001546768079
2024-07-15,AMZN,True,2.583817363,0.008061620627,0.003129807882
2024-07-15,BAC,True,3.098693274,0.003819327886,0.001234081889
2024-07-15,BND,False,,,
2024-07-15,GLD,False,,,
2024-07-15,GOOGL,True,5.485608997,-0.01279041381,-0.002326206748
2024-07-15,JNJ,True,9.802229632,0.008352462313,0.0008528248995
2024-07-15,JPM,True,8.858573102,-0.005013105398,-0.0005655843223
2024-07-15,MSFT,True,8.252041501,-0.003857717424,-0.0004672679889
2024-07-15,PG,True,6.17742176,-0.001410939891,-0.0002283505574
2024-07-15,TSLA,True,1.534063096,0.0005342916066,0.0003484066325
2024-07-15,VNQ,False,,,
2024-07-15,WMT,True,1.898725511,0.003383192691,0.00178500351
2024-07-16,AAPL,True,6.111410888,-0.01704813737,-0.002781798377
2024-07-16,AMZN,True,2.583476191,-0.0003411721091,-0.0001320418827
2024-07-16,BAC,True,3.109851086,0.0111578121,0.003600812057
2024-07-16,BND,False,,,
2024-07-16,GLD,False,,,
2024-07-16,GOOGL,True,5.465074647,-0.02053434956,-0.003743312652
2024-07-16,JNJ,True,9.817930688,0.01570105564,0.001601784107
2024-07-16,JPM,True,8.85653419,-0.002038911436,-0.0002301625118
2024-07-16,MSFT,True,8.250596786,-0.001444714779,-0.0001750736201
2024-07-16,PG,True,6.176271516,-0.001150243367,-0.0001862012036
2024-07-16,TSLA,True,1.532062535,-0.002000561394,-0.001304093293
2024-07-16,VNQ,False,,,
2024-07-16,WMT,True,1.897120538,-0.001604972274,-0.0008452892559
2024-07-17,AAPL,True,6.112902835,0.001491947512,0.0002441248902
2024-07-17,AMZN,True,2.587243692,0.003767500876,0.001458306792
2024-07-17,BAC,True,3.11852337,0.008672284112,0.002788649319
2024-07-17,BND,False,,,
2024-07-17,GLD,False,,,
2024-07-17,GOOGL,True,5.475179808,0.01010516108,0.001849043559
2024-07-17,JNJ,True,9.823431194,0.005500506189,0.0005602510717
2024-07-17,JPM,True,8.870349341,0.01381515087,0.001559882294
2024-07-17,MSFT,True,8.237030559,-0.01356622672,-0.001644272174
2024-07-17,PG,True,6.191940002,0.01566848615,0.002536884285
2024-07-17,TSLA,True,1.536563485,0.004500950533,0.002937837347
2024-07-17,VNQ,False,,,
2024-07-17,WMT,True,1.904636583,0.007516044908,0.003961817268
2024-07-18,AAPL,True,6.12173683,0.008833995283,0.001445139162
2024-07-18,AMZN,True,2.595575722,0.008332029913,0.003220427182
2024-07-18,BAC,True,3.118595353,7.19831992e-05,2.308246265e-05
2024-07-18,BND,False,,,
2024-07-18,GLD,False,,,
2024-07-18,GOOGL,True,5.481590486,0.006410677982,0.001170861635
2024-07-18,JNJ,True,9.832485544,0.009054349672,0.0009217094814
2024-07-18,JPM,True,8.857427289,-0.01292205269,-0.00145676931
2024-07-18,MSFT,True,8.240659214,0.003628655285,0.0004405295402
2024-07-18,PG,True,6.188316502,-0.00362350094,-0.0005851963905
2024-07-18,TSLA,True,1.535743293,-0.0008201916706,-0.0005337831327
2024-07-18,VNQ,False,,,
2024-07-18,WMT,True,1.90771158,0.003074996773,0.001614479528
2024-07-19,AAPL,True,6.129227652,0.00749082118,0.001223643124
2024-07-19,AMZN,True,2.596772461,0.001196739462,0.0004610689844
2024-07-19,BAC,True,3.124232121,0.005636767578,0.001807470011
2024-07-19,BND,False,,,
2024-07-19,GLD,False,,,
2024-07-19,GOOGL,True,5.483797669,0.002207182516,0.000402653668
2024-07-19,JNJ,True,9.838900148,0.006414604551,0.0006523889125
2024-07-19,JPM,True,8.85867349,0.001246201414,0.0001406956414
2024-07-19,MSFT,True,8.240484599,-0.0001746153406,-2.118948692e-05
2024-07-19,PG,True,6.221434054,0.03311755228,0.005351625482
2024-07-19,TSLA,True,1.534934221,-0.0008090720796,-0.0005268276822
2024-07-19,VNQ,False,,,
2024-07-19,WMT,True,1.909419572,0.001707991974,0.0008953093289
2024-07-22,AAPL,True,6.124800829,-0.004426822763,-0.0007222480571
2024-07-22,AMZN,True,2.603429257,0.006656795724,0.002563488262
2024-07-22,BAC,True,3.12210419,-0.002127930679,-0.0006811051793
2024-07-22,BND,False,,,
2024-07-22,GLD,False,,,
2024-07-22,GOOGL,True,5.487308378,0.003510709585,0.0006401967754
2024-07-22,JNJ,True,9.864515518,0.0256153695,0.002603478958
2024-07-22,JPM,True,8.873461135,0.01478764471,0.001669284315
2024-07-22,MSFT,True,8.212954763,-0.02752983618,-0.003340803062
2024-07-22,PG,True,6.22925097,0.007816915948,0.001256449217
2024-07-22,TSLA,True,1.533740665,-0.00119355661,-0.0007775946313
2024-07-22,VNQ,False,,,
2024-07-22,WMT,True,1.910157743,0.0007381714811,0.0003865946971
2024-07-23,AAPL,True,6.133688541,0.00888771169,0.001451102156
2024-07-23,AMZN,True,2.598222618,-0.005206638785,-0.0019999156
2024-07-23,BAC,True,3.121726772,-0.0003774177286,-0.000120885693
2024-07-23,BND,False,,,
2024-07-23,GLD,False,,,
2024-07-23,GOOGL,True,5.499398995,0.01209061673,0.002203378396
2024-07-23,JNJ,True,9.871634792,0.007119274697,0.0007217054587
2024-07-23,JPM,True,8.866387794,-0.00707334021,-0.0007971342977
2024-07-23,MSFT,True,8.212119008,-0.0008357549394,-0.0001017605677
2024-07-23,PG,True,6.22359864,-0.00565232995,-0.00090738517
2024-07-23,TSLA,True,1.534371685,0.0006310205655,0.0004114258558
2024-07-23,VNQ,False,,,
2024-07-23,WMT,True,1.912348067,0.002190323705,0.001146671636
2024-07-24,AAPL,True,6.12412538,-0.009563160875,-0.001559120717
2024-07-24,AMZN,True,2.608997608,0.01077499004,0.004147061903
2024-07-24,BAC,True,3.126607671,0.004880898577,0.001563525232
2024-07-24,BND,False,,,
2024-07-24,GLD,False,,,
2024-07-24,GOOGL,True,5.510338818,0.01093982323,0.001989276145
2024-07-24,JNJ,True,9.884193568,0.01255877588,0.001272208317
2024-07-24,JPM,True,8.863483747,-0.002904047236,-0.0003275344259
2024-07-24,MSFT,True,8.212486119,0.0003671109181,4.470355553e-05
2024-07-24,PG,True,6.231866309,0.008267669,0.001328438654
2024-07-24,TSLA,True,1.538226317,0.003854631347,0.00251218879
2024-07-24,VNQ,False,,,
2024-07-24,WMT,True,1.914066163,0.001718095475,0.0008984219475
2024-07-25,AAPL,True,6.108625011,-0.01550036833,-0.002531033799
2024-07-25,AMZN,True,2.608080919,-0.0009166897942,-0.0003513570849
2024-07-25,BAC,True,3.123435968,-0.003171702573,-0.001014422949
2024-07-25,BND,False,,,
2024-07-25,GLD,False,,,
2024-07-25,GOOGL,True,5.516244479,0.005905660839,0.001071741872
2024-07-25,JNJ,True,9.899280166,0.01508659778,0.001526335727
2024-07-25,JPM,True,8.881471248,0.01798750057,0.002029393981
2024-07-25,MSFT,True,8.197915254,-0.01457086437,-0.00177423306
2024-07-25,PG,True,6.241146778,0.009280468996,0.001489195778
2024-07-25,TSLA,True,1.537627166,-0.0005991505553,-0.0003895074144
2024-07-25,VNQ,False,,,
2024-07-25,WMT,True,1.913875802,-0.0001903608409,-9.945363679e-05
2024-07-26,AAPL,True,6.110438963,0.00181395201,0.0002969493145
2024-07-26,AMZN,True,2.60413618,-0.003944738881,-0.001512506323
2024-07-26,BAC,True,3.118366917,-0.005069051799,-0.001622908825
2024-07-26,BND,False,,,
2024-07-26,GLD,False,,,
2024-07-26,GOOGL,True,5.5085401,-0.007704378891,-0.001396671036
2024-07-26,JNJ,True,9.889824164,-0.009456002383,-0.0009552212105
2024-07-26,JPM,True,8.897695519,0.01622427119,0.001826754908
2024-07-26,MSFT,True,8.229966184,0.03205092984,0.003909643958
2024-07-26,PG,True,6.241505074,0.0003582965344,5.740876592e-05
2024-07-26,TSLA,True,1.535083611,-0.002543555091,-0.001654207956
2024-07-26,VNQ,False,,,
2024-07-26,WMT,True,1.914938617,0.001062814826,0.0005553206874
2024-07-29,AAPL,True,6.119560185,0.009121221929,0.00149272777
2024-07-29,AMZN,True,2.603123252,-0.00101292783,-0.0003889688402
2024-07-29,BAC,True,3.118741867,0.0003749498487,0.0001202391697
2024-07-29,BND,False,,,
2024-07-29,GLD,False,,,
2024-07-29,GOOGL,True,5.500778792,-0.007761308013,-0.001408959157
2024-07-29,JNJ,True,9.878782422,-0.01104174176,-0.001116475033
2024-07-29,JPM,True,8.90216786,0.004472340745,0.0005026403449
2024-07-29,MSFT,True,8.232720349,0.002754164559,0.0003346507747
2024-07-29,PG,True,6.232427174,-0.009077900852,-0.001454440995
2024-07-29,TSLA,True,1.529843909,-0.005239701981,-0.003413300711
2024-07-29,VNQ,False,,,
2024-07-29,WMT,True,1.910797022,-0.004141594297,-0.002162781753
2024-07-30,AAPL,True,6.120852248,0.001292063018,0.0002111365815
2024-07-30,AMZN,True,2.606808013,0.003684760825,0.001415515313
2024-07-30,BAC,True,3.113470503,-0.005271363996,-0.001690221321
2024-07-30,BND,False,,,
2024-07-30,GLD,False,,,
2024-07-30,GOOGL,True,5.502556178,0.001777385804,0.0003231153026
2024-07-30,JNJ,True,9.877552677,-0.001229745372,-0.000124483496
2024-07-30,JPM,True,8.869767932,-0.03239992728,-0.003639554745
2024-07-30,MSFT,True,8.214544448,-0.01817590078,-0.002207763656
2024-07-30,PG,True,6.224901043,-0.007526130353,-0.001207576141
2024-07-30,TSLA,True,1.528803382,-0.00104052708,-0.0006801524482
2024-07-30,VNQ,False,,,
2024-07-30,WMT,True,1.911699842,0.0009028199405,0.0004724834349
2024-07-31,AAPL,True,6.117085754,-0.003766494086,-0.0006153545181
2024-07-31,AMZN,True,2.605558653,-0.001249360212,-0.0004792682109
2024-07-31,BAC,True,3.113910662,0.0004401597548,0.0001413727075
2024-07-31,BND,False,,,
2024-07-31,GLD,False,,,
2024-07-31,GOOGL,True,5.47324011,-0.02931606784,-0.005327718045
2024-07-31,JNJ,True,9.876634119,-0.0009185577734,-9.299446973e-05
2024-07-31,JPM,True,8.858723633,-0.01104429934,-0.001245162154
2024-07-31,MSFT,True,8.211578299,-0.002966149324,-0.000361085066
2024-07-31,PG,True,6.215219214,-0.009681828949,-0.001555338612
2024-07-31,TSLA,True,1.531508017,0.002704634914,0.001769118872
2024-07-31,VNQ,False,,,
2024-07-31,WMT,True,1.907171397,-0.004528444881,-0.002368805385
2024-08-01,AAPL,True,6.121824009,0.004738254942,0.0007745935128
2024-08-01,AMZN,True,2.6054181,-0.0001405525836,-5.394335816e-05
2024-08-01,BAC,True,3.107759565,-0.006151097108,-0.001975360816
2024-08-01,BND,False,,,
2024-08-01,GLD,False,,,
2024-08-01,GOOGL,True,5.46013881,-0.01310129997,-0.002393700935
2024-08-01,JNJ,True,9.868985628,-0.007648490714,-0.0007744025568
2024-08-01,JPM,True,8.82765116,-0.03107247266,-0.003507556387
2024-08-01,MSFT,True,8.16575061,-0.04582768874,-0.00558086242
2024-08-01,PG,True,6.208992551,-0.006226663281,-0.001001841297
2024-08-01,TSLA,True,1.528953984,-0.002554032694,-0.001667658717
2024-08-01,VNQ,False,,,
2024-08-01,WMT,True,1.907437277,0.0002658795695,0.0001394104221
2024-08-02,AAPL,True,6.110256272,-0.01156773705,-0.001889589937
2024-08-02,AMZN,True,2.595069712,-0.01034838821,-0.003971872389
2024-08-02,BAC,True,3.104181386,-0.003578179376,-0.001151369435
2024-08-02,BND,False,,,
2024-08-02,GLD,False,,,
2024-08-02,GOOGL,True,5.454491833,-0.005646977041,-0.001034218586
2024-08-02,JNJ,True,9.87647479,0.007489162135,0.0007588583485
2024-08-02,JPM,True,8.834333849,0.00668268867,0.0007570177558
2024-08-02,MSFT,True,8.166424955,0.0006743451003,8.258213268e-05
2024-08-02,PG,True,6.201438319,-0.007554232038,-0.001216659865
2024-08-02,TSLA,True,1.532439593,0.003485608475,0.00227973406
2024-08-02,VNQ,False,,,
2024-08-02,WMT,True,1.905498491,-0.001938786165,-0.001016435082
2024-08-05,AAPL,True,6.102218856,-0.008037415957,-0.001315397522
2024-08-05,AMZN,True,2.592339932,-0.002729779909,-0.00105191005
2024-08-05,BAC,True,3.095303525,-0.008877860487,-0.002859968341
2024-08-05,BND,False,,,
2024-08-05,GLD,False,,,
2024-08-05,GOOGL,True,5.445278263,-0.009213570094,-0.001689171123
2024-08-05,JNJ,True,9.856532962,-0.01994182801,-0.002019124073
2024-08-05,JPM,True,8.83181312,-0.002520729287,-0.0002853332611
2024-08-05,MSFT,True,8.155578412,-0.01084654276,-0.001328187404
2024-08-05,PG,True,6.188421353,-0.01301696626,-0.002099023741
2024-08-05,TSLA,True,1.527604678,-0.004834914794,-0.003155044295
2024-08-05,VNQ,False,,,
2024-08-05,WMT,True,1.901711719,-0.003786771578,-0.001987286579
2024-08-06,AAPL,True,6.106181417,0.003962560468,0.0006493638727
2024-08-06,AMZN,True,2.596369007,0.004029074874,0.001554223204
2024-08-06,BAC,True,3.089689736,-0.005613789707,-0.001813647567
2024-08-06,BND,False,,,
2024-08-06,GLD,False,,,
2024-08-06,GOOGL,True,5.445590972,0.0003127095796,5.742765834e-05
2024-08-06,JNJ,True,9.838728859,-0.01780410332,-0.001806325144
2024-08-06,JPM,True,8.821604018,-0.01020910222,-0.001155946359
2024-08-06,MSFT,True,8.165063849,0.009485437078,0.001163061232
2024-08-06,PG,True,6.19166061,0.003239257444,0.0005234384118
2024-08-06,TSLA,True,1.527293341,-0.0003113363593,-0.0002038068905
2024-08-06,VNQ,False,,,
2024-08-06,WMT,True,1.897307249,-0.004404470026,-0.002316055573
2024-08-07,AAPL,True,6.1199887,0.01380728337,0.002261197699
2024-08-07,AMZN,True,2.594447669,-0.001921337414,-0.0007400093781
2024-08-07,BAC,True,3.083149452,-0.00654028389,-0.002116809275
2024-08-07,BND,False,,,
2024-08-07,GLD,False,,,
2024-08-07,GOOGL,True,5.45088812,0.005297147751,0.0009727406589
2024-08-07,JNJ,True,9.811342607,-0.02738625232,-0.002783515301
2024-08-07,JPM,True,8.802969311,-0.01863470647,-0.002112394349
2024-08-07,MSFT,True,8.148358405,-0.0167054446,-0.002045966193
2024-08-07,PG,True,6.193242554,0.001581943514,0.0002554958377
2024-08-07,TSLA,True,1.525179053,-0.002114288331,-0.00138433677
2024-08-07,VNQ,False,,,
2024-08-07,WMT,True,1.896923207,-0.0003840420148,-0.0002024142452
2024-08-08,AAPL,True,6.104237879,-0.01575082134,-0.00257366837
2024-08-08,AMZN,True,2.584844022,-0.009603646868,-0.003701615177
2024-08-08,BAC,True,3.076358181,-0.006791270734,-0.002202705655
2024-08-08,BND,False,,,
2024-08-08,GLD,False,,,
2024-08-08,GOOGL,True,5.443670792,-0.007217328137,-0.001324064625
2024-08-08,JNJ,True,9.794004638,-0.01733796868,-0.00176713518
2024-08-08,JPM,True,8.8097781,0.006808789304,0.0007734650733
2024-08-08,MSFT,True,8.137473722,-0.01088468318,-0.001335813012
2024-08-08,PG,True,6.191015547,-0.002227006545,-0.0003595865212
2024-08-08,TSLA,True,1.526068982,0.0008899289199,0.0005834914387
2024-08-08,VNQ,False,,,
2024-08-08,WMT,True,1.89447862,-0.002444587089,-0.001288711678
2024-08-09,AAPL,True,6.104870215,0.0006323366918,0.0001035897854
2024-08-09,AMZN,True,2.583227225,-0.001616797044,-0.0006254911437
2024-08-09,BAC,True,3.069217747,-0.007140434088,-0.002321067206
2024-08-09,BND,False,,,
2024-08-09,GLD,False,,,
2024-08-09,GOOGL,True,5.435854652,-0.00781613985,-0.001435821553
2024-08-09,JNJ,True,9.797475706,0.003471068082,0.0003544074371
2024-08-09,JPM,True,8.796104499,-0.01367360188,-0.001552093789
2024-08-09,MSFT,True,8.123921094,-0.01355262717,-0.001665458794
2024-08-09,PG,True,6.18957767,-0.001437877318,-0.0002322522544
2024-08-09,TSLA,True,1.524808406,-0.001260576527,-0.0008260285362
2024-08-09,VNQ,False,,,
2024-08-09,WMT,True,1.887875098,-0.006603521622,-0.003485667007
2024-08-12,AAPL,True,6.097642218,-0.007227997836,-0.001183972399
2024-08-12,AMZN,True,2.577375461,-0.005851764901,-0.002265292361
2024-08-12,BAC,True,3.067204023,-0.002013723902,-0.0006561033033
2024-08-12,BND,False,,,
2024-08-12,GLD,False,,,
2024-08-12,GOOGL,True,5.427752013,-0.008102639444,-0.00149059163
2024-08-12,JNJ,True,9.772005451,-0.02547025449,-0.002599675188
2024-08-12,JPM,True,8.799966719,0.003862219988,0.0004390830041
2024-08-12,MSFT,True,8.118109627,-0.005811467083,-0.0007153524777
2024-08-12,PG,True,6.192524577,0.002946907444,0.0004761079997
2024-08-12,TSLA,True,1.521199024,-0.003609381427,-0.002367104886
2024-08-12,VNQ,False,,,
2024-08-12,WMT,True,1.882468428,-0.005406670035,-0.002863891811
2024-08-13,AAPL,True,6.104614197,0.006971979025,0.001143389326
2024-08-13,AMZN,True,2.579126959,0.001751498699,0.000679566763
2024-08-13,BAC,True,3.067551043,0.0003470200006,0.0001131388711
2024-08-13,BND,False,,,
2024-08-13,GLD,False,,,
2024-08-13,GOOGL,True,5.440998552,0.0132465389,0.002440520288
2024-08-13,JNJ,True,9.784380634,0.01237518264,0.001266391295
2024-08-13,JPM,True,8.791576065,-0.008390653924,-0.0009534870065
2024-08-13,MSFT,True,8.100850978,-0.01725864921,-0.00212594434
2024-08-13,PG,True,6.19154174,-0.0009828372999,-0.0001587135081
2024-08-13,TSLA,True,1.516201485,-0.004997538691,-0.003285262883
2024-08-13,VNQ,False,,,
2024-08-13,WMT,True,1.882943181,0.0004747529397,0.0002521970263
2024-08-14,AAPL,True,6.082201084,-0.02241311214,-0.00367150346
2024-08-14,AMZN,True,2.58077519,0.001648230391,0.0006390652408
2024-08-14,BAC,True,3.062427415,-0.005123627576,-0.001670266445
2024-08-14,BND,False,,,
2024-08-14,GLD,False,,,
2024-08-14,GOOGL,True,5.423691902,-0.01730664943,-0.003180785524
2024-08-14,JNJ,True,9.775892215,-0.008488419515,-0.0008675479658
2024-08-14,JPM,True,8.787562822,-0.004013242407,-0.0004564872529
2024-08-14,MSFT,True,8.099371338,-0.001479639725,-0.0001826523817
2024-08-14,PG,True,6.194600631,0.003058890971,0.0004940435032
2024-08-14,TSLA,True,1.513440939,-0.00276054668,-0.0018206991
2024-08-14,VNQ,False,,,
2024-08-14,WMT,True,1.879416234,-0.003526946986,-0.001873103247
2024-08-15,AAPL,True,6.08769856,0.005497475607,0.0009038628501
2024-08-15,AMZN,True,2.577824222,-0.002950967179,-0.001143442168
2024-08-15,BAC,True,3.055086178,-0.007341237156,-0.002397195479
2024-08-15,BND,False,,,
2024-08-15,GLD,False,,,
2024-08-15,GOOGL,True,5.424472798,0.0007808960445,0.0001439786881
2024-08-15,JNJ,True,9.749311235,-0.02658097986,-0.002719033647
2024-08-15,JPM,True,8.776562454,-0.01100036844,-0.001251811072
2024-08-15,MSFT,True,8.073200122,-0.02617121647,-0.003231265166
2024-08-15,PG,True,6.184709546,-0.009891085196,-0.001596726857
2024-08-15,TSLA,True,1.513222757,-0.0002181817353,-0.0001441627022
2024-08-15,VNQ,False,,,
2024-08-15,WMT,True,1.877884449,-0.001531785348,-0.0008150325189
2024-08-16,AAPL,True,6.097297807,0.009599246827,0.001576826896
2024-08-16,AMZN,True,2.566884213,-0.01094000972,-0.004243892825
2024-08-16,BAC,True,3.049500259,-0.005585919629,-0.00182840002
2024-08-16,BND,False,,,
2024-08-16,GLD,False,,,
2024-08-16,GOOGL,True,5.419944819,-0.00452797962,-0.0008347317405
2024-08-16,JNJ,True,9.757784627,0.008473392661,0.0008691273114
2024-08-16,JPM,True,8.769349706,-0.007212747576,-0.0008218192047
2024-08-16,MSFT,True,8.080429995,0.007229873468,0.000895539979
2024-08-16,PG,True,6.176690948,-0.008018597153,-0.001296519601
2024-08-16,TSLA,True,1.509894771,-0.003327985494,-0.002199270054
2024-08-16,VNQ,False,,,
2024-08-16,WMT,True,1.874424879,-0.003459569856,-0.001842269825
2024-08-19,AAPL,True,6.086662599,-0.01063520771,-0.001744249346
2024-08-19,AMZN,True,2.567425634,0.0005414217873,0.0002109256758
2024-08-19,BAC,True,3.047323285,-0.002176974022,-0.0007138789433
2024-08-19,BND,False,,,
2024-08-19,GLD,False,,,
2024-08-19,GOOGL,True,5.404832826,-0.01511199301,-0.002788218979
2024-08-19,JNJ,True,9.765520276,0.007735648295,0.0007927668616
2024-08-19,JPM,True,8.76701564,-0.002334066378,-0.0002661618542
2024-08-19,MSFT,True,8.07332344,-0.007106555911,-0.000879477443
2024-08-19,PG,True,6.175407054,-0.001283894521,-0.0002078612209
2024-08-19,TSLA,True,1.50966926,-0.0002255111235,-0.0001493555231
2024-08-19,VNQ,False,,,
2024-08-19,WMT,True,1.869207571,-0.00521730786,-0.002783417953
2024-08-20,AAPL,True,6.086416839,-0.0002457597601,-4.037676741e-05
2024-08-20,AMZN,True,2.563843262,-0.003582372037,-0.001395316767
2024-08-20,BAC,True,3.043845952,-0.003477333044,-0.001141110647
2024-08-20,BND,False,,,
2024-08-20,GLD,False,,,
2024-08-20,GOOGL,True,5.409587317,0.004754490909,0.0008796739997
2024-08-20,JNJ,True,9.764588266,-0.000932009912,-9.543883846e-05
2024-08-20,JPM,True,8.756296712,-0.01071892824,-0.001222642765
2024-08-20,MSFT,True,8.061185801,-0.01213763823,-0.00150342524
2024-08-20,PG,True,6.179255112,0.003848057776,0.0006231261749
2024-08-20,TSLA,True,1.509075361,-0.0005938990792,-0.0003933968153
2024-08-20,VNQ,False,,,
2024-08-20,WMT,True,1.863767177,-0.005440394665,-0.002910535324
2024-08-21,AAPL,True,6.072957037,-0.01345980237,-0.002211449319
2024-08-21,AMZN,True,2.568410188,0.004566925809,0.001781281202
2024-08-21,BAC,True,3.037997491,-0.00584846057,-0.001921404915
2024-08-21,BND,False,,,
2024-08-21,GLD,False,,,
2024-08-21,GOOGL,True,5.403102364,-0.00648495236,-0.001198788739
2024-08-21,JNJ,True,9.737054826,-0.02753343956,-0.002819723558
2024-08-21,JPM,True,8.754792534,-0.001504177776,-0.0001717824128
2024-08-21,MSFT,True,8.054846686,-0.006339115244,-0.0007863750322
2024-08-21,PG,True,6.159477946,-0.01977716597,-0.003200574441
2024-08-21,TSLA,True,1.508185603,-0.0008897583107,-0.0005896049551
2024-08-21,VNQ,False,,,
2024-08-21,WMT,True,1.863190022,-0.0005771544138,-0.0003096708758
2024-08-22,AAPL,True,6.087003887,0.01404684976,0.002313016489
2024-08-22,AMZN,True,2.570001558,0.001591369772,0.0006195933108
2024-08-22,BAC,True,3.033853425,-0.004144065591,-0.001364078016
2024-08-22,BND,False,,,
2024-08-22,GLD,False,,,
2024-08-22,GOOGL,True,5.402868277,-0.0002340877102,-4.332468542e-05
2024-08-22,JNJ,True,9.724568725,-0.01248610072,-0.001282328275
2024-08-22,JPM,True,8.72695677,-0.02783576405,-0.003179488714
2024-08-22,MSFT,True,8.02568389,-0.02916279649,-0.003620527817
2024-08-22,PG,True,6.155176669,-0.004301276334,-0.000698318327
2024-08-22,TSLA,True,1.5110846,0.00289899671,0.001922175033
2024-08-22,VNQ,False,,,
2024-08-22,WMT,True,1.862262546,-0.0009274757673,-0.0004977891446
2024-08-23,AAPL,True,6.077175298,-0.009828588661,-0.001614684144
2024-08-23,AMZN,True,2.570193471,0.0001919130444,7.467429108e-05
2024-08-23,BAC,True,3.029856831,-0.003996594509,-0.001317332761
2024-08-23,BND,False,,,
2024-08-23,GLD,False,,,
2024-08-23,GOOGL,True,5.385671291,-0.0171969852,-0.003182936234
2024-08-23,JNJ,True,9.71722917,-0.007339554986,-0.0007547434949
2024-08-23,JPM,True,8.732882074,0.005925304719,0.0006789657466
2024-08-23,MSFT,True,8.034026818,0.008342928755,0.001039528702
2024-08-23,PG,True,6.141896181,-0.01328048853,-0.002157612891
2024-08-23,TSLA,True,1.510259122,-0.0008254775739,-0.0005462815081
2024-08-23,VNQ,False,,,
2024-08-23,WMT,True,1.862064811,-0.0001977357001,-0.000106180356
2024-08-26,AAPL,True,6.087563218,0.01038791966,0.001709333556
2024-08-26,AMZN,True,2.57966111,0.009467638471,0.003683628714
2024-08-26,BAC,True,3.033417836,0.003561005403,0.001175304842
2024-08-26,BND,False,,,
2024-08-26,GLD,False,,,
2024-08-26,GOOGL,True,5.386550537,0.0008792460384,0.0001632565359
2024-08-26,JNJ,True,9.701988671,-0.01524049995,-0.001568399765
2024-08-26,JPM,True,8.742887567,0.01000549209,0.001145726234
2024-08-26,MSFT,True,8.042220469,0.008193651082,0.001019868525
2024-08-26,PG,True,6.148279897,0.006383715947,0.001039372168
2024-08-26,TSLA,True,1.510350818,9.169600954e-05,6.071541512e-05
2024-08-26,VNQ,False,,,
2024-08-26,WMT,True,1.867165243,0.005100432238,0.002739127128
2024-08-27,AAPL,True,6.102061706,0.01449848826,0.002381657116
2024-08-27,AMZN,True,2.587954368,0.008293258108,0.003214863409
2024-08-27,BAC,True,3.036274593,0.002856757094,0.0009417618171
2024-08-27,BND,False,,,
2024-08-27,GLD,False,,,
2024-08-27,GOOGL,True,5.398002742,0.01145220493,0.002126073978
2024-08-27,JNJ,True,9.705623966,0.003635295615,0.0003746959246
2024-08-27,JPM,True,8.754790703,0.01190313668,0.001361465144
2024-08-27,MSFT,True,8.04925941,0.00703894034,0.0008752483679
2024-08-27,PG,True,6.133209193,-0.01507070431,-0.002451206608
2024-08-27,TSLA,True,1.511705866,0.001355047502,0.0008971740113
2024-08-27,VNQ,False,,,
2024-08-27,WMT,True,1.866184718,-0.0009805246651,-0.0005251408084
2024-08-28,AAPL,True,6.135734666,0.03367295987,0.005518292258
2024-08-28,AMZN,True,2.591706256,0.003751888777,0.001449750747
2024-08-28,BAC,True,3.03856316,0.002288566987,0.0007537417701
2024-08-28,BND,False,,,
2024-08-28,GLD,False,,,
2024-08-28,GOOGL,True,5.388487838,-0.009514904585,-0.001762671314
2024-08-28,JNJ,True,9.719266743,0.01364277715,0.001405656885
2024-08-28,JPM,True,8.747623629,-0.00716707461,-0.0008186460251
2024-08-28,MSFT,True,8.059810712,0.01055130271,0.00131084143
2024-08-28,PG,True,6.132233685,-0.0009755075663,-0.000159053366
2024-08-28,TSLA,True,1.510932857,-0.000773008561,-0.0005113485226
2024-08-28,VNQ,False,,,
2024-08-28,WMT,True,1.870294749,0.004110030523,0.002202370688
2024-08-29,AAPL,True,6.144965149,0.009230482998,0.001504381056
2024-08-29,AMZN,True,2.597299962,0.005593705366,0.002158309937
2024-08-29,BAC,True,3.047192993,0.008629832928,0.002840103191
2024-08-29,BND,False,,,
2024-08-29,GLD,False,,,
2024-08-29,GOOGL,True,5.391686002,0.003198164367,0.0005935179707
2024-08-29,JNJ,True,9.729597192,0.01033044843,0.001062883518
2024-08-29,JPM,True,8.753803613,0.00617998398,0.0007064757519
2024-08-29,MSFT,True,8.067485346,0.0076746336,0.000952210154
2024-08-29,PG,True,6.136629196,0.00439551083,0.0007167878877
2024-08-29,TSLA,True,1.510090987,-0.0008418698351,-0.0005571854707
2024-08-29,VNQ,False,,,
2024-08-29,WMT,True,1.873488164,0.003193415535,0.001707439716
2024-08-30,AAPL,True,6.159767733,0.01480258374,0.002408896288
2024-08-30,AMZN,True,2.594793041,-0.002506920812,-0.0009652026525
2024-08-30,BAC,True,3.054772297,0.007579303476,0.002487306676
2024-08-30,BND,False,,,
2024-08-30,GLD,False,,,
2024-08-30,GOOGL,True,5.400495963,0.008809960846,0.00163398997
2024-08-30,JNJ,True,9.735920854,0.006323662665,0.0006499408496
2024-08-30,JPM,True,8.766721689,0.01291807641,0.001475710101
2024-08-30,MSFT,True,8.104219312,0.03673396631,0.004553335362
2024-08-30,PG,True,6.141032477,0.004403281581,0.0007175407607
2024-08-30,TSLA,True,1.510061896,-2.909075636e-05,-1.926424077e-05
2024-08-30,VNQ,False,,,
2024-08-30,WMT,True,1.875920945,0.002432780414,0.001298529908
2024-09-03,AAPL,True,6.174198564,0.01443083138,0.002342755768
2024-09-03,AMZN,True,2.600944809,0.006151767892,0.002370812544
2024-09-03,BAC,True,3.056698426,0.001926128955,0.0006305311062
2024-09-03,BND,False,,,
2024-09-03,GLD,False,,,
2024-09-03,GOOGL,True,5.391354632,-0.009141330793,-0.001692683571
2024-09-03,JNJ,True,9.737924079,0.002003224529,0.0002057560409
2024-09-03,JPM,True,8.768649709,0.001928019608,0.0002199248107
2024-09-03,MSFT,True,8.114620434,0.01040112119,0.001283420498
2024-09-03,PG,True,6.138681118,-0.002351359506,-0.0003828931885
2024-09-03,TSLA,True,1.507051189,-0.00301070697,-0.001993763949
2024-09-03,VNQ,False,,,
2024-09-03,WMT,True,1.873781576,-0.002139368662,-0.001140436471
2024-09-04,AAPL,True,6.185433212,0.01123464804,0.001819612364
2024-09-04,AMZN,True,2.598277574,-0.002667234971,-0.001025486954
2024-09-04,BAC,True,3.063087904,0.006389478095,0.002090320079
2024-09-04,BND,False,,,
2024-09-04,GLD,False,,,
2024-09-04,GOOGL,True,5.398090926,0.006736293392,0.001249462121
2024-09-04,JNJ,True,9.746723317,0.008799237799,0.0009036050936
2024-09-04,JPM,True,8.761807514,-0.00684219465,-0.0007803019709
2024-09-04,MSFT,True,8.116566117,0.001945683799,0.0002397750843
2024-09-04,PG,True,6.133096496,-0.005584621843,-0.0009097429458
2024-09-04,TSLA,True,1.509549764,0.002498574145,0.001657922546
2024-09-04,VNQ,False,,,
2024-09-04,WMT,True,1.872908461,-0.000873115364,-0.0004659643232
2024-09-05,AAPL,True,6.191922169,0.006488957,0.001049070741
2024-09-05,AMZN,True,2.600423959,0.002146385341,0.000826080078
2024-09-05,BAC,True,3.060283205,-0.002804699079,-0.0009156443323
2024-09-05,BND,False,,,
2024-09-05,GLD,False,,,
2024-09-05,GOOGL,True,5.415412884,0.0173219581,0.00320890447
2024-09-05,JNJ,True,9.761489926,0.0147666096,0.001515033219
2024-09-05,JPM,True,8.750526973,-0.01128054132,-0.001287467375
2024-09-05,MSFT,True,8.121200465,0.004634347869,0.0005709739565
2024-09-05,PG,True,6.136227011,0.00313051513,0.0005104297857
2024-09-05,TSLA,True,1.506916364,-0.002633400008,-0.001744493671
2024-09-05,VNQ,False,,,
2024-09-05,WMT,True,1.869552722,-0.00335573853,-0.001791725864
2024-09-06,AAPL,True,6.203783981,0.01186181247,0.001915691467
2024-09-06,AMZN,True,2.604739423,0.004315463376,0.001659523002
2024-09-06,BAC,True,3.060913357,0.0006301527537,0.0002059132151
2024-09-06,BND,False,,,
2024-09-06,GLD,False,,,
2024-09-06,GOOGL,True,5.423872977,0.008460093804,0.001562225076
2024-09-06,JNJ,True,9.781858757,0.02036883101,0.00208665185
2024-09-06,JPM,True,8.751882504,0.001355531475,0.0001549085535
2024-09-06,MSFT,True,8.115805013,-0.005395451848,-0.000664366293
2024-09-06,PG,True,6.13946635,0.003239338419,0.0005279039406
2024-09-06,TSLA,True,1.503182797,-0.003733566284,-0.002477620108
2024-09-06,VNQ,False,,,
2024-09-06,WMT,True,1.869422701,-0.0001300213656,-6.954677666e-05
2024-09-09,AAPL,True,6.213466263,0.009682281986,0.001560705855
2024-09-09,AMZN,True,2.611573895,0.006834472269,0.002623860264
2024-09-09,BAC,True,3.064015863,0.003102505869,0.001013588268
2024-09-09,BND,False,,,
2024-09-09,GLD,False,,,
2024-09-09,GOOGL,True,5.421361187,-0.002511790565,-0.0004630990762
2024-09-09,JNJ,True,9.762919047,-0.01893971035,-0.001936207711
2024-09-09,JPM,True,8.74532577,-0.006556734411,-0.0007491798945
2024-09-09,MSFT,True,8.100966206,-0.01483880698,-0.00182838387
2024-09-09,PG,True,6.130218849,-0.009247500781,-0.001506238532
2024-09-09,TSLA,True,1.502704787,-0.000478010597,-0.0003179989805
2024-09-09,VNQ,False,,,
2024-09-09,WMT,True,1.866984829,-0.002437871543,-0.001304077212
2024-09-10,AAPL,True,6.216966554,0.003500290241,0.0005633393813
2024-09-10,AMZN,True,2.609618513,-0.001955381643,-0.0007487368621
2024-09-10,BAC,True,3.058019481,-0.005996382254,-0.001957033685
2024-09-10,BND,False,,,
2024-09-10,GLD,False,,,
2024-09-10,GOOGL,True,5.417811759,-0.003549428146,-0.0006547116164
2024-09-10,JNJ,True,9.753540247,-0.009378799672,-0.000960655274
2024-09-10,JPM,True,8.722703282,-0.02262248792,-0.002586809058
2024-09-10,MSFT,True,8.107828317,0.006862110867,0.0008470731383
2024-09-10,PG,True,6.114659249,-0.01555959969,-0.002538180132
2024-09-10,TSLA,True,1.501510715,-0.001194072152,-0.0007946152583
2024-09-10,VNQ,False,,,
2024-09-10,WMT,True,1.867805511,0.0008206815507,0.0004395759076
2024-09-11,AAPL,True,6.232754793,0.01578823961,0.002539540703
2024-09-11,AMZN,True,2.608406746,-0.001211767728,-0.0004643466936
2024-09-11,BAC,True,3.058894243,0.0008747621647,0.0002860551315
2024-09-11,BND,False,,,
2024-09-11,GLD,False,,,
2024-09-11,GOOGL,True,5.416396015,-0.001415743902,-0.000261312863
2024-09-11,JNJ,True,9.747464012,-0.006076235134,-0.0006229773989
2024-09-11,JPM,True,8.712146208,-0.01055707327,-0.001210298337
2024-09-11,MSFT,True,8.114936136,0.007107819263,0.0008766612939
2024-09-11,PG,True,6.12413741,0.009478160598,0.001550071756
2024-09-11,TSLA,True,1.499713266,-0.001797448611,-0.00119709343
2024-09-11,VNQ,False,,,
2024-09-11,WMT,True,1.872731216,0.00492570488,0.002637161552
2024-09-12,AAPL,True,6.227929509,-0.004825284038,-0.0007741815935
2024-09-12,AMZN,True,2.608361768,-4.49777171e-05,-1.724336788e-05
2024-09-12,BAC,True,3.059770543,0.0008762995211,0.000286475913
2024-09-12,BND,False,,,
2024-09-12,GLD,False,,,
2024-09-12,GOOGL,True,5.41449715,-0.00189886494,-0.0003505771983
2024-09-12,JNJ,True,9.738075423,-0.009388588725,-0.0009631827021
2024-09-12,JPM,True,8.714356283,0.002210074397,0.0002536773769
2024-09-12,MSFT,True,8.11758651,0.002650373926,0.0003266044097
2024-09-12,PG,True,6.122540923,-0.001596486923,-0.0002606876391
2024-09-12,TSLA,True,1.495399862,-0.004313404222,-0.002876152608
2024-09-12,VNQ,False,,,
2024-09-12,WMT,True,1.876153516,0.003422300146,0.001827437978
2024-09-13,AAPL,True,6.232733544,0.004804034311,0.0007713694099
2024-09-13,AMZN,True,2.600679549,-0.007682218883,-0.002945227528
2024-09-13,BAC,True,3.059719158,-5.138431814e-05,-1.679352011e-05
2024-09-13,BND,False,,,
2024-09-13,GLD,False,,,
2024-09-13,GOOGL,True,5.426035383,0.01153823267,0.002130988778
2024-09-13,JNJ,True,9.749988106,0.01191268214,0.001223309702
2024-09-13,JPM,True,8.705922922,-0.008433361103,-0.0009677549126
2024-09-13,MSFT,True,8.129544029,0.01195751885,0.001473038672
2024-09-13,PG,True,6.103118318,-0.01942260524,-0.003172311216
2024-09-13,TSLA,True,1.49875486,0.003354998159,0.002243545853
2024-09-13,VNQ,False,,,
2024-09-13,WMT,True,1.877832126,0.001678609918,0.0008947081911
2024-09-16,AAPL,True,6.245773135,0.013039591,0.002092114304
2024-09-16,AMZN,True,2.599142562,-0.001536987238,-0.0005909944726
2024-09-16,BAC,True,3.057143383,-0.00257577594,-0.0008418341053
2024-09-16,BND,False,,,
2024-09-16,GLD,False,,,
2024-09-16,GOOGL,True,5.422569757,-0.003465625863,-0.0006387031448
2024-09-16,JNJ,True,9.741120841,-0.008867264494,-0.0009094641345
2024-09-16,JPM,True,8.694272235,-0.0116506864,-0.001338248282
2024-09-16,MSFT,True,8.136760554,0.007216525178,0.0008876912595
2024-09-16,PG,True,6.089247287,-0.01387103054,-0.00227277759
2024-09-16,TSLA,True,1.500597915,0.00184305532,0.001229724333
2024-09-16,VNQ,False,,,
2024-09-16,WMT,True,1.882403691,0.004571565382,0.002434490985
2024-09-17,AAPL,True,6.268136015,0.02236288073,0.003580482392
2024-09-17,AMZN,True,2.604275085,0.005132523174,0.001974698599
2024-09-17,BAC,True,3.055552398,-0.001590985018,-0.0005204155706
2024-09-17,BND,False,,,
2024-09-17,GLD,False,,,
2024-09-17,GOOGL,True,5.414313149,-0.008256607236,-0.001522637348
2024-09-17,JNJ,True,9.713123749,-0.02799709178,-0.002874114
2024-09-17,JPM,True,8.696234629,0.001962393528,0.0002257110745
2024-09-17,MSFT,True,8.132987984,-0.003772570254,-0.0004636452344
2024-09-17,PG,True,6.089686058,0.0004387713704,7.205675015e-05
2024-09-17,TSLA,True,1.497908537,-0.002689378003,-0.001792204278
2024-09-17,VNQ,False,,,
2024-09-17,WMT,True,1.880422729,-0.00198096177,-0.001052357568
2024-09-18,AAPL,True,6.259863479,-0.008272535976,-0.001319776079
2024-09-18,AMZN,True,2.602035226,-0.002239858958,-0.0008600700328
2024-09-18,BAC,True,3.04749717,-0.00805522773,-0.002636259073
2024-09-18,BND,False,,,
2024-09-18,GLD,False,,,
2024-09-18,GOOGL,True,5.403768154,-0.01054499538,-0.001947614608
2024-09-18,JNJ,True,9.692845948,-0.02027780124,-0.002087670431
2024-09-18,JPM,True,8.693235713,-0.002998915548,-0.0003448521891
2024-09-18,MSFT,True,8.123196283,-0.009791701189,-0.001203948808
2024-09-18,PG,True,6.092181301,0.002495242769,0.0004097489994
2024-09-18,TSLA,True,1.493333139,-0.004575398728,-0.003054524768
2024-09-18,VNQ,False,,,
2024-09-18,WMT,True,1.879058552,-0.001364176946,-0.0007254629102
2024-09-19,AAPL,True,6.260615767,0.00075228788,0.0001201764036
2024-09-19,AMZN,True,2.606629215,0.004593988669,0.001765536694
2024-09-19,BAC,True,3.045825211,-0.001671958887,-0.0005486334502
2024-09-19,BND,False,,,
2024-09-19,GLD,False,,,
2024-09-19,GOOGL,True,5.378702682,-0.02506547165,-0.004638517222
2024-09-19,JNJ,True,9.637231316,-0.05561463234,-0.005737698983
2024-09-19,JPM,True,8.697779389,0.00454367563,0.0005226679432
2024-09-19,MSFT,True,8.11475729,-0.008438993055,-0.001038875925
2024-09-19,PG,True,6.083900973,-0.008280327794,-0.001359172911
2024-09-19,TSLA,True,1.49036112,-0.002972018956,-0.001990191525
2024-09-19,VNQ,False,,,
2024-09-19,WMT,True,1.877099789,-0.001958763539,-0.001042417511
2024-09-20,AAPL,True,6.341816363,0.08120059575,0.01297006537
2024-09-20,AMZN,True,2.451443022,-0.155186193,-0.05953520054
2024-09-20,BAC,True,3.137802532,0.0919773215,0.03019783314
2024-09-20,BND,False,,,
2024-09-20,GLD,False,,,
2024-09-20,GOOGL,True,5.497619807,0.1189171243,0.02210888598
2024-09-20,JNJ,True,9.423189863,-0.2140414529,-0.02220984906
2024-09-20,JPM,True,8.557156335,-0.1406230537,-0.01616769608
2024-09-20,MSFT,True,7.828411878,-0.286345412,-0.03528699648
2024-09-20,PG,True,6.185643393,0.1017424192,0.01672322078
2024-09-20,TSLA,True,1.498107125,0.007746005274,0.005197401605
2024-09-20,VNQ,False,,,
2024-09-20,WMT,True,1.82749189,-0.04960789934,-0.02642794999
2024-09-23,AAPL,True,6.33815925,-0.003657113315,-0.0005766665425
2024-09-23,AMZN,True,2.455827201,0.004384179389,0.001788407624
2024-09-23,BAC,True,3.137184919,-0.0006176133257,-0.0001968298895
2024-09-23,BND,False,,,
2024-09-23,GLD,False,,,
2024-09-23,GOOGL,True,5.472713227,-0.0249065793,-0.004530429563
2024-09-23,JNJ,True,9.422337016,-0.0008528472025,-9.050514899e-05
2024-09-23,JPM,True,8.545253189,-0.01190314658,-0.001391016608
2024-09-23,MSFT,True,7.843744157,0.01533227894,0.001958542701
2024-09-23,PG,True,6.181602576,-0.004040816185,-0.0006532572166
2024-09-23,TSLA,True,1.503049695,0.004942569744,0.003299209824
2024-09-23,VNQ,False,,,
2024-09-23,WMT,True,1.824381131,-0.003110759056,-0.001702201293
2024-09-24,AAPL,True,6.352803519,0.01464426918,0.002310492464
2024-09-24,AMZN,True,2.455283291,-0.0005439102027,-0.0002214773916
2024-09-24,BAC,True,3.136455386,-0.0007295330133,-0.0002325438354
2024-09-24,BND,False,,,
2024-09-24,GLD,False,,,
2024-09-24,GOOGL,True,5.489223404,0.01651017638,0.00301681738
2024-09-24,JNJ,True,9.403955819,-0.01838119621,-0.001950810737
2024-09-24,JPM,True,8.526119422,-0.01913376639,-0.00223911053
2024-09-24,MSFT,True,7.866954139,0.02320998197,0.00295904373
2024-09-24,PG,True,6.165337871,-0.01626470567,-0.002631147096
2024-09-24,TSLA,True,1.504175559,0.00112586487,0.0007490536569
2024-09-24,VNQ,False,,,
2024-09-24,WMT,True,1.829212059,0.004830928141,0.002647981861
2024-09-25,AAPL,True,6.342485943,-0.01031757549,-0.001624098
2024-09-25,AMZN,True,2.455595241,0.0003119499874,0.0001270525436
2024-09-25,BAC,True,3.138061058,0.001605672248,0.0005119384943
2024-09-25,BND,False,,,
2024-09-25,GLD,False,,,
2024-09-25,GOOGL,True,5.481220768,-0.008002635628,-0.001457881204
2024-09-25,JNJ,True,9.394449493,-0.009506325916,-0.001010885855
2024-09-25,JPM,True,8.521198743,-0.004920679604,-0.0005771300354
2024-09-25,MSFT,True,7.882471004,0.0155168647,0.001972410723
2024-09-25,PG,True,6.163654032,-0.001683839127,-0.0002731138443
2024-09-25,TSLA,True,1.499826831,-0.00434872798,-0.002891104003
2024-09-25,VNQ,False,,,
2024-09-25,WMT,True,1.828591886,-0.0006201731636,-0.0003390384186
2024-09-26,AAPL,True,6.34880892,0.006322977101,0.0009969241017
2024-09-26,AMZN,True,2.459217553,0.003622312176,0.001475125915
2024-09-26,BAC,True,3.145729383,0.00766832507,0.00244365069
2024-09-26,BND,False,,,
2024-09-26,GLD,False,,,
2024-09-26,GOOGL,True,5.486918796,0.005698028181,0.001039554585
2024-09-26,JNJ,True,9.41487268,0.02042318648,0.002173963093
2024-09-26,JPM,True,8.52287912,0.00168037743,0.0001971996524
2024-09-26,MSFT,True,7.897297612,0.01482660792,0.001880959398
2024-09-26,PG,True,6.167515327,0.003861295819,0.0006264621277
2024-09-26,TSLA,True,1.502694833,0.002868001382,0.001912221679
2024-09-26,VNQ,False,,,
2024-09-26,WMT,True,1.827262957,-0.00132892857,-0.0007267496815
2024-09-27,AAPL,True,6.349434885,0.0006259642961,9.859554823e-05
2024-09-27,AMZN,True,2.462098652,0.002881099004,0.00117155109
2024-09-27,BAC,True,3.147874095,0.002144711993,0.0006817852816
2024-09-27,BND,False,,,
2024-09-27,GLD,False,,,
2024-09-27,GOOGL,True,5.489515974,0.002597177153,0.0004733398195
2024-09-27,JNJ,True,9.420972531,0.006099851412,0.0006478952631
2024-09-27,JPM,True,8.555058385,0.03217926498,0.003775633155
2024-09-27,MSFT,True,7.907965428,0.01066781684,0.001350818643
2024-09-27,PG,True,6.166560277,-0.0009550507208,-0.0001548517791
2024-09-27,TSLA,True,1.504751428,0.002056595182,0.001368604681
2024-09-27,VNQ,False,,,
2024-09-27,WMT,True,1.8274561,0.0001931427596,0.0001057005829
2024-09-30,AAPL,True,6.365367676,0.01593279115,0.002509324284
2024-09-30,AMZN,True,2.463210847,0.001112194887,0.0004517263703
2024-09-30,BAC,True,3.148456894,0.0005827989615,0.0001851404929
2024-09-30,BND,False,,,
2024-09-30,GLD,False,,,
2024-09-30,GOOGL,True,5.488582475,-0.0009334983974,-0.0001700511305
2024-09-30,JNJ,True,9.426413607,0.005441075679,0.0005775492563
2024-09-30,JPM,True,8.554483193,-0.000575191959,-6.723413601e-05
2024-09-30,MSFT,True,7.919620792,0.0116553639,0.001473876435
2024-09-30,PG,True,6.162900202,-0.003660074742,-0.0005935358738
2024-09-30,TSLA,True,1.505859135,0.00110770671,0.0007361393315
2024-09-30,VNQ,False,,,
2024-09-30,WMT,True,1.82990774,0.002451640485,0.001341559168
2024-10-01,AAPL,True,6.375244971,0.009877294932,0.001551724179
2024-10-01,AMZN,True,2.464387216,0.001176369368,0.000477575588
2024-10-01,BAC,True,3.156519324,0.008062429453,0.002560755863
2024-10-01,BND,False,,,
2024-10-01,GLD,False,,,
2024-10-01,GOOGL,True,5.499904094,0.01132161887,0.002062758266
2024-10-01,JNJ,True,9.424332688,-0.002080919387,-0.0002207540931
2024-10-01,JPM,True,8.538643637,-0.0158395562,-0.001851608781
2024-10-01,MSFT,True,7.908703276,-0.01091751612,-0.001378540261
2024-10-01,PG,True,6.149649841,-0.01325036139,-0.002150020437
2024-10-01,TSLA,True,1.512937321,0.007078185858,0.004700430269
2024-10-01,VNQ,False,,,
2024-10-01,WMT,True,1.830654474,0.0007467341946,0.0004080720455
2024-10-02,AAPL,True,6.390180087,0.01493511652,0.002342673355
2024-10-02,AMZN,True,2.454903347,-0.00948386936,-0.003848368186
2024-10-02,BAC,True,3.157210307,0.0006909830762,0.0002189066517
2024-10-02,BND,False,,,
2024-10-02,GLD,False,,,
2024-10-02,GOOGL,True,5.500117262,0.0002131684798,3.875858127e-05
2024-10-02,JNJ,True,9.434323742,0.009991054084,0.001060133849
2024-10-02,JPM,True,8.541348173,0.00270453643,0.0003167407547
2024-10-02,MSFT,True,7.905461887,-0.00324138919,-0.0004098509044
2024-10-02,PG,True,6.149207852,-0.0004419882995,-7.187210832e-05
2024-10-02,TSLA,True,1.514231074,0.001293753314,0.0008551268429
2024-10-02,VNQ,False,,,
2024-10-02,WMT,True,1.834610631,0.003956156198,0.002161061114
2024-10-03,AAPL,True,6.388695276,-0.001484811553,-0.0002323583268
2024-10-03,AMZN,True,2.45441217,-0.0004911771011,-0.0002000800161
2024-10-03,BAC,True,3.16575562,0.008545312841,0.002706602352
2024-10-03,BND,False,,,
2024-10-03,GLD,False,,,
2024-10-03,GOOGL,True,5.492331771,-0.007785491315,-0.001415513696
2024-10-03,JNJ,True,9.439406153,0.005082411727,0.0005387150014
2024-10-03,JPM,True,8.552847543,0.0114993699,0.001346317896
2024-10-03,MSFT,True,7.907560303,0.002098416116,0.0002654387746
2024-10-03,PG,True,6.145987365,-0.003220486938,-0.0005237238706
2024-10-03,TSLA,True,1.514205542,-2.55318596e-05,-1.686127041e-05
2024-10-03,VNQ,False,,,
2024-10-03,WMT,True,1.834998812,0.0003881810646,0.0002115877114
2024-10-04,AAPL,True,6.413296741,0.02460146557,0.003850780872
2024-10-04,AMZN,True,2.458273136,0.003860966418,0.001573071738
2024-10-04,BAC,True,3.161096731,-0.004658888876,-0.001471651459
2024-10-04,BND,False,,,
2024-10-04,GLD,False,,,
2024-10-04,GOOGL,True,5.495131199,0.002799428338,0.0005096976028
2024-10-04,JNJ,True,9.452261166,0.01285501213,0.001361845429
2024-10-04,JPM,True,8.565583334,0.01273579069,0.001489070234
2024-10-04,MSFT,True,7.897698481,-0.009861821971,-0.001247138383
2024-10-04,PG,True,6.131991176,-0.01399618897,-0.002277288927
2024-10-04,TSLA,True,1.512574325,-0.001631216655,-0.001077275581
2024-10-04,VNQ,False,,,
2024-10-04,WMT,True,1.837940892,0.002942079909,0.00160331434
2024-10-07,AAPL,True,6.394648135,-0.01864860655,-0.002907803474
2024-10-07,AMZN,True,2.456960015,-0.001313120718,-0.0005341638805
2024-10-07,BAC,True,3.158300064,-0.002796666416,-0.0008847139629
2024-10-07,BND,False,,,
2024-10-07,GLD,False,,,
2024-10-07,GOOGL,True,5.484873939,-0.01025726081,-0.001866608902
2024-10-07,JNJ,True,9.453831554,0.001570388493,0.0001661389234
2024-10-07,JPM,True,8.585477517,0.01989418279,0.002322571857
2024-10-07,MSFT,True,7.905670436,0.007971955248,0.00100940233
2024-10-07,PG,True,6.135688209,0.003697033053,0.0006029090628
2024-10-07,TSLA,True,1.513330231,0.0007559060754,0.0004997480539
2024-10-07,VNQ,False,,,
2024-10-07,WMT,True,1.844137461,0.006196569767,0.003371473912
2024-10-08,AAPL,True,6.370943006,-0.02370512921,-0.003707026362
2024-10-08,AMZN,True,2.462031981,0.005071965174,0.002064325484
2024-10-08,BAC,True,3.1547625,-0.003537564568,-0.001120085013
2024-10-08,BND,False,,,
2024-10-08,GLD,False,,,
2024-10-08,GOOGL,True,5.472947768,-0.01192617117,-0.002174374708
2024-10-08,JNJ,True,9.459627855,0.005796301213,0.0006131166162
2024-10-08,JPM,True,8.609054602,0.02357708534,0.002746158882
2024-10-08,MSFT,True,7.899967574,-0.005702861883,-0.000721363473
2024-10-08,PG,True,6.143725945,0.008037735548,0.001309997391
2024-10-08,TSLA,True,1.510579977,-0.002750254202,-0.001817352317
2024-10-08,VNQ,False,,,
2024-10-08,WMT,True,1.844756372,0.0006189102052,0.0003356095835
2024-10-09,AAPL,True,6.372972769,0.002029763342,0.0003185970021
2024-10-09,AMZN,True,2.46109022,-0.0009417602502,-0.0003825134107
2024-10-09,BAC,True,3.152553478,-0.002209021465,-0.0007002179927
2024-10-09,BND,False,,,
2024-10-09,GLD,False,,,
2024-10-09,GOOGL,True,5.475772274,0.002824506511,0.0005160850479
2024-10-09,JNJ,True,9.45571355,-0.003914304881,-0.0004137905784
2024-10-09,JPM,True,8.604770702,-0.004283900131,-0.0004976040145
2024-10-09,MSFT,True,7.877530372,-0.02243720267,-0.002840163894
2024-10-09,PG,True,6.148228918,0.004502973131,0.000732938476
2024-10-09,TSLA,True,1.513473784,0.002893806515,0.001915692356
2024-10-09,VNQ,False,,,
2024-10-09,WMT,True,1.84934831,0.004591938696,0.002489184354
2024-10-10,AAPL,True,6.36165043,-0.01132233874,-0.001776618095
2024-10-10,AMZN,True,2.459748542,-0.001341678204,-0.0005451560421
2024-10-10,BAC,True,3.149254033,-0.0032994454,-0.001046594585
2024-10-10,BND,False,,,
2024-10-10,GLD,False,,,
2024-10-10,GOOGL,True,5.476795324,0.001023049985,0.0001868320912
2024-10-10,JNJ,True,9.450677651,-0.005035898992,-0.0005325773634
2024-10-10,JPM,True,8.609818995,0.005048292901,0.0005866853488
2024-10-10,MSFT,True,7.874662191,-0.002868180873,-0.0003640964538
2024-10-10,PG,True,6.142001495,-0.006227422879,-0.001012880776
2024-10-10,TSLA,True,1.5148293,0.001355516468,0.0008956326054
2024-10-10,VNQ,False,,,
2024-10-10,WMT,True,1.855407238,0.006058928163,0.003276250412
2024-10-11,AAPL,True,6.371557622,0.009907191582,0.001557330396
2024-10-11,AMZN,True,2.458793876,-0.0009546663975,-0.000388115444
2024-10-11,BAC,True,3.154172417,0.004918384348,0.001561761705
2024-10-11,BND,False,,,
2024-10-11,GLD,False,,,
2024-10-11,GOOGL,True,5.484475774,0.0076804504,0.001402362138
2024-10-11,JNJ,True,9.463768544,0.01309089288,0.00138518034
2024-10-11,JPM,True,8.626985585,0.0171665905,0.001993838722
2024-10-11,MSFT,True,7.876630941,0.001968750101,0.0002500107374
2024-10-11,PG,True,6.139580516,-0.002420979085,-0.0003941677785
2024-10-11,TSLA,True,1.512656424,-0.002172876684,-0.001434403654
2024-10-11,VNQ,False,,,
2024-10-11,WMT,True,1.853536628,-0.001870610356,-0.001008193952
2024-10-14,AAPL,True,6.37214013,0.0005825077875,9.142313734e-05
2024-10-14,AMZN,True,2.454789705,-0.004004170774,-0.001628510146
2024-10-14,BAC,True,3.160747357,0.006574939678,0.002084521329
2024-10-14,BND,False,,,
2024-10-14,GLD,False,,,
2024-10-14,GOOGL,True,5.500468029,0.01599225437,0.002915913029
2024-10-14,JNJ,True,9.46153547,-0.00223307412,-0.000235960348
2024-10-14,JPM,True,8.628832791,0.001847205907,0.0002141195077
2024-10-14,MSFT,True,7.84784278,-0.02878816126,-0.003654882585
2024-10-14,PG,True,6.141200668,0.001620152379,0.0002638864943
2024-10-14,TSLA,True,1.50993744,-0.0027189832,-0.001797488946
2024-10-14,VNQ,False,,,
2024-10-14,WMT,True,1.853009765,-0.0005268627775,-0.0002842472976
2024-10-15,AAPL,True,6.368061644,-0.004078485818,-0.0006400496121
2024-10-15,AMZN,True,2.450461567,-0.004328137783,-0.001763139944
2024-10-15,BAC,True,3.164148774,0.003401417254,0.001076143352
2024-10-15,BND,False,,,
2024-10-15,GLD,False,,,
2024-10-15,GOOGL,True,5.509458318,0.008990289496,0.001634459004
2024-10-15,JNJ,True,9.467636842,0.006101371422,0.0006448605981
2024-10-15,JPM,True,8.602088671,-0.02674412069,-0.003099390305
2024-10-15,MSFT,True,7.852584724,0.00474194421,0.000604235373
2024-10-15,PG,True,6.141552371,0.0003517025542,5.726934735e-05
2024-10-15,TSLA,True,1.512364378,0.002426937191,0.001607309764
2024-10-15,VNQ,False,,,
2024-10-15,WMT,True,1.852617982,-0.0003917834757,-0.0002114308748
2024-10-16,AAPL,True,6.385406583,0.01734493967,0.002723739285
2024-10-16,AMZN,True,2.457297201,0.006835633442,0.002789528934
2024-10-16,BAC,True,3.163939769,-0.000209005327,-6.605420348e-05
2024-10-16,BND,False,,,
2024-10-16,GLD,False,,,
2024-10-16,GOOGL,True,5.51074054,0.001282221748,0.0002327310008
2024-10-16,JNJ,True,9.458483543,-0.009153299089,-0.0009667987104
2024-10-16,JPM,True,8.613737336,0.01164866538,0.00135416709
2024-10-16,MSFT,True,7.867875566,0.01529084159,0.001947236754
2024-10-16,PG,True,6.139001561,-0.00255081003,-0.0004153363638
2024-10-16,TSLA,True,1.51292857,0.0005641927913,0.0003730534782
2024-10-16,VNQ,False,,,
2024-10-16,WMT,True,1.853046698,0.0004287162522,0.0002314110391
2024-10-17,AAPL,True,6.381653403,-0.003753180376,-0.0005877746901
2024-10-17,AMZN,True,2.458175263,0.0008780619201,0.0003573283361
2024-10-17,BAC,True,3.15993307,-0.00400669844,-0.00126636369
2024-10-17,BND,False,,,
2024-10-17,GLD,False,,,
2024-10-17,GOOGL,True,5.528155317,0.01741477746,0.003160151949
2024-10-17,JNJ,True,9.460950739,0.002467196524,0.0002608448292
2024-10-17,JPM,True,8.616246419,0.002509083149,0.0002912885605
2024-10-17,MSFT,True,7.8802011,0.01232553449,0.001566564492
2024-10-17,PG,True,6.133643451,-0.005358110345,-0.0008727983356
2024-10-17,TSLA,True,1.514217373,0.00128880301,0.0008518597871
2024-10-17,VNQ,False,,,
2024-10-17,WMT,True,1.855764357,0.002717659455,0.001466589837
2024-10-18,AAPL,True,6.35291461,-0.02873879298,-0.004503345945
2024-10-18,AMZN,True,2.465465036,0.00728977366,0.002965522341
2024-10-18,BAC,True,3.154742938,-0.005190132118,-0.001642481661
2024-10-18,BND,False,,,
2024-10-18,GLD,False,,,
2024-10-18,GOOGL,True,5.531989429,0.003834111055,0.0006935606607
2024-10-18,JNJ,True,9.458572544,-0.002378195229,-0.0002513695817
2024-10-18,JPM,True,8.625892172,0.009645753069,0.001119484355
2024-10-18,MSFT,True,7.873706195,-0.006494904684,-0.0008242054487
2024-10-18,PG,True,6.130351558,-0.003291892785,-0.0005366945131
2024-10-18,TSLA,True,1.517923316,0.003705942336,0.002447430865
2024-10-18,VNQ,False,,,
2024-10-18,WMT,True,1.857466208,0.001701850949,0.0009170619868
2024-10-21,AAPL,True,6.338034851,-0.01487975889,-0.002342194064
2024-10-21,AMZN,True,2.466716474,0.001251438106,0.0005075870425
2024-10-21,BAC,True,3.147989266,-0.006753672595,-0.002140799655
2024-10-21,BND,False,,,
2024-10-21,GLD,False,,,
2024-10-21,GOOGL,True,5.530794291,-0.00119513761,-0.0002160411956
2024-10-21,JNJ,True,9.461180227,0.002607683194,0.0002756952153
2024-10-21,JPM,True,8.624745309,-0.001146863092,-0.0001329558809
2024-10-21,MSFT,True,7.880726502,0.007020306527,0.0008916139812
2024-10-21,PG,True,6.13074776,0.0003962023981,6.462963737e-05
2024-10-21,TSLA,True,1.516276591,-0.001646724252,-0.001084853388
2024-10-21,VNQ,False,,,
2024-10-21,WMT,True,1.858419051,0.0009528425627,0.0005129797562
2024-10-22,AAPL,True,6.348803336,0.01076848469,0.001699025794
2024-10-22,AMZN,True,2.468756686,0.002040211754,0.0008270961725
2024-10-22,BAC,True,3.146800118,-0.001189147665,-0.0003777483227
2024-10-22,BND,False,,,
2024-10-22,GLD,False,,,
2024-10-22,GOOGL,True,5.526585166,-0.004209124443,-0.000761034351
2024-10-22,JNJ,True,9.458066554,-0.003113673267,-0.0003290998789
2024-10-22,JPM,True,8.633222536,0.008477226692,0.0009828958871
2024-10-22,MSFT,True,7.88150483,0.000778327795,9.876345725e-05
2024-10-22,PG,True,6.121694135,-0.009053625657,-0.001476757161
2024-10-22,TSLA,True,1.516558322,0.0002817306382,0.0001858042522
2024-10-22,VNQ,False,,,
2024-10-22,WMT,True,1.857787319,-0.0006317321425,-0.0003399298679
2024-10-23,AAPL,True,6.340705486,-0.008097850348,-0.001275492391
2024-10-23,AMZN,True,2.464050192,-0.004706493656,-0.001906422647
2024-10-23,BAC,True,3.145144849,-0.001655269085,-0.0005260165954
2024-10-23,BND,False,,,
2024-10-23,GLD,False,,,
2024-10-23,GOOGL,True,5.518417263,-0.008167903883,-0.001477929614
2024-10-23,JNJ,True,9.461106947,0.003040393608,0.0003214603737
2024-10-23,JPM,True,8.625097676,-0.00812485967,-0.0009411155147
2024-10-23,MSFT,True,7.873895642,-0.007609187235,-0.0009654485279
2024-10-23,PG,True,6.110718194,-0.01097594103,-0.00179295809
2024-10-23,TSLA,True,1.516767769,0.0002094473094,0.0001381069929
2024-10-23,VNQ,False,,,
2024-10-23,WMT,True,1.854195383,-0.003591935682,-0.001933448272
2024-10-24,AAPL,True,6.349559609,0.008854123668,0.00139639409
2024-10-24,AMZN,True,2.464709991,0.0006597988834,0.0002677700663
2024-10-24,BAC,True,3.149811649,0.004666799778,0.001483810763
2024-10-24,BND,False,,,
2024-10-24,GLD,False,,,
2024-10-24,GOOGL,True,5.523314945,0.004897682669,0.0008875158285
2024-10-24,JNJ,True,9.441952115,-0.01915483249,-0.002024586827
2024-10-24,JPM,True,8.636987864,0.01189018778,0.001378556885
2024-10-24,MSFT,True,7.893255675,0.01936003272,0.00245876166
2024-10-24,PG,True,6.101440647,-0.009277546857,-0.001518241647
2024-10-24,TSLA,True,1.517211748,0.0004439782619,0.0002927134073
2024-10-24,VNQ,False,,,
2024-10-24,WMT,True,1.850399187,-0.003796195706,-0.00204735474
2024-10-25,AAPL,True,6.362196282,0.01263667274,0.001990165227
2024-10-25,AMZN,True,2.467976569,0.00326657759,0.001325339533
2024-10-25,BAC,True,3.166271987,0.01646033785,0.005225816551
2024-10-25,BND,False,,,
2024-10-25,GLD,False,,,
2024-10-25,GOOGL,True,5.521367636,-0.001947309626,-0.0003525617578
2024-10-25,JNJ,True,9.464696224,0.02274410909,0.002408835463
2024-10-25,JPM,True,8.65818486,0.02119699653,0.002454211684
2024-10-25,MSFT,True,7.903443558,0.01018788318,0.001290707359
2024-10-25,PG,True,6.10611513,0.004674483008,0.0007661277522
2024-10-25,TSLA,True,1.521095275,0.003883527182,0.002559647451
2024-10-25,VNQ,False,,,
2024-10-25,WMT,True,1.851175425,0.0007762378384,0.0004194975029
2024-10-28,AAPL,True,6.371452997,0.009256714828,0.00145495587
2024-10-28,AMZN,True,2.471375188,0.003398618922,0.001377087192
2024-10-28,BAC,True,3.173972246,0.007700259434,0.002431963984
2024-10-28,BND,False,,,
2024-10-28,GLD,False,,,
2024-10-28,GOOGL,True,5.524562356,0.003194720413,0.0005786103415
2024-10-28,JNJ,True,9.462514695,-0.002181529391,-0.0002304912212
2024-10-28,JPM,True,8.661514683,0.003329822974,0.0003845867267
2024-10-28,MSFT,True,7.906801572,0.003358013189,0.0004248797583
2024-10-28,PG,True,6.107479284,0.001364154159,0.0002234078674
2024-10-28,TSLA,True,1.524174359,0.00307908382,0.002024254411
2024-10-28,VNQ,False,,,
2024-10-28,WMT,True,1.852638816,0.001463390952,0.0007905198676
2024-10-29,AAPL,True,6.367358783,-0.004094213442,-0.0006425870903
2024-10-29,AMZN,True,2.477339046,0.005963858682,0.002413174135
2024-10-29,BAC,True,3.18174098,0.007768734331,0.002447637764
2024-10-29,BND,False,,,
2024-10-29,GLD,False,,,
2024-10-29,GOOGL,True,5.535537664,0.01097530808,0.001986638466
2024-10-29,JNJ,True,9.472937696,0.01042300133,0.001101504374
2024-10-29,JPM,True,8.655584796,-0.00592988729,-0.000684624746
2024-10-29,MSFT,True,7.933086014,0.02628444209,0.003324282499
2024-10-29,PG,True,6.105603789,-0.001875494593,-0.0003070816135
2024-10-29,TSLA,True,1.519480269,-0.004694089349,-0.00307975877
2024-10-29,VNQ,False,,,
2024-10-29,WMT,True,1.853815517,0.001176700537,0.0006351483766
2024-10-30,AAPL,True,6.348025458,-0.01933332508,-0.003036317843
2024-10-30,AMZN,True,2.477546105,0.0002070583663,8.358095617e-05
2024-10-30,BAC,True,3.18514104,0.00340005976,0.001068616138
2024-10-30,BND,False,,,
2024-10-30,GLD,False,,,
2024-10-30,GOOGL,True,5.541953203,0.006415538873,0.001158973032
2024-10-30,JNJ,True,9.492513114,0.01957541826,0.002066456984
2024-10-30,JPM,True,8.655961397,0.0003766005507,4.350954437e-05
2024-10-30,MSFT,True,7.955618965,0.02253295161,0.002840376566
2024-10-30,PG,True,6.11263677,0.0070329807,0.001151889468
2024-10-30,TSLA,True,1.523677258,0.004196988451,0.002762121059
2024-10-30,VNQ,False,,,
2024-10-30,WMT,True,1.852927334,-0.0008881831776,-0.0004791108768
2024-10-31,AAPL,True,6.345685965,-0.002339493509,-0.0003685387723
2024-10-31,AMZN,True,2.481606884,0.004060779616,0.001639032916
2024-10-31,BAC,True,3.190726087,0.00558504729,0.001753469382
2024-10-31,BND,False,,,
2024-10-31,GLD,False,,,
2024-10-31,GOOGL,True,5.559804902,0.01785169915,0.003221192691
2024-10-31,JNJ,True,9.50889897,0.01638585578,0.00172618732
2024-10-31,JPM,True,8.678092597,0.02213120008,0.002556758177
2024-10-31,MSFT,True,7.953748582,-0.001870383287,-0.0002351021706
2024-10-31,PG,True,6.11696078,0.004324010005,0.0007073886716
2024-10-31,TSLA,True,1.523554292,-0.0001229657343,-8.070326813e-05
2024-10-31,VNQ,False,,,
2024-10-31,WMT,True,1.852442827,-0.0004845062056,-0.000261481493
2024-11-01,AAPL,True,6.36800679,0.02232082573,0.003517480357
2024-11-01,AMZN,True,2.48706154,0.005454655809,0.002198033799
2024-11-01,BAC,True,3.195958149,0.005232061282,0.001639771368
2024-11-01,BND,False,,,
2024-11-01,GLD,False,,,
2024-11-01,GOOGL,True,5.570848397,0.01104349466,0.001986309745
2024-11-01,JNJ,True,9.52661847,0.01771950049,0.001863465007
2024-11-01,JPM,True,8.699061267,0.0209686699,0.002416276349
2024-11-01,MSFT,True,7.966862864,0.01311428248,0.00164881783
2024-11-01,PG,True,6.12849555,0.01153477008,0.001885702801
2024-11-01,TSLA,True,1.524769478,0.001215185774,0.0007975992587
2024-11-01,VNQ,False,,,
2024-11-01,WMT,True,1.851912282,-0.0005305456958,-0.0002864032768
2024-11-04,AAPL,True,6.369836415,0.001829624687,0.0002873151281
2024-11-04,AMZN,True,2.484879177,-0.002182362895,-0.0008774864873
2024-11-04,BAC,True,3.197007834,0.001049685022,0.0003284414166
2024-11-04,BND,False,,,
2024-11-04,GLD,False,,,
2024-11-04,GOOGL,True,5.58268292,0.0118345234,0.002124366445
2024-11-04,JNJ,True,9.539048895,0.01243042438,0.00130480972
2024-11-04,JPM,True,8.701580793,0.00251952648,0.0002896319963
2024-11-04,MSFT,True,7.964682995,-0.002179869527,-0.0002736170516
2024-11-04,PG,True,6.134016964,0.005521414029,0.0009009411827
2024-11-04,TSLA,True,1.529845431,0.005075952824,0.003328996873
2024-11-04,VNQ,False,,,
2024-11-04,WMT,True,1.847996842,-0.003915440084,-0.002114268652
2024-11-05,AAPL,True,6.375253127,0.005416711948,0.0008503690826
2024-11-05,AMZN,True,2.489969181,0.005090003917,0.002048390909
2024-11-05,BAC,True,3.204145517,0.007137683396,0.002232613671
2024-11-05,BND,False,,,
2024-11-05,GLD,False,,,
2024-11-05,GOOGL,True,5.584885972,0.002203051868,0.0003946224243
2024-11-05,JNJ,True,9.529815159,-0.009233735699,-0.0009679933294
2024-11-05,JPM,True,8.726463257,0.02488246384,0.002859533736
2024-11-05,MSFT,True,7.963601696,-0.001081299412,-0.0001357617638
2024-11-05,PG,True,6.13102841,-0.002988554124,-0.0004872099542
2024-11-05,TSLA,True,1.529561056,-0.0002843744782,-0.0001858844512
2024-11-05,VNQ,False,,,
2024-11-05,WMT,True,1.847252801,-0.0007440408872,-0.0004026202158
2024-11-06,AAPL,True,6.368303056,-0.006950070768,-0.001090163893
2024-11-06,AMZN,True,2.484149536,-0.005819645186,-0.00233723583
2024-11-06,BAC,True,3.200527696,-0.003617821617,-0.001129106527
2024-11-06,BND,False,,,
2024-11-06,GLD,False,,,
2024-11-06,GOOGL,True,5.570028278,-0.01485769459,-0.002660339828
2024-11-06,JNJ,True,9.513947828,-0.01586733095,-0.001665019802
2024-11-06,JPM,True,8.730285635,0.003822378389,0.0004380214844
2024-11-06,MSFT,True,7.974827254,0.01122555829,0.001409608204
2024-11-06,PG,True,6.131045961,1.755060959e-05,2.862588201e-06
2024-11-06,TSLA,True,1.528831443,-0.0007296136243,-0.0004770084995
2024-11-06,VNQ,False,,,
2024-11-06,WMT,True,1.849013209,0.001760407815,0.0009529869516
2024-11-07,AAPL,True,6.359532985,-0.008770071497,-0.001377144181
2024-11-07,AMZN,True,2.485393307,0.001243771229,0.000500682914
2024-11-07,BAC,True,3.203626963,0.00309926766,0.0009683614561
2024-11-07,BND,False,,,
2024-11-07,GLD,False,,,
2024-11-07,GOOGL,True,5.56362302,-0.006405257962,-0.001149950708
2024-11-07,JNJ,True,9.500613224,-0.0133346043,-0.001401584762
2024-11-07,JPM,True,8.716553397,-0.01373223814,-0.001572942595
2024-11-07,MSFT,True,7.961125094,-0.01370215972,-0.001718176367
2024-11-07,PG,True,6.124998642,-0.006047318704,-0.0009863437239
2024-11-07,TSLA,True,1.533359915,0.004528472034,0.002962047946
2024-11-07,VNQ,False,,,
2024-11-07,WMT,True,1.849965069,0.0009518606959,0.0005147938865
2024-11-08,AAPL,True,6.375760932,0.01622794667,0.002551751317
2024-11-08,AMZN,True,2.486098644,0.0007053364781,0.0002837927003
2024-11-08,BAC,True,3.203249731,-0.0003772318892,-0.0001177515027
2024-11-08,BND,False,,,
2024-11-08,GLD,False,,,
2024-11-08,GOOGL,True,5.559274326,-0.004348693214,-0.00078162974
2024-11-08,JNJ,True,9.498634927,-0.001978297103,-0.0002082283592
2024-11-08,JPM,True,8.707715285,-0.008838112217,-0.001013945744
2024-11-08,MSFT,True,7.974444744,0.01331964995,0.001673086378
2024-11-08,PG,True,6.111032745,-0.01396589662,-0.002280146892
2024-11-08,TSLA,True,1.536590622,0.003230707081,0.002106946354
2024-11-08,VNQ,False,,,
2024-11-08,WMT,True,1.853750261,0.003785191775,0.002046088241
2024-11-11,AAPL,True,6.379327278,0.003566346905,0.0005593601993
2024-11-11,AMZN,True,2.487822652,0.001724008552,0.0006934594316
2024-11-11,BAC,True,3.210772548,0.007522816278,0.002348495094
2024-11-11,BND,False,,,
2024-11-11,GLD,False,,,
2024-11-11,GOOGL,True,5.552110867,-0.007163458933,-0.001288560073
2024-11-11,JNJ,True,9.468878104,-0.02975682313,-0.003132747322
2024-11-11,JPM,True,8.707576092,-0.0001391931322,-1.598503484e-05
2024-11-11,MSFT,True,7.936338847,-0.03810589743,-0.004778501658
2024-11-11,PG,True,6.105112008,-0.005920737312,-0.000968860348
2024-11-11,TSLA,True,1.535983568,-0.000607053655,-0.0003950653131
2024-11-11,VNQ,False,,,
2024-11-11,WMT,True,1.854724127,0.0009738661162,0.0005253491458
2024-11-12,AAPL,True,6.387120284,0.007793005941,0.001221603094
2024-11-12,AMZN,True,2.490675141,0.002852488341,0.001146580259
2024-11-12,BAC,True,3.212514181,0.001741633687,0.0005424344643
2024-11-12,BND,False,,,
2024-11-12,GLD,False,,,
2024-11-12,GOOGL,True,5.554347411,0.00223654338,0.0004028275792
2024-11-12,JNJ,True,9.452215508,-0.0166625956,-0.001759722263
2024-11-12,JPM,True,8.722552571,0.01497647931,0.001719936657
2024-11-12,MSFT,True,7.921577648,-0.0147611981,-0.001859950588
2024-11-12,PG,True,6.101079482,-0.004032525955,-0.0006605162935
2024-11-12,TSLA,True,1.534301375,-0.001682192639,-0.001095189215
2024-11-12,VNQ,False,,,
2024-11-12,WMT,True,1.852159832,-0.002564294867,-0.001382574815
2024-11-13,AAPL,True,6.403930795,0.01681051103,0.002631939009
2024-11-13,AMZN,True,2.501653363,0.01097822259,0.004407729621
2024-11-13,BAC,True,3.218149779,0.00563559745,0.001754263836
2024-11-13,BND,False,,,
2024-11-13,GLD,False,,,
2024-11-13,GOOGL,True,5.56624135,0.01189393912,0.002141374717
2024-11-13,JNJ,True,9.443435506,-0.008780002426,-0.0009288830135
2024-11-13,JPM,True,8.727360516,0.004807944906,0.0005512084756
2024-11-13,MSFT,True,7.932032382,0.0104547335,0.001319779211
2024-11-13,PG,True,6.096042677,-0.005036805153,-0.0008255596683
2024-11-13,TSLA,True,1.535324064,0.001022688797,0.00066655014
2024-11-13,VNQ,False,,,
2024-11-13,WMT,True,1.854135037,0.001975204729,0.001066433196
2024-11-14,AAPL,True,6.400245118,-0.003685677538,-0.0005755336302
2024-11-14,AMZN,True,2.512825292,0.01117192892,0.00446581812
2024-11-14,BAC,True,3.217261476,-0.0008883029402,-0.0002760290854
2024-11-14,BND,False,,,
2024-11-14,GLD,False,,,
2024-11-14,GOOGL,True,5.590299398,0.02405804794,0.004322135249
2024-11-14,JNJ,True,9.426480358,-0.01695514803,-0.001795442773
2024-11-14,JPM,True,8.739273912,0.01191339604,0.001365062898
2024-11-14,MSFT,True,7.948556327,0.01652394491,0.002083191812
2024-11-14,PG,True,6.093940767,-0.002101909936,-0.0003447990848
2024-11-14,TSLA,True,1.536808667,0.001484602539,0.0009669636354
2024-11-14,VNQ,False,,,
2024-11-14,WMT,True,1.852512351,-0.001622686193,-0.000875171528
2024-11-15,AAPL,True,6.421432329,0.02118721153,0.003310375015
2024-11-15,AMZN,True,2.518768111,0.005942818857,0.002364994843
2024-11-15,BAC,True,3.218472414,0.001210937945,0.0003763877924
2024-11-15,BND,False,,,
2024-11-15,GLD,False,,,
2024-11-15,GOOGL,True,5.588911789,-0.001387609041,-0.0002482173032
2024-11-15,JNJ,True,9.422288605,-0.004191752147,-0.000444678394
2024-11-15,JPM,True,8.742384163,0.003110251021,0.0003558935276
2024-11-15,MSFT,True,7.983182228,0.03462590096,0.004356250309
2024-11-15,PG,True,6.081584739,-0.01235602769,-0.002027592351
2024-11-15,TSLA,True,1.53566085,-0.00114781626,-0.000746882995
2024-11-15,VNQ,False,,,
2024-11-15,WMT,True,1.854143103,0.001630751866,0.0008802920343
2024-11-18,AAPL,True,6.414719992,-0.006712336933,-0.001045302137
2024-11-18,AMZN,True,2.516507364,-0.002260747094,-0.0008975606307
2024-11-18,BAC,True,3.22682758,0.008355166687,0.002596003822
2024-11-18,BND,False,,,
2024-11-18,GLD,False,,,
2024-11-18,GOOGL,True,5.585519496,-0.003392293049,-0.0006069684363
2024-11-18,JNJ,True,9.442034531,0.01974592585,0.002095661327
2024-11-18,JPM,True,8.750662151,0.008277988077,0.0009468799268
2024-11-18,MSFT,True,8.00438419,0.02120196236,0.002655828435
2024-11-18,PG,True,6.08241222,0.0008274802554,0.0001360632616
2024-11-18,TSLA,True,1.533277435,-0.002383415298,-0.00155204536
2024-11-18,VNQ,False,,,
2024-11-18,WMT,True,1.858152661,0.004009557935,0.002162485695
2024-11-19,AAPL,True,6.425920228,0.01120023584,0.001746021003
2024-11-19,AMZN,True,2.515924312,-0.0005830518158,-0.000231690884
2024-11-19,BAC,True,3.227719419,0.0008918381322,0.0002763823322
2024-11-19,BND,False,,,
2024-11-19,GLD,False,,,
2024-11-19,GOOGL,True,5.605463024,0.01994352799,0.003570577097
2024-11-19,JNJ,True,9.453762038,0.01172750643,0.001242052906
2024-11-19,JPM,True,8.746381527,-0.004280624472,-0.0004891772072
2024-11-19,MSFT,True,8.023562952,0.01917876197,0.002396032163
2024-11-19,PG,True,6.092334717,0.009922497096,0.001631342424
2024-11-19,TSLA,True,1.539681915,0.006404480379,0.004176987303
2024-11-19,VNQ,False,,,
2024-11-19,WMT,True,1.858263554,0.0001108930805,5.967920873e-05
2024-11-20,AAPL,True,6.414855947,-0.01106428104,-0.001721820478
2024-11-20,AMZN,True,2.517999757,0.002075444593,0.0008249233029
2024-11-20,BAC,True,3.22623498,-0.001484438269,-0.0004599031318
2024-11-20,BND,False,,,
2024-11-20,GLD,False,,,
2024-11-20,GOOGL,True,5.611019644,0.005556619809,0.0009912864977
2024-11-20,JNJ,True,9.473031563,0.01926952491,0.002038291723
2024-11-20,JPM,True,8.734343189,-0.01203833782,-0.001376379224
2024-11-20,MSFT,True,8.048153712,0.0245907599,0.003064817967
2024-11-20,PG,True,6.097744216,0.00540949958,0.0008879189722
2024-11-20,TSLA,True,1.538479982,-0.001201933347,-0.0007806374386
2024-11-20,VNQ,False,,,
2024-11-20,WMT,True,1.859971747,0.001708193194,0.0009192416172
2024-11-21,AAPL,True,6.418112483,0.003256536062,0.0005076553689
2024-11-21,AMZN,True,2.519889401,0.001889644186,0.0007504544754
2024-11-21,BAC,True,3.226178297,-5.668342697e-05,-1.756952836e-05
2024-11-21,BND,False,,,
2024-11-21,GLD,False,,,
2024-11-21,GOOGL,True,5.611423709,0.0004040658666,7.20129125e-05
2024-11-21,JNJ,True,9.480435192,0.007403629217,0.0007815480365
2024-11-21,JPM,True,8.742650241,0.008307051668,0.0009510791468
2024-11-21,MSFT,True,8.058239218,0.01008550568,0.001253145261
2024-11-21,PG,True,6.087529329,-0.01021488701,-0.001675191127
2024-11-21,TSLA,True,1.545688337,0.007208354448,0.004685374221
2024-11-21,VNQ,False,,,
2024-11-21,WMT,True,1.859838152,-0.0001335949339,-7.18263243e-05
2024-11-22,AAPL,True,6.434583839,0.0164713553,0.002566386199
2024-11-22,AMZN,True,2.518520787,-0.001368613924,-0.0005431246005
2024-11-22,BAC,True,3.222737032,-0.003441264504,-0.001066669039
2024-11-22,BND,False,,,
2024-11-22,GLD,False,,,
2024-11-22,GOOGL,True,5.609245364,-0.002178345502,-0.0003881983637
2024-11-22,JNJ,True,9.498904427,0.01846923556,0.001948142167
2024-11-22,JPM,True,8.75399608,0.01134583955,0.001297757458
2024-11-22,MSFT,True,8.073265256,0.01502603835,0.001864680105
2024-11-22,PG,True,6.088874002,0.00134467329,0.0002208898253
2024-11-22,TSLA,True,1.545332534,-0.0003558027344,-0.0002301904763
2024-11-22,VNQ,False,,,
2024-11-22,WMT,True,1.860058488,0.0002203356988,0.0001184703618
2024-11-25,AAPL,True,6.441773282,0.007189443546,0.001117312903
2024-11-25,AMZN,True,2.516102305,-0.002418481689,-0.0009602786294
2024-11-25,BAC,True,3.225074085,0.002337052938,0.0007251764306
2024-11-25,BND,False,,,
2024-11-25,GLD,False,,,
2024-11-25,GOOGL,True,5.614817633,0.005572269497,0.0009934080496
2024-11-25,JNJ,True,9.504990315,0.006085887126,0.0006406935844
2024-11-25,JPM,True,8.755090126,0.001094045808,0.0001249767304
2024-11-25,MSFT,True,8.088384447,0.01511919055,0.001872747899
2024-11-25,PG,True,6.103914578,0.0150405756,0.002470173565
2024-11-25,TSLA,True,1.541333914,-0.003998620127,-0.002587546719
2024-11-25,VNQ,False,,,
2024-11-25,WMT,True,1.861765002,0.001706514016,0.0009174518045
2024-11-26,AAPL,True,6.439137067,-0.002636215305,-0.0004092375172
2024-11-26,AMZN,True,2.515501467,-0.0006008378383,-0.000238797062
2024-11-26,BAC,True,3.222635333,-0.002438752203,-0.0007561848622
2024-11-26,BND,False,,,
2024-11-26,GLD,False,,,
2024-11-26,GOOGL,True,5.611890999,-0.002926634863,-0.0005212341797
2024-11-26,JNJ,True,9.522270592,0.01728027759,0.001818021588
2024-11-26,JPM,True,8.748422403,-0.006667722779,-0.0007615824262
2024-11-26,MSFT,True,8.093005332,0.004620885815,0.0005712989839
2024-11-26,PG,True,6.105122941,0.001208362514,0.0001979651744
2024-11-26,TSLA,True,1.547862827,0.006528913272,0.004235885043
2024-11-26,VNQ,False,,,
2024-11-26,WMT,True,1.863879909,0.002114906999,0.001135968824
2024-11-27,AAPL,True,6.455664491,0.01652742394,0.002566714105
2024-11-27,AMZN,True,2.508665037,-0.006836430643,-0.002717720793
2024-11-27,BAC,True,3.22439387,0.001758536887,0.0005456828667
2024-11-27,BND,False,,,
2024-11-27,GLD,False,,,
2024-11-27,GOOGL,True,5.612708721,0.0008177221413,0.0001457124063
2024-11-27,JNJ,True,9.521749324,-0.0005212683987,-5.474202751e-05
2024-11-27,JPM,True,8.758827337,0.0104049341,0.001189349761
2024-11-27,MSFT,True,8.100611757,0.007606424844,0.0009398764157
2024-11-27,PG,True,6.103025036,-0.002097904525,-0.0003436301848
2024-11-27,TSLA,True,1.549080389,0.001217562487,0.0007866087782
2024-11-27,VNQ,False,,,
2024-11-27,WMT,True,1.867057878,0.00317796908,0.001705028884
2024-11-29,AAPL,True,6.460124958,0.004460467579,0.000690938568
2024-11-29,AMZN,True,2.518493554,0.009828516763,0.003917827457
2024-11-29,BAC,True,3.229636149,0.005242278857,0.001625818392
2024-11-29,BND,False,,,
2024-11-29,GLD,False,,,
2024-11-29,GOOGL,True,5.608123736,-0.004584984222,-0.000816893313
2024-11-29,JNJ,True,9.527633232,0.005883908277,0.0006179440433
2024-11-29,JPM,True,8.771261209,0.0124338716,0.001419581768
2024-11-29,MSFT,True,8.114071826,0.01346006823,0.001661611325
2024-11-29,PG,True,6.118579585,0.01555454914,0.002548662188
2024-11-29,TSLA,True,1.548642798,-0.0004375913486,-0.0002824845964
2024-11-29,VNQ,False,,,
2024-11-29,WMT,True,1.870170058,0.003112180573,0.00166689025
2024-12-02,AAPL,True,6.469305902,0.009180943679,0.001421171222
2024-12-02,AMZN,True,2.512990944,-0.005502610032,-0.002184881523
2024-12-02,BAC,True,3.231320464,0.001684314679,0.0005215184008
2024-12-02,BND,False,,,
2024-12-02,GLD,False,,,
2024-12-02,GOOGL,True,5.602547957,-0.005575779551,-0.0009942326192
2024-12-02,JNJ,True,9.523747689,-0.003885543281,-0.0004078183098
2024-12-02,JPM,True,8.77402814,0.002766931046,0.0003154541839
2024-12-02,MSFT,True,8.116720922,0.00264909652,0.0003264817686
2024-12-02,PG,True,6.132112712,0.01353312694,0.002211808598
2024-12-02,TSLA,True,1.552076174,0.003433375677,0.002217022338
2024-12-02,VNQ,False,,,
2024-12-02,WMT,True,1.873678588,0.003508530107,0.0018760487
2024-12-03,AAPL,True,6.48709029,0.01778438749,0.00274904105
2024-12-03,AMZN,True,2.506230195,-0.006760748538,-0.0026903195
2024-12-03,BAC,True,3.231456983,0.0001365196295,4.224886732e-05
2024-12-03,BND,False,,,
2024-12-03,GLD,False,,,
2024-12-03,GOOGL,True,5.605202582,0.002654624805,0.0004738245573
2024-12-03,JNJ,True,9.533146746,0.00939905725,0.000986907419
2024-12-03,JPM,True,8.776573234,0.002545094305,0.0002900713634
2024-12-03,MSFT,True,8.103719557,-0.01300136468,-0.001601800137
2024-12-03,PG,True,6.136948133,0.004835421343,0.0007885408456
2024-12-03,TSLA,True,1.549495306,-0.002580867762,-0.001662848645
2024-12-03,VNQ,False,,,
2024-12-03,WMT,True,1.876282292,0.00260370325,0.001389621073
2024-12-04,AAPL,True,6.490994452,0.003904162626,0.0006018357156
2024-12-04,AMZN,True,2.506409865,0.0001796702794,7.168945605e-05
2024-12-04,BAC,True,3.237848403,0.006391419459,0.001977875457
2024-12-04,BND,False,,,
2024-12-04,GLD,False,,,
2024-12-04,GOOGL,True,5.595007736,-0.01019484592,-0.001818818459
2024-12-04,JNJ,True,9.558725319,0.02557857267,0.002683119577
2024-12-04,JPM,True,8.768062061,-0.008511173661,-0.0009697604559
2024-12-04,MSFT,True,8.105438923,0.001719365148,0.0002121698728
2024-12-04,PG,True,6.135378328,-0.001569805547,-0.0002557957984
2024-12-04,TSLA,True,1.546987586,-0.002507719623,-0.001618410597
2024-12-04,VNQ,False,,,
2024-12-04,WMT,True,1.876435284,0.0001529920488,8.153999509e-05
2024-12-05,AAPL,True,6.498186867,0.007192414689,0.00110806052
2024-12-05,AMZN,True,2.506491354,8.148891262e-05,3.251220551e-05
2024-12-05,BAC,True,3.240754379,0.002905976133,0.000897502221
2024-12-05,BND,False,,,
2024-12-05,GLD,False,,,
2024-12-05,GOOGL,True,5.596566515,0.001558779413,0.0002786018333
2024-12-05,JNJ,True,9.546447845,-0.01227747362,-0.001284425822
2024-12-05,JPM,True,8.748393584,-0.01966847708,-0.002243195469
2024-12-05,MSFT,True,8.12415895,0.01872002701,0.002309563639
2024-12-05,PG,True,6.143032493,0.007654165371,0.001247545785
2024-12-05,TSLA,True,1.548141111,0.001153524516,0.000745658547
2024-12-05,VNQ,False,,,
2024-12-05,WMT,True,1.877910812,0.001475527969,0.0007863463143
2024-12-06,AAPL,True,6.49954777,0.001360902998,0.0002094281107
2024-12-06,AMZN,True,2.505189886,-0.001301467902,-0.0005192389353
2024-12-06,BAC,True,3.250028157,0.009273777852,0.002861610838
2024-12-06,BND,False,,,
2024-12-06,GLD,False,,,
2024-12-06,GOOGL,True,5.594622933,-0.001943582265,-0.0003472811875
2024-12-06,JNJ,True,9.556453193,0.01000534806,0.001048070258
2024-12-06,JPM,True,8.74329904,-0.005094543151,-0.0005823404152
2024-12-06,MSFT,True,8.117505147,-0.006653802986,-0.0008190143777
2024-12-06,PG,True,6.147395328,0.004362834583,0.0007102086124
2024-12-06,TSLA,True,1.549807193,0.001666082043,0.001076182288
2024-12-06,VNQ,False,,,
2024-12-06,WMT,True,1.874702154,-0.003208657594,-0.001708631514
2024-12-09,AAPL,True,6.499860183,0.0003124127006,4.806683659e-05
2024-12-09,AMZN,True,2.503588534,-0.001601352717,-0.0006392141073
2024-12-09,BAC,True,3.249164928,-0.0008632289646,-0.0002656066111
2024-12-09,BND,False,,,
2024-12-09,GLD,False,,,
2024-12-09,GOOGL,True,5.588190842,-0.00643209102,-0.001149691605
2024-12-09,JNJ,True,9.554466424,-0.001986769185,-0.0002078981757
2024-12-09,JPM,True,8.748213955,0.004914914874,0.0005621350536
2024-12-09,MSFT,True,8.094545312,-0.0229598349,-0.002828434905
2024-12-09,PG,True,6.14354806,-0.003847267452,-0.0006258370004
2024-12-09,TSLA,True,1.547568646,-0.002238546923,-0.001444403493
2024-12-09,VNQ,False,,,
2024-12-09,WMT,True,1.871141081,-0.003561073431,-0.001899540907
2024-12-10,AAPL,True,6.492210069,-0.007650113373,-0.001176965836
2024-12-10,AMZN,True,2.495293144,-0.008295389535,-0.003313399715
2024-12-10,BAC,True,3.246081355,-0.003083572618,-0.0009490354251
2024-12-10,BND,False,,,
2024-12-10,GLD,False,,,
2024-12-10,GOOGL,True,5.608801351,0.0206105093,0.003688225739
2024-12-10,JNJ,True,9.545745354,-0.008721069597,-0.0009127741111
2024-12-10,JPM,True,8.757396024,0.00918206846,0.001049593495
2024-12-10,MSFT,True,8.077933589,-0.01661172246,-0.00205221193
2024-12-10,PG,True,6.161622108,0.01807404788,0.002941955968
2024-12-10,TSLA,True,1.545367692,-0.002200954406,-0.001422201472
2024-12-10,VNQ,False,,,
2024-12-10,WMT,True,1.86741352,-0.003727560273,-0.001992132133
2024-12-11,AAPL,True,6.503096438,0.01088636871,0.001676835561
2024-12-11,AMZN,True,2.489665106,-0.005628038417,-0.00225546182
2024-12-11,BAC,True,3.249163249,0.003081893997,0.0009494198265
2024-12-11,BND,False,,,
2024-12-11,GLD,False,,,
2024-12-11,GOOGL,True,5.620306063,0.0115047118,0.00205118903
2024-12-11,JNJ,True,9.546871063,0.001125708903,0.0001179278162
2024-12-11,JPM,True,8.771047889,0.01365186514,0.001558895487
2024-12-11,MSFT,True,8.077568057,-0.0003655319117,-4.525067057e-05
2024-12-11,PG,True,6.162695655,0.001073546948,0.0001742312218
2024-12-11,TSLA,True,1.542213246,-0.003154445901,-0.002041226769
2024-12-11,VNQ,False,,,
2024-12-11,WMT,True,1.868218775,0.00080525449,0.0004312138052
2024-12-12,AAPL,True,6.498389922,-0.004706516085,-0.0007237346285
2024-12-12,AMZN,True,2.497580948,0.007915842049,0.003179480658
2024-12-12,BAC,True,3.252404339,0.003241090396,0.0009975154056
2024-12-12,BND,False,,,
2024-12-12,GLD,False,,,
2024-12-12,GOOGL,True,5.617030364,-0.003275699021,-0.0005828328537
2024-12-12,JNJ,True,9.544859743,-0.002011320222,-0.0002106784735
2024-12-12,JPM,True,8.759497094,-0.01155079486,-0.001316923018
2024-12-12,MSFT,True,8.080586616,0.003018559083,0.0003736965213
2024-12-12,PG,True,6.155625319,-0.007070336669,-0.00114727987
2024-12-12,TSLA,True,1.541431835,-0.0007814104506,-0.0005066811952
2024-12-12,VNQ,False,,,
2024-12-12,WMT,True,1.871901372,0.003682597277,0.001971180959
2024-12-13,AAPL,True,6.502759616,0.004369694125,0.0006724271978
2024-12-13,AMZN,True,2.494284517,-0.003296430366,-0.00131984926
2024-12-13,BAC,True,3.260256908,0.007852568569,0.002414388787
2024-12-13,BND,False,,,
2024-12-13,GLD,False,,,
2024-12-13,GOOGL,True,5.604462101,-0.01256826295,-0.002237528041
2024-12-13,JNJ,True,9.537208822,-0.007650920625,-0.0008015749661
2024-12-13,JPM,True,8.766047588,0.006550493591,0.0007478161727
2024-12-13,MSFT,True,8.089386965,0.008800348518,0.001089072977
2024-12-13,PG,True,6.168851911,0.01322659238,0.002148700041
2024-12-13,TSLA,True,1.543114608,0.001682772724,0.001091694543
2024-12-13,VNQ,False,,,
2024-12-13,WMT,True,1.871940126,3.875416497e-05,2.070310196e-05
2024-12-16,AAPL,True,6.511337326,0.008577710018,0.001319087668
2024-12-16,AMZN,True,2.503214702,0.008930185073,0.003580259193
2024-12-16,BAC,True,3.260081223,-0.0001756845498,-5.38867196e-05
2024-12-16,BND,False,,,
2024-12-16,GLD,False,,,
2024-12-16,GOOGL,True,5.595871475,-0.008590625591,-0.001532818928
2024-12-16,JNJ,True,9.541746796,0.004537974168,0.000475817847
2024-12-16,JPM,True,8.76282224,-0.003225347762,-0.0003679363738
2024-12-16,MSFT,True,8.074113726,-0.01527323904,-0.001888058899
2024-12-16,PG,True,6.158837568,-0.01001434252,-0.001623372172
2024-12-16,TSLA,True,1.543935791,0.0008211826732,0.0005321592245
2024-12-16,VNQ,False,,,
2024-12-16,WMT,True,1.870947294,-0.0009928323353,-0.0005303761169
2024-12-17,AAPL,True,6.50989084,-0.001446485895,-0.0002221488187
2024-12-17,AMZN,True,2.495854558,-0.007360144184,-0.002940276828
2024-12-17,BAC,True,3.2597333,-0.0003479233287,-0.0001067222884
2024-12-17,BND,False,,,
2024-12-17,GLD,False,,,
2024-12-17,GOOGL,True,5.609761,0.01388952417,0.00248210207
2024-12-17,JNJ,True,9.550054898,0.008308101886,0.0008707107894
2024-12-17,JPM,True,8.769117633,0.006295392981,0.0007184207106
2024-12-17,MSFT,True,8.03437595,-0.03973777571,-0.00492162695
2024-12-17,PG,True,6.160134803,0.001297234924,0.0002106298322
2024-12-17,TSLA,True,1.540450809,-0.003484981971,-0.002257206545
2024-12-17,VNQ,False,,,
2024-12-17,WMT,True,1.868783581,-0.002163713015,-0.00115647994
2024-12-18,AAPL,True,6.504797925,-0.005092915219,-0.0007823349645
2024-12-18,AMZN,True,2.494003773,-0.001850785405,-0.0007415437728
2024-12-18,BAC,True,3.25529682,-0.004436480386,-0.001360994897
2024-12-18,BND,False,,,
2024-12-18,GLD,False,,,
2024-12-18,GOOGL,True,5.606461491,-0.003299508358,-0.0005881727151
2024-12-18,JNJ,True,9.537695306,-0.01235959281,-0.00129419076
2024-12-18,JPM,True,8.777542146,0.00842451321,0.0009607024974
2024-12-18,MSFT,True,8.057986952,0.0236110022,0.002938747495
2024-12-18,PG,True,6.16325823,0.003123426856,0.0005070387184
2024-12-18,TSLA,True,1.539276855,-0.001173953787,-0.0007620845663
2024-12-18,VNQ,False,,,
2024-12-18,WMT,True,1.868936963,0.0001533819475,8.207582145e-05
2024-12-19,AAPL,True,6.308693126,-0.1961047993,-0.03014771582
2024-12-19,AMZN,True,2.475419415,-0.01858435828,-0.007451615944
2024-12-19,BAC,True,3.299359232,0.04406241219,0.01353560509
2024-12-19,BND,False,,,
2024-12-19,GLD,False,,,
2024-12-19,GOOGL,True,5.261765055,-0.3446964364,-0.06148199483
2024-12-19,JNJ,True,9.446985518,-0.09070978797,-0.009510661125
2024-12-19,JPM,True,9.051682922,0.2741407759,0.03123206604
2024-12-19,MSFT,True,7.932106442,-0.1258805103,-0.01562183099
2024-12-19,PG,True,6.142507723,-0.02075050714,-0.003366808004
2024-12-19,TSLA,True,1.57740128,0.03812442537,0.02476775068
2024-12-19,VNQ,False,,,
2024-12-19,WMT,True,1.865600922,-0.003336040808,-0.001784993755
2024-12-20,AAPL,True,6.306582841,-0.002110284591,-0.0003345042387
2024-12-20,AMZN,True,2.483156161,0.007736746293,0.003125428462
2024-12-20,BAC,True,3.304091155,0.004731923251,0.001434194617
2024-12-20,BND,False,,,
2024-12-20,GLD,False,,,
2024-12-20,GOOGL,True,5.238568757,-0.02319629761,-0.0044084632
2024-12-20,JNJ,True,9.44937644,0.002390922276,0.0002530883816
2024-12-20,JPM,True,9.072632138,0.02094921593,0.002314400108
2024-12-20,MSFT,True,7.923550968,-0.008555473797,-0.001078587871
2024-12-20,PG,True,6.148007092,0.0054993691,0.0008952970591
2024-12-20,TSLA,True,1.57790902,0.000507739449,0.0003218835025
2024-12-20,VNQ,False,,,
2024-12-20,WMT,True,1.859906405,-0.005694517372,-0.003052377014
2024-12-23,AAPL,True,6.313934597,0.007351755592,0.001165727269
2024-12-23,AMZN,True,2.483237959,8.17984022e-05,3.294130409e-05
2024-12-23,BAC,True,3.301966357,-0.002124797699,-0.0006430808349
2024-12-23,BND,False,,,
2024-12-23,GLD,False,,,
2024-12-23,GOOGL,True,5.235447835,-0.003120922666,-0.0005957586529
2024-12-23,JNJ,True,9.43916216,-0.01021428025,-0.001080947543
2024-12-23,JPM,True,9.068897378,-0.003734759414,-0.0004116511457
2024-12-23,MSFT,True,7.914187173,-0.009363795188,-0.001181767521
2024-12-23,PG,True,6.14963652,0.001629427376,0.0002650334249
2024-12-23,TSLA,True,1.576707805,-0.001201214427,-0.0007612697639
2024-12-23,VNQ,False,,,
2024-12-23,WMT,True,1.857451717,-0.00245468814,-0.001319791219
2024-12-24,AAPL,True,6.30800561,-0.005928986354,-0.000939031956
2024-12-24,AMZN,True,2.486391244,0.003153284533,0.001269827775
2024-12-24,BAC,True,3.304529749,0.002563391147,0.0007763226118
2024-12-24,BND,False,,,
2024-12-24,GLD,False,,,
2024-12-24,GOOGL,True,5.259498195,0.02405036005,0.004593754117
2024-12-24,JNJ,True,9.421663692,-0.01749846788,-0.001853815793
2024-12-24,JPM,True,9.069423606,0.0005262280253,5.802557944e-05
2024-12-24,MSFT,True,7.9136691,-0.0005180728354,-6.546128163e-05
2024-12-24,PG,True,6.155972886,0.006336366332,0.001030364366
2024-12-24,TSLA,True,1.579768057,0.003060251639,0.001940912342
2024-12-24,VNQ,False,,,
2024-12-24,WMT,True,1.85709689,-0.0003548261644,-0.0001910284726
2024-12-26,AAPL,True,6.307224185,-0.0007814250487,-0.0001238783059
2024-12-26,AMZN,True,2.499582852,0.01319160849,0.005305524028
2024-12-26,BAC,True,3.301336332,-0.003193416508,-0.0009663754756
2024-12-26,BND,False,,,
2024-12-26,GLD,False,,,
2024-12-26,GOOGL,True,5.262265908,0.002767713643,0.0005262315036
2024-12-26,JNJ,True,9.391711639,-0.02995205241,-0.003179061935
2024-12-26,JPM,True,9.072034191,0.002610584416,0.0002878445786
2024-12-26,MSFT,True,7.916911706,0.00324260541,0.000409747409
2024-12-26,PG,True,6.16147404,0.005501154511,0.0008936287753
2024-12-26,TSLA,True,1.576403407,-0.003364649488,-0.002129837651
2024-12-26,VNQ,False,,,
2024-12-26,WMT,True,1.852156919,-0.004939971248,-0.002660050358
2024-12-27,AAPL,True,6.312570094,0.005345909299,0.0008475851091
2024-12-27,AMZN,True,2.500140731,0.000557878922,0.0002231888099
2024-12-27,BAC,True,3.304179946,0.002843614096,0.0008613524374
2024-12-27,BND,False,,,
2024-12-27,GLD,False,,,
2024-12-27,GOOGL,True,5.257598366,-0.004667542285,-0.0008869833578
2024-12-27,JNJ,True,9.400084387,0.008372747941,0.0008915039411
2024-12-27,JPM,True,9.066450492,-0.005583698803,-0.0006154847618
2024-12-27,MSFT,True,7.927984566,0.01107286002,0.001398633765
2024-12-27,PG,True,6.171210827,0.009736786461,0.001580269007
2024-12-27,TSLA,True,1.580508596,0.004105188212,0.002604148273
2024-12-27,VNQ,False,,,
2024-12-27,WMT,True,1.848227458,-0.003929461063,-0.002121559476
2024-12-30,AAPL,True,6.32913296,0.01656286602,0.002623791225
2024-12-30,AMZN,True,2.49910549,-0.001035241234,-0.0004140731843
2024-12-30,BAC,True,3.293477253,-0.01070269288,-0.003239137414
2024-12-30,BND,False,,,
2024-12-30,GLD,False,,,
2024-12-30,GOOGL,True,5.258729997,0.001131631431,0.0002152373294
2024-12-30,JNJ,True,9.403141017,0.003056629392,0.0003251704204
2024-12-30,JPM,True,9.063405241,-0.003045251486,-0.000335881334
2024-12-30,MSFT,True,7.936678928,0.008694362246,0.001096667403
2024-12-30,PG,True,6.181553872,0.01034304501,0.001676015501
2024-12-30,TSLA,True,1.57629508,-0.004213515575,-0.002665923859
2024-12-30,VNQ,False,,,
2024-12-30,WMT,True,1.842394933,-0.005832524779,-0.003155739708
2024-12-31,AAPL,True,6.332860671,0.003727710186,0.0005889764379
2024-12-31,AMZN,True,2.499369394,0.0002639039569,0.0001055993666
2024-12-31,BAC,True,3.292324566,-0.00115268703,-0.0003499908886
2024-12-31,BND,False,,,
2024-12-31,GLD,False,,,
2024-12-31,GOOGL,True,5.252905084,-0.005824912969,-0.001107665343
2024-12-31,JNJ,True,9.381248048,-0.0218929684,-0.002328261202
2024-12-31,JPM,True,9.080651425,0.01724618394,0.001902837122
2024-12-31,MSFT,True,7.928778146,-0.007900782395,-0.0009954771343
2024-12-31,PG,True,6.173563848,-0.007990023497,-0.001292559066
2024-12-31,TSLA,True,1.578411496,0.002116416151,0.00134265226
2024-12-31,VNQ,False,,,
2024-12-31,WMT,True,1.838394273,-0.004000660069,-0.002171445436
2025-01-02,AAPL,True,6.323957647,-0.008903024057,-0.00140584556
2025-01-02,AMZN,True,2.493109439,-0.006259954491,-0.002504613566
2025-01-02,BAC,True,3.290946702,-0.001377864127,-0.0004185079871
2025-01-02,BND,False,,,
2025-01-02,GLD,False,,,
2025-01-02,GOOGL,True,5.246601336,-0.006303748658,-0.001200049983
2025-01-02,JNJ,True,9.381833002,0.0005849538104,6.235351708e-05
2025-01-02,JPM,True,9.090869601,0.01021817623,0.001125269075
2025-01-02,MSFT,True,7.929987096,0.001208950878,0.0001524763154
2025-01-02,PG,True,6.163257358,-0.01030649031,-0.00166945553
2025-01-02,TSLA,True,1.575738634,-0.002672862272,-0.001693387484
2025-01-02,VNQ,False,,,
2025-01-02,WMT,True,1.837807553,-0.0005867201911,-0.0003191481825
2025-01-03,AAPL,True,6.321516602,-0.002441045001,-0.0003859995809
2025-01-03,AMZN,True,2.48946355,-0.003645889632,-0.001462386518
2025-01-03,BAC,True,3.295028125,0.004081422901,0.001240197205
2025-01-03,BND,False,,,
2025-01-03,GLD,False,,,
2025-01-03,GOOGL,True,5.242121979,-0.004479356731,-0.0008537635022
2025-01-03,JNJ,True,9.367893669,-0.01393933282,-0.001485779252
2025-01-03,JPM,True,9.086012494,-0.004857106867,-0.0005342840763
2025-01-03,MSFT,True,7.92229031,-0.00769678594,-0.0009705924923
2025-01-03,PG,True,6.159986859,-0.00327049918,-0.000530644591
2025-01-03,TSLA,True,1.572006504,-0.003732129909,-0.002368495529
2025-01-03,VNQ,False,,,
2025-01-03,WMT,True,1.835117027,-0.002690525844,-0.001463986716
2025-01-06,AAPL,True,6.290907085,-0.03060951685,-0.004842116026
2025-01-06,AMZN,True,2.489635908,0.0001723583667,6.923514374e-05
2025-01-06,BAC,True,3.298859387,0.00383126159,0.001162740178
2025-01-06,BND,False,,,
2025-01-06,GLD,False,,,
2025-01-06,GOOGL,True,5.246197149,0.004075169926,0.0007773893745
2025-01-06,JNJ,True,9.344918978,-0.02297469084,-0.0024524927
2025-01-06,JPM,True,9.105255452,0.01924295763,0.002117866076
2025-01-06,MSFT,True,7.910738434,-0.01155187639,-0.001458148583
2025-01-06,PG,True,6.139308284,-0.02067857518,-0.003356918716
2025-01-06,TSLA,True,1.575028039,0.003021534593,0.001922087845
2025-01-06,VNQ,False,,,
2025-01-06,WMT,True,1.829033756,-0.006083271431,-0.003314922885
2025-01-07,AAPL,True,6.292011058,0.001103973394,0.0001754871562
2025-01-07,AMZN,True,2.489067814,-0.0005680939318,-0.0002281835388
2025-01-07,BAC,True,3.299647193,0.0007878067715,0.0002388118677
2025-01-07,BND,False,,,
2025-01-07,GLD,False,,,
2025-01-07,GOOGL,True,5.246651785,0.0004546364576,8.666019303e-05
2025-01-07,JNJ,True,9.334069633,-0.01084934512,-0.001160988677
2025-01-07,JPM,True,9.108310377,0.00305492499,0.000335512277
2025-01-07,MSFT,True,7.916086616,0.005348181896,0.0006760660766
2025-01-07,PG,True,6.144868746,0.00556046251,0.0009057148222
2025-01-07,TSLA,True,1.57595013,0.0009220914257,0.0005854444511
2025-01-07,VNQ,False,,,
2025-01-07,WMT,True,1.827021255,-0.002012500363,-0.00110030794
2025-01-08,AAPL,True,6.292009928,-1.129911165e-06,-1.795786998e-07
2025-01-08,AMZN,True,2.48564851,-0.003419304394,-0.001373728902
2025-01-08,BAC,True,3.298057089,-0.001590104133,-0.0004819012579
2025-01-08,BND,False,,,
2025-01-08,GLD,False,,,
2025-01-08,GOOGL,True,5.255366559,0.008714773184,0.001661016119
2025-01-08,JNJ,True,9.314937195,-0.01913243795,-0.002049742364
2025-01-08,JPM,True,9.108332982,2.260545165e-05,2.481849072e-06
2025-01-08,MSFT,True,7.944247566,0.02816094982,0.00355743326
2025-01-08,PG,True,6.137760033,-0.007108712733,-0.00115685347
2025-01-08,TSLA,True,1.57767342,0.001723289531,0.001093492426
2025-01-08,VNQ,False,,,
2025-01-08,WMT,True,1.824548409,-0.002472846368,-0.001353485276
2025-01-10,AAPL,True,6.260107571,-0.03190235732,-0.005070296723
2025-01-10,AMZN,True,2.486670294,0.001021784248,0.0004110735063
2025-01-10,BAC,True,3.297227654,-0.0008294350222,-0.0002514920148
2025-01-10,BND,False,,,
2025-01-10,GLD,False,,,
2025-01-10,GOOGL,True,5.265068368,0.009701809615,0.001846076674
2025-01-10,JNJ,True,9.327712012,0.01277481638,0.001371433442
2025-01-10,JPM,True,9.133353433,0.02502045055,0.002746984613
2025-01-10,MSFT,True,7.946029508,0.001781941821,0.0002243059278
2025-01-10,PG,True,6.14940369,0.01164365691,0.001897053135
2025-01-10,TSLA,True,1.57776757,9.41502365e-05,5.967663227e-05
2025-01-10,VNQ,False,,,
2025-01-10,WMT,True,1.827369584,0.002821175066,0.001546231962
2025-01-13,AAPL,True,6.253686893,-0.006420677743,-0.001025649747
2025-01-13,AMZN,True,2.490557087,0.003886792652,0.001563051065
2025-01-13,BAC,True,3.296475839,-0.0007518156377,-0.0002280144766
2025-01-13,BND,False,,,
2025-01-13,GLD,False,,,
2025-01-13,GOOGL,True,5.291932081,0.02686371285,0.005102253375
2025-01-13,JNJ,True,9.327155776,-0.0005562360431,-5.963263471e-05
2025-01-13,JPM,True,9.140874002,0.00752056993,0.0008234182533
2025-01-13,MSFT,True,7.946240097,0.0002105896471,2.650250001e-05
2025-01-13,PG,True,6.147773554,-0.001630136664,-0.0002650885755
2025-01-13,TSLA,True,1.581467975,0.003700405553,0.002345342637
2025-01-13,VNQ,False,,,
2025-01-13,WMT,True,1.826498589,-0.0008709947916,-0.0004766385515
2025-01-14,AAPL,True,6.261566935,0.007880041671,0.001260063352
2025-01-14,AMZN,True,2.493438616,0.002881529359,0.001156981855
2025-01-14,BAC,True,3.29657038,9.454151614e-05,2.867957199e-05
2025-01-14,BND,False,,,
2025-01-14,GLD,False,,,
2025-01-14,GOOGL,True,5.301747029,0.009814947698,0.00185470024
2025-01-14,JNJ,True,9.359553157,0.03239738127,0.003473447002
2025-01-14,JPM,True,9.149639067,0.008765064269,0.0009588868928
2025-01-14,MSFT,True,7.980989728,0.03474963095,0.004373090986
2025-01-14,PG,True,6.145378346,-0.002395207555,-0.0003896056896
2025-01-14,TSLA,True,1.581758234,0.0002902589851,0.0001835376938
2025-01-14,VNQ,False,,,
2025-01-14,WMT,True,1.823944729,-0.002553860607,-0.001398227528
2025-01-15,AAPL,True,6.256744335,-0.004822600113,-0.000770190619
2025-01-15,AMZN,True,2.49721447,0.003775854397,0.001514316163
2025-01-15,BAC,True,3.293335283,-0.003235097341,-0.0009813524264
2025-01-15,BND,False,,,
2025-01-15,GLD,False,,,
2025-01-15,GOOGL,True,5.313187929,0.01144089977,0.002157949014
2025-01-15,JNJ,True,9.362817326,0.003264169347,0.0003487526907
2025-01-15,JPM,True,9.147071692,-0.00256737512,-0.0002805985134
2025-01-15,MSFT,True,7.970502586,-0.01048714186,-0.001314015206
2025-01-15,PG,True,6.144136018,-0.00124232845,-0.0002021565443
2025-01-15,TSLA,True,1.58752656,0.005768325346,0.003646780665
2025-01-15,VNQ,False,,,
2025-01-15,WMT,True,1.827647175,0.003702446554,0.002029911595
2025-01-16,AAPL,True,6.25013361,-0.006610724301,-0.001056575744
2025-01-16,AMZN,True,2.497871388,0.0006569173163,0.0002630600311
2025-01-16,BAC,True,3.289984042,-0.003351240449,-0.00101758253
2025-01-16,BND,False,,,
2025-01-16,GLD,False,,,
2025-01-16,GOOGL,True,5.28514692,-0.02804100863,-0.005277624095
2025-01-16,JNJ,True,9.35140068,-0.01141664654,-0.001219360171
2025-01-16,JPM,True,9.140538617,-0.006533074707,-0.000714225812
2025-01-16,MSFT,True,7.961686053,-0.008816532956,-0.001106145172
2025-01-16,PG,True,6.143130167,-0.001005850287,-0.0001637089876
2025-01-16,TSLA,True,1.586939052,-0.0005875079995,-0.0003700775876
2025-01-16,VNQ,False,,,
2025-01-16,WMT,True,1.826058852,-0.00158832281,-0.0008690533004
2025-01-17,AAPL,True,6.246691958,-0.003441652079,-0.000550652561
2025-01-17,AMZN,True,2.4964406,-0.001430788047,-0.0005728029288
2025-01-17,BAC,True,3.293563126,0.003579083184,0.001087872506
2025-01-17,BND,False,,,
2025-01-17,GLD,False,,,
2025-01-17,GOOGL,True,5.279225853,-0.005921066452,-0.001120322016
2025-01-17,JNJ,True,9.344446128,-0.006954551955,-0.0007436909392
2025-01-17,JPM,True,9.113313011,-0.02722560548,-0.002978555928
2025-01-17,MSFT,True,7.968008034,0.006321980666,0.0007940504842
2025-01-17,PG,True,6.129209325,-0.01392084277,-0.002266082989
2025-01-17,TSLA,True,1.583858892,-0.003080160018,-0.001940944118
2025-01-17,VNQ,False,,,
2025-01-17,WMT,True,1.826120628,6.177527006e-05,3.382983521e-05
2025-01-21,AAPL,True,6.233003711,-0.0136882474,-0.0021912794
2025-01-21,AMZN,True,2.491546659,-0.004893941054,-0.001960367514
2025-01-21,BAC,True,3.298864545,0.005301419286,0.001609630386
2025-01-21,BND,False,,,
2025-01-21,GLD,False,,,
2025-01-21,GOOGL,True,5.276902154,-0.00232369972,-0.0004401591794
2025-01-21,JNJ,True,9.321966919,-0.02247920926,-0.002405622436
2025-01-21,JPM,True,9.125442806,0.01212979499,0.001330997298
2025-01-21,MSFT,True,7.965942441,-0.002065593026,-0.0002592358111
2025-01-21,PG,True,6.135150692,0.005941367057,0.0009693529365
2025-01-21,TSLA,True,1.587288712,0.003429819946,0.002165483279
2025-01-21,VNQ,False,,,
2025-01-21,WMT,True,1.826807408,0.0006867801097,0.000376086935
2025-01-22,AAPL,True,6.229092774,-0.003910936937,-0.0006274562183
2025-01-22,AMZN,True,2.494758086,0.003211426904,0.001288929065
2025-01-22,BAC,True,3.30264463,0.003780084914,0.001145874546
2025-01-22,BND,False,,,
2025-01-22,GLD,False,,,
2025-01-22,GOOGL,True,5.26842255,-0.008479603868,-0.001606928387
2025-01-22,JNJ,True,9.30252487,-0.0194420488,-0.002085616584
2025-01-22,JPM,True,9.108380633,-0.01706217385,-0.001869736539
2025-01-22,MSFT,True,7.948949315,-0.01699312566,-0.002133222251
2025-01-22,PG,True,6.141591312,0.006440620704,0.00104979014
2025-01-22,TSLA,True,1.587345529,5.681689474e-05,3.579493404e-05
2025-01-22,VNQ,False,,,
2025-01-22,WMT,True,1.829459134,0.002651725745,0.001451562838
2025-01-23,AAPL,True,6.225215643,-0.003877130815,-0.0006224230327
2025-01-23,AMZN,True,2.489393737,-0.005364348493,-0.002150247964
2025-01-23,BAC,True,3.29949429,-0.003150339429,-0.0009538838665
2025-01-23,BND,False,,,
2025-01-23,GLD,False,,,
2025-01-23,GOOGL,True,5.26572157,-0.002700979753,-0.0005126733338
2025-01-23,JNJ,True,9.294131301,-0.008393568254,-0.0009022892571
2025-01-23,JPM,True,9.112867649,0.004487015976,0.0004926249963
2025-01-23,MSFT,True,7.961513912,0.01256459653,0.001580661297
2025-01-23,PG,True,6.134651923,-0.006939389307,-0.00112990086
2025-01-23,TSLA,True,1.587475158,0.0001296293262,8.166421482e-05
2025-01-23,VNQ,False,,,
2025-01-23,WMT,True,1.831377781,0.001918647379,0.001048751155
2025-01-24,AAPL,True,6.21996737,-0.005248273212,-0.0008430668932
2025-01-24,AMZN,True,2.494615453,0.005221715794,0.002097585334
2025-01-24,BAC,True,3.309313597,0.009819306403,0.002976003453
2025-01-24,BND,False,,,
2025-01-24,GLD,False,,,
2025-01-24,GOOGL,True,5.258103951,-0.007617618625,-0.001446642881
2025-01-24,JNJ,True,9.292509261,-0.001622040852,-0.0001745231264
2025-01-24,JPM,True,9.108591452,-0.004276196752,-0.0004692482013
2025-01-24,MSFT,True,7.974231566,0.01271765417,0.00159739144
2025-01-24,PG,True,6.139451215,0.004799292287,0.0007823251176
2025-01-24,TSLA,True,1.590503734,0.003028576522,0.001907794592
2025-01-24,VNQ,False,,,
2025-01-24,WMT,True,1.838609727,0.007231946454,0.00394891023
2025-01-27,AAPL,True,6.224514048,0.004546678485,0.0007309810831
2025-01-27,AMZN,True,2.501449786,0.006834333132,0.002739633928
2025-01-27,BAC,True,3.310988842,0.001675245199,0.0005062213508
2025-01-27,BND,False,,,
2025-01-27,GLD,False,,,
2025-01-27,GOOGL,True,5.269079869,0.01097591711,0.002087428702
2025-01-27,JNJ,True,9.316933475,0.02442421478,0.002628376695
2025-01-27,JPM,True,9.111476356,0.00288490395,0.0003167233886
2025-01-27,MSFT,True,7.976751442,0.002519875824,0.0003160023386
2025-01-27,PG,True,6.135061458,-0.004389757212,-0.0007150080778
2025-01-27,TSLA,True,1.591449332,0.0009455978403,0.0005945272682
2025-01-27,VNQ,False,,,
2025-01-27,WMT,True,1.843891596,0.005281868295,0.002872751197
2025-01-28,AAPL,True,6.217813785,-0.006700263608,-0.001076431599
2025-01-28,AMZN,True,2.503241231,0.001791444592,0.000716162524
2025-01-28,BAC,True,3.311431248,0.0004424058872,0.0001336174503
2025-01-28,BND,False,,,
2025-01-28,GLD,False,,,
2025-01-28,GOOGL,True,5.279609769,0.01052990009,0.00199843243
2025-01-28,JNJ,True,9.32040299,0.00346951438,0.0003723880168
2025-01-28,JPM,True,9.103776729,-0.007699626247,-0.0008450470535
2025-01-28,MSFT,True,7.952376994,-0.02437444764,-0.003055685991
2025-01-28,PG,True,6.146394959,0.01133350047,0.001847332834
2025-01-28,TSLA,True,1.592466834,0.001017501341,0.0006393551589
2025-01-28,VNQ,False,,,
2025-01-28,WMT,True,1.842543706,-0.001347890077,-0.0007310028854
2025-01-29,AAPL,True,6.208805669,-0.00900811557,-0.001448759304
2025-01-29,AMZN,True,2.500811949,-0.002429282053,-0.0009704546344
2025-01-29,BAC,True,3.309374155,-0.00205709284,-0.0006212095877
2025-01-29,BND,False,,,
2025-01-29,GLD,False,,,
2025-01-29,GOOGL,True,5.302899819,0.02329005069,0.004411320478
2025-01-29,JNJ,True,9.325591659,0.005188669716,0.0005567001472
2025-01-29,JPM,True,9.093379469,-0.01039726027,-0.001142082081
2025-01-29,MSFT,True,7.935450205,-0.01692678891,-0.002128519425
2025-01-29,PG,True,6.146951239,0.0005562803202,9.050513738e-05
2025-01-29,TSLA,True,1.593526135,0.001059301005,0.0006651950185
2025-01-29,VNQ,False,,,
2025-01-29,WMT,True,1.839859023,-0.002684682173,-0.001457052098
2025-01-30,AAPL,True,6.229534861,0.02072919199,0.003338676243
2025-01-30,AMZN,True,2.496477548,-0.004334400287,-0.001733197208
2025-01-30,BAC,True,3.31224076,0.002866605326,0.000866207685
2025-01-30,BND,False,,,
2025-01-30,GLD,False,,,
2025-01-30,GOOGL,True,5.290377608,-0.01252221102,-0.002361389325
2025-01-30,JNJ,True,9.32411052,-0.001481139261,-0.0001588252323
2025-01-30,JPM,True,9.068096869,-0.0252826,-0.002780330468
2025-01-30,MSFT,True,7.9350518,-0.000398405006,-5.020572188e-05
2025-01-30,PG,True,6.160089793,0.01313855425,0.00213740987
2025-01-30,TSLA,True,1.595887368,0.00236123369,0.00148176653
2025-01-30,VNQ,False,,,
2025-01-30,WMT,True,1.841666084,0.001807060625,0.0009821734177
2025-01-31,AAPL,True,6.237810738,0.00827587644,0.001328490268
2025-01-31,AMZN,True,2.505173345,0.008695796623,0.003483226448
2025-01-31,BAC,True,3.305649943,-0.006590817588,-0.001989836508
2025-01-31,BND,False,,,
2025-01-31,GLD,False,,,
2025-01-31,GOOGL,True,5.302268542,0.01189093323,0.002247653024
2025-01-31,JNJ,True,9.332220436,0.008109916146,0.0008697790667
2025-01-31,JPM,True,9.09429394,0.02619707038,0.002888927054
2025-01-31,MSFT,True,7.935004655,-4.714547468e-05,-5.941419901e-06
2025-01-31,PG,True,6.17305775,0.01296795632,0.002105157028
2025-01-31,TSLA,True,1.598887891,0.003000522572,0.001880159359
2025-01-31,VNQ,False,,,
2025-01-31,WMT,True,1.837740376,-0.003925708089,-0.002131606876
2025-02-03,AAPL,True,6.254901263,0.01709052506,0.002739827446
2025-02-03,AMZN,True,2.510537907,0.005364561667,0.0021413934
2025-02-03,BAC,True,3.306873264,0.001223321809,0.0003700699802
2025-02-03,BND,False,,,
2025-02-03,GLD,False,,,
2025-02-03,GOOGL,True,5.301465954,-0.0008025875478,-0.0001513668237
2025-02-03,JNJ,True,9.351846913,0.01962647708,0.002103087599
2025-02-03,JPM,True,9.106420834,0.01212689458,0.001333461912
2025-02-03,MSFT,True,7.949877439,0.01487278382,0.001874325784
2025-02-03,PG,True,6.167783803,-0.005273946145,-0.0008543490696
2025-02-03,TSLA,True,1.598573021,-0.0003148694272,-0.000196930272
2025-02-03,VNQ,False,,,
2025-02-03,WMT,True,1.837653487,-8.68888214e-05,-4.728024836e-05
2025-02-04,AAPL,True,6.26310937,0.008208107066,0.001312268047
2025-02-04,AMZN,True,2.519462977,0.008925070293,0.003555043033
2025-02-04,BAC,True,3.308287799,0.00141453434,0.0004277558368
2025-02-04,BND,False,,,
2025-02-04,GLD,False,,,
2025-02-04,GOOGL,True,5.326658475,0.02519252106,0.004751991483
2025-02-04,JNJ,True,9.353582108,0.00173519408,0.0001855456035
2025-02-04,JPM,True,9.114694871,0.008274036768,0.0009085937185
2025-02-04,MSFT,True,7.964945397,0.01506795839,0.001895369898
2025-02-04,PG,True,6.170464156,0.002680352244,0.0004345729891
2025-02-04,TSLA,True,1.596213574,-0.002359447104,-0.001475970801
2025-02-04,VNQ,False,,,
2025-02-04,WMT,True,1.838264451,0.0006109640223,0.0003324696558
2025-02-05,AAPL,True,6.261291946,-0.001817423521,-0.0002901791129
2025-02-05,AMZN,True,2.529732074,0.01026909672,0.004075906974
2025-02-05,BAC,True,3.312484023,0.004196224548,0.001268397674
2025-02-05,BND,False,,,
2025-02-05,GLD,False,,,
2025-02-05,GOOGL,True,5.349401987,0.02274351174,0.004269752199
2025-02-05,JNJ,True,9.3772942,0.02371209268,0.00253508147
2025-02-05,JPM,True,9.116221753,0.001526882203,0.0001675187403
2025-02-05,MSFT,True,7.980830563,0.01588516617,0.001994384817
2025-02-05,PG,True,6.174575123,0.004110967385,0.0006662330873
2025-02-05,TSLA,True,1.587608849,-0.008604725475,-0.005390710625
2025-02-05,VNQ,False,,,
2025-02-05,WMT,True,1.844048754,0.005784303086,0.003146610969
2025-02-06,AAPL,True,6.264268827,0.002976880749,0.0004754419335
2025-02-06,AMZN,True,2.52961436,-0.0001177136986,-4.653208132e-05
2025-02-06,BAC,True,3.317681857,0.005197833947,0.001569164986
2025-02-06,BND,False,,,
2025-02-06,GLD,False,,,
2025-02-06,GOOGL,True,5.350164119,0.0007621320164,0.0001424705076
2025-02-06,JNJ,True,9.39794765,0.02065344969,0.002202495651
2025-02-06,JPM,True,9.094882697,-0.02133905643,-0.002340778561
2025-02-06,MSFT,True,8.001431917,0.02060135392,0.002581354629
2025-02-06,PG,True,6.190262488,0.01568736537,0.002540638839
2025-02-06,TSLA,True,1.587284887,-0.000323962274,-0.0002040567324
2025-02-06,VNQ,False,,,
2025-02-06,WMT,True,1.844769556,0.0007208012002,0.0003908796872
2025-02-07,AAPL,True,6.270818638,0.00654981144,0.001045582752
2025-02-07,AMZN,True,2.535852597,0.006238237031,0.002466082234
2025-02-07,BAC,True,3.323115179,0.005433321602,0.001637686142
2025-02-07,BND,False,,,
2025-02-07,GLD,False,,,
2025-02-07,GOOGL,True,5.338515057,-0.01164906183,-0.002177327942
2025-02-07,JNJ,True,9.40237406,0.004426409738,0.0004709974883
2025-02-07,JPM,True,9.083273368,-0.01160932846,-0.00127646819
2025-02-07,MSFT,True,8.025008293,0.02357637602,0.002946519606
2025-02-07,PG,True,6.180099539,-0.01016294957,-0.001641763914
2025-02-07,TSLA,True,1.589566523,0.002281636671,0.001437446227
2025-02-07,VNQ,False,,,
2025-02-07,WMT,True,1.846649147,0.001879591752,0.001018876177
2025-02-10,AAPL,True,6.264517284,-0.006301354477,-0.001004869514
2025-02-10,AMZN,True,2.538937824,0.003085226769,0.001216642786
2025-02-10,BAC,True,3.328011183,0.004896004441,0.001473317709
2025-02-10,BND,False,,,
2025-02-10,GLD,False,,,
2025-02-10,GOOGL,True,5.329806339,-0.008708717603,-0.001631299624
2025-02-10,JNJ,True,9.394638221,-0.007735839063,-0.0008227538081
2025-02-10,JPM,True,9.075818778,-0.007454590074,-0.0008206942335
2025-02-10,MSFT,True,8.030080442,0.005072148577,0.0006320427832
2025-02-10,PG,True,6.193007701,0.01290816265,0.002088665817
2025-02-10,TSLA,True,1.591457662,0.001891138726,0.001189719774
2025-02-10,VNQ,False,,,
2025-02-10,WMT,True,1.845736566,-0.0009125815208,-0.0004941824072
2025-02-11,AAPL,True,6.251912054,-0.01260522968,-0.002012162966
2025-02-11,AMZN,True,2.542599986,0.003662161978,0.001442399236
2025-02-11,BAC,True,3.329138622,0.001127439083,0.0003387726245
2025-02-11,BND,False,,,
2025-02-11,GLD,False,,,
2025-02-11,GOOGL,True,5.332429806,0.002623466238,0.0004922254339
2025-02-11,JNJ,True,9.387412276,-0.00722594468,-0.0007691562474
2025-02-11,JPM,True,9.066314997,-0.009503781288,-0.001047154149
2025-02-11,MSFT,True,8.027631402,-0.002449040202,-0.0003049832713
2025-02-11,PG,True,6.193845788,0.0008380863791,0.0001353278438
2025-02-11,TSLA,True,1.59624953,0.004791867831,0.003010992969
2025-02-11,VNQ,False,,,
2025-02-11,WMT,True,1.847770982,0.002034415802,0.001102224358
2025-02-12,AAPL,True,6.255465844,0.003553789422,0.0005684324078
2025-02-12,AMZN,True,2.5437659,0.001165914359,0.0004585520199
2025-02-12,BAC,True,3.333010747,0.003872124928,0.00116310114
2025-02-12,BND,False,,,
2025-02-12,GLD,False,,,
2025-02-12,GOOGL,True,5.337394391,0.004964584955,0.0009310174041
2025-02-12,JNJ,True,9.393852069,0.006439792933,0.0006860029946
2025-02-12,JPM,True,9.067242467,0.0009274700457,0.0001022984582
2025-02-12,MSFT,True,8.038415289,0.01078388772,0.001343346148
2025-02-12,PG,True,6.199692348,0.005846559867,0.0009439304863
2025-02-12,TSLA,True,1.592997616,-0.003251913552,-0.002037221306
2025-02-12,VNQ,False,,,
2025-02-12,WMT,True,1.843951854,-0.003819127752,-0.002066883715
2025-02-13,AAPL,True,6.239736121,-0.01572972269,-0.002514556562
2025-02-13,AMZN,True,2.547164941,0.0033990409,0.001336223943
2025-02-13,BAC,True,3.333490767,0.000480019859,0.0001440198953
2025-02-13,BND,False,,,
2025-02-13,GLD,False,,,
2025-02-13,GOOGL,True,5.335429821,-0.001964569133,-0.0003680764413
2025-02-13,JNJ,True,9.40045471,0.006602641326,0.0007028683523
2025-02-13,JPM,True,9.043510799,-0.02373166752,-0.002617297112
2025-02-13,MSFT,True,8.043736989,0.005321700177,0.0006620334961
2025-02-13,PG,True,6.199303588,-0.000388759841,-6.270631173e-05
2025-02-13,TSLA,True,1.594711395,0.001713778653,0.001075819973
2025-02-13,VNQ,False,,,
2025-02-13,WMT,True,1.840609511,-0.00334234325,-0.001812597896
2025-02-14,AAPL,True,6.221191673,-0.01854444842,-0.002971992415
2025-02-14,AMZN,True,2.547913396,0.0007484548691,0.0002938383994
2025-02-14,BAC,True,3.337963225,0.004472457537,0.001341673894
2025-02-14,BND,False,,,
2025-02-14,GLD,False,,,
2025-02-14,GOOGL,True,5.326913776,-0.008516045257,-0.00159613106
2025-02-14,JNJ,True,9.393098,-0.007356710441,-0.0007825909137
2025-02-14,JPM,True,9.03566091,-0.007849889811,-0.0008680135387
2025-02-14,MSFT,True,8.030171691,-0.01356529877,-0.001686442358
2025-02-14,PG,True,6.2005563,0.001252712572,0.0002020731126
2025-02-14,TSLA,True,1.592639364,-0.002072031301,-0.001299314288
2025-02-14,VNQ,False,,,
2025-02-14,WMT,True,1.839287654,-0.001321856787,-0.000718162532
2025-02-18,AAPL,True,6.211870906,-0.00932076665,-0.001498228497
2025-02-18,AMZN,True,2.549545866,0.001632469776,0.0006407085023
2025-02-18,BAC,True,3.339810224,0.001846999356,0.0005533312479
2025-02-18,BND,False,,,
2025-02-18,GLD,False,,,
2025-02-18,GOOGL,True,5.32815857,0.001244793334,0.000233680023
2025-02-18,JNJ,True,9.381149474,-0.01194852537,-0.001272053732
2025-02-18,JPM,True,9.054011058,0.01835014813,0.00203085843
2025-02-18,MSFT,True,8.03087761,0.0007059188149,8.790830907e-05
2025-02-18,PG,True,6.207681663,0.007125362193,0.001149148858
2025-02-18,TSLA,True,1.595042201,0.002402837089,0.001508713864
2025-02-18,VNQ,False,,,
2025-02-18,WMT,True,1.836828822,-0.002458831705,-0.001336839129
2025-02-19,AAPL,True,6.209084691,-0.002786214616,-0.0004485306694
2025-02-19,AMZN,True,2.55257394,0.003028074313,0.001187691641
2025-02-19,BAC,True,3.339622561,-0.0001876630268,-5.618972763e-05
2025-02-19,BND,False,,,
2025-02-19,GLD,False,,,
2025-02-19,GOOGL,True,5.320320853,-0.007837716262,-0.001470999063
2025-02-19,JNJ,True,9.387665116,0.00651564134,0.0006945461596
2025-02-19,JPM,True,9.057559721,0.003548663585,0.0003919438095
2025-02-19,MSFT,True,8.035935709,0.005058099036,0.0006298314184
2025-02-19,PG,True,6.205601595,-0.002080067604,-0.0003350796186
2025-02-19,TSLA,True,1.599276412,0.004234210883,0.002654607434
2025-02-19,VNQ,False,,,
2025-02-19,WMT,True,1.837767527,0.0009387050499,0.0005110465595
2025-02-20,AAPL,True,6.201123599,-0.007961091973,-0.001282168366
2025-02-20,AMZN,True,2.551803498,-0.0007704418581,-0.000301829399
2025-02-20,BAC,True,3.334196253,-0.005426308221,-0.001624826795
2025-02-20,BND,False,,,
2025-02-20,GLD,False,,,
2025-02-20,GOOGL,True,5.300880328,-0.01944052486,-0.00365401362
2025-02-20,JNJ,True,9.375243832,-0.0124212837,-0.001323149425
2025-02-20,JPM,True,9.057453706,-0.0001060151405,-1.170460298e-05
2025-02-20,MSFT,True,8.062796469,0.02686076072,0.00334258034
2025-02-20,PG,True,6.206339508,0.0007379126134,0.0001189107296
2025-02-20,TSLA,True,1.59505151,-0.004224901483,-0.002641758143
2025-02-20,VNQ,False,,,
2025-02-20,WMT,True,1.84052262,0.002755093045,0.001499152099
2025-02-21,AAPL,True,6.226042352,0.02491875284,0.004018425443
2025-02-21,AMZN,True,2.551857823,5.432480208e-05,2.128878737e-05
2025-02-21,BAC,True,3.338520697,0.004324443846,0.001296997393
2025-02-21,BND,False,,,
2025-02-21,GLD,False,,,
2025-02-21,GOOGL,True,5.287784211,-0.01309611751,-0.002470555209
2025-02-21,JNJ,True,9.394699101,0.01945526906,0.002075174727
2025-02-21,JPM,True,9.062692843,0.005239136576,0.0005784337128
2025-02-21,MSFT,True,8.06012995,-0.002666519255,-0.0003307189094
2025-02-21,PG,True,6.200931641,-0.005407866858,-0.000871345638
2025-02-21,TSLA,True,1.598145898,0.003094387774,0.001939992379
2025-02-21,VNQ,False,,,
2025-02-21,WMT,True,1.839315191,-0.001207428808,-0.0006560249763
2025-02-24,AAPL,True,6.225617528,-0.0004248238517,-6.823337004e-05
2025-02-24,AMZN,True,2.550553642,-0.001304180804,-0.0005110711076
2025-02-24,BAC,True,3.339659924,0.001139227738,0.0003412372848
2025-02-24,BND,False,,,
2025-02-24,GLD,False,,,
2025-02-24,GOOGL,True,5.290576741,0.002792529644,0.0005281096075
2025-02-24,JNJ,True,9.371409389,-0.02328971246,-0.002479026971
2025-02-24,JPM,True,9.096367462,0.03367461904,0.003715740964
2025-02-24,MSFT,True,8.085652806,0.02552285602,0.003166556393
2025-02-24,PG,True,6.206509971,0.005578330402,0.0008995955327
2025-02-24,TSLA,True,1.593084295,-0.0050616034,-0.003167172288
2025-02-24,VNQ,False,,,
2025-02-24,WMT,True,1.839783715,0.0004685235855,0.0002547271874
2025-02-25,AAPL,True,6.232311743,0.006694214925,0.001075269223
2025-02-25,AMZN,True,2.545688937,-0.004864705484,-0.001907313536
2025-02-25,BAC,True,3.336364882,-0.003295042348,-0.0009866400838
2025-02-25,BND,False,,,
2025-02-25,GLD,False,,,
2025-02-25,GOOGL,True,5.290620012,4.327187072e-05,8.179046036e-06
2025-02-25,JNJ,True,9.366091473,-0.005317915667,-0.0005674616748
2025-02-25,JPM,True,9.080627417,-0.01574004504,-0.001730366007
2025-02-25,MSFT,True,8.065252147,-0.02040065866,-0.002523068842
2025-02-25,PG,True,6.196607636,-0.009902334805,-0.001595475533
2025-02-25,TSLA,True,1.594506023,0.001421728921,0.0008924379747
2025-02-25,VNQ,False,,,
2025-02-25,WMT,True,1.838171106,-0.001612609038,-0.0008765209869
2025-02-26,AAPL,True,6.243515421,0.01120367754,0.001797676047
2025-02-26,AMZN,True,2.546106689,0.0004177526273,0.0001641019927
2025-02-26,BAC,True,3.336103492,-0.0002613900052,-7.834574887e-05
2025-02-26,BND,False,,,
2025-02-26,GLD,False,,,
2025-02-26,GOOGL,True,5.288768552,-0.00185146018,-0.0003499514566
2025-02-26,JNJ,True,9.359985214,-0.006106258947,-0.0006519538021
2025-02-26,JPM,True,9.082195322,0.001567904963,0.0001726648272
2025-02-26,MSFT,True,8.076878542,0.0116263942,0.001441541317
2025-02-26,PG,True,6.194446128,-0.002161508409,-0.0003488212479
2025-02-26,TSLA,True,1.589137252,-0.005368771606,-0.003367043791
2025-02-26,VNQ,False,,,
2025-02-26,WMT,True,1.837195616,-0.0009754898426,-0.0005306850051
2025-02-27,AAPL,True,6.241157385,-0.002358036,-0.0003776776128
2025-02-27,AMZN,True,2.556012691,0.009906002035,0.003890646876
2025-02-27,BAC,True,3.339501929,0.003398436815,0.001018684469
2025-02-27,BND,False,,,
2025-02-27,GLD,False,,,
2025-02-27,GOOGL,True,5.280846918,-0.007921634708,-0.001497822155
2025-02-27,JNJ,True,9.375041707,0.01505649307,0.001608602228
2025-02-27,JPM,True,9.086590762,0.004395440248,0.0004839623122
2025-02-27,MSFT,True,8.085150891,0.008272349348,0.001024201281
2025-02-27,PG,True,6.199676559,0.005230431074,0.0008443742937
2025-02-27,TSLA,True,1.587467725,-0.001669526531,-0.001050586744
2025-02-27,VNQ,False,,,
2025-02-27,WMT,True,1.839539247,0.002343630666,0.001275656574
2025-02-28,AAPL,True,6.274905912,0.03374852671,0.005407414784
2025-02-28,AMZN,True,2.558488672,0.002475980783,0.0009686887674
2025-02-28,BAC,True,3.337936736,-0.001565192591,-0.0004686904286
2025-02-28,BND,False,,,
2025-02-28,GLD,False,,,
2025-02-28,GOOGL,True,5.289167791,0.008320873005,0.001575670178
2025-02-28,JNJ,True,9.366793832,-0.00824787505,-0.0008797694247
2025-02-28,JPM,True,9.097380175,0.01078941347,0.001187399515
2025-02-28,MSFT,True,8.078064926,-0.007085964738,-0.0008764171298
2025-02-28,PG,True,6.198481744,-0.001194814944,-0.0001927221416
2025-02-28,TSLA,True,1.584425258,-0.003042467327,-0.001916553816
2025-02-28,VNQ,False,,,
2025-02-28,WMT,True,1.841390959,0.001851712184,0.001006617384
2025-03-03,AAPL,True,6.251803089,-0.02310282253,-0.003681779911
2025-03-03,AMZN,True,2.552616165,-0.005872507089,-0.002295303143
2025-03-03,BAC,True,3.332865651,-0.005071085131,-0.001519227454
2025-03-03,BND,False,,,
2025-03-03,GLD,False,,,
2025-03-03,GOOGL,True,5.297361191,0.008193400242,0.001549090626
2025-03-03,JNJ,True,9.380429271,0.01363543855,0.001455721007
2025-03-03,JPM,True,9.110440227,0.0130600519,0.001435583833
2025-03-03,MSFT,True,8.056606595,-0.02145833157,-0.002656370277
2025-03-03,PG,True,6.204228124,0.00574638004,0.0009270625094
2025-03-03,TSLA,True,1.578733511,-0.005691746613,-0.003592309946
2025-03-03,VNQ,False,,,
2025-03-03,WMT,True,1.843325228,0.00193426959,0.001050439387
2025-03-04,AAPL,True,6.2483708,-0.003432289162,-0.0005490078803
2025-03-04,AMZN,True,2.551444826,-0.001171339338,-0.0004588779754
2025-03-04,BAC,True,3.330221196,-0.002644455617,-0.0007934480095
2025-03-04,BND,False,,,
2025-03-04,GLD,False,,,
2025-03-04,GOOGL,True,5.292719116,-0.004642075124,-0.0008762995304
2025-03-04,JNJ,True,9.361824792,-0.0186044786,-0.001983329127
2025-03-04,JPM,True,9.11334725,0.002907022426,0.0003190869325
2025-03-04,MSFT,True,8.085043494,0.02843689942,0.003529637334
2025-03-04,PG,True,6.203847489,-0.0003806347812,-6.135086808e-05
2025-03-04,TSLA,True,1.583141711,0.004408199153,0.002792237652
2025-03-04,VNQ,False,,,
2025-03-04,WMT,True,1.841709131,-0.001616097591,-0.0008767294921
2025-03-05,AAPL,True,6.23736046,-0.01101034,-0.001762113734
2025-03-05,AMZN,True,2.543025029,-0.008419796198,-0.003300011081
2025-03-05,BAC,True,3.33201563,0.001794434222,0.0005388333438
2025-03-05,BND,False,,,
2025-03-05,GLD,False,,,
2025-03-05,GOOGL,True,5.284563153,-0.008155962196,-0.001540977713
2025-03-05,JNJ,True,9.381813655,0.0199888629,0.002135146016
2025-03-05,JPM,True,9.101436204,-0.0119110458,-0.001306989131
2025-03-05,MSFT,True,8.068804109,-0.01623938472,-0.002008571102
2025-03-05,PG,True,6.209851703,0.006004213684,0.0009678209683
2025-03-05,TSLA,True,1.583294012,0.0001523010617,9.620178707e-05
2025-03-05,VNQ,False,,,
2025-03-05,WMT,True,1.839278081,-0.002431049708,-0.001319996555
2025-03-06,AAPL,True,6.225199092,-0.01216136811,-0.001949761952
2025-03-06,AMZN,True,2.531388774,-0.01163625509,-0.004575753268
2025-03-06,BAC,True,3.334357367,0.002341736863,0.0007027988832
2025-03-06,BND,False,,,
2025-03-06,GLD,False,,,
2025-03-06,GOOGL,True,5.294049462,0.009486308281,0.001795097912
2025-03-06,JNJ,True,9.377363716,-0.004449938997,-0.000474315432
2025-03-06,JPM,True,9.124754154,0.02331794975,0.002562007712
2025-03-06,MSFT,True,8.070231843,0.001427733881,0.0001769449179
2025-03-06,PG,True,6.212588424,0.002736720967,0.0004407063321
2025-03-06,TSLA,True,1.585407644,0.002113632655,0.001334959041
2025-03-06,VNQ,False,,,
2025-03-06,WMT,True,1.840836243,0.001558161606,0.0008471593405
2025-03-07,AAPL,True,6.22775663,0.00255753793,0.0004108363271
2025-03-07,AMZN,True,2.528844333,-0.002544441382,-0.001005156303
2025-03-07,BAC,True,3.347901894,0.01354452686,0.004062110138
2025-03-07,BND,False,,,
2025-03-07,GLD,False,,,
2025-03-07,GOOGL,True,5.295622925,0.001573463705,0.0002972136388
2025-03-07,JNJ,True,9.391018568,0.01365485246,0.001456150457
2025-03-07,JPM,True,9.150529957,0.02577580329,0.002824821673
2025-03-07,MSFT,True,8.100148891,0.02991704799,0.003707086559
2025-03-07,PG,True,6.219905844,0.007317419595,0.001177837496
2025-03-07,TSLA,True,1.587918901,0.002511257075,0.001583981939
2025-03-07,VNQ,False,,,
2025-03-07,WMT,True,1.844480416,0.003644172759,0.001979628972
2025-03-10,AAPL,True,6.213654337,-0.01410229315,-0.002264425858
2025-03-10,AMZN,True,2.543006165,0.01416183166,0.005600119973
2025-03-10,BAC,True,3.347098571,-0.0008033229187,-0.0002399481658
2025-03-10,BND,False,,,
2025-03-10,GLD,False,,,
2025-03-10,GOOGL,True,5.321557552,0.02593462693,0.004897370394
2025-03-10,JNJ,True,9.396440042,0.005421473347,0.0005773040813
2025-03-10,JPM,True,9.143115455,-0.007414502036,-0.0008102811608
2025-03-10,MSFT,True,8.089706976,-0.01044191525,-0.001289101644
2025-03-10,PG,True,6.209901572,-0.01000427152,-0.00160842813
2025-03-10,TSLA,True,1.585201214,-0.002717686903,-0.001711477142
2025-03-10,VNQ,False,,,
2025-03-10,WMT,True,1.846261491,0.001781075806,0.0009656246771
2025-03-11,AAPL,True,6.220787231,0.007132894163,0.001147938681
2025-03-11,AMZN,True,2.540792146,-0.002214018674,-0.0008706304787
2025-03-11,BAC,True,3.353527302,0.006428730943,0.001920687667
2025-03-11,BND,False,,,
2025-03-11,GLD,False,,,
2025-03-11,GOOGL,True,5.332373985,0.01081643295,0.002032569007
2025-03-11,JNJ,True,9.404516383,0.008076341361,0.0008595107642
2025-03-11,JPM,True,9.133277573,-0.009837882322,-0.001075987979
2025-03-11,MSFT,True,8.07327602,-0.01643095579,-0.00203109406
2025-03-11,PG,True,6.209589949,-0.0003116235894,-5.018172765e-05
2025-03-11,TSLA,True,1.583041463,-0.0021597514,-0.001362446219
2025-03-11,VNQ,False,,,
2025-03-11,WMT,True,1.850028667,0.003767175681,0.00204043452
2025-03-12,AAPL,True,6.220202785,-0.0005844460992,-9.395050457e-05
2025-03-12,AMZN,True,2.546597621,0.005805475014,0.002284907494
2025-03-12,BAC,True,3.357780157,0.004252855659,0.001268173859
2025-03-12,BND,False,,,
2025-03-12,GLD,False,,,
2025-03-12,GOOGL,True,5.336667323,0.004293337424,0.0008051455948
2025-03-12,JNJ,True,9.424080297,0.01956391381,0.002080267927
2025-03-12,JPM,True,9.128863457,-0.004414115364,-0.0004833002532
2025-03-12,MSFT,True,8.070586331,-0.002689689056,-0.0003331595562
2025-03-12,PG,True,6.217241635,0.00765168633,0.001232236974
2025-03-12,TSLA,True,1.58162816,-0.001413302795,-0.0008927768654
2025-03-12,VNQ,False,,,
2025-03-12,WMT,True,1.852702065,0.002673397991,0.001445057603
2025-03-13,AAPL,True,6.236299052,0.01609626728,0.002587739956
2025-03-13,AMZN,True,2.533337885,-0.01325973606,-0.005206843811
2025-03-13,BAC,True,3.362296427,0.004516270046,0.001345016599
2025-03-13,BND,False,,,
2025-03-13,GLD,False,,,
2025-03-13,GOOGL,True,5.350473065,0.01380574205,0.002586959466
2025-03-13,JNJ,True,9.393887624,-0.03019267276,-0.003203779234
2025-03-13,JPM,True,9.1327565,0.003893042458,0.0004264542324
2025-03-13,MSFT,True,8.114986178,0.04439984639,0.005501439991
2025-03-13,PG,True,6.212187731,-0.00505390404,-0.0008128852531
2025-03-13,TSLA,True,1.579280085,-0.002348074821,-0.001484593459
2025-03-13,VNQ,False,,,
2025-03-13,WMT,True,1.855822395,0.003120330252,0.001684205092
2025-03-14,AAPL,True,6.222767237,-0.01353181459,-0.002169846969
2025-03-14,AMZN,True,2.525127671,-0.008210213759,-0.00324086803
2025-03-14,BAC,True,3.361780559,-0.0005158677727,-0.0001534272138
2025-03-14,BND,False,,,
2025-03-14,GLD,False,,,
2025-03-14,GOOGL,True,5.3575153,0.007042235263,0.001316189275
2025-03-14,JNJ,True,9.381929574,-0.01195805004,-0.001272960729
2025-03-14,JPM,True,9.137577189,0.004820688967,0.0005278459978
2025-03-14,MSFT,True,8.135342503,0.02035632562,0.002508485557
2025-03-14,PG,True,6.20898734,-0.003200390448,-0.0005151792873
2025-03-14,TSLA,True,1.5782945,-0.0009855849417,-0.0006240722914
2025-03-14,VNQ,False,,,
2025-03-14,WMT,True,1.857724803,0.001902407572,0.001025102174
2025-03-17,AAPL,True,6.257166638,0.03439940032,0.005527990845
2025-03-17,AMZN,True,2.516106998,-0.00902067269,-0.003572363011
2025-03-17,BAC,True,3.366223764,0.004443204613,0.001321681929
2025-03-17,BND,False,,,
2025-03-17,GLD,False,,,
2025-03-17,GOOGL,True,5.374927205,0.01741190452,0.003249996228
2025-03-17,JNJ,True,9.383897667,0.001968093383,0.0002097749048
2025-03-17,JPM,True,9.144105117,0.006527928367,0.0007144047303
2025-03-17,MSFT,True,8.143214413,0.007871910278,0.000967618791
2025-03-17,PG,True,6.218545613,0.009558272992,0.001539425428
2025-03-17,TSLA,True,1.579484562,0.001190061265,0.0007540172414
2025-03-17,VNQ,False,,,
2025-03-17,WMT,True,1.857492634,-0.0002321684559,-0.0001249746225
2025-03-18,AAPL,True,6.261702334,0.004535696212,0.0007248802013
2025-03-18,AMZN,True,2.505852922,-0.01025407678,-0.004075373894
2025-03-18,BAC,True,3.363746177,-0.002477586877,-0.0007360137207
2025-03-18,BND,False,,,
2025-03-18,GLD,False,,,
2025-03-18,GOOGL,True,5.372464211,-0.002462993964,-0.0004582376412
2025-03-18,JNJ,True,9.3836883,-0.0002093672513,-2.231133146e-05
2025-03-18,JPM,True,9.150866764,0.006761647195,0.0007394542286
2025-03-18,MSFT,True,8.119898301,-0.02331611285,-0.002863256653
2025-03-18,PG,True,6.219650228,0.001104614782,0.0001776323357
2025-03-18,TSLA,True,1.578821611,-0.0006629505471,-0.0004197258797
2025-03-18,VNQ,False,,,
2025-03-18,WMT,True,1.854762179,-0.002730455008,-0.001469968148
2025-03-19,AAPL,True,6.242104723,-0.01959761126,-0.003129757726
2025-03-19,AMZN,True,2.506074278,0.0002213559954,8.833558964e-05
2025-03-19,BAC,True,3.367951414,0.004205236367,0.001250164592
2025-03-19,BND,False,,,
2025-03-19,GLD,False,,,
2025-03-19,GOOGL,True,5.367518159,-0.004946051468,-0.0009206299519
2025-03-19,JNJ,True,9.383982149,0.0002938486375,3.131483358e-05
2025-03-19,JPM,True,9.162740752,0.01187398761,0.001297580646
2025-03-19,MSFT,True,8.149638422,0.02974012116,0.003662622371
2025-03-19,PG,True,6.211253123,-0.008397105028,-0.001350092806
2025-03-19,TSLA,True,1.582654761,0.003833149539,0.002427854744
2025-03-19,VNQ,False,,,
2025-03-19,WMT,True,1.85210597,-0.00265620899,-0.001432102196
2025-03-20,AAPL,True,6.229697186,-0.01240753676,-0.001987716854
2025-03-20,AMZN,True,2.507622152,0.001547874528,0.0006176491022
2025-03-20,BAC,True,3.370113961,0.002162547492,0.0006420958104
2025-03-20,BND,False,,,
2025-03-20,GLD,False,,,
2025-03-20,GOOGL,True,5.375029787,0.007511627944,0.001399460183
2025-03-20,JNJ,True,9.377442696,-0.006539452744,-0.000696873954
2025-03-20,JPM,True,9.175490611,0.01274985921,0.001391489681
2025-03-20,MSFT,True,8.138236877,-0.01140154461,-0.001399024598
2025-03-20,PG,True,6.211553828,0.0003007051086,4.841295349e-05
2025-03-20,TSLA,True,1.579633438,-0.003021322766,-0.001909022006
2025-03-20,VNQ,False,,,
2025-03-20,WMT,True,1.855746655,0.003640684789,0.001965700045
2025-03-21,AAPL,True,6.240900891,0.01120370548,0.001798435003
2025-03-21,AMZN,True,2.507757817,0.0001356650732,5.410108262e-05
2025-03-21,BAC,True,3.359735741,-0.01037821985,-0.003079486324
2025-03-21,BND,False,,,
2025-03-21,GLD,False,,,
2025-03-21,GOOGL,True,5.380260118,0.005230331189,0.0009730794798
2025-03-21,JNJ,True,9.36688909,-0.01055360597,-0.001125424736
2025-03-21,JPM,True,9.190462348,0.01497173653,0.001631709645
2025-03-21,MSFT,True,8.130855601,-0.007381275619,-0.0009069870698
2025-03-21,PG,True,6.204503246,-0.007050582555,-0.001135075498
2025-03-21,TSLA,True,1.583287824,0.003654385924,0.002313439205
2025-03-21,VNQ,False,,,
2025-03-21,WMT,True,1.855012236,-0.0007344190431,-0.000395753936
2025-03-24,AAPL,True,6.267294713,0.02639382195,0.004229168578
2025-03-24,AMZN,True,2.501856739,-0.005901078394,-0.002353129299
2025-03-24,BAC,True,3.357950361,-0.00178537976,-0.0005314048179
2025-03-24,BND,False,,,
2025-03-24,GLD,False,,,
2025-03-24,GOOGL,True,5.377966543,-0.002293574831,-0.0004262944133
2025-03-24,JNJ,True,9.375597608,0.008708518402,0.0009297129834
2025-03-24,JPM,True,9.196387526,0.005925178804,0.0006447095456
2025-03-24,MSFT,True,8.153186664,0.02233106221,0.002746459082
2025-03-24,PG,True,6.194787487,-0.00971575902,-0.001565920532
2025-03-24,TSLA,True,1.588077258,0.004789433995,0.003024992628
2025-03-24,VNQ,False,,,
2025-03-24,WMT,True,1.855242424,0.0002301876483,0.0001240895579
2025-03-25,AAPL,True,6.290518808,0.02322409441,0.003705601136
2025-03-25,AMZN,True,2.488434466,-0.01342227238,-0.005364924446
2025-03-25,BAC,True,3.342153707,-0.01579665477,-0.004704254997
2025-03-25,BND,False,,,
2025-03-25,GLD,False,,,
2025-03-25,GOOGL,True,5.74828339,0.3703168469,0.06885815371
2025-03-25,JNJ,True,9.675741108,0.3001434996,0.03201326594
2025-03-25,JPM,True,8.921197001,-0.2751905255,-0.02992376351
2025-03-25,MSFT,True,8.116786054,-0.03640060926,-0.004464586764
2025-03-25,PG,True,6.409910508,0.215123021,0.03472645695
2025-03-25,TSLA,True,1.616223475,0.02814621752,0.01772345607
2025-03-25,VNQ,False,,,
2025-03-25,WMT,True,1.820997261,-0.03424516279,-0.01845859191
2025-03-26,AAPL,True,6.296339413,0.00582060531,0.0009252981332
2025-03-26,AMZN,True,2.486658051,-0.001776415062,-0.0007138685328
2025-03-26,BAC,True,3.34209786,-5.584657644e-05,-1.670975704e-05
2025-03-26,BND,False,,,
2025-03-26,GLD,False,,,
2025-03-26,GOOGL,True,5.750051997,0.001768606981,0.0003076756765
2025-03-26,JNJ,True,9.653105414,-0.02263569458,-0.002339427474
2025-03-26,JPM,True,8.921228405,3.140373592e-05,3.520125822e-06
2025-03-26,MSFT,True,8.099641674,-0.01714438048,-0.002112212933
2025-03-26,PG,True,6.400700805,-0.009209702287,-0.001436791087
2025-03-26,TSLA,True,1.614074146,-0.00214932967,-0.001329846833
2025-03-26,VNQ,False,,,
2025-03-26,WMT,True,1.82223971,0.001242449121,0.0006822904942
2025-03-27,AAPL,True,6.303412306,0.00707289352,0.001123334219
2025-03-27,AMZN,True,2.487172173,0.0005141213933,0.0002067519469
2025-03-27,BAC,True,3.341701781,-0.0003960787308,-0.0001185120087
2025-03-27,BND,False,,,
2025-03-27,GLD,False,,,
2025-03-27,GOOGL,True,5.745765976,-0.004286020958,-0.0007453882087
2025-03-27,JNJ,True,9.651152817,-0.001952596648,-0.000202276528
2025-03-27,JPM,True,8.909259757,-0.01196864781,-0.001341591905
2025-03-27,MSFT,True,8.086975532,-0.01266614179,-0.001563790387
2025-03-27,PG,True,6.387225186,-0.01347561968,-0.00210533504
2025-03-27,TSLA,True,1.614914266,0.0008401207824,0.0005204970197
2025-03-27,VNQ,False,,,
2025-03-27,WMT,True,1.820815449,-0.001424260805,-0.0007815990384
2025-03-28,AAPL,True,6.303648918,0.0002366110481,3.753697785e-05
2025-03-28,AMZN,True,2.491815152,0.00464297923,0.001866770335
2025-03-28,BAC,True,3.342339207,0.0006374259144,0.0001907488927
2025-03-28,BND,False,,,
2025-03-28,GLD,False,,,
2025-03-28,GOOGL,True,5.736787398,-0.008978578844,-0.001562642628
2025-03-28,JNJ,True,9.646832632,-0.004320185342,-0.0004476341245
2025-03-28,JPM,True,8.924575638,0.01531588114,0.001719096934
2025-03-28,MSFT,True,8.098080257,0.01110472457,0.001373161638
2025-03-28,PG,True,6.388383045,0.001157859334,0.0001812773623
2025-03-28,TSLA,True,1.611112293,-0.003801973641,-0.002354288225
2025-03-28,VNQ,False,,,
2025-03-28,WMT,True,1.822433334,0.001617884747,0.0008885495492
2025-03-31,AAPL,True,6.294182502,-0.009466415672,-0.001501735867
2025-03-31,AMZN,True,2.494245734,0.002430581718,0.000975426173
2025-03-31,BAC,True,3.336741685,-0.005597522036,-0.001674731884
2025-03-31,BND,False,,,
2025-03-31,GLD,False,,,
2025-03-31,GOOGL,True,5.73565238,-0.001135017146,-0.0001978489122
2025-03-31,JNJ,True,9.653044239,0.006211607189,0.0006439012085
2025-03-31,JPM,True,8.920806936,-0.003768701768,-0.000422283582
2025-03-31,MSFT,True,8.073348747,-0.02473150977,-0.003053996624
2025-03-31,PG,True,6.396036403,0.00765335798,0.001198011755
2025-03-31,TSLA,True,1.606515927,-0.004596366168,-0.00285291484
2025-03-31,VNQ,False,,,
2025-03-31,WMT,True,1.820859319,-0.001574015197,-0.0008636887658
2025-04-01,AAPL,True,6.309961766,0.01577926372,0.002506959993
2025-04-01,AMZN,True,2.493064287,-0.001181446411,-0.000473668811
2025-04-01,BAC,True,3.327643165,-0.009098520089,-0.002726767891
2025-04-01,BND,False,,,
2025-04-01,GLD,False,,,
2025-04-01,GOOGL,True,5.739672698,0.004020317801,0.0007009347036
2025-04-01,JNJ,True,9.649749375,-0.003294863802,-0.000341328986
2025-04-01,JPM,True,8.906128835,-0.01467810101,-0.001645378172
2025-04-01,MSFT,True,8.050653893,-0.02269485383,-0.002811083051
2025-04-01,PG,True,6.397330715,0.00129431193,0.000202361564
2025-04-01,TSLA,True,1.60848601,0.001970082839,0.001226307692
2025-04-01,VNQ,False,,,
2025-04-01,WMT,True,1.822086768,0.00122744865,0.0006741040549
2025-04-02,AAPL,True,6.313759777,0.003798011763,0.0006019072546
2025-04-02,AMZN,True,2.490398043,-0.002666244105,-0.001069464642
2025-04-02,BAC,True,3.320113536,-0.007529629434,-0.002262751461
2025-04-02,BND,False,,,
2025-04-02,GLD,False,,,
2025-04-02,GOOGL,True,5.762712195,0.02303949683,0.004014078509
2025-04-02,JNJ,True,9.642062815,-0.007686559464,-0.0007965553472
2025-04-02,JPM,True,8.884835811,-0.0212930247,-0.002390828281
2025-04-02,MSFT,True,8.080684864,0.030030971,0.003730252399
2025-04-02,PG,True,6.402090207,0.004759491664,0.0007439808689
2025-04-02,TSLA,True,1.610696902,0.002210892546,0.001374517734
2025-04-02,VNQ,False,,,
2025-04-02,WMT,True,1.821147445,-0.0009393224699,-0.0005155201644
2025-04-03,AAPL,True,6.320623022,0.006863245084,0.001087029809
2025-04-03,AMZN,True,2.491127146,0.0007291030516,0.00029276567
2025-04-03,BAC,True,3.31894496,-0.001168575664,-0.0003519685853
2025-04-03,BND,False,,,
2025-04-03,GLD,False,,,
2025-04-03,GOOGL,True,5.757093115,-0.005619079964,-0.0009750755849
2025-04-03,JNJ,True,9.63479656,-0.007266255544,-0.0007535996895
2025-04-03,JPM,True,8.897647343,0.01281153259,0.001441954907
2025-04-03,MSFT,True,8.081031351,0.0003464868122,4.287839682e-05
2025-04-03,PG,True,6.405532711,0.00344250445,0.0005377157051
2025-04-03,TSLA,True,1.604526171,-0.006170731227,-0.003831093994
2025-04-03,VNQ,False,,,
2025-04-03,WMT,True,1.820420121,-0.0007273245279,-0.0003993770685
2025-04-04,AAPL,True,6.337364527,0.0167415041,0.002648711059
2025-04-04,AMZN,True,2.495642095,0.004514948863,0.001812412052
2025-04-04,BAC,True,3.327103734,0.008158774382,0.002458243351
2025-04-04,BND,False,,,
2025-04-04,GLD,False,,,
2025-04-04,GOOGL,True,5.752188354,-0.004904761469,-0.0008519510404
2025-04-04,JNJ,True,9.630788233,-0.00400832689,-0.0004160261055
2025-04-04,JPM,True,8.885637922,-0.01200942156,-0.001349730001
2025-04-04,MSFT,True,8.096457627,0.01542627635,0.001908948954
2025-04-04,PG,True,6.404511752,-0.001020959262,-0.0001593870968
2025-04-04,TSLA,True,1.607291852,0.002765680975,0.001723674581
2025-04-04,VNQ,False,,,
2025-04-04,WMT,True,1.819271073,-0.001149047513,-0.0006311990841
2025-04-07,AAPL,True,6.37262879,0.03526426351,0.00556449978
2025-04-07,AMZN,True,2.499123981,0.003481885946,0.001395186414
2025-04-07,BAC,True,3.319409304,-0.007694430364,-0.002312651176
2025-04-07,BND,False,,,
2025-04-07,GLD,False,,,
2025-04-07,GOOGL,True,5.7480477,-0.004140653973,-0.0007198397755
2025-04-07,JNJ,True,9.627797722,-0.002990510587,-0.0003105156624
2025-04-07,JPM,True,8.922272713,0.0366347917,0.004122921958
2025-04-07,MSFT,True,8.105075789,0.008618161232,0.001064436032
2025-04-07,PG,True,6.40008024,-0.004431511565,-0.0006919358941
2025-04-07,TSLA,True,1.603253044,-0.00403880738,-0.002512802747
2025-04-07,VNQ,False,,,
2025-04-07,WMT,True,1.820712949,0.001441875528,0.0007925567274
2025-04-08,AAPL,True,6.38139131,0.008762519968,0.001375024383
2025-04-08,AMZN,True,2.505522649,0.006398668043,0.002560364388
2025-04-08,BAC,True,3.32918667,0.009777366,0.002945513826
2025-04-08,BND,False,,,
2025-04-08,GLD,False,,,
2025-04-08,GOOGL,True,5.734548169,-0.01349953051,-0.002348541837
2025-04-08,JNJ,True,9.626303138,-0.001494584535,-0.0001552363872
2025-04-08,JPM,True,8.919855385,-0.002417328704,-0.0002709319454
2025-04-08,MSFT,True,8.113649607,0.008573818341,0.00105783321
2025-04-08,PG,True,6.408981455,0.008901214727,0.001390797364
2025-04-08,TSLA,True,1.598624264,-0.004628780728,-0.002887118003
2025-04-08,VNQ,False,,,
2025-04-08,WMT,True,1.823479202,0.002766253074,0.001519324107
2025-04-09,AAPL,True,6.4135149,0.03212359009,0.005033947697
2025-04-09,AMZN,True,2.50431315,-0.001209499257,-0.0004827333163
2025-04-09,BAC,True,3.332784966,0.003598296328,0.001080833454
2025-04-09,BND,False,,,
2025-04-09,GLD,False,,,
2025-04-09,GOOGL,True,5.759312547,0.02476437781,0.004318453185
2025-04-09,JNJ,True,9.630949384,0.004646246414,0.0004826615522
2025-04-09,JPM,True,8.937432452,0.01757706719,0.001970555175
2025-04-09,MSFT,True,8.132391247,0.01874164045,0.00230989029
2025-04-09,PG,True,6.405831984,-0.003149470791,-0.0004914151824
2025-04-09,TSLA,True,1.598515365,-0.0001088983394,-6.81200341e-05
2025-04-09,VNQ,False,,,
2025-04-09,WMT,True,1.823957688,0.0004784867591,0.0002624031898
2025-04-10,AAPL,True,6.415573122,0.00205822199,0.0003209194993
2025-04-10,AMZN,True,2.508998575,0.004685425517,0.001870942345
2025-04-10,BAC,True,3.347035557,0.01425059037,0.004275880536
2025-04-10,BND,False,,,
2025-04-10,GLD,False,,,
2025-04-10,GOOGL,True,5.786090018,0.02677747073,0.004649421353
2025-04-10,JNJ,True,9.641235049,0.01028566425,0.001067980304
2025-04-10,JPM,True,8.93773169,0.0002992382748,3.348145862e-05
2025-04-10,MSFT,True,8.144542489,0.01215124152,0.001494178176
2025-04-10,PG,True,6.403831043,-0.002000941333,-0.0003123624438
2025-04-10,TSLA,True,1.595230398,-0.003284967261,-0.002055011377
2025-04-10,VNQ,False,,,
2025-04-10,WMT,True,1.826026462,0.002068773749,0.001134222445
2025-04-11,AAPL,True,6.423467996,0.007894873892,0.001230579676
2025-04-11,AMZN,True,2.510437281,0.001438705348,0.0005734181606
2025-04-11,BAC,True,3.357613141,0.0105775838,0.003160284263
2025-04-11,BND,False,,,
2025-04-11,GLD,False,,,
2025-04-11,GOOGL,True,5.791550876,0.005460857917,0.0009437906946
2025-04-11,JNJ,True,9.641018719,-0.000216329416,-2.24379361e-05
2025-04-11,JPM,True,8.925540175,-0.0121915155,-0.00136405029
2025-04-11,MSFT,True,8.171006264,0.0264637753,0.003249264809
2025-04-11,PG,True,6.391781129,-0.01204991397,-0.001881672687
2025-04-11,TSLA,True,1.597340538,0.002110139994,0.001322780707
2025-04-11,VNQ,False,,,
2025-04-11,WMT,True,1.829116826,0.003090363645,0.001692398062
2025-04-14,AAPL,True,6.433764056,0.01029605992,0.001602881796
2025-04-14,AMZN,True,2.511232748,0.0007954675757,0.0003168641502
2025-04-14,BAC,True,3.350769355,-0.006843785185,-0.002038288778
2025-04-14,BND,False,,,
2025-04-14,GLD,False,,,
2025-04-14,GOOGL,True,5.780133232,-0.01141764376,-0.001971431142
2025-04-14,JNJ,True,9.65099362,0.009974901135,0.001034631446
2025-04-14,JPM,True,8.911664745,-0.01387542924,-0.001554575854
2025-04-14,MSFT,True,8.165623864,-0.005382400494,-0.0006587194183
2025-04-14,PG,True,6.397914418,0.006133289396,0.0009595587321
2025-04-14,TSLA,True,1.59875294,0.00141240145,0.0008842206254
2025-04-14,VNQ,False,,,
2025-04-14,WMT,True,1.831463282,0.002346456607,0.001282835833
2025-04-15,AAPL,True,6.446202301,0.01243824507,0.001933276533
2025-04-15,AMZN,True,2.505837517,-0.005395231071,-0.002148439278
2025-04-15,BAC,True,3.349582939,-0.001186416223,-0.0003540727806
2025-04-15,BND,False,,,
2025-04-15,GLD,False,,,
2025-04-15,GOOGL,True,5.775066607,-0.005066624384,-0.000876558408
2025-04-15,JNJ,True,9.648494776,-0.002498844596,-0.0002589209665
2025-04-15,JPM,True,8.903114904,-0.008549841199,-0.0009593988826
2025-04-15,MSFT,True,8.157562284,-0.008061579771,-0.00098725828
2025-04-15,PG,True,6.403445184,0.005530765496,0.0008644638134
2025-04-15,TSLA,True,1.60199921,0.003246270235,0.002030501496
2025-04-15,VNQ,False,,,
2025-04-15,WMT,True,1.834133326,0.002670043921,0.001457874666
2025-04-16,AAPL,True,6.447766847,0.001564546252,0.0002427082146
2025-04-16,AMZN,True,2.51228362,0.006446102906,0.00257243451
2025-04-16,BAC,True,3.359642348,0.01005940866,0.003003182439
2025-04-16,BND,False,,,
2025-04-16,GLD,False,,,
2025-04-16,GOOGL,True,5.775840127,0.0007735200049,0.0001339413132
2025-04-16,JNJ,True,9.656510266,0.008015490697,0.0008307503795
2025-04-16,JPM,True,8.910333455,0.007218551173,0.000810789398
2025-04-16,MSFT,True,8.172311806,0.0147495226,0.001808079679
2025-04-16,PG,True,6.406909737,0.003464553654,0.0005410452584
2025-04-16,TSLA,True,1.604089184,0.002089974391,0.001304603884
2025-04-16,VNQ,False,,,
2025-04-16,WMT,True,1.835462419,0.001329092986,0.0007246436052
2025-04-17,AAPL,True,6.438588135,-0.009178712634,-0.001423549091
2025-04-17,AMZN,True,2.513866247,0.00158262673,0.0006299554386
2025-04-17,BAC,True,3.368969127,0.009326779606,0.002776122766
2025-04-17,BND,False,,,
2025-04-17,GLD,False,,,
2025-04-17,GOOGL,True,5.774947991,-0.0008921363134,-0.0001544600082
2025-04-17,JNJ,True,9.664196582,0.007686315271,0.0007959723605
2025-04-17,JPM,True,8.908999618,-0.001333837165,-0.0001496955385
2025-04-17,MSFT,True,8.183339651,0.0110278443,0.00134941551
2025-04-17,PG,True,6.413288306,0.006378569037,0.0009955765414
2025-04-17,TSLA,True,1.606019784,0.001930600193,0.001203549162
2025-04-17,VNQ,False,,,
2025-04-17,WMT,True,1.83667275,0.00121033113,0.0006594148252
2025-04-21,AAPL,True,6.439173678,0.0005855435308,9.094284625e-05
2025-04-21,AMZN,True,2.505978738,-0.007887509101,-0.003137600941
2025-04-21,BAC,True,3.364963975,-0.004005152531,-0.001188836222
2025-04-21,BND,False,,,
2025-04-21,GLD,False,,,
2025-04-21,GOOGL,True,5.788503852,0.01355586075,0.002347356335
2025-04-21,JNJ,True,9.64484541,-0.01935117189,-0.002002357023
2025-04-21,JPM,True,8.922104641,0.01310502322,0.001470987068
2025-04-21,MSFT,True,8.21028706,0.02694740918,0.003292959883
2025-04-21,PG,True,6.420733903,0.007445596112,0.001160963886
2025-04-21,TSLA,True,1.61284978,0.006829995284,0.004252746667
2025-04-21,VNQ,False,,,
2025-04-21,WMT,True,1.842344863,0.005672113074,0.003088254602
2025-04-22,AAPL,True,6.456945362,0.01777168418,0.002759932417
2025-04-22,AMZN,True,2.511675846,0.005697108064,0.002273406385
2025-04-22,BAC,True,3.363687178,-0.001276797248,-0.0003794386083
2025-04-22,BND,False,,,
2025-04-22,GLD,False,,,
2025-04-22,GOOGL,True,5.795417327,0.006913474813,0.001194345722
2025-04-22,JNJ,True,9.631111994,-0.01373341584,-0.001423912489
2025-04-22,JPM,True,8.936314715,0.01421007323,0.00159268175
2025-04-22,MSFT,True,8.251380295,0.04109323471,0.005005091102
2025-04-22,PG,True,6.431200346,0.01046644316,0.001630100751
2025-04-22,TSLA,True,1.618326939,0.005477159144,0.003395951199
2025-04-22,VNQ,False,,,
2025-04-22,WMT,True,1.84230467,-4.01938356e-05,-2.181667309e-05
2025-04-23,AAPL,True,6.473918149,0.01697278641,0.002628609266
2025-04-23,AMZN,True,2.511859498,0.0001836523729,7.311945655e-05
2025-04-23,BAC,True,3.36067939,-0.003007787183,-0.0008941934919
2025-04-23,BND,False,,,
2025-04-23,GLD,False,,,
2025-04-23,GOOGL,True,5.805482942,0.01006561559,0.001736823256
2025-04-23,JNJ,True,9.635359703,0.00424770937,0.0004410403879
2025-04-23,JPM,True,8.964974982,0.02866026707,0.003207168501
2025-04-23,MSFT,True,8.25037586,-0.001004434976,-0.0001217293277
2025-04-23,PG,True,6.446243468,0.01504312267,0.002339084753
2025-04-23,TSLA,True,1.619137101,0.0008101617754,0.0005006168753
2025-04-23,VNQ,False,,,
2025-04-23,WMT,True,1.848499245,0.006194575268,0.003362405453
2025-04-24,AAPL,True,6.485589822,0.01167167317,0.001802876234
2025-04-24,AMZN,True,2.510606195,-0.001253302932,-0.0004989542343
2025-04-24,BAC,True,3.360193579,-0.0004858116859,-0.0001445575818
2025-04-24,BND,False,,,
2025-04-24,GLD,False,,,
2025-04-24,GOOGL,True,5.816823305,0.01134036224,0.001953388263
2025-04-24,JNJ,True,9.652276115,0.01691641144,0.001755659566
2025-04-24,JPM,True,8.978140028,0.01316504595,0.00146849779
2025-04-24,MSFT,True,8.292881643,0.04250578334,0.005151981445
2025-04-24,PG,True,6.454651444,0.00840797582,0.00130432179
2025-04-24,TSLA,True,1.626581165,0.007444064361,0.004597550361
2025-04-24,VNQ,False,,,
2025-04-24,WMT,True,1.84909839,0.000599145184,0.0003241251981
2025-04-25,AAPL,True,6.494036704,0.008446881712,0.001302407637
2025-04-25,AMZN,True,2.508960187,-0.001646008542,-0.000655621955
2025-04-25,BAC,True,3.361202368,0.001008788939,0.000300217507
2025-04-25,BND,False,,,
2025-04-25,GLD,False,,,
2025-04-25,GOOGL,True,5.811073382,-0.005749922711,-0.000988498775
2025-04-25,JNJ,True,9.669285266,0.01700915145,0.001762190726
2025-04-25,JPM,True,8.998067842,0.01992781459,0.002219592758
2025-04-25,MSFT,True,8.300169401,0.007287758466,0.0008787968742
2025-04-25,PG,True,6.45075271,-0.003898733695,-0.0006040192455
2025-04-25,TSLA,True,1.626095451,-0.0004857144014,-0.0002986106146
2025-04-25,VNQ,False,,,
2025-04-25,WMT,True,1.851203808,0.002105417615,0.001138618489
2025-04-28,AAPL,True,6.4920797,-0.001957003702,-0.0003013539639
2025-04-28,AMZN,True,2.508700121,-0.0002600654785,-0.0001036546853
2025-04-28,BAC,True,3.35625292,-0.004949448103,-0.001472523092
2025-04-28,BND,False,,,
2025-04-28,GLD,False,,,
2025-04-28,GOOGL,True,5.813760648,0.002687266028,0.0004624388391
2025-04-28,JNJ,True,9.674491809,0.005206543235,0.0005384620571
2025-04-28,JPM,True,9.002543654,0.00447581199,0.0004974192314
2025-04-28,MSFT,True,8.338195623,0.0380262211,0.004581378917
2025-04-28,PG,True,6.449672905,-0.00107980535,-0.0001673921477
2025-04-28,TSLA,True,1.625435869,-0.0006595812909,-0.0004056227392
2025-04-28,VNQ,False,,,
2025-04-28,WMT,True,1.854627722,0.003423914026,0.001849560816
2025-04-29,AAPL,True,6.491616627,-0.0004630725837,-7.132885071e-05
2025-04-29,AMZN,True,2.50109135,-0.007608771157,-0.003032953637
2025-04-29,BAC,True,3.359931378,0.003678458635,0.001096001619
2025-04-29,BND,False,,,
2025-04-29,GLD,False,,,
2025-04-29,GOOGL,True,5.822506412,0.008745763777,0.001504321266
2025-04-29,JNJ,True,9.675234791,0.000742981976,7.679803659e-05
2025-04-29,JPM,True,9.001413658,-0.001129996195,-0.0001255196574
2025-04-29,MSFT,True,8.346706377,0.008510753913,0.00102069492
2025-04-29,PG,True,6.44909697,-0.0005759350485,-8.929678404e-05
2025-04-29,TSLA,True,1.624500028,-0.0009358409247,-0.0005757476763
2025-04-29,VNQ,False,,,
2025-04-29,WMT,True,1.854816259,0.0001885369039,0.0001016575465
2025-04-30,AAPL,True,6.486447237,-0.005169390178,-0.0007963178473
2025-04-30,AMZN,True,2.497631631,-0.003459719258,-0.001383283844
2025-04-30,BAC,True,3.359124601,-0.0008067775322,-0.0002401172647
2025-04-30,BND,False,,,
2025-04-30,GLD,False,,,
2025-04-30,GOOGL,True,5.825666045,0.003159633338,0.0005426586274
2025-04-30,JNJ,True,9.66914829,-0.006086501023,-0.0006290804465
2025-04-30,JPM,True,9.015729561,0.01431590286,0.001590406063
2025-04-30,MSFT,True,8.362449947,0.01574357093,0.001886201601
2025-04-30,PG,True,6.439107141,-0.009989829322,-0.001549027619
2025-04-30,TSLA,True,1.62837086,0.003870831745,0.002382783428
2025-04-30,VNQ,False,,,
2025-04-30,WMT,True,1.856258758,0.001442499054,0.0007777045556
2025-05-01,AAPL,True,6.505350019,0.01890278201,0.002914196527
2025-05-01,AMZN,True,2.494326582,-0.003305048867,-0.001323273146
2025-05-01,BAC,True,3.361887524,0.002762923604,0.0008225129854
2025-05-01,BND,False,,,
2025-05-01,GLD,False,,,
2025-05-01,GOOGL,True,5.83094543,0.005279384686,0.0009062285145
2025-05-01,JNJ,True,9.674183339,0.005035048489,0.0005207334025
2025-05-01,JPM,True,9.021078727,0.005349166141,0.0005933148399
2025-05-01,MSFT,True,8.359692959,-0.002756988087,-0.0003296866474
2025-05-01,PG,True,6.440728894,0.001621753058,0.0002518599276
2025-05-01,TSLA,True,1.627073509,-0.001297350927,-0.0007967171108
2025-05-01,VNQ,False,,,
2025-05-01,WMT,True,1.857031684,0.0007729259302,0.000416389109
2025-05-02,AAPL,True,6.532132209,0.02678219015,0.004116948369
2025-05-02,AMZN,True,2.491984569,-0.002342012969,-0.000938935978
2025-05-02,BAC,True,3.357805105,-0.004082419241,-0.001214323564
2025-05-02,BND,False,,,
2025-05-02,GLD,False,,,
2025-05-02,GOOGL,True,5.816667164,-0.01427826599,-0.00244870513
2025-05-02,JNJ,True,9.666017982,-0.008165356851,-0.000844035777
2025-05-02,JPM,True,9.027189027,0.00611030041,0.0006773358924
2025-05-02,MSFT,True,8.370039575,0.01034661516,0.001237678849
2025-05-02,PG,True,6.453217374,0.0124884806,0.001938985603
2025-05-02,TSLA,True,1.624801432,-0.002272076908,-0.001396419335
2025-05-02,VNQ,False,,,
2025-05-02,WMT,True,1.858187581,0.001155897375,0.0006224435399
2025-05-05,AAPL,True,6.546454901,0.01432269176,0.002192651849
2025-05-05,AMZN,True,2.496177949,0.004193379852,0.001682747118
2025-05-05,BAC,True,3.360421538,0.002616432941,0.0007792092928
2025-05-05,BND,False,,,
2025-05-05,GLD,False,,,
2025-05-05,GOOGL,True,5.815568814,-0.00109834971,-0.0001888280143
2025-05-05,JNJ,True,9.682079662,0.01606168038,0.001661664649
2025-05-05,JPM,True,9.031308413,0.004119386084,0.0004563309876
2025-05-05,MSFT,True,8.363100417,-0.006939157922,-0.0008290472059
2025-05-05,PG,True,6.461097499,0.007880124391,0.001221115598
2025-05-05,TSLA,True,1.629361952,0.004560519748,0.002806816672
2025-05-05,VNQ,False,,,
2025-05-05,WMT,True,1.856384805,-0.001802775828,-0.0009701796775
2025-05-06,AAPL,True,6.541027542,-0.005427358817,-0.0008290531133
2025-05-06,AMZN,True,2.496720411,0.000542462503,0.0002173172402
2025-05-06,BAC,True,3.356149664,-0.004271873903,-0.001271231557
2025-05-06,BND,False,,,
2025-05-06,GLD,False,,,
2025-05-06,GOOGL,True,5.809674124,-0.005894690366,-0.001013605127
2025-05-06,JNJ,True,9.686828224,0.004748561207,0.0004904484752
2025-05-06,JPM,True,9.045605856,0.0142974426,0.001583097591
2025-05-06,MSFT,True,8.353811539,-0.00928887803,-0.001110697895
2025-05-06,PG,True,6.462832846,0.001735346908,0.0002685839223
2025-05-06,TSLA,True,1.628591438,-0.0007705140807,-0.0004728931345
2025-05-06,VNQ,False,,,
2025-05-06,WMT,True,1.858304544,0.001919738963,0.001034127708
2025-05-07,AAPL,True,6.552987013,0.01195947091,0.001828378008
2025-05-07,AMZN,True,2.503175269,0.006454857426,0.002585334504
2025-05-07,BAC,True,3.355537065,-0.0006125993265,-0.0001825303958
2025-05-07,BND,False,,,
2025-05-07,GLD,False,,,
2025-05-07,GOOGL,True,5.807214778,-0.002459345422,-0.0004233189969
2025-05-07,JNJ,True,9.690774398,0.00394617446,0.0004073752903
2025-05-07,JPM,True,9.04646584,0.0008599835835,9.507197165e-05
2025-05-07,MSFT,True,8.367722425,0.01391088619,0.001665214271
2025-05-07,PG,True,6.468779187,0.005946340883,0.0009200827292
2025-05-07,TSLA,True,1.628128731,-0.0004627072291,-0.0002841149833
2025-05-07,VNQ,False,,,
2025-05-07,WMT,True,1.859366584,0.001062040239,0.0005715103277
2025-05-08,AAPL,True,6.54621275,-0.006774262795,-0.001033767163
2025-05-08,AMZN,True,2.507569982,0.004394712883,0.001755655282
2025-05-08,BAC,True,3.362135427,0.006598361718,0.001966410023
2025-05-08,BND,False,,,
2025-05-08,GLD,False,,,
2025-05-08,GOOGL,True,5.809325633,0.002110854855,0.0003634883392
2025-05-08,JNJ,True,9.703463618,0.01268922012,0.001309412395
2025-05-08,JPM,True,9.072824221,0.02635838147,0.002913666169
2025-05-08,MSFT,True,8.369499411,0.001776986568,0.0002123620357
2025-05-08,PG,True,6.470927137,0.002147950105,0.0003320487596
2025-05-08,TSLA,True,1.631661976,0.003533245018,0.002170126324
2025-05-08,VNQ,False,,,
2025-05-08,WMT,True,1.857713956,-0.001652628759,-0.0008888127673
2025-05-09,AAPL,True,6.544948172,-0.001264578318,-0.0001931770883
2025-05-09,AMZN,True,2.513173473,0.005603491361,0.002234630101
2025-05-09,BAC,True,3.368878772,0.006743345809,0.002005673464
2025-05-09,BND,False,,,
2025-05-09,GLD,False,,,
2025-05-09,GOOGL,True,5.795888401,-0.01343723205,-0.002313045076
2025-05-09,JNJ,True,9.70197842,-0.001485198075,-0.0001530585504
2025-05-09,JPM,True,9.089202333,0.01637811162,0.001805183394
2025-05-09,MSFT,True,8.375347521,0.005848109275,0.000698740628
2025-05-09,PG,True,6.459314134,-0.01161300286,-0.00179464281
2025-05-09,TSLA,True,1.632860877,0.001198901703,0.00073477333
2025-05-09,VNQ,False,,,
2025-05-09,WMT,True,1.856711343,-0.001002612869,-0.0005397025013
2025-05-12,AAPL,True,6.535902617,-0.009045555102,-0.001382066728
2025-05-12,AMZN,True,2.520698032,0.007524559138,0.002994046857
2025-05-12,BAC,True,3.374270716,0.005391943159,0.001600515638
2025-05-12,BND,False,,,
2025-05-12,GLD,False,,,
2025-05-12,GOOGL,True,5.784252152,-0.01163624896,-0.002007673053
2025-05-12,JNJ,True,9.704993659,0.00301523852,0.0003107859438
2025-05-12,JPM,True,9.089856911,0.0006545781084,7.201711266e-05
2025-05-12,MSFT,True,8.371111265,-0.004236255461,-0.0005058005594
2025-05-12,PG,True,6.462440513,0.003126378722,0.0004840109425
2025-05-12,TSLA,True,1.633975939,0.001115061371,0.0006828881669
2025-05-12,VNQ,False,,,
2025-05-12,WMT,True,1.85492396,-0.00178738316,-0.0009626607639
2025-05-13,AAPL,True,6.541311694,0.00540907663,0.0008275944345
2025-05-13,AMZN,True,2.526795157,0.006097124943,0.002418824018
2025-05-13,BAC,True,3.378156472,0.003885756711,0.001151584161
2025-05-13,BND,False,,,
2025-05-13,GLD,False,,,
2025-05-13,GOOGL,True,5.818324604,0.03407245175,0.005890554363
2025-05-13,JNJ,True,9.7044671,-0.0005265586096,-5.425646097e-05
2025-05-13,JPM,True,9.082184169,-0.007672741373,-0.000844099247
2025-05-13,MSFT,True,8.348563053,-0.02254821235,-0.002693574561
2025-05-13,PG,True,6.470615468,0.008174955278,0.001264995053
2025-05-13,TSLA,True,1.634330655,0.0003547161782,0.0002170877611
2025-05-13,VNQ,False,,,
2025-05-13,WMT,True,1.85703469,0.002110730691,0.001137906856
2025-05-14,AAPL,True,6.522616491,-0.01869520249,-0.002858020435
2025-05-14,AMZN,True,2.530302543,0.003507385751,0.001388076806
2025-05-14,BAC,True,3.37585615,-0.002300322334,-0.0006809401378
2025-05-14,BND,False,,,
2025-05-14,GLD,False,,,
2025-05-14,GOOGL,True,5.830474675,0.01215007127,0.002088242252
2025-05-14,JNJ,True,9.716611432,0.01214433242,0.001251416724
2025-05-14,JPM,True,9.101763075,0.01957890569,0.002155748587
2025-05-14,MSFT,True,8.358498778,0.009935725208,0.001190112016
2025-05-14,PG,True,6.469842608,-0.0007728594746,-0.0001194414161
2025-05-14,TSLA,True,1.628306665,-0.006023989906,-0.003685906452
2025-05-14,VNQ,False,,,
2025-05-14,WMT,True,1.858817337,0.001782646956,0.000959942733
2025-05-15,AAPL,True,6.507539998,-0.01507649342,-0.002311418039
2025-05-15,AMZN,True,2.530675897,0.0003733537593,0.0001475530112
2025-05-15,BAC,True,3.377977504,0.002121354085,0.0006283899522
2025-05-15,BND,False,,,
2025-05-15,GLD,False,,,
2025-05-15,GOOGL,True,5.844805709,0.01433103365,0.002457953159
2025-05-15,JNJ,True,9.705562092,-0.01104934019,-0.001137159829
2025-05-15,JPM,True,9.094296013,-0.007467062521,-0.0008203973735
2025-05-15,MSFT,True,8.332096081,-0.02640269701,-0.003158784575
2025-05-15,PG,True,6.452991099,-0.01685150902,-0.002604624261
2025-05-15,TSLA,True,1.632015579,0.003708914061,0.002277773678
2025-05-15,VNQ,False,,,
2025-05-15,WMT,True,1.861401944,0.002584607023,0.001390457777
2025-05-16,AAPL,True,6.512019271,0.004479273655,0.0006883205722
2025-05-16,AMZN,True,2.533802361,0.003126464671,0.001235426739
2025-05-16,BAC,True,3.377415911,-0.0005615933372,-0.000166251355
2025-05-16,BND,False,,,
2025-05-16,GLD,False,,,
2025-05-16,GOOGL,True,5.857771063,0.01296535475,0.002218269588
2025-05-16,JNJ,True,9.705267173,-0.000294919593,-3.038665769e-05
2025-05-16,JPM,True,9.100443797,0.006147783923,0.0006760043784
2025-05-16,MSFT,True,8.322975064,-0.00912101671,-0.001094684533
2025-05-16,PG,True,6.44884699,-0.004144109633,-0.0006421998061
2025-05-16,TSLA,True,1.636014842,0.003999262881,0.002450505334
2025-05-16,VNQ,False,,,
2025-05-16,WMT,True,1.860817653,-0.0005842909349,-0.0003138983156
2025-05-19,AAPL,True,6.513961011,0.001941739876,0.0002981778454
2025-05-19,AMZN,True,2.538705833,0.004903471608,0.001935222606
2025-05-19,BAC,True,3.377743079,0.0003271680463,9.686933886e-05
2025-05-19,BND,False,,,
2025-05-19,GLD,False,,,
2025-05-19,GOOGL,True,5.845197196,-0.01257386746,-0.002146527634
2025-05-19,JNJ,True,9.713599971,0.008332798012,0.0008585851233
2025-05-19,JPM,True,9.078170406,-0.02227339027,-0.002447505942
2025-05-19,MSFT,True,8.348801055,0.02582599059,0.003102975846
2025-05-19,PG,True,6.430586153,-0.01826083704,-0.002831643714
2025-05-19,TSLA,True,1.638673685,0.002658843314,0.001625195106
2025-05-19,VNQ,False,,,
2025-05-19,WMT,True,1.859064724,-0.00175292915,-0.0009420209157
2025-05-20,AAPL,True,6.529795866,0.01583485451,0.002430910238
2025-05-20,AMZN,True,2.542961464,0.00425563079,0.001676299292
2025-05-20,BAC,True,3.379613909,0.001870830518,0.0005538699878
2025-05-20,BND,False,,,
2025-05-20,GLD,False,,,
2025-05-20,GOOGL,True,5.841173192,-0.004024003557,-0.0006884290507
2025-05-20,JNJ,True,9.715073451,0.001473480036,0.0001516924766
2025-05-20,JPM,True,9.071220123,-0.006950283114,-0.0007656039492
2025-05-20,MSFT,True,8.340657791,-0.008143264328,-0.0009753812883
2025-05-20,PG,True,6.432601793,0.002015640326,0.0003134458163
2025-05-20,TSLA,True,1.635264274,-0.003409411171,-0.002080591884
2025-05-20,VNQ,False,,,
2025-05-20,WMT,True,1.856689192,-0.002375532015,-0.00127781028
2025-05-21,AAPL,True,6.549828501,0.02003263535,0.003067880798
2025-05-21,AMZN,True,2.545679814,0.002718350529,0.001068970398
2025-05-21,BAC,True,3.382232779,0.002618869735,0.0007749020466
2025-05-21,BND,False,,,
2025-05-21,GLD,False,,,
2025-05-21,GOOGL,True,5.839322319,-0.001850873676,-0.0003168667689
2025-05-21,JNJ,True,9.726754201,0.01168074999,0.001202332649
2025-05-21,JPM,True,9.078052443,0.006832319507,0.0007531863866
2025-05-21,MSFT,True,8.325081886,-0.01557590487,-0.001867467202
2025-05-21,PG,True,6.412934134,-0.01966765913,-0.003057496759
2025-05-21,TSLA,True,1.633642014,-0.001622260433,-0.000992047866
2025-05-21,VNQ,False,,,
2025-05-21,WMT,True,1.850820194,-0.005868997848,-0.003161001784
2025-05-22,AAPL,True,6.559421809,0.009593308271,0.001464665566
2025-05-22,AMZN,True,2.552868082,0.007188267389,0.002823712294
2025-05-22,BAC,True,3.382221324,-1.145521482e-05,-3.386879487e-06
2025-05-22,BND,False,,,
2025-05-22,GLD,False,,,
2025-05-22,GOOGL,True,5.85421875,0.01489643127,0.002551054807
2025-05-22,JNJ,True,9.74091365,0.01415944906,0.001455721895
2025-05-22,JPM,True,9.091053587,0.01300114486,0.001432151328
2025-05-22,MSFT,True,8.298230398,-0.02685148724,-0.003225372147
2025-05-22,PG,True,6.425035041,0.01210090763,0.001886953363
2025-05-22,TSLA,True,1.635460314,0.001818300066,0.001113034588
2025-05-22,VNQ,False,,,
2025-05-22,WMT,True,1.848510596,-0.002309597819,-0.001247878009
2025-05-23,AAPL,True,6.548817701,-0.01060410862,-0.00161662246
2025-05-23,AMZN,True,2.555100352,0.00223227025,0.0008744166086
2025-05-23,BAC,True,3.378276358,-0.003944966107,-0.001166383193
2025-05-23,BND,False,,,
2025-05-23,GLD,False,,,
2025-05-23,GOOGL,True,5.859664411,0.005445661317,0.0009302114508
2025-05-23,JNJ,True,9.774907214,0.03399356457,0.003489771678
2025-05-23,JPM,True,9.100691359,0.009637771964,0.001060138066
2025-05-23,MSFT,True,8.307845863,0.009615464086,0.001158736697
2025-05-23,PG,True,6.42441331,-0.000621731459,-9.676701449e-05
2025-05-23,TSLA,True,1.635700515,0.0002402011577,0.0001468706734
2025-05-23,VNQ,False,,,
2025-05-23,WMT,True,1.849207056,0.0006964591871,0.0003767677548
2025-05-27,AAPL,True,6.555770683,0.006952982141,0.001061715635
2025-05-27,AMZN,True,2.559644749,0.004544396921,0.001778559076
2025-05-27,BAC,True,3.376056808,-0.002219549419,-0.0006570064684
2025-05-27,BND,False,,,
2025-05-27,GLD,False,,,
2025-05-27,GOOGL,True,5.876774059,0.01710964775,0.002919902326
2025-05-27,JNJ,True,9.799362176,0.02445496164,0.002501810105
2025-05-27,JPM,True,9.094685309,-0.006006050425,-0.0006599554021
2025-05-27,MSFT,True,8.300131711,-0.00771415146,-0.0009285381058
2025-05-27,PG,True,6.422284334,-0.002128976032,-0.0003313883976
2025-05-27,TSLA,True,1.638165699,0.00246518384,0.001507111979
2025-05-27,VNQ,False,,,
2025-05-27,WMT,True,1.848459161,-0.0007478945913,-0.0004044406974
2025-05-28,AAPL,True,6.559453622,0.003682939466,0.0005617858897
2025-05-28,AMZN,True,2.556263586,-0.003381162233,-0.001320949806
2025-05-28,BAC,True,3.375640838,-0.0004159697434,-0.0001232117133
2025-05-28,BND,False,,,
2025-05-28,GLD,False,,,
2025-05-28,GOOGL,True,5.893142372,0.01636831275,0.002785254731
2025-05-28,JNJ,True,9.802584933,0.003222756745,0.0003288741336
2025-05-28,JPM,True,9.091859195,-0.002826114229,-0.0003107434873
2025-05-28,MSFT,True,8.281856119,-0.01827559233,-0.002201843653
2025-05-28,PG,True,6.413019409,-0.009264924882,-0.00144262141
2025-05-28,TSLA,True,1.636346078,-0.001819620806,-0.001110767248
2025-05-28,VNQ,False,,,
2025-05-28,WMT,True,1.846992436,-0.001466724908,-0.0007934851574
2025-05-29,AAPL,True,6.550257821,-0.009195801572,-0.001401915785
2025-05-29,AMZN,True,2.573389563,0.01712597697,0.006699613085
2025-05-29,BAC,True,3.37554429,-9.654857353e-05,-2.860155394e-05
2025-05-29,BND,False,,,
2025-05-29,GLD,False,,,
2025-05-29,GOOGL,True,5.885589151,-0.007553220413,-0.001281696578
2025-05-29,JNJ,True,9.802618207,3.327407358e-05,3.394418289e-06
2025-05-29,JPM,True,9.102986573,0.01112737834,0.001223883707
2025-05-29,MSFT,True,8.289270935,0.007414816546,0.0008953085443
2025-05-29,PG,True,6.418943509,0.00592409996,0.0009237614269
2025-05-29,TSLA,True,1.638588995,0.002242917375,0.001370686437
2025-05-29,VNQ,False,,,
2025-05-29,WMT,True,1.845437076,-0.0015553606,-0.0008421044774
2025-05-30,AAPL,True,6.571471953,0.02121413204,0.003238671304
2025-05-30,AMZN,True,2.572972788,-0.0004167750187,-0.0001619556653
2025-05-30,BAC,True,3.377515279,0.001970989016,0.000583902579
2025-05-30,BND,False,,,
2025-05-30,GLD,False,,,
2025-05-30,GOOGL,True,5.888432059,0.002842907627,0.0004830285556
2025-05-30,JNJ,True,9.813878316,0.01126010921,0.001148683849
2025-05-30,JPM,True,9.107544311,0.004557738285,0.0005006860384
2025-05-30,MSFT,True,8.307147769,0.01787683379,0.002156623173
2025-05-30,PG,True,6.417099669,-0.001843839954,-0.0002872497556
2025-05-30,TSLA,True,1.635687087,-0.002901908294,-0.001770979972
2025-05-30,VNQ,False,,,
2025-05-30,WMT,True,1.843028823,-0.002408252948,-0.001304977005
2025-06-02,AAPL,True,6.597745674,0.0262737214,0.003998148601
2025-06-02,AMZN,True,2.581906623,0.008933834913,0.003472183986
2025-06-02,BAC,True,3.382195161,0.004679881677,0.001385598966
2025-06-02,BND,False,,,
2025-06-02,GLD,False,,,
2025-06-02,GOOGL,True,5.882502058,-0.005930000952,-0.001007059416
2025-06-02,JNJ,True,9.823125975,0.009247658884,0.0009423042131
2025-06-02,JPM,True,9.09591807,-0.01162624186,-0.001276550677
2025-06-02,MSFT,True,8.331913604,0.02476583477,0.002981268115
2025-06-02,PG,True,6.426396756,0.009297087131,0.001448798929
2025-06-02,TSLA,True,1.640794785,0.005107698473,0.003122662344
2025-06-02,VNQ,False,,,
2025-06-02,WMT,True,1.844691484,0.001662661011,0.0009021351108
2025-06-03,AAPL,True,6.597837477,9.180321127e-05,1.391433011e-05
2025-06-03,AMZN,True,2.593206751,0.01130012782,0.004376660147
2025-06-03,BAC,True,3.387883038,0.00568787785,0.0016817119
2025-06-03,BND,False,,,
2025-06-03,GLD,False,,,
2025-06-03,GOOGL,True,5.902909208,0.02040714965,0.003469127499
2025-06-03,JNJ,True,9.816907694,-0.006218281276,-0.0006330246901
2025-06-03,JPM,True,9.08991428,-0.006003789342,-0.0006600531465
2025-06-03,MSFT,True,8.328408077,-0.003505526989,-0.0004207349182
2025-06-03,PG,True,6.424591027,-0.001805729148,-0.0002809862535
2025-06-03,TSLA,True,1.644844806,0.00405002003,0.002468328194
2025-06-03,VNQ,False,,,
2025-06-03,WMT,True,1.845133931,0.0004424475503,0.0002398490773
2025-06-04,AAPL,True,6.610282149,0.01244467125,0.001886174265
2025-06-04,AMZN,True,2.600708688,0.007501936889,0.002892918926
2025-06-04,BAC,True,3.389021276,0.001138237689,0.000335973136
2025-06-04,BND,False,,,
2025-06-04,GLD,False,,,
2025-06-04,GOOGL,True,5.914300374,0.01139116662,0.001929754671
2025-06-04,JNJ,True,9.819681244,0.002773550414,0.0002825279101
2025-06-04,JPM,True,9.075055415,-0.01485886474,-0.001634654
2025-06-04,MSFT,True,8.32061955,-0.007788526736,-0.0009351759261
2025-06-04,PG,True,6.409429158,-0.0151618688,-0.002359974159
2025-06-04,TSLA,True,1.644719189,-0.000125616162,-7.636961345e-05
2025-06-04,VNQ,False,,,
2025-06-04,WMT,True,1.84802255,0.002888618912,0.001565533462
2025-06-05,AAPL,True,6.619279681,0.008997532215,0.001361141932
2025-06-05,AMZN,True,2.602571151,0.001862462505,0.0007161365338
2025-06-05,BAC,True,3.390458836,0.0014375594,0.0004241812851
2025-06-05,BND,False,,,
2025-06-05,GLD,False,,,
2025-06-05,GOOGL,True,5.916174344,0.00187396953,0.000316853966
2025-06-05,JNJ,True,9.836652331,0.01697108693,0.001728272691
2025-06-05,JPM,True,9.059395183,-0.01566023207,-0.00172563487
2025-06-05,MSFT,True,8.322990343,0.002370792611,0.0002849298176
2025-06-05,PG,True,6.394988703,-0.01444045529,-0.002253001779
2025-06-05,TSLA,True,1.646021839,0.001302650027,0.0007920197171
2025-06-05,VNQ,False,,,
2025-06-05,WMT,True,1.844597167,-0.003425382853,-0.001853539532
2025-06-06,AAPL,True,6.626287179,0.007007498049,0.00105864964
2025-06-06,AMZN,True,2.601545626,-0.001025524637,-0.000394042882
2025-06-06,BAC,True,3.392245942,0.001787106211,0.0005270986312
2025-06-06,BND,False,,,
2025-06-06,GLD,False,,,
2025-06-06,GOOGL,True,5.925659716,0.009485371751,0.001603294832
2025-06-06,JNJ,True,9.836592022,-6.030889423e-05,-6.131038507e-06
2025-06-06,JPM,True,9.064808705,0.005413521682,0.0005975588406
2025-06-06,MSFT,True,8.305234075,-0.01775626818,-0.002133400069
2025-06-06,PG,True,6.398377601,0.003388898095,0.0005299302708
2025-06-06,TSLA,True,1.648027001,0.002005162059,0.001218186789
2025-06-06,VNQ,False,,,
2025-06-06,WMT,True,1.840714483,-0.003882684079,-0.002104895393
2025-06-09,AAPL,True,6.611991552,-0.01429562676,-0.002157411289
2025-06-09,AMZN,True,2.598642591,-0.002903034722,-0.001115888452
2025-06-09,BAC,True,3.394910947,0.002665005652,0.0007856168738
2025-06-09,BND,False,,,
2025-06-09,GLD,False,,,
2025-06-09,GOOGL,True,5.920922432,-0.004737284028,-0.0007994525936
2025-06-09,JNJ,True,9.848671906,0.01207988428,0.001228055841
2025-06-09,JPM,True,9.063578711,-0.00122999425,-0.0001356889361
2025-06-09,MSFT,True,8.30941529,0.004181215295,0.0005034434018
2025-06-09,PG,True,6.391477494,-0.006900107383,-0.001078415157
2025-06-09,TSLA,True,1.649819482,0.001792480295,0.001087652261
2025-06-09,VNQ,False,,,
2025-06-09,WMT,True,1.841869584,0.001155101032,0.0006275286271
2025-06-10,AAPL,True,6.617138336,0.005146783646,0.000778401425
2025-06-10,AMZN,True,2.606950782,0.008308190724,0.003197127128
2025-06-10,BAC,True,3.390400827,-0.004510120547,-0.001328494508
2025-06-10,BND,False,,,
2025-06-10,GLD,False,,,
2025-06-10,GOOGL,True,5.924309757,0.003387325563,0.0005720942307
2025-06-10,JNJ,True,9.844702484,-0.00396942226,-0.0004030413743
2025-06-10,JPM,True,9.069086355,0.005507644441,0.0006076677455
2025-06-10,MSFT,True,8.300791704,-0.008623586179,-0.001037809025
2025-06-10,PG,True,6.397168776,0.005691282064,0.000890448581
2025-06-10,TSLA,True,1.657065816,0.007246334033,0.004392198124
2025-06-10,VNQ,False,,,
2025-06-10,WMT,True,1.844287331,0.002417747113,0.001312659231
2025-06-11,AAPL,True,6.602417783,-0.01472055241,-0.002224610044
2025-06-11,AMZN,True,2.611002198,0.004051415662,0.001554082145
2025-06-11,BAC,True,3.39017166,-0.0002291667819,-6.759282857e-05
2025-06-11,BND,False,,,
2025-06-11,GLD,False,,,
2025-06-11,GOOGL,True,5.929029231,0.0047194742,0.0007966285345
2025-06-11,JNJ,True,9.845068218,0.0003657339124,3.715032658e-05
2025-06-11,JPM,True,9.057048469,-0.01203788659,-0.001327353839
2025-06-11,MSFT,True,8.299994808,-0.0007968955089,-9.600234982e-05
2025-06-11,PG,True,6.381904046,-0.01526472997,-0.002386169649
2025-06-11,TSLA,True,1.654908768,-0.002157047444,-0.001301727079
2025-06-11,VNQ,False,,,
2025-06-11,WMT,True,1.844514886,0.0002275543884,0.0001233833712
2025-06-12,AAPL,True,6.616506355,0.01408857203,0.002133850431
2025-06-12,AMZN,True,2.61530246,0.00430026215,0.001646977606
2025-06-12,BAC,True,3.397929535,0.007757875171,0.002288342877
2025-06-12,BND,False,,,
2025-06-12,GLD,False,,,
2025-06-12,GOOGL,True,5.928245582,-0.0007836490204,-0.0001321715562
2025-06-12,JNJ,True,9.850481252,0.005413033594,0.0005498218472
2025-06-12,JPM,True,9.065603461,0.008554992707,0.0009445673982
2025-06-12,MSFT,True,8.314225646,0.01423083744,0.0017145598
2025-06-12,PG,True,6.382943112,0.001039066316,0.0001628144687
2025-06-12,TSLA,True,1.659702038,0.004793269466,0.002896394991
2025-06-12,VNQ,False,,,
2025-06-12,WMT,True,1.847790791,0.003275904794,0.001776025133
2025-06-13,AAPL,True,6.627463214,0.01095685832,0.001655988483
2025-06-13,AMZN,True,2.613130393,-0.002172067199,-0.0008305223708
2025-06-13,BAC,True,3.401381002,0.003451467078,0.001015755931
2025-06-13,BND,False,,,
2025-06-13,GLD,False,,,
2025-06-13,GOOGL,True,5.922501941,-0.005743641594,-0.0009688602664
2025-06-13,JNJ,True,9.857797618,0.00731636671,0.0007427420573
2025-06-13,JPM,True,9.056612499,-0.008990962224,-0.000991766545
2025-06-13,MSFT,True,8.325698367,0.01147272131,0.001379890539
2025-06-13,PG,True,6.388310024,0.005366911433,0.0008408208156
2025-06-13,TSLA,True,1.66358985,0.00388781187,0.002342475807
2025-06-13,VNQ,False,,,
2025-06-13,WMT,True,1.850343756,0.002552965542,0.001381631273
2025-06-16,AAPL,True,6.638035204,0.01057199065,0.001595179077
2025-06-16,AMZN,True,2.607903835,-0.005226557615,-0.002000113592
2025-06-16,BAC,True,3.402095259,0.0007142570991,0.0002099903241
2025-06-16,BND,False,,,
2025-06-16,GLD,False,,,
2025-06-16,GOOGL,True,5.919208622,-0.003293319215,-0.0005560689127
2025-06-16,JNJ,True,9.884476261,0.0266786422,0.002706349149
2025-06-16,JPM,True,9.053649922,-0.002962576952,-0.0003271175566
2025-06-16,MSFT,True,8.334872022,0.009173655542,0.001101848174
2025-06-16,PG,True,6.393496694,0.005186670467,0.000811900244
2025-06-16,TSLA,True,1.667464914,0.0038750645,0.00232933887
2025-06-16,VNQ,False,,,
2025-06-16,WMT,True,1.851665116,0.001321359889,0.0007141158959
2025-06-17,AAPL,True,6.64791868,0.009883475596,0.001488915815
2025-06-17,AMZN,True,2.609888913,0.001985077744,0.0007611775087
2025-06-17,BAC,True,3.408119363,0.006024103952,0.001770704079
2025-06-17,BND,False,,,
2025-06-17,GLD,False,,,
2025-06-17,GOOGL,True,5.923462859,0.004254237809,0.0007187173288
2025-06-17,JNJ,True,9.883627386,-0.0008488741691,-8.587952935e-05
2025-06-17,JPM,True,9.051867138,-0.001782783768,-0.0001969132652
2025-06-17,MSFT,True,8.336406922,0.001534899976,0.0001841539944
2025-06-17,PG,True,6.388505043,-0.004991651177,-0.0007807388375
2025-06-17,TSLA,True,1.670084349,0.002619434769,0.001570908477
2025-06-17,VNQ,False,,,
2025-06-17,WMT,True,1.859525055,0.007859939357,0.004244795287
2025-06-18,AAPL,True,6.642698767,-0.005219913349,-0.0007851951266
2025-06-18,AMZN,True,2.614181764,0.004292850984,0.0016448405
2025-06-18,BAC,True,3.409122417,0.001003053552,0.0002943129171
2025-06-18,BND,False,,,
2025-06-18,GLD,False,,,
2025-06-18,GOOGL,True,5.939563117,0.0161002576,0.002718048207
2025-06-18,JNJ,True,9.87992603,-0.00370135638,-0.0003744937193
2025-06-18,JPM,True,9.034666239,-0.01720089943,-0.001900259821
2025-06-18,MSFT,True,8.339591871,0.003184948766,0.000382052939
2025-06-18,PG,True,6.393345488,0.004840445643,0.0007576804919
2025-06-18,TSLA,True,1.673944094,0.003859745191,0.002311107935
2025-06-18,VNQ,False,,,
2025-06-18,WMT,True,1.855802621,-0.00372243425,-0.002001819895
2025-06-20,AAPL,True,6.628732294,-0.01396647262,-0.002102529877
2025-06-20,AMZN,True,2.618814818,0.0046330544,0.001772277071
2025-06-20,BAC,True,3.415733638,0.006611220822,0.001939273518
2025-06-20,BND,False,,,
2025-06-20,GLD,False,,,
2025-06-20,GOOGL,True,5.949864467,0.01030135033,0.001734361623
2025-06-20,JNJ,True,9.920468988,0.0405429576,0.004103568941
2025-06-20,JPM,True,9.043642736,0.008976497004,0.0009935615513
2025-06-20,MSFT,True,8.348188951,0.008597079628,0.001030875343
2025-06-20,PG,True,6.38770183,-0.00564365815,-0.0008827394296
2025-06-20,TSLA,True,1.680640301,0.006696207259,0.004000257406
2025-06-20,VNQ,False,,,
2025-06-20,WMT,True,1.855151604,-0.0006510174059,-0.000350800995
2025-06-23,AAPL,True,6.62747879,-0.001253504411,-0.0001891016797
2025-06-23,AMZN,True,2.621570981,0.002756163025,0.001052446704
2025-06-23,BAC,True,3.422361184,0.006627545912,0.001940299395
2025-06-23,BND,False,,,
2025-06-23,GLD,False,,,
2025-06-23,GOOGL,True,5.947772433,-0.002092033856,-0.000351610338
2025-06-23,JNJ,True,9.92291327,0.002444281983,0.000246387745
2025-06-23,JPM,True,9.042830371,-0.0008123648743,-8.982717451e-05
2025-06-23,MSFT,True,8.390244301,0.04205535063,0.005037661567
2025-06-23,PG,True,6.397022036,0.009320205588,0.001459085886
2025-06-23,TSLA,True,1.676575013,-0.004065288311,-0.002418892554
2025-06-23,VNQ,False,,,
2025-06-23,WMT,True,1.860270983,0.005119379405,0.002759547734
2025-06-24,AAPL,True,6.620097192,-0.00738159744,-0.001113786656
2025-06-24,AMZN,True,2.620294517,-0.001276464076,-0.0004869080735
2025-06-24,BAC,True,3.426216434,0.003855250832,0.001126488592
2025-06-24,BND,False,,,
2025-06-24,GLD,False,,,
2025-06-24,GOOGL,True,5.967147938,0.0193755047,0.00325760693
2025-06-24,JNJ,True,9.915347147,-0.007566122717,-0.0007624900582
2025-06-24,JPM,True,9.055617024,0.01278665237,0.001414009978
2025-06-24,MSFT,True,8.391082241,0.0008379399697,9.987074746e-05
2025-06-24,PG,True,6.393434465,-0.003587570516,-0.0005608188461
2025-06-24,TSLA,True,1.683987851,0.007412838132,0.004421417517
2025-06-24,VNQ,False,,,
2025-06-24,WMT,True,1.863193198,0.002922214946,0.001570854447
2025-06-25,AAPL,True,6.450857749,-0.1692394427,-0.02556449517
2025-06-25,AMZN,True,2.553933338,-0.06636117945,-0.02532584754
2025-06-25,BAC,True,3.453304331,0.02708789652,0.00790606695
2025-06-25,BND,False,,,
2025-06-25,GLD,False,,,
2025-06-25,GOOGL,True,5.690801128,-0.2763468103,-0.0463113724
2025-06-25,JNJ,True,9.705531513,-0.2098156336,-0.02116069467
2025-06-25,JPM,True,8.998181088,-0.05743593595,-0.006342575641
2025-06-25,MSFT,True,8.391539008,0.00045676686,5.443479718e-05
2025-06-25,PG,True,6.562534725,0.1691002601,0.02644904879
2025-06-25,TSLA,True,1.702134946,0.01814709511,0.01077626249
2025-06-25,VNQ,False,,,
2025-06-25,WMT,True,1.87229414,0.009100941874,0.004884593763
2025-06-26,AAPL,True,6.45096088,0.0001031304942,1.598709787e-05
2025-06-26,AMZN,True,2.557551545,0.00361820734,0.00141671957
2025-06-26,BAC,True,3.446952158,-0.006352172627,-0.001839447676
2025-06-26,BND,False,,,
2025-06-26,GLD,False,,,
2025-06-26,GOOGL,True,5.713508094,0.02270696577,0.003990117605
2025-06-26,JNJ,True,9.714998811,0.009467297598,0.0009754538003
2025-06-26,JPM,True,8.991009468,-0.007171620074,-0.0007970077512
2025-06-26,MSFT,True,8.376608218,-0.01493079062,-0.00177926726
2025-06-26,PG,True,6.556225094,-0.006309631949,-0.000961462638
2025-06-26,TSLA,True,1.698643411,-0.003491535607,-0.002051268387
2025-06-26,VNQ,False,,,
2025-06-26,WMT,True,1.872179255,-0.0001148849651,-6.136053233e-05
2025-06-27,AAPL,True,6.44931879,-0.001642089712,-0.0002545496311
2025-06-27,AMZN,True,2.56248648,0.00493493535,0.001929554601
2025-06-27,BAC,True,3.449182756,0.002230597527,0.0006471216961
2025-06-27,BND,False,,,
2025-06-27,GLD,False,,,
2025-06-27,GOOGL,True,5.718807185,0.005299091086,0.0009274671532
2025-06-27,JNJ,True,9.72811381,0.01311499927,0.001349974356
2025-06-27,JPM,True,9.010398681,0.01938921374,0.002156511325
2025-06-27,MSFT,True,8.374725745,-0.001882472763,-0.0002247297133
2025-06-27,PG,True,6.557689177,0.001464083967,0.0002233120349
2025-06-27,TSLA,True,1.699736821,0.001093410266,0.0006436961747
2025-06-27,VNQ,False,,,
2025-06-27,WMT,True,1.875685072,0.003505816829,0.001872586089
2025-06-30,AAPL,True,6.457460186,0.008141396255,0.001262365301
2025-06-30,AMZN,True,2.559823825,-0.002662654947,-0.001039090339
2025-06-30,BAC,True,3.45607933,0.006896573852,0.001999480555
2025-06-30,BND,False,,,
2025-06-30,GLD,False,,,
2025-06-30,GOOGL,True,5.72886581,0.01005862537,0.001758867723
2025-06-30,JNJ,True,9.751270425,0.02315661441,0.002380380705
2025-06-30,JPM,True,9.024193141,0.01379445987,0.001530948892
2025-06-30,MSFT,True,8.367590128,-0.007135617159,-0.0008520418909
2025-06-30,PG,True,6.576890258,0.01920108075,0.002928025441
2025-06-30,TSLA,True,1.701122107,0.001385286186,0.0008150003984
2025-06-30,VNQ,False,,,
2025-06-30,WMT,True,1.874521626,-0.001163445264,-0.0006202775089
2025-07-01,AAPL,True,6.478661348,0.02120116199,0.003283204446
2025-07-01,AMZN,True,2.556487036,-0.003336788956,-0.001303522892
2025-07-01,BAC,True,3.452706018,-0.003373312206,-0.0009760517291
2025-07-01,BND,False,,,
2025-07-01,GLD,False,,,
2025-07-01,GOOGL,True,5.718645408,-0.01022040214,-0.001784018421
2025-07-01,JNJ,True,9.768539644,0.01726921969,0.001770971262
2025-07-01,JPM,True,9.053004474,0.02881133298,0.0031926769
2025-07-01,MSFT,True,8.388377825,0.02078769775,0.002484311186
2025-07-01,PG,True,6.585163175,0.008272916428,0.001257876611
2025-07-01,TSLA,True,1.697073914,-0.004048192922,-0.002379719189
2025-07-01,VNQ,False,,,
2025-07-01,WMT,True,1.87579156,0.00126993345,0.000677470685
2025-07-02,AAPL,True,6.492897762,0.01423641307,0.002197431275
2025-07-02,AMZN,True,2.548916958,-0.007570078783,-0.002961125433
2025-07-02,BAC,True,3.457732994,0.005026976431,0.001455952637
2025-07-02,BND,False,,,
2025-07-02,GLD,False,,,
2025-07-02,GOOGL,True,5.727015516,0.008370107654,0.001463652151
2025-07-02,JNJ,True,9.777166226,0.008626581629,0.0008830983896
2025-07-02,JPM,True,9.064463624,0.01145914994,0.00126578419
2025-07-02,MSFT,True,8.374059777,-0.01431804871,-0.00170689125
2025-07-02,PG,True,6.593606221,0.008443046621,0.001282131725
2025-07-02,TSLA,True,1.694051002,-0.003022912349,-0.001781249669
2025-07-02,VNQ,False,,,
2025-07-02,WMT,True,1.880756243,0.004964682852,0.002646713504
2025-07-03,AAPL,True,6.495339926,0.00244216447,0.0003761285885
2025-07-03,AMZN,True,2.551090999,0.0021740415,0.0008529275518
2025-07-03,BAC,True,3.466626952,0.008893957908,0.002572193378
2025-07-03,BND,False,,,
2025-07-03,GLD,False,,,
2025-07-03,GOOGL,True,5.735516779,0.008501263277,0.001484414221
2025-07-03,JNJ,True,9.776408454,-0.0007577714624,-7.750420162e-05
2025-07-03,JPM,True,9.077683984,0.01322036031,0.001458482361
2025-07-03,MSFT,True,8.379585974,0.005526196949,0.0006599184979
2025-07-03,PG,True,6.592880853,-0.0007253687728,-0.0001100109331
2025-07-03,TSLA,True,1.695269524,0.001218522369,0.0007192949725
2025-07-03,VNQ,False,,,
2025-07-03,WMT,True,1.880448463,-0.0003077798612,-0.0001636468641
2025-07-07,AAPL,True,6.531578118,0.03623819201,0.005579106317
2025-07-07,AMZN,True,2.549895116,-0.001195882736,-0.000468773061
2025-07-07,BAC,True,3.469766142,0.003139189837,0.0009055459041
2025-07-07,BND,False,,,
2025-07-07,GLD,False,,,
2025-07-07,GOOGL,True,5.728444787,-0.007071991796,-0.001233017367
2025-07-07,JNJ,True,9.78398129,0.007572835627,0.0007746030316
2025-07-07,JPM,True,9.081912639,0.004228654861,0.0004658297059
2025-07-07,MSFT,True,8.3908731,0.01128712622,0.001346978987
2025-07-07,PG,True,6.616371225,0.02349037242,0.003562990587
2025-07-07,TSLA,True,1.694417227,-0.0008522973902,-0.0005027503757
2025-07-07,VNQ,False,,,
2025-07-07,WMT,True,1.878112939,-0.002335524157,-0.001242003811
2025-07-08,AAPL,True,6.539939051,0.008360932969,0.001280078538
2025-07-08,AMZN,True,2.546352867,-0.003542249398,-0.001389174549
2025-07-08,BAC,True,3.47023032,0.0004641779142,0.0001337778672
2025-07-08,BND,False,,,
2025-07-08,GLD,False,,,
2025-07-08,GOOGL,True,5.72169771,-0.006747077329,-0.001177820085
2025-07-08,JNJ,True,9.809793035,0.02581174449,0.002638163721
2025-07-08,JPM,True,9.098473435,0.01656079598,0.001823492103
2025-07-08,MSFT,True,8.388904272,-0.00196882767,-0.0002346391903
2025-07-08,PG,True,6.62153174,0.005160515225,0.0007799615604
2025-07-08,TSLA,True,1.69979853,0.005381303403,0.003175902203
2025-07-08,VNQ,False,,,
2025-07-08,WMT,True,1.878623546,0.0005106077153,0.0002718727425
2025-07-09,AAPL,True,6.549862772,0.009923721249,0.001517402712
2025-07-09,AMZN,True,2.543338603,-0.003014263702,-0.001183757264
2025-07-09,BAC,True,3.472001571,0.001771251498,0.000510413239
2025-07-09,BND,False,,,
2025-07-09,GLD,False,,,
2025-07-09,GOOGL,True,5.711145414,-0.01055229591,-0.001844259597
2025-07-09,JNJ,True,9.804215904,-0.005577130305,-0.0005685268064
2025-07-09,JPM,True,9.117802809,0.01932937386,0.002124463405
2025-07-09,MSFT,True,8.388367931,-0.0005363409585,-6.393456656e-05
2025-07-09,PG,True,6.623940228,0.002408487507,0.0003637357037
2025-07-09,TSLA,True,1.697233118,-0.002565412025,-0.00150924476
2025-07-09,VNQ,False,,,
2025-07-09,WMT,True,1.877637044,-0.0009865022159,-0.0005251196909
2025-07-10,AAPL,True,6.573174946,0.02331217403,0.003559185107
2025-07-10,AMZN,True,2.546203312,0.002864708677,0.001126357565
2025-07-10,BAC,True,3.484499335,0.01249776418,0.003599584829
2025-07-10,BND,False,,,
2025-07-10,GLD,False,,,
2025-07-10,GOOGL,True,5.728267485,0.01712207146,0.002998010071
2025-07-10,JNJ,True,9.802503219,-0.001712685447,-0.0001746886711
2025-07-10,JPM,True,9.096183403,-0.02161940611,-0.002371120166
2025-07-10,MSFT,True,8.39419946,0.005831528719,0.0006951922909
2025-07-10,PG,True,6.632551801,0.008611573689,0.001300068146
2025-07-10,TSLA,True,1.700652918,0.003419799464,0.002014926192
2025-07-10,VNQ,False,,,
2025-07-10,WMT,True,1.882073312,0.004436267691,0.002362686497
2025-07-11,AAPL,True,6.582796711,0.00962176445,0.00146379254
2025-07-11,AMZN,True,2.54960211,0.003398798051,0.001334849435
2025-07-11,BAC,True,3.483936173,-0.0005631623558,-0.0001616193035
2025-07-11,BND,False,,,
2025-07-11,GLD,False,,,
2025-07-11,GOOGL,True,5.71868974,-0.009577745628,-0.001672014384
2025-07-11,JNJ,True,9.808336771,0.005833552382,0.0005951084383
2025-07-11,JPM,True,9.122383406,0.02620000294,0.002880329231
2025-07-11,MSFT,True,8.392630532,-0.001568927571,-0.000186906158
2025-07-11,PG,True,6.644615814,0.01206401225,0.001818909616
2025-07-11,TSLA,True,1.693751163,-0.006901754809,-0.004058297103
2025-07-11,VNQ,False,,,
2025-07-11,WMT,True,1.883273457,0.00120014482,0.0006376716638
2025-07-14,AAPL,True,6.582465754,-0.0003309570187,-5.027605032e-05
2025-07-14,AMZN,True,2.557733231,0.008131121348,0.003189172662
2025-07-14,BAC,True,3.483184446,-0.0007517271626,-0.000215769499
2025-07-14,BND,False,,,
2025-07-14,GLD,False,,,
2025-07-14,GOOGL,True,5.736584744,0.0178950042,0.003129214037
2025-07-14,JNJ,True,9.81119259,0.002855818755,0.0002911623878
2025-07-14,JPM,True,9.127491961,0.005108555606,0.000560002291
2025-07-14,MSFT,True,8.407464671,0.01483413838,0.00176751953
2025-07-14,PG,True,6.664141916,0.01952610215,0.002938635235
2025-07-14,TSLA,True,1.692074751,-0.001676412152,-0.0009897629529
2025-07-14,VNQ,False,,,
2025-07-14,WMT,True,1.888462203,0.005188746411,0.002755174185
2025-07-15,AAPL,True,6.580513775,-0.001951979063,-0.0002965422284
2025-07-15,AMZN,True,2.556157383,-0.001575848094,-0.0006161112013
2025-07-15,BAC,True,3.480876266,-0.002308179793,-0.0006626636714
2025-07-15,BND,False,,,
2025-07-15,GLD,False,,,
2025-07-15,GOOGL,True,5.739012734,0.002427990089,0.0004232466175
2025-07-15,JNJ,True,9.785827844,-0.02536474559,-0.002585286687
2025-07-15,JPM,True,9.13517915,0.00768718889,0.0008422016609
2025-07-15,MSFT,True,8.416289862,0.008825191487,0.00104968523
2025-07-15,PG,True,6.663830815,-0.0003111011234,-4.668284789e-05
2025-07-15,TSLA,True,1.696246522,0.004171771569,0.002465477112
2025-07-15,VNQ,False,,,
2025-07-15,WMT,True,1.88868445,0.0002222471978,0.0001176868658
2025-07-16,AAPL,True,6.584673247,0.004159472494,0.0006320893226
2025-07-16,AMZN,True,2.555084613,-0.001072770088,-0.0004196807656
2025-07-16,BAC,True,3.486165536,0.005289270065,0.001519522574
2025-07-16,BND,False,,,
2025-07-16,GLD,False,,,
2025-07-16,GOOGL,True,5.738380716,-0.0006320182851,-0.0001101266567
2025-07-16,JNJ,True,9.772319973,-0.01350787168,-0.001380350431
2025-07-16,JPM,True,9.134134862,-0.001044287909,-0.0001143149896
2025-07-16,MSFT,True,8.425022975,0.008733112968,0.001037644034
2025-07-16,PG,True,6.668608264,0.004777449209,0.0007169223443
2025-07-16,TSLA,True,1.700518313,0.004271791018,0.002518378645
2025-07-16,VNQ,False,,,
2025-07-16,WMT,True,1.890532192,0.00184774211,0.0009783222971
2025-07-17,AAPL,True,6.596850615,0.01217736777,0.001849350349
2025-07-17,AMZN,True,2.555930123,0.0008455099376,0.0003309126959
2025-07-17,BAC,True,3.486316412,0.0001508762274,4.327856087e-05
2025-07-17,BND,False,,,
2025-07-17,GLD,False,,,
2025-07-17,GOOGL,True,5.737839082,-0.0005416332891,-9.438782749e-05
2025-07-17,JNJ,True,9.763018069,-0.009301903952,-0.0009518624009
2025-07-17,JPM,True,9.136523989,0.002389126106,0.0002615601961
2025-07-17,MSFT,True,8.425623119,0.0006001437711,7.123348777e-05
2025-07-17,PG,True,6.664982478,-0.003625785935,-0.0005437095405
2025-07-17,TSLA,True,1.698097266,-0.002421047393,-0.00142371145
2025-07-17,VNQ,False,,,
2025-07-17,WMT,True,1.889015708,-0.001516484064,-0.0008021466493
2025-07-18,AAPL,True,6.581789606,-0.01506100895,-0.002283060482
2025-07-18,AMZN,True,2.548706441,-0.007223682321,-0.002826244057
2025-07-18,BAC,True,3.482777271,-0.003539140786,-0.001015151916
2025-07-18,BND,False,,,
2025-07-18,GLD,False,,,
2025-07-18,GOOGL,True,5.729054977,-0.00878410519,-0.00153090825
2025-07-18,JNJ,True,9.746336321,-0.01668174718,-0.00170866704
2025-07-18,JPM,True,9.126578693,-0.009945295091,-0.001088520657
2025-07-18,MSFT,True,8.443453792,0.01783067331,0.002116243874
2025-07-18,PG,True,6.673087297,0.008104819083,0.001216030066
2025-07-18,TSLA,True,1.699901356,0.001804090447,0.001062418792
2025-07-18,VNQ,False,,,
2025-07-18,WMT,True,1.891117953,0.002102244606,0.001112878308
2025-07-21,AAPL,True,6.584856755,0.003067148708,0.0004660052799
2025-07-21,AMZN,True,2.554277712,0.005571271363,0.002185921169
2025-07-21,BAC,True,3.481029261,-0.001748010985,-0.0005019014565
2025-07-21,BND,False,,,
2025-07-21,GLD,False,,,
2025-07-21,GOOGL,True,5.720607681,-0.008447295756,-0.001474465822
2025-07-21,JNJ,True,9.726207942,-0.02012837994,-0.002065225257
2025-07-21,JPM,True,9.116877081,-0.009701612672,-0.001063006522
2025-07-21,MSFT,True,8.423780334,-0.01967345851,-0.00233002501
2025-07-21,PG,True,6.664136731,-0.008950565828,-0.001341293082
2025-07-21,TSLA,True,1.694768913,-0.005132443806,-0.003019259786
2025-07-21,VNQ,False,,,
2025-07-21,WMT,True,1.887147815,-0.003970138327,-0.002099360498
2025-07-22,AAPL,True,6.583211531,-0.001645223328,-0.0002498495244
2025-07-22,AMZN,True,2.554051312,-0.0002264001278,-8.863567448e-05
2025-07-22,BAC,True,3.476485146,-0.004544114135,-0.001305393835
2025-07-22,BND,False,,,
2025-07-22,GLD,False,,,
2025-07-22,GOOGL,True,5.709971793,-0.01063588836,-0.001859223521
2025-07-22,JNJ,True,9.72370578,-0.002502161367,-0.0002572597031
2025-07-22,JPM,True,9.124704202,0.007827121126,0.0008585309483
2025-07-22,MSFT,True,8.420648543,-0.003131791031,-0.0003717797601
2025-07-22,PG,True,6.649765909,-0.01437082238,-0.002156441706
2025-07-22,TSLA,True,1.696499637,0.001730724371,0.001021215552
2025-07-22,VNQ,False,,,
2025-07-22,WMT,True,1.886888632,-0.0002591824647,-0.0001373408393
2025-07-23,AAPL,True,6.589568476,0.006356944345,0.0009656296648
2025-07-23,AMZN,True,2.559495813,0.00544450148,0.002131711863
2025-07-23,BAC,True,3.468929874,-0.007555272819,-0.002173250424
2025-07-23,BND,False,,,
2025-07-23,GLD,False,,,
2025-07-23,GOOGL,True,5.713693827,0.003722034416,0.0006518481265
2025-07-23,JNJ,True,9.698193691,-0.02551208924,-0.002623700245
2025-07-23,JPM,True,9.129434012,0.004729809857,0.0005183521298
2025-07-23,MSFT,True,8.402108679,-0.01853986411,-0.002201714513
2025-07-23,PG,True,6.671553362,0.02178745346,0.003276424127
2025-07-23,TSLA,True,1.695670391,-0.0008292455325,-0.0004887979428
2025-07-23,VNQ,False,,,
2025-07-23,WMT,True,1.887489519,0.0006008868825,0.0003184538145
2025-07-24,AAPL,True,6.618376598,0.02880812247,0.004371776782
2025-07-24,AMZN,True,2.565304351,0.005808537205,0.0022694068
2025-07-24,BAC,True,3.466094713,-0.002835160212,-0.0008173011031
2025-07-24,BND,False,,,
2025-07-24,GLD,False,,,
2025-07-24,GOOGL,True,5.700478284,-0.01321554341,-0.002312959674
2025-07-24,JNJ,True,9.673286277,-0.02490741374,-0.002568252866
2025-07-24,JPM,True,9.128383128,-0.00105088407,-0.0001151094437
2025-07-24,MSFT,True,8.415782745,0.01367406636,0.001627456497
2025-07-24,PG,True,6.663036928,-0.008516434725,-0.001276529507
2025-07-24,TSLA,True,1.697607048,0.001936656836,0.001142118684
2025-07-24,VNQ,False,,,
2025-07-24,WMT,True,1.884366846,-0.003122672738,-0.001654405339
2025-07-25,AAPL,True,6.578847066,-0.03952953214,-0.005972693085
2025-07-25,AMZN,True,2.569673915,0.004369564141,0.001703331669
2025-07-25,BAC,True,3.464842196,-0.001252517685,-0.0003613627984
2025-07-25,BND,False,,,
2025-07-25,GLD,False,,,
2025-07-25,GOOGL,True,5.73428088,0.03380259648,0.00592978252
2025-07-25,JNJ,True,9.665363195,-0.007923082323,-0.0008190683182
2025-07-25,JPM,True,9.140660461,0.01227733328,0.001344962532
2025-07-25,MSFT,True,8.422038719,0.006255974087,0.0007433621182
2025-07-25,PG,True,6.662150491,-0.0008864367589,-0.0001330379478
2025-07-25,TSLA,True,1.693109674,-0.004497374574,-0.00264924358
2025-07-25,VNQ,False,,,
2025-07-25,WMT,True,1.886018509,0.001651662422,0.0008765078973
2025-07-28,AAPL,True,6.593673051,0.01482598449,0.002253584001
2025-07-28,AMZN,True,2.571185881,0.001511966561,0.0005883884923
2025-07-28,BAC,True,3.458503155,-0.00633904073,-0.001829532305
2025-07-28,BND,False,,,
2025-07-28,GLD,False,,,
2025-07-28,GOOGL,True,5.74026798,0.005987099159,0.001044088925
2025-07-28,JNJ,True,9.65952447,-0.00583872489,-0.0006040874795
2025-07-28,JPM,True,9.148807479,0.008147017556,0.0008912941894
2025-07-28,MSFT,True,8.415211457,-0.006827262287,-0.0008106424721
2025-07-28,PG,True,6.66058018,-0.001570311125,-0.0002357063425
2025-07-28,TSLA,True,1.69017513,-0.002934543754,-0.001733227209
2025-07-28,VNQ,False,,,
2025-07-28,WMT,True,1.888268331,0.00224982172,0.001192894826
2025-07-29,AAPL,True,6.604311666,0.01063861575,0.001613458184
2025-07-29,AMZN,True,2.576570242,0.005384360499,0.002094115613
2025-07-29,BAC,True,3.451620573,-0.006882581932,-0.001990046452
2025-07-29,BND,False,,,
2025-07-29,GLD,False,,,
2025-07-29,GOOGL,True,5.745803581,0.005535601239,0.000964345438
2025-07-29,JNJ,True,9.657504704,-0.002019766064,-0.0002090958069
2025-07-29,JPM,True,9.142327323,-0.006480155859,-0.0007083060688
2025-07-29,MSFT,True,8.421210495,0.005999037697,0.0007128802084
2025-07-29,PG,True,6.658163922,-0.002416257267,-0.0003627697891
2025-07-29,TSLA,True,1.687359975,-0.00281515442,-0.001665599245
2025-07-29,VNQ,False,,,
2025-07-29,WMT,True,1.887972861,-0.0002954693015,-0.0001564763317
2025-07-30,AAPL,True,6.616372549,0.01206088302,0.001826213484
2025-07-30,AMZN,True,2.579731446,0.003161204121,0.001226903916
2025-07-30,BAC,True,3.447654403,-0.003966169605,-0.001149074622
2025-07-30,BND,False,,,
2025-07-30,GLD,False,,,
2025-07-30,GOOGL,True,5.74302888,-0.002774700766,-0.0004829090879
2025-07-30,JNJ,True,9.625965884,-0.03153881981,-0.003265731758
2025-07-30,JPM,True,9.129820539,-0.01250678408,-0.001368008783
2025-07-30,MSFT,True,8.418558158,-0.002652336092,-0.0003149590066
2025-07-30,PG,True,6.649881063,-0.00828285906,-0.001244015491
2025-07-30,TSLA,True,1.683155302,-0.004204673798,-0.002491865315
2025-07-30,VNQ,False,,,
2025-07-30,WMT,True,1.88872034,0.0007474788086,0.0003959160769
2025-07-31,AAPL,True,6.610692209,-0.005680340703,-0.0008585279412
2025-07-31,AMZN,True,2.581651403,0.00191995711,0.0007442468915
2025-07-31,BAC,True,3.449783711,0.002129307887,0.0006176105947
2025-07-31,BND,False,,,
2025-07-31,GLD,False,,,
2025-07-31,GOOGL,True,5.741310774,-0.001718106082,-0.0002991637545
2025-07-31,JNJ,True,9.623570008,-0.002395876506,-0.0002488972572
2025-07-31,JPM,True,9.148449488,0.01862894888,0.002040450719
2025-07-31,MSFT,True,8.416481965,-0.002076193142,-0.0002466209894
2025-07-31,PG,True,6.649176998,-0.0007040656036,-0.0001058764205
2025-07-31,TSLA,True,1.684019843,0.0008645416043,0.0005136433955
2025-07-31,VNQ,False,,,
2025-07-31,WMT,True,1.891405062,0.002684722284,0.0014214504
2025-08-01,AAPL,True,6.613701916,0.003009707137,0.000455278667
2025-08-01,AMZN,True,2.58614661,0.004495207291,0.001741213893
2025-08-01,BAC,True,3.451638611,0.001854900016,0.0005376858874
2025-08-01,BND,False,,,
2025-08-01,GLD,False,,,
2025-08-01,GOOGL,True,5.731910191,-0.009400583194,-0.00163735836
2025-08-01,JNJ,True,9.617003065,-0.006566942748,-0.0006823811478
2025-08-01,JPM,True,9.149406015,0.0009565271593,0.0001045562049
2025-08-01,MSFT,True,8.409006339,-0.007475626704,-0.0008882127633
2025-08-01,PG,True,6.651212675,0.002035677622,0.0003061548253
2025-08-01,TSLA,True,1.689984351,0.005964507737,0.003541827468
2025-08-01,VNQ,False,,,
2025-08-01,WMT,True,1.89090721,-0.0004978526551,-0.0002632184216
2025-08-04,AAPL,True,6.627080019,0.0133781037,0.002022786008
2025-08-04,AMZN,True,2.580813732,-0.005332878326,-0.002062094355
2025-08-04,BAC,True,3.460055102,0.008416490331,0.002438404271
2025-08-04,BND,False,,,
2025-08-04,GLD,False,,,
2025-08-04,GOOGL,True,5.737424964,0.005514772692,0.0009621177772
2025-08-04,JNJ,True,9.633256436,0.01625337136,0.001690066151
2025-08-04,JPM,True,9.147754682,-0.001651332945,-0.0001804852623
2025-08-04,MSFT,True,8.420722711,0.01171637225,0.001393312335
2025-08-04,PG,True,6.656549164,0.005336488758,0.0008023332013
2025-08-04,TSLA,True,1.695394335,0.005409984205,0.003201203728
2025-08-04,VNQ,False,,,
2025-08-04,WMT,True,1.892773461,0.00186625171,0.0009869610207
2025-08-05,AAPL,True,6.63804814,0.01096812016,0.001655045681
2025-08-05,AMZN,True,2.579392001,-0.001421731184,-0.0005508848492
2025-08-05,BAC,True,3.460186392,0.0001312900378,3.794449334e-05
2025-08-05,BND,False,,,
2025-08-05,GLD,False,,,
2025-08-05,GOOGL,True,5.734142395,-0.003282568144,-0.0005721326493
2025-08-05,JNJ,True,9.629036126,-0.00422031028,-0.0004380979898
2025-08-05,JPM,True,9.14568562,-0.00206906162,-0.0002261824559
2025-08-05,MSFT,True,8.430795396,0.01007268505,0.001196178214
2025-08-05,PG,True,6.658841036,0.002291871916,0.0003443033108
2025-08-05,TSLA,True,1.699917423,0.004523087915,0.002667867776
2025-08-05,VNQ,False,,,
2025-08-05,WMT,True,1.895780742,0.003007280886,0.001588822407
2025-08-06,AAPL,True,6.654523507,0.01647536738,0.002481959611
2025-08-06,AMZN,True,2.580637069,0.001245068231,0.0004826983376
2025-08-06,BAC,True,3.462400606,0.002214214722,0.0006399119792
2025-08-06,BND,False,,,
2025-08-06,GLD,False,,,
2025-08-06,GOOGL,True,5.765084635,0.03094223962,0.00539614078
2025-08-06,JNJ,True,9.628340196,-0.0006959302854,-7.227413796e-05
2025-08-06,JPM,True,9.164992282,0.01930666204,0.002111013087
2025-08-06,MSFT,True,8.422071063,-0.008724332971,-0.001034817305
2025-08-06,PG,True,6.664653619,0.00581258338,0.0008729121702
2025-08-06,TSLA,True,1.707406359,0.007488935963,0.004405470443
2025-08-06,VNQ,False,,,
2025-08-06,WMT,True,1.898974044,0.003193301324,0.001684425447
2025-08-07,AAPL,True,6.649509601,-0.005013906317,-0.0007534583523
2025-08-07,AMZN,True,2.581701149,0.001064080271,0.0004123323979
2025-08-07,BAC,True,3.469947585,0.007546978282,0.002179695287
2025-08-07,BND,False,,,
2025-08-07,GLD,False,,,
2025-08-07,GOOGL,True,5.763643757,-0.001440878223,-0.0002499318422
2025-08-07,JNJ,True,9.62279281,-0.005547385586,-0.0005761518053
2025-08-07,JPM,True,9.179815132,0.01482285016,0.001617333621
2025-08-07,MSFT,True,8.412774634,-0.009296428593,-0.001103817401
2025-08-07,PG,True,6.668238471,0.003584851832,0.0005378901945
2025-08-07,TSLA,True,1.711825668,0.004419309083,0.002588317104
2025-08-07,VNQ,False,,,
2025-08-07,WMT,True,1.90274982,0.003775776548,0.001988324464
2025-08-08,AAPL,True,6.671499475,0.02198987486,0.003306991971
2025-08-08,AMZN,True,2.580431898,-0.001269251501,-0.0004916337824
2025-08-08,BAC,True,3.477579594,0.007632009748,0.002199459664
2025-08-08,BND,False,,,
2025-08-08,GLD,False,,,
2025-08-08,GOOGL,True,5.771293923,0.007650166129,0.001327314187
2025-08-08,JNJ,True,9.611865519,-0.01092729084,-0.00113556335
2025-08-08,JPM,True,9.192813131,0.0129979991,0.001415932556
2025-08-08,MSFT,True,8.431665889,0.01889125509,0.002245543939
2025-08-08,PG,True,6.668138773,-9.969870821e-05,-1.495128116e-05
2025-08-08,TSLA,True,1.706336246,-0.005489422663,-0.003206765014
2025-08-08,VNQ,False,,,
2025-08-08,WMT,True,1.905392696,0.002642875758,0.001388977011
2025-08-11,AAPL,True,6.689050259,0.01755078321,0.002630710424
2025-08-11,AMZN,True,2.587789317,0.007357419012,0.002851235492
2025-08-11,BAC,True,3.477222866,-0.0003567281784,-0.0001025794432
2025-08-11,BND,False,,,
2025-08-11,GLD,False,,,
2025-08-11,GOOGL,True,5.792640571,0.02134664814,0.003698762951
2025-08-11,JNJ,True,9.60407923,-0.007786288826,-0.0008100705124
2025-08-11,JPM,True,9.201079415,0.008266283447,0.0008992115176
2025-08-11,MSFT,True,8.43568119,0.004015300304,0.0004762167235
2025-08-11,PG,True,6.668696378,0.000557605443,8.362235131e-05
2025-08-11,TSLA,True,1.708075872,0.001739626369,0.001019509709
2025-08-11,VNQ,False,,,
2025-08-11,WMT,True,1.905089628,-0.0003030676667,-0.0001590578506
2025-08-12,AAPL,True,6.698342556,0.009292297217,0.001389180356
2025-08-12,AMZN,True,2.593152916,0.005363598847,0.002072656693
2025-08-12,BAC,True,3.471833399,-0.005389467074,-0.001549934324
2025-08-12,BND,False,,,
2025-08-12,GLD,False,,,
2025-08-12,GOOGL,True,5.793190689,0.0005501181194,9.496845396e-05
2025-08-12,JNJ,True,9.62046843,0.01638919951,0.001706483163
2025-08-12,JPM,True,9.19481314,-0.00626627446,-0.0006810368846
2025-08-12,MSFT,True,8.414391493,-0.02128969635,-0.002523767301
2025-08-12,PG,True,6.674244899,0.005548521211,0.0008320248662
2025-08-12,TSLA,True,1.708788259,0.0007123875069,0.0004170701774
2025-08-12,VNQ,False,,,
2025-08-12,WMT,True,1.908677291,0.003587663191,0.001883199162
2025-08-13,AAPL,True,6.692798344,-0.005544211903,-0.0008276990698
2025-08-13,AMZN,True,2.592134011,-0.001018905104,-0.0003929213343
2025-08-13,BAC,True,3.469455104,-0.002378295106,-0.0006850257005
2025-08-13,BND,False,,,
2025-08-13,GLD,False,,,
2025-08-13,GOOGL,True,5.776767849,-0.01642284057,-0.002834852408
2025-08-13,JNJ,True,9.623448647,0.002980217371,0.0003097788213
2025-08-13,JPM,True,9.226833906,0.03202076559,0.003482481384
2025-08-13,MSFT,True,8.435348532,0.02095703892,0.002490618476
2025-08-13,PG,True,6.670814478,-0.003430421431,-0.0005139789569
2025-08-13,TSLA,True,1.710703044,0.001914784497,0.001120551061
2025-08-13,VNQ,False,,,
2025-08-13,WMT,True,1.908060112,-0.0006171796053,-0.0003233546122
2025-08-14,AAPL,True,6.69949994,0.006701595927,0.001001314485
2025-08-14,AMZN,True,2.593704844,0.001570833791,0.0006060002241
2025-08-14,BAC,True,3.463392683,-0.006062421392,-0.001747369892
2025-08-14,BND,False,,,
2025-08-14,GLD,False,,,
2025-08-14,GOOGL,True,5.780173751,0.003405902623,0.0005895862033
2025-08-14,JNJ,True,9.621529018,-0.001919628929,-0.0001994741178
2025-08-14,JPM,True,9.237586093,0.01075218746,0.001165317114
2025-08-14,MSFT,True,8.425161887,-0.01018664533,-0.001207614041
2025-08-14,PG,True,6.681061309,0.01024683164,0.001536069047
2025-08-14,TSLA,True,1.717714029,0.007010985084,0.004098306313
2025-08-14,VNQ,False,,,
2025-08-14,WMT,True,1.908344151,0.0002840387534,0.0001488625812
2025-08-15,AAPL,True,6.679250923,-0.02024901712,-0.003022466945
2025-08-15,AMZN,True,2.586374768,-0.007330076188,-0.002826102671
2025-08-15,BAC,True,3.456258091,-0.007134591637,-0.002060000783
2025-08-15,BND,False,,,
2025-08-15,GLD,False,,,
2025-08-15,GOOGL,True,5.775223609,-0.004950142713,-0.0008564003308
2025-08-15,JNJ,True,9.653737813,0.03220879509,0.003347575528
2025-08-15,JPM,True,9.24155471,0.003968616298,0.0004296161635
2025-08-15,MSFT,True,8.430839066,0.005677178635,0.0006738361484
2025-08-15,PG,True,6.679375427,-0.001685882561,-0.0002523375378
2025-08-15,TSLA,True,1.715699974,-0.002014055172,-0.001172520651
2025-08-15,VNQ,False,,,
2025-08-15,WMT,True,1.91059904,0.002254889072,0.001181594563
2025-08-18,AAPL,True,6.688133902,0.008882978763,0.001329936376
2025-08-18,AMZN,True,2.587227593,0.000852825185,0.0003297376681
2025-08-18,BAC,True,3.463301833,0.007043741532,0.002037967463
2025-08-18,BND,False,,,
2025-08-18,GLD,False,,,
2025-08-18,GOOGL,True,5.780543688,0.00532007931,0.000921190186
2025-08-18,JNJ,True,9.655005496,0.001267682105,0.0001313151578
2025-08-18,JPM,True,9.223532686,-0.01802202402,-0.001950107378
2025-08-18,MSFT,True,8.402904401,-0.02793466451,-0.003313390789
2025-08-18,PG,True,6.683072884,0.003697457478,0.0005535633561
2025-08-18,TSLA,True,1.719664538,0.003964564185,0.002310756102
2025-08-18,VNQ,False,,,
2025-08-18,WMT,True,1.912286394,0.001687354105,0.000883154482
2025-08-19,AAPL,True,6.675399193,-0.0127347087,-0.001904075021
2025-08-19,AMZN,True,2.590189555,0.002961961118,0.001144839799
2025-08-19,BAC,True,3.460767473,-0.002534359906,-0.0007317756375
2025-08-19,BND,False,,,
2025-08-19,GLD,False,,,
2025-08-19,GOOGL,True,5.780781926,0.0002382382911,4.12138207e-05
2025-08-19,JNJ,True,9.655626139,0.0006206431561,6.428200962e-05
2025-08-19,JPM,True,9.233904297,0.01037161142,0.001124472777
2025-08-19,MSFT,True,8.385525263,-0.01737913823,-0.002068229912
2025-08-19,PG,True,6.673354603,-0.009718281309,-0.001454163598
2025-08-19,TSLA,True,1.725980609,0.006316071018,0.003672850651
2025-08-19,VNQ,False,,,
2025-08-19,WMT,True,1.916250628,0.003964234657,0.002073033972
2025-08-20,AAPL,True,6.684193329,0.008794136041,0.001317394778
2025-08-20,AMZN,True,2.599350933,0.009161378811,0.003536953037
2025-08-20,BAC,True,3.457983772,-0.002783701051,-0.0008043594587
2025-08-20,BND,False,,,
2025-08-20,GLD,False,,,
2025-08-20,GOOGL,True,5.787840148,0.007058221489,0.00122098041
2025-08-20,JNJ,True,9.661079703,0.005453564159,0.0005648068888
2025-08-20,JPM,True,9.235728999,0.001824701772,0.000197608911
2025-08-20,MSFT,True,8.40288311,0.01735784686,0.00206997729
2025-08-20,PG,True,6.683950145,0.01059554225,0.001587738533
2025-08-20,TSLA,True,1.725269785,-0.0007108238138,-0.0004118376592
2025-08-20,VNQ,False,,,
2025-08-20,WMT,True,1.91346141,-0.002789218632,-0.001455560453
2025-08-21,AAPL,True,6.681206153,-0.002987176017,-0.0004469014989
2025-08-21,AMZN,True,2.606692709,0.007341775146,0.002824464774
2025-08-21,BAC,True,3.461248642,0.003264870213,0.0009441542902
2025-08-21,BND,False,,,
2025-08-21,GLD,False,,,
2025-08-21,GOOGL,True,5.809199497,0.02135934952,0.003690383455
2025-08-21,JNJ,True,9.656136855,-0.004942848026,-0.0005116248058
2025-08-21,JPM,True,9.235440959,-0.0002880397108,-3.118754468e-05
2025-08-21,MSFT,True,8.398430708,-0.004452401617,-0.000529865947
2025-08-21,PG,True,6.697528296,0.01357815061,0.002031455998
2025-08-21,TSLA,True,1.725837928,0.0005681431991,0.0003293068736
2025-08-21,VNQ,False,,,
2025-08-21,WMT,True,1.917659701,0.004198291078,0.002194081917
2025-08-22,AAPL,True,6.708504284,0.02729813095,0.004085808808
2025-08-22,AMZN,True,2.615049525,0.008356816234,0.003205907703
2025-08-22,BAC,True,3.467833735,0.006585093248,0.001902519561
2025-08-22,BND,False,,,
2025-08-22,GLD,False,,,
2025-08-22,GOOGL,True,5.820924422,0.01172492475,0.002018337425
2025-08-22,JNJ,True,9.654199483,-0.001937371943,-0.0002006363386
2025-08-22,JPM,True,9.219372872,-0.0160680871,-0.001739828901
2025-08-22,MSFT,True,8.446255527,0.04782481865,0.005694494639
2025-08-22,PG,True,6.720281977,0.02275368096,0.003397325096
2025-08-22,TSLA,True,1.733037123,0.007199194537,0.004171419818
2025-08-22,VNQ,False,,,
2025-08-22,WMT,True,1.918912377,0.001252676117,0.0006532317058
2025-08-25,AAPL,True,6.711510827,0.003006543473,0.0004481689727
2025-08-25,AMZN,True,2.618518411,0.003468885774,0.001326508634
2025-08-25,BAC,True,3.46790179,6.805502163e-05,1.962464952e-05
2025-08-25,BND,False,,,
2025-08-25,GLD,False,,,
2025-08-25,GOOGL,True,5.855334444,0.03441002227,0.005911436016
2025-08-25,JNJ,True,9.672866827,0.01866734362,0.001933598291
2025-08-25,JPM,True,9.237542518,0.01816964589,0.00197081148
2025-08-25,MSFT,True,8.477359353,0.03110382601,0.003682558018
2025-08-25,PG,True,6.721613378,0.001331401269,0.0001981168756
2025-08-25,TSLA,True,1.736128815,0.003091691603,0.001783973097
2025-08-25,VNQ,False,,,
2025-08-25,WMT,True,1.91978186,0.0008694835451,0.0004531126879
2025-08-26,AAPL,True,6.712812217,0.001301390156,0.0001939042027
2025-08-26,AMZN,True,2.625654426,0.007136015049,0.002725210951
2025-08-26,BAC,True,3.474693226,0.006791436102,0.001958370367
2025-08-26,BND,False,,,
2025-08-26,GLD,False,,,
2025-08-26,GOOGL,True,5.87954919,0.02421474597,0.004135501773
2025-08-26,JNJ,True,9.685893242,0.0130264153,0.001346696438
2025-08-26,JPM,True,9.268534015,0.03099149685,0.003354950388
2025-08-26,MSFT,True,8.489278545,0.01191919232,0.001406002957
2025-08-26,PG,True,6.741298391,0.01968501331,0.002928614338
2025-08-26,TSLA,True,1.736769974,0.0006411592653,0.000369303971
2025-08-26,VNQ,False,,,
2025-08-26,WMT,True,1.920529479,0.0007476185817,0.0003894289227
2025-08-27,AAPL,True,6.738821941,0.02600972367,0.003874638948
2025-08-27,AMZN,True,2.631988583,0.006334157311,0.002412410883
2025-08-27,BAC,True,3.475644516,0.0009512899118,0.0002737766617
2025-08-27,BND,False,,,
2025-08-27,GLD,False,,,
2025-08-27,GOOGL,True,5.873120662,-0.006428528313,-0.001093370955
2025-08-27,JNJ,True,9.702858235,0.01696499343,0.001751515632
2025-08-27,JPM,True,9.267569115,-0.0009649002066,-0.0001041049431
2025-08-27,MSFT,True,8.498658462,0.00937991672,0.001104913294
2025-08-27,PG,True,6.743653341,0.002354949128,0.0003493316853
2025-08-27,TSLA,True,1.742288194,0.005518219833,0.003177288827
2025-08-27,VNQ,False,,,
2025-08-27,WMT,True,1.918681524,-0.001847955299,-0.0009622113691
2025-08-28,AAPL,True,6.768909306,0.03008736512,0.004464781142
2025-08-28,AMZN,True,2.637228811,0.005240228008,0.001990976725
2025-08-28,BAC,True,3.472489121,-0.003155395585,-0.0009078591239
2025-08-28,BND,False,,,
2025-08-28,GLD,False,,,
2025-08-28,GOOGL,True,5.868262535,-0.004858127076,-0.0008271798514
2025-08-28,JNJ,True,9.719140366,0.01628213085,0.001678075723
2025-08-28,JPM,True,9.288420982,0.02085186772,0.002249982435
2025-08-28,MSFT,True,8.502385956,0.003727493915,0.0004385979189
2025-08-28,PG,True,6.754541645,0.01088830431,0.001614600241
2025-08-28,TSLA,True,1.748513006,0.006224812435,0.003572780013
2025-08-28,VNQ,False,,,
2025-08-28,WMT,True,1.92220043,0.003518906219,0.001834023091
2025-08-29,AAPL,True,6.772132377,0.003223070347,0.0004761580044
2025-08-29,AMZN,True,2.641504748,0.004275936773,0.001621374966
2025-08-29,BAC,True,3.474946117,0.002456996008,0.0007075604625
2025-08-29,BND,False,,,
2025-08-29,GLD,False,,,
2025-08-29,GOOGL,True,5.877133657,0.008871121936,0.001511711837
2025-08-29,JNJ,True,9.725077006,0.005936640389,0.0006108194928
2025-08-29,JPM,True,9.32511271,0.03669172786,0.003950265382
2025-08-29,MSFT,True,8.50675356,0.004367603778,0.000513691545
2025-08-29,PG,True,6.761690756,0.007149111321,0.001058415463
2025-08-29,TSLA,True,1.756484871,0.007971865116,0.004559225518
2025-08-29,VNQ,False,,,
2025-08-29,WMT,True,1.922884588,0.0006841578606,0.0003559243094
2025-09-02,AAPL,True,6.760613697,-0.01151867947,-0.001700894021
2025-09-02,AMZN,True,2.639038353,-0.002466395084,-0.0009337083669
2025-09-02,BAC,True,3.483270696,0.008324579255,0.002395599522
2025-09-02,BND,False,,,
2025-09-02,GLD,False,,,
2025-09-02,GOOGL,True,5.873989989,-0.00314366796,-0.0005348981567
2025-09-02,JNJ,True,9.727987942,0.002910935205,0.0002993225867
2025-09-02,JPM,True,9.34233139,0.01721867981,0.0018464849
2025-09-02,MSFT,True,8.523711244,0.01695768425,0.001993437817
2025-09-02,PG,True,6.762213041,0.0005222847684,7.724174133e-05
2025-09-02,TSLA,True,1.752118514,-0.004366356748,-0.002485849334
2025-09-02,VNQ,False,,,
2025-09-02,WMT,True,1.925776153,0.002891565118,0.001503764259
2025-09-03,AAPL,True,6.768851831,0.008238133968,0.001218548247
2025-09-03,AMZN,True,2.64234414,0.003305787241,0.001252648427
2025-09-03,BAC,True,3.493725784,0.01045508846,0.003001514776
2025-09-03,BND,False,,,
2025-09-03,GLD,False,,,
2025-09-03,GOOGL,True,5.882528248,0.008538259268,0.00145357062
2025-09-03,JNJ,True,9.737927632,0.009939690685,0.001021762233
2025-09-03,JPM,True,9.330366201,-0.01196518924,-0.00128074982
2025-09-03,MSFT,True,8.53251811,0.008806865948,0.00103321965
2025-09-03,PG,True,6.780085212,0.01787217087,0.002642947029
2025-09-03,TSLA,True,1.753939606,0.001821091277,0.001039365352
2025-09-03,VNQ,False,,,
2025-09-03,WMT,True,1.930197607,0.004421453739,0.002295933373
2025-09-04,AAPL,True,6.779018138,0.01016630737,0.001501924939
2025-09-04,AMZN,True,2.650036497,0.007692357674,0.002911186911
2025-09-04,BAC,True,3.497444983,0.003719198607,0.001064536497
2025-09-04,BND,False,,,
2025-09-04,GLD,False,,,
2025-09-04,GOOGL,True,5.899932186,0.01740393758,0.002958581216
2025-09-04,JNJ,True,9.754771203,0.016843571,0.001729687428
2025-09-04,JPM,True,9.345524633,0.01515843228,0.001624634227
2025-09-04,MSFT,True,8.562209084,0.02969097448,0.003479743506
2025-09-04,PG,True,6.804513932,0.02442872039,0.003603010822
2025-09-04,TSLA,True,1.751123449,-0.002816157033,-0.001605618018
2025-09-04,VNQ,False,,,
2025-09-04,WMT,True,1.933582905,0.00338529825,0.001753860972
2025-09-05,AAPL,True,6.798561397,0.01954325877,0.002882904039
2025-09-05,AMZN,True,2.652888243,0.0028517459,0.001076115707
2025-09-05,BAC,True,3.499867592,0.002422609109,0.0006926796908
2025-09-05,BND,False,,,
2025-09-05,GLD,False,,,
2025-09-05,GOOGL,True,5.917530322,0.01759813623,0.002982769238
2025-09-05,JNJ,True,9.773959924,0.01918872063,0.001967111296
2025-09-05,JPM,True,9.352692511,0.00716787804,0.0007669850887
2025-09-05,MSFT,True,8.591082158,0.02887307384,0.003372152392
2025-09-05,PG,True,6.824188375,0.01967444294,0.002891381095
2025-09-05,TSLA,True,1.749312642,-0.001810807006,-0.00103408301
2025-09-05,VNQ,False,,,
2025-09-05,WMT,True,1.937529079,0.003946174527,0.002040861303
2025-09-08,AAPL,True,6.805262073,0.006700675822,0.0009856020165
2025-09-08,AMZN,True,2.667607901,0.0147196577,0.00554854044
2025-09-08,BAC,True,3.510210298,0.01034270609,0.002955170679
2025-09-08,BND,False,,,
2025-09-08,GLD,False,,,
2025-09-08,GOOGL,True,5.936282602,0.01875228047,0.003168936947
2025-09-08,JNJ,True,9.794923352,0.02096342839,0.002144824467
2025-09-08,JPM,True,9.362282699,0.009590188044,0.001025393279
2025-09-08,MSFT,True,8.591125026,4.286793419e-05,4.989817743e-06
2025-09-08,PG,True,6.836772,0.01258362496,0.001843973857
2025-09-08,TSLA,True,1.746501525,-0.002811116659,-0.001606983562
2025-09-08,VNQ,False,,,
2025-09-08,WMT,True,1.944490631,0.006961551766,0.003593005049
2025-09-09,AAPL,True,6.815815439,0.01055336638,0.001550765609
2025-09-09,AMZN,True,2.672082296,0.004474394868,0.001677306049
2025-09-09,BAC,True,3.515806191,0.005595892961,0.001594175985
2025-09-09,BND,False,,,
2025-09-09,GLD,False,,,
2025-09-09,GOOGL,True,5.953907184,0.01762458189,0.002968959376
2025-09-09,JNJ,True,9.811525205,0.01660185227,0.001694944582
2025-09-09,JPM,True,9.394890607,0.03260790761,0.00348290141
2025-09-09,MSFT,True,8.600670912,0.009545885733,0.001111133374
2025-09-09,PG,True,6.85081445,0.01404244944,0.002053959008
2025-09-09,TSLA,True,1.747831807,0.001330281689,0.0007616836688
2025-09-09,VNQ,False,,,
2025-09-09,WMT,True,1.949074759,0.004584127764,0.002357495424
2025-09-10,AAPL,True,6.843549634,0.02773419416,0.004069094065
2025-09-10,AMZN,True,2.682114331,0.01003203517,0.003754388548
2025-09-10,BAC,True,3.527344158,0.01153796652,0.003281741341
2025-09-10,BND,False,,,
2025-09-10,GLD,False,,,
2025-09-10,GOOGL,True,5.972508457,0.01860127242,0.003124212696
2025-09-10,JNJ,True,9.836241939,0.02471673403,0.002519153089
2025-09-10,JPM,True,9.410030744,0.01514013757,0.001611528884
2025-09-10,MSFT,True,8.595226082,-0.00544483012,-0.0006330703937
2025-09-10,PG,True,6.87036486,0.01955041002,0.002853735152
2025-09-10,TSLA,True,1.750599232,0.002767425671,0.001583347814
2025-09-10,VNQ,False,,,
2025-09-10,WMT,True,1.952855803,0.003781044009,0.001939917385
2025-09-11,AAPL,True,6.866037284,0.02248765042,0.003285962932
2025-09-11,AMZN,True,2.683015634,0.0009013033519,0.0003360421073
2025-09-11,BAC,True,3.53564014,0.008295982088,0.002351906057
2025-09-11,BND,False,,,
2025-09-11,GLD,False,,,
2025-09-11,GOOGL,True,5.999695232,0.02718677561,0.004551986123
2025-09-11,JNJ,True,9.863725789,0.02748385049,0.002794141366
2025-09-11,JPM,True,9.418660541,0.008629796695,0.0009170848565
2025-09-11,MSFT,True,8.615521088,0.02029500611,0.002361195147
2025-09-11,PG,True,6.884269473,0.01390461336,0.002023853702
2025-09-11,TSLA,True,1.75446273,0.003863497848,0.002206957353
2025-09-11,VNQ,False,,,
2025-09-11,WMT,True,1.955554029,0.002698226417,0.001381682361
2025-09-12,AAPL,True,6.880190035,0.01415275091,0.00206126916
2025-09-12,AMZN,True,2.702705106,0.01968947125,0.007338560014
2025-09-12,BAC,True,3.541508534,0.005868393992,0.001659782602
2025-09-12,BND,False,,,
2025-09-12,GLD,False,,,
2025-09-12,GOOGL,True,6.017519179,0.01782394654,0.002970808657
2025-09-12,JNJ,True,9.890700125,0.02697433566,0.002734700481
2025-09-12,JPM,True,9.445214363,0.02655382169,0.002819277919
2025-09-12,MSFT,True,8.635949186,0.02042809867,0.002371081037
2025-09-12,PG,True,6.893204612,0.008935139487,0.001297906702
2025-09-12,TSLA,True,1.758159978,0.003697247458,0.002107338842
2025-09-12,VNQ,False,,,
2025-09-12,WMT,True,1.960663002,0.005108972898,0.002612544998
2025-09-15,AAPL,True,6.889073597,0.008883561951,0.001291179736
2025-09-15,AMZN,True,2.709277738,0.006572632006,0.00243187168
2025-09-15,BAC,True,3.549116165,0.007607631768,0.002148133118
2025-09-15,BND,False,,,
2025-09-15,GLD,False,,,
2025-09-15,GOOGL,True,6.026619136,0.009099957378,0.001512244017
2025-09-15,JNJ,True,9.903185326,0.01248520084,0.001262317195
2025-09-15,JPM,True,9.456202006,0.01098764327,0.00116330269
2025-09-15,MSFT,True,8.673767211,0.03781802463,0.004379139318
2025-09-15,PG,True,6.89062301,-0.002581602053,-0.000374514061
2025-09-15,TSLA,True,1.758174266,1.428812872e-05,8.126751208e-06
2025-09-15,VNQ,False,,,
2025-09-15,WMT,True,1.968235893,0.007572890558,0.003862413148
2025-09-16,AAPL,True,6.891680727,0.002607130009,0.0003784442092
2025-09-16,AMZN,True,2.711415255,0.002137517417,0.0007889620866
2025-09-16,BAC,True,3.550736477,0.00162031171,0.0004565394974
2025-09-16,BND,False,,,
2025-09-16,GLD,False,,,
2025-09-16,GOOGL,True,6.016045483,-0.01057365288,-0.001754491638
2025-09-16,JNJ,True,9.91169594,0.008510613851,0.0008593814587
2025-09-16,JPM,True,9.457862952,0.001660945919,0.0001756461968
2025-09-16,MSFT,True,8.69304903,0.01928181908,0.002223003985
2025-09-16,PG,True,6.900322195,0.009699185068,0.00140759189
2025-09-16,TSLA,True,1.761117475,0.002943208691,0.001674014202
2025-09-16,VNQ,False,,,
2025-09-16,WMT,True,1.968384653,0.0001487605994,7.558067604e-05
2025-09-17,AAPL,True,6.900152655,0.008471928466,0.001229297874
2025-09-17,AMZN,True,2.707129267,-0.004285988653,-0.001580720122
2025-09-17,BAC,True,3.563552005,0.01281552825,0.003609259186
2025-09-17,BND,False,,,
2025-09-17,GLD,False,,,
2025-09-17,GOOGL,True,6.029384937,0.01333945349,0.002217312606
2025-09-17,JNJ,True,9.916859429,0.005163489351,0.0005209491274
2025-09-17,JPM,True,9.458771412,0.000908460264,9.60534392e-05
2025-09-17,MSFT,True,8.740772998,0.04772396802,0.005489899787
2025-09-17,PG,True,6.894460675,-0.005861520585,-0.0008494560716
2025-09-17,TSLA,True,1.768062129,0.006944654737,0.003943322826
2025-09-17,VNQ,False,,,
2025-09-17,WMT,True,1.970138866,0.001754212827,0.0008911941187
2025-09-18,AAPL,True,6.91283067,0.01267801483,0.001837352804
2025-09-18,AMZN,True,2.7100202,0.002890933806,0.001067896477
2025-09-18,BAC,True,3.57235398,0.008801975051,0.002470000448
2025-09-18,BND,False,,,
2025-09-18,GLD,False,,,
2025-09-18,GOOGL,True,6.027249086,-0.002135850553,-0.0003542402045
2025-09-18,JNJ,True,9.927270968,0.01041153877,0.001049882662
2025-09-18,JPM,True,9.449277311,-0.00949410083,-0.001003735096
2025-09-18,MSFT,True,8.757171289,0.01639829084,0.001876068724
2025-09-18,PG,True,6.906691703,0.01223102833,0.001774036999
2025-09-18,TSLA,True,1.771686557,0.003624427568,0.002049943556
2025-09-18,VNQ,False,,,
2025-09-18,WMT,True,1.974600238,0.004461372146,0.002264496286
2025-09-19,AAPL,True,6.945224004,0.03239333392,0.004685972428
2025-09-19,AMZN,True,2.710361436,0.0003412358543,0.0001259163508
2025-09-19,BAC,True,3.58130923,0.008955250058,0.002506820463
2025-09-19,BND,False,,,
2025-09-19,GLD,False,,,
2025-09-19,GOOGL,True,6.051431287,0.02418220067,0.004012145562
2025-09-19,JNJ,True,9.923843343,-0.00342762448,-0.0003452735894
2025-09-19,JPM,True,9.457463807,0.00818649564,0.00086636209
2025-09-19,MSFT,True,8.768150787,0.01097949782,0.001253772189
2025-09-19,PG,True,6.909968222,0.003276518488,0.0004743976752
2025-09-19,TSLA,True,1.770930752,-0.0007558046261,-0.0004266017729
2025-09-19,VNQ,False,,,
2025-09-19,WMT,True,1.976161919,0.001561680377,0.0007908843252
2025-09-22,AAPL,True,6.959653206,0.01442920173,0.002077571828
2025-09-22,AMZN,True,2.716783445,0.006422008807,0.002369428933
2025-09-22,BAC,True,3.586181218,0.004871987916,0.001360392974
2025-09-22,BND,False,,,
2025-09-22,GLD,False,,,
2025-09-22,GOOGL,True,6.048432633,-0.002998653746,-0.0004955280171
2025-09-22,JNJ,True,9.918030121,-0.005813222042,-0.0005857833343
2025-09-22,JPM,True,9.468836027,0.01137221963,0.001202459757
2025-09-22,MSFT,True,8.775305528,0.007154741467,0.000815992065
2025-09-22,PG,True,6.934582317,0.02461409515,0.003562114088
2025-09-22,TSLA,True,1.77455691,0.003626158131,0.002047600182
2025-09-22,VNQ,False,,,
2025-09-22,WMT,True,1.979654101,0.003492182091,0.001767153824
2025-09-23,AAPL,True,6.95607056,-0.003582645811,-0.0005147736109
2025-09-23,AMZN,True,2.721731783,0.004948338082,0.001821395846
2025-09-23,BAC,True,3.594526933,0.008345714836,0.002327187146
2025-09-23,BND,False,,,
2025-09-23,GLD,False,,,
2025-09-23,GOOGL,True,6.048476091,4.345830755e-05,7.185052755e-06
2025-09-23,JNJ,True,9.929707162,0.01167704069,0.001177354832
2025-09-23,JPM,True,9.459243753,-0.009592274015,-0.001013036237
2025-09-23,MSFT,True,8.786622914,0.01131738606,0.001289685701
2025-09-23,PG,True,6.938148683,0.003566366291,0.0005142871088
2025-09-23,TSLA,True,1.777248755,0.002691844536,0.001516910796
2025-09-23,VNQ,False,,,
2025-09-23,WMT,True,1.979997198,0.0003430972238,0.0001733117031
2025-09-24,AAPL,True,7.245978243,0.289907683,0.04167693247
2025-09-24,AMZN,True,2.542894866,-0.1788369169,-0.06570703183
2025-09-24,BAC,True,3.564991029,-0.02953590445,-0.00821691004
2025-09-24,BND,False,,,
2025-09-24,GLD,False,,,
2025-09-24,GOOGL,True,5.73286221,-0.315613881,-0.05218072722
2025-09-24,JNJ,True,9.996849248,0.06714208622,0.006761738803
2025-09-24,JPM,True,9.365415099,-0.0938286534,-0.009919255266
2025-09-24,MSFT,True,8.729247463,-0.05737545177,-0.0065298639
2025-09-24,PG,True,7.046417697,0.1082690142,0.01560488527
2025-09-24,TSLA,True,1.741771072,-0.03547768288,-0.01996213686
2025-09-24,VNQ,False,,,
2025-09-24,WMT,True,2.000983472,0.02098627409,0.01059914333
2025-09-25,AAPL,True,7.255280758,0.009302514684,0.00128381764
2025-09-25,AMZN,True,2.548224345,0.00532947846,0.002095831224
2025-09-25,BAC,True,3.567820429,0.002829400611,0.0007936627578
2025-09-25,BND,False,,,
2025-09-25,GLD,False,,,
2025-09-25,GOOGL,True,5.736825529,0.003963318806,0.0006913333446
2025-09-25,JNJ,True,9.98697278,-0.009876468506,-0.0009879581317
2025-09-25,JPM,True,9.368233889,0.002818789604,0.0003009786084
2025-09-25,MSFT,True,8.736020926,0.006773463369,0.0007759504354
2025-09-25,PG,True,7.034677522,-0.01174017574,-0.001666119757
2025-09-25,TSLA,True,1.742756278,0.0009852064438,0.0005656348642
2025-09-25,VNQ,False,,,
2025-09-25,WMT,True,1.999034261,-0.001949211507,-0.0009741267404
2025-09-26,AAPL,True,7.307017516,0.0517367587,0.007130910632
2025-09-26,AMZN,True,2.542102066,-0.006122278535,-0.002402566535
2025-09-26,BAC,True,3.572978709,0.005158279995,0.00144577904
2025-09-26,BND,False,,,
2025-09-26,GLD,False,,,
2025-09-26,GOOGL,True,5.725711547,-0.01111398232,-0.001937305268
2025-09-26,JNJ,True,10.00785171,0.02087893501,0.002090616994
2025-09-26,JPM,True,9.379061236,0.01082734738,0.001155751181
2025-09-26,MSFT,True,8.76189449,0.02587356456,0.00296171046
2025-09-26,PG,True,7.042409554,0.007732032262,0.001099131017
2025-09-26,TSLA,True,1.7516728,0.008916521494,0.00511633302
2025-09-26,VNQ,False,,,
2025-09-26,WMT,True,2.00055958,0.001525319443,0.0007630281645
2025-09-29,AAPL,True,7.32525099,0.0182334734,0.002495337306
2025-09-29,AMZN,True,2.540560231,-0.001541835309,-0.0006065198286
2025-09-29,BAC,True,3.581784558,0.008805848641,0.002464567902
2025-09-29,BND,False,,,
2025-09-29,GLD,False,,,
2025-09-29,GOOGL,True,5.721707181,-0.004004365834,-0.0006993656248
2025-09-29,JNJ,True,10.04899114,0.04113942738,0.004110715121
2025-09-29,JPM,True,9.396365436,0.01730420027,0.001844982119
2025-09-29,MSFT,True,8.79235777,0.03046327961,0.003476791423
2025-09-29,PG,True,7.05885624,0.01644668631,0.002335377712
2025-09-29,TSLA,True,1.754290015,0.002617214819,0.001494123114
2025-09-29,VNQ,False,,,
2025-09-29,WMT,True,2.002620268,0.002060687985,0.001030055793
2025-09-30,AAPL,True,7.343418455,0.01816746529,0.002480115059
2025-09-30,AMZN,True,2.541343243,0.0007830125914,0.0003082046951
2025-09-30,BAC,True,3.586558642,0.00477408362,0.001332878498
2025-09-30,BND,False,,,
2025-09-30,GLD,False,,,
2025-09-30,GOOGL,True,5.730324597,0.008617416398,0.001506091823
2025-09-30,JNJ,True,10.08147213,0.03248099204,0.003232263973
2025-09-30,JPM,True,9.402938408,0.006572971171,0.0006995227267
2025-09-30,MSFT,True,8.809434949,0.01707717854,0.001942275211
2025-09-30,PG,True,7.071761758,0.01290551824,0.001828273278
2025-09-30,TSLA,True,1.75582227,0.001532255271,0.0008734332741
2025-09-30,VNQ,False,,,
2025-09-30,WMT,True,2.004107823,0.001487554569,0.0007428041115
2025-10-01,AAPL,True,7.370334084,0.02691562857,0.003665272344
2025-10-01,AMZN,True,2.538540645,-0.002802598309,-0.00110280196
2025-10-01,BAC,True,3.58583157,-0.0007270719214,-0.0002027213254
2025-10-01,BND,False,,,
2025-10-01,GLD,False,,,
2025-10-01,GOOGL,True,5.732740778,0.002416181022,0.0004216481948
2025-10-01,JNJ,True,10.06781418,-0.01365795685,-0.001354758181
2025-10-01,JPM,True,9.408439963,0.005501555394,0.0005850889536
2025-10-01,MSFT,True,8.80037287,-0.009062078507,-0.001028678747
2025-10-01,PG,True,7.06866679,-0.003094968704,-0.0004376517211
2025-10-01,TSLA,True,1.765230311,0.009408041088,0.005358196697
2025-10-01,VNQ,False,,,
2025-10-01,WMT,True,2.006841192,0.002733369045,0.001363883227
2025-10-02,AAPL,True,7.388181884,0.01784780041,0.002421572782
2025-10-02,AMZN,True,2.529766598,-0.00877404722,-0.003456335134
2025-10-02,BAC,True,3.597299417,0.01146784716,0.003198099781
2025-10-02,BND,False,,,
2025-10-02,GLD,False,,,
2025-10-02,GOOGL,True,5.729747815,-0.002992962994,-0.0005220823878
2025-10-02,JNJ,True,10.07284481,0.005030637137,0.0004996752074
2025-10-02,JPM,True,9.406250156,-0.002189807403,-0.0002327492562
2025-10-02,MSFT,True,8.825164579,0.02479170878,0.002817120268
2025-10-02,PG,True,7.063047143,-0.005619646659,-0.0007950080017
2025-10-02,TSLA,True,1.767520645,0.002290333431,0.001297470034
2025-10-02,VNQ,False,,,
2025-10-02,WMT,True,2.008741307,0.001900115342,0.0009468189857
2025-10-03,AAPL,True,7.416648857,0.0284669734,0.003853041769
2025-10-03,AMZN,True,2.526187941,-0.003578656554,-0.001414619261
2025-10-03,BAC,True,3.598669919,0.001370502104,0.0003809808262
2025-10-03,BND,False,,,
2025-10-03,GLD,False,,,
2025-10-03,GOOGL,True,5.736957169,0.007209353785,0.001258232302
2025-10-03,JNJ,True,10.0769837,0.004138887439,0.0004108955826
2025-10-03,JPM,True,9.424880508,0.01863035201,0.001980635397
2025-10-03,MSFT,True,8.837265282,0.01210070329,0.001371158938
2025-10-03,PG,True,7.08763834,0.02459119724,0.003481669702
2025-10-03,TSLA,True,1.76112746,-0.006393184861,-0.003617035468
2025-10-03,VNQ,False,,,
2025-10-03,WMT,True,2.010851338,0.002110031149,0.001050424533
2025-10-06,AAPL,True,7.40966237,-0.006986487403,-0.0009420005635
2025-10-06,AMZN,True,2.524535008,-0.001652932799,-0.0006543190125
2025-10-06,BAC,True,3.606076381,0.007406461998,0.002058110959
2025-10-06,BND,False,,,
2025-10-06,GLD,False,,,
2025-10-06,GOOGL,True,5.740898605,0.00394143621,0.0006870255597
2025-10-06,JNJ,True,10.09611836,0.01913465541,0.00189884751
2025-10-06,JPM,True,9.423209815,-0.001670692422,-0.0001772640429
2025-10-06,MSFT,True,8.859343687,0.02207840482,0.002498329982
2025-10-06,PG,True,7.096917692,0.009279352022,0.001309230463
2025-10-06,TSLA,True,1.756220389,-0.004907070517,-0.002786323324
2025-10-06,VNQ,False,,,
2025-10-06,WMT,True,2.015269406,0.004418067736,0.002197113059
2025-10-07,AAPL,True,7.434366728,0.02470435785,0.003334073351
2025-10-07,AMZN,True,2.522396452,-0.002138556277,-0.0008471089804
2025-10-07,BAC,True,3.609602378,0.003525996705,0.0009777931281
2025-10-07,BND,False,,,
2025-10-07,GLD,False,,,
2025-10-07,GOOGL,True,5.734636681,-0.006261924773,-0.001090756901
2025-10-07,JNJ,True,10.1038494,0.007731041685,0.0007657439633
2025-10-07,JPM,True,9.445186249,0.02197643372,0.002332160077
2025-10-07,MSFT,True,8.861688114,0.00234442719,0.0002646276375
2025-10-07,PG,True,7.086181712,-0.01073598065,-0.001512766685
2025-10-07,TSLA,True,1.754881661,-0.00133872774,-0.0007622777575
2025-10-07,VNQ,False,,,
2025-10-07,WMT,True,2.019058427,0.003789021107,0.00188015612
2025-10-08,AAPL,True,7.40873287,-0.02563385833,-0.00344802177
2025-10-08,AMZN,True,2.521628277,-0.0007681751042,-0.0003045417795
2025-10-08,BAC,True,3.616575089,0.006972711192,0.001931711713
2025-10-08,BND,False,,,
2025-10-08,GLD,False,,,
2025-10-08,GOOGL,True,5.730488353,-0.004148327763,-0.0007233810953
2025-10-08,JNJ,True,10.07774566,-0.02610373844,-0.002583543896
2025-10-08,JPM,True,9.447208468,0.002022218657,0.0002141004533
2025-10-08,MSFT,True,8.876630502,0.01494238742,0.001686178437
2025-10-08,PG,True,7.080955228,-0.005226483924,-0.0007375599634
2025-10-08,TSLA,True,1.755485809,0.0006041475545,0.0003442668345
2025-10-08,VNQ,False,,,
2025-10-08,WMT,True,2.023502862,0.004444434753,0.002201241278
2025-10-09,AAPL,True,7.38683381,-0.02189905939,-0.002955844106
2025-10-09,AMZN,True,2.526196932,0.004568654524,0.001811787473
2025-10-09,BAC,True,3.613890729,-0.002684359714,-0.00074223807
2025-10-09,BND,False,,,
2025-10-09,GLD,False,,,
2025-10-09,GOOGL,True,5.746877766,0.01638941344,0.002860037825
2025-10-09,JNJ,True,10.06950567,-0.008239989369,-0.0008176421242
2025-10-09,JPM,True,9.460996381,0.01378791347,0.00145946959
2025-10-09,MSFT,True,8.867090792,-0.009539710026,-0.001074699462
2025-10-09,PG,True,7.093895721,0.01294049386,0.001827506804
2025-10-09,TSLA,True,1.757187758,0.001701949432,0.0009695033836
2025-10-09,VNQ,False,,,
2025-10-09,WMT,True,2.021929164,-0.001573697894,-0.0007777097445
2025-10-10,AAPL,True,7.400095566,0.01326175555,0.001795323395
2025-10-10,AMZN,True,2.526011742,-0.0001851892945,-7.330754472e-05
2025-10-10,BAC,True,3.609429874,-0.004460855614,-0.001234363723
2025-10-10,BND,False,,,
2025-10-10,GLD,False,,,
2025-10-10,GOOGL,True,5.738860114,-0.008017652539,-0.001395131907
2025-10-10,JNJ,True,10.08698873,0.01748305959,0.00173623812
2025-10-10,JPM,True,9.469803961,0.008807579779,0.0009309357518
2025-10-10,MSFT,True,8.901757267,0.03466647554,0.003909565872
2025-10-10,PG,True,7.103757914,0.009862192132,0.001390236412
2025-10-10,TSLA,True,1.758778011,0.001590252184,0.000904998442
2025-10-10,VNQ,False,,,
2025-10-10,WMT,True,2.02253572,0.0006065562107,0.000299988853
2025-10-13,AAPL,True,7.406448695,0.006353128805,0.0008585198324
2025-10-13,AMZN,True,2.531496582,0.005484840005,0.002171343827
2025-10-13,BAC,True,3.60862604,-0.0008038330314,-0.0002227036013
2025-10-13,BND,False,,,
2025-10-13,GLD,False,,,
2025-10-13,GOOGL,True,5.720649263,-0.01821085043,-0.00317325219
2025-10-13,JNJ,True,10.08710227,0.000113539935,1.125607831e-05
2025-10-13,JPM,True,9.494533244,0.0247292835,0.002611382833
2025-10-13,MSFT,True,8.89530937,-0.006447897393,-0.0007243398353
2025-10-13,PG,True,7.118330183,0.01457226896,0.002051346503
2025-10-13,TSLA,True,1.756586195,-0.002191816032,-0.001246215281
2025-10-13,VNQ,False,,,
2025-10-13,WMT,True,2.021262305,-0.001273415398,-0.0006296133041
2025-10-14,AAPL,True,7.419990659,0.01354196411,0.001828401797
2025-10-14,AMZN,True,2.530453791,-0.00104279149,-0.0004119268806
2025-10-14,BAC,True,3.607866724,-0.0007593164604,-0.000210417054
2025-10-14,BND,False,,,
2025-10-14,GLD,False,,,
2025-10-14,GOOGL,True,5.733272424,0.01262316095,0.002206595854
2025-10-14,JNJ,True,10.12477757,0.03767530038,0.003734997363
2025-10-14,JPM,True,9.50875449,0.01422124558,0.001497835145
2025-10-14,MSFT,True,8.904856314,0.009546944227,0.001073256008
2025-10-14,PG,True,7.106924882,-0.01140530087,-0.001602243866
2025-10-14,TSLA,True,1.759008455,0.002422260702,0.001378959205
2025-10-14,VNQ,False,,,
2025-10-14,WMT,True,2.021655367,0.0003930620264,0.0001944636406
2025-10-15,AAPL,True,7.432776051,0.01278539205,0.001723100829
2025-10-15,AMZN,True,2.525488784,-0.0049650064,-0.001962101192
2025-10-15,BAC,True,3.60207473,-0.005791994236,-0.001605379211
2025-10-15,BND,False,,,
2025-10-15,GLD,False,,,
2025-10-15,GOOGL,True,5.750293505,0.01702108085,0.002968824711
2025-10-15,JNJ,True,10.11077693,-0.01400064492,-0.001382810124
2025-10-15,JPM,True,9.521922433,0.01316794331,0.001384823146
2025-10-15,MSFT,True,8.902508653,-0.002347660571,-0.0002636382316
2025-10-15,PG,True,7.119413284,0.01248840221,0.001757216014
2025-10-15,TSLA,True,1.758944987,-6.346783206e-05,-3.608159578e-05
2025-10-15,VNQ,False,,,
2025-10-15,WMT,True,2.020101857,-0.001553509479,-0.0007684343753
2025-10-16,AAPL,True,7.441631196,0.008855145259,0.001191364464
2025-10-16,AMZN,True,2.532767504,0.007278719311,0.002882103202
2025-10-16,BAC,True,3.611077392,0.009002661734,0.00249929899
2025-10-16,BND,False,,,
2025-10-16,GLD,False,,,
2025-10-16,GOOGL,True,5.745763061,-0.004530444367,-0.0007878631523
2025-10-16,JNJ,True,10.11164837,0.0008714401068,8.618923286e-05
2025-10-16,JPM,True,9.53674034,0.01481790707,0.001556188593
2025-10-16,MSFT,True,8.911062491,0.008553837585,0.0009608345151
2025-10-16,PG,True,7.120427801,0.001014516983,0.0001425000829
2025-10-16,TSLA,True,1.76333722,0.004392232817,0.002497083677
2025-10-16,VNQ,False,,,
2025-10-16,WMT,True,2.0229608,0.002858942719,0.001415246815
2025-10-17,AAPL,True,7.434448941,-0.007182254555,-0.00096514519
2025-10-17,AMZN,True,2.53352921,0.0007617064312,0.0003007407629
2025-10-17,BAC,True,3.608913449,-0.002163942271,-0.0005992511477
2025-10-17,BND,False,,,
2025-10-17,GLD,False,,,
2025-10-17,GOOGL,True,5.727146476,-0.01861658507,-0.003240054432
2025-10-17,JNJ,True,10.0949983,-0.01665006235,-0.00164662197
2025-10-17,JPM,True,9.543366422,0.006626081695,0.0006947952296
2025-10-17,MSFT,True,8.914333413,0.00327092199,0.0003670630739
2025-10-17,PG,True,7.132840855,0.01241305425,0.00174330175
2025-10-17,TSLA,True,1.763587257,0.0002500366344,0.0001417974007
2025-10-17,VNQ,False,,,
2025-10-17,WMT,True,2.024889118,0.001928318351,0.0009532158761
2025-10-20,AAPL,True,7.435030597,0.0005816551971,7.823783601e-05
2025-10-20,AMZN,True,2.528924082,-0.004605128448,-0.001817673319
2025-10-20,BAC,True,3.604981429,-0.00393202066,-0.00108953033
2025-10-20,BND,False,,,
2025-10-20,GLD,False,,,
2025-10-20,GOOGL,True,5.722042508,-0.005103968,-0.0008911886611
2025-10-20,JNJ,True,10.09348864,-0.001509662054,-0.000149545548
2025-10-20,JPM,True,9.542345503,-0.001020919156,-0.0001069768372
2025-10-20,MSFT,True,8.91923814,0.004904726678,0.0005502067794
2025-10-20,PG,True,7.138569868,0.005729012648,0.0008031880655
2025-10-20,TSLA,True,1.765404349,0.001817092422,0.001030338825
2025-10-20,VNQ,False,,,
2025-10-20,WMT,True,2.024188552,-0.0007005667532,-0.000345977835
2025-10-21,AAPL,True,7.436905929,0.001875332212,0.0002522292528
2025-10-21,AMZN,True,2.526794236,-0.002129845443,-0.0008421942987
2025-10-21,BAC,True,3.599034842,-0.005946586821,-0.001649547144
2025-10-21,BND,False,,,
2025-10-21,GLD,False,,,
2025-10-21,GOOGL,True,5.703064887,-0.01897762065,-0.003316581557
2025-10-21,JNJ,True,10.11303395,0.01954530615,0.00193642722
2025-10-21,JPM,True,9.53005303,-0.01229247294,-0.001288202458
2025-10-21,MSFT,True,8.928156486,0.008918346251,0.0009999000039
2025-10-21,PG,True,7.144127781,0.005557913696,0.0007785752326
2025-10-21,TSLA,True,1.770566637,0.00516228727,0.002924138752
2025-10-21,VNQ,False,,,
2025-10-21,WMT,True,2.026495951,0.002307399254,0.001139913202
2025-10-22,AAPL,True,7.43871868,0.001812751356,0.0002437507444
2025-10-22,AMZN,True,2.52711772,0.0003234834354,0.0001280212812
2025-10-22,BAC,True,3.599317254,0.0002824118835,7.846878285e-05
2025-10-22,BND,False,,,
2025-10-22,GLD,False,,,
2025-10-22,GOOGL,True,5.71598964,0.01292475284,0.00226628192
2025-10-22,JNJ,True,10.12011089,0.007076937773,0.0006997838442
2025-10-22,JPM,True,9.539694331,0.0096413008,0.001011673363
2025-10-22,MSFT,True,8.913953566,-0.01420291944,-0.001590800908
2025-10-22,PG,True,7.128696003,-0.01543177812,-0.002160064685
2025-10-22,TSLA,True,1.771521428,0.0009547913586,0.0005392575116
2025-10-22,VNQ,False,,,
2025-10-22,WMT,True,2.020716511,-0.005779440352,-0.002851937774
2025-10-23,AAPL,True,7.464972952,0.02625427202,0.003529407838
2025-10-23,AMZN,True,2.53681287,0.009695149954,0.003836445718
2025-10-23,BAC,True,3.59443564,-0.004881613443,-0.001356260952
2025-10-23,BND,False,,,
2025-10-23,GLD,False,,,
2025-10-23,GOOGL,True,5.705290971,-0.0106986685,-0.001871708868
2025-10-23,JNJ,True,10.11113991,-0.008970975196,-0.0008864502867
2025-10-23,JPM,True,9.543812592,0.004118261571,0.0004316974348
2025-10-23,MSFT,True,8.898065984,-0.01588758274,-0.001782327294
2025-10-23,PG,True,7.12624522,-0.002450783334,-0.0003437912534
2025-10-23,TSLA,True,1.77515793,0.003636502148,0.002052756512
2025-10-23,VNQ,False,,,
2025-10-23,WMT,True,2.015698643,-0.005017867308,-0.002483211911
2025-10-24,AAPL,True,7.489714899,0.02474194697,0.00331440544
2025-10-24,AMZN,True,2.537582602,0.0007697323928,0.0003034249794
2025-10-24,BAC,True,3.592885139,-0.001550501245,-0.0004313615265
2025-10-24,BND,False,,,
2025-10-24,GLD,False,,,
2025-10-24,GOOGL,True,5.715703846,0.01041287436,0.001825125906
2025-10-24,JNJ,True,10.10789356,-0.003246351608,-0.0003210668269
2025-10-24,JPM,True,9.562033056,0.01822046381,0.001909138893
2025-10-24,MSFT,True,8.906561059,0.00849507494,0.0009547102657
2025-10-24,PG,True,7.119145509,-0.007099711462,-0.0009962766146
2025-10-24,TSLA,True,1.779720479,0.004562548554,0.002570221205
2025-10-24,VNQ,False,,,
2025-10-24,WMT,True,2.019895987,0.004197343558,0.002082326925
2025-10-27,AAPL,True,7.508580569,0.01886566974,0.002518876886
2025-10-27,AMZN,True,2.535977119,-0.001605482763,-0.0006326819713
2025-10-27,BAC,True,3.597038397,0.004153258492,0.001155967511
2025-10-27,BND,False,,,
2025-10-27,GLD,False,,,
2025-10-27,GOOGL,True,5.726376511,0.01067266488,0.001867252953
2025-10-27,JNJ,True,10.11696624,0.009072678918,0.0008975835435
2025-10-27,JPM,True,9.559314549,-0.002718507073,-0.000284302204
2025-10-27,MSFT,True,8.937384937,0.03082387833,0.003460805818
2025-10-27,PG,True,7.118699792,-0.0004457169136,-6.26082039e-05
2025-10-27,TSLA,True,1.777707869,-0.002012609429,-0.001130857038
2025-10-27,VNQ,False,,,
2025-10-27,WMT,True,2.020351609,0.0004556217375,0.0002255669304
2025-10-28,AAPL,True,7.506782657,-0.001797911959,-0.0002394476482
2025-10-28,AMZN,True,2.546855821,0.01087870204,0.004289747711
2025-10-28,BAC,True,3.606793396,0.009754998416,0.002711952817
2025-10-28,BND,False,,,
2025-10-28,GLD,False,,,
2025-10-28,GOOGL,True,5.729620493,0.003243982171,0.0005664982323
2025-10-28,JNJ,True,10.12626141,0.009295171843,0.0009187706695
2025-10-28,JPM,True,9.562201389,0.002886840313,0.0003019923969
2025-10-28,MSFT,True,8.936163233,-0.001221704214,-0.0001366959377
2025-10-28,PG,True,7.121982065,0.00328227308,0.0004610776091
2025-10-28,TSLA,True,1.780849604,0.003141734411,0.001767295103
2025-10-28,VNQ,False,,,
2025-10-28,WMT,True,2.02493015,0.00457854113,0.002266210055
2025-10-29,AAPL,True,7.515703707,0.008921049843,0.001188398579
2025-10-29,AMZN,True,2.54462141,-0.002234411807,-0.0008773216716
2025-10-29,BAC,True,3.608984183,0.002190787421,0.0006074058535
2025-10-29,BND,False,,,
2025-10-29,GLD,False,,,
2025-10-29,GOOGL,True,5.718462942,-0.01115755072,-0.001947345507
2025-10-29,JNJ,True,10.09984637,-0.02641504149,-0.002608568002
2025-10-29,JPM,True,9.562783013,0.0005816233495,6.082525622e-05
2025-10-29,MSFT,True,8.914759755,-0.02140347728,-0.002395152899
2025-10-29,PG,True,7.142504957,0.02052289234,0.002881626513
2025-10-29,TSLA,True,1.780902785,5.318120781e-05,2.986282935e-05
2025-10-29,VNQ,False,,,
2025-10-29,WMT,True,2.026143591,0.001213440915,0.0005992507518
2025-10-30,AAPL,True,7.505120813,-0.01058289408,-0.001408104217
2025-10-30,AMZN,True,2.537775426,-0.006845983385,-0.002690374041
2025-10-30,BAC,True,3.604248115,-0.004736067995,-0.00131229946
2025-10-30,BND,False,,,
2025-10-30,GLD,False,,,
2025-10-30,GOOGL,True,5.722895848,0.004432905446,0.0007751917763
2025-10-30,JNJ,True,10.09161642,-0.008229950829,-0.0008148590116
2025-10-30,JPM,True,9.559775947,-0.003007066036,-0.0003144551154
2025-10-30,MSFT,True,8.914881615,0.0001218591401,1.366936894e-05
2025-10-30,PG,True,7.14040443,-0.002100526853,-0.0002940882597
2025-10-30,TSLA,True,1.781461688,0.0005589030274,0.0003138312951
2025-10-30,VNQ,False,,,
2025-10-30,WMT,True,2.019149909,-0.006993681425,-0.003451720528
2025-10-31,AAPL,True,7.506949509,0.001828696004,0.000243659769
2025-10-31,AMZN,True,2.536062655,-0.001712771033,-0.000674910402
2025-10-31,BAC,True,3.616208145,0.01196002985,0.003318314796
2025-10-31,BND,False,,,
2025-10-31,GLD,False,,,
2025-10-31,GOOGL,True,5.722853798,-4.204997901e-05,-7.347675046e-06
2025-10-31,JNJ,True,10.10854538,0.01692896179,0.001677527275
2025-10-31,JPM,True,9.560646893,0.0008709467949,9.110535642e-05
2025-10-31,MSFT,True,8.90768934,-0.007192274549,-0.0008067717397
2025-10-31,PG,True,7.133334509,-0.007069921501,-0.0009901290004
2025-10-31,TSLA,True,1.781127823,-0.0003338647303,-0.0001874105588
2025-10-31,VNQ,False,,,
2025-10-31,WMT,True,2.015673234,-0.0034766753,-0.001721851005
2025-11-03,AAPL,True,7.523532677,0.01658316808,0.002209042176
2025-11-03,AMZN,True,2.538405807,0.002343151703,0.0009239328917
2025-11-03,BAC,True,3.617185326,0.000977181257,0.0002702226248
2025-11-03,BND,False,,,
2025-11-03,GLD,False,,,
2025-11-03,GOOGL,True,5.721180674,-0.001673123582,-0.0002923582606
2025-11-03,JNJ,True,10.10056133,-0.007984052966,-0.0007898320348
2025-11-03,JPM,True,9.537061559,-0.02358533438,-0.002466918258
2025-11-03,MSFT,True,8.875423663,-0.03226567683,-0.003622227449
2025-11-03,PG,True,7.141425317,0.008090808192,0.001134225261
2025-11-03,TSLA,True,1.780080785,-0.001047037984,-0.0005878511192
2025-11-03,VNQ,False,,,
2025-11-03,WMT,True,2.015446412,-0.0002268214299,-0.0001125288693
2025-11-04,AAPL,True,7.508919549,-0.01461312784,-0.001942322639
2025-11-04,AMZN,True,2.535109221,-0.003296585957,-0.001298683586
2025-11-04,BAC,True,3.619818193,0.002632866325,0.0007278770889
2025-11-04,BND,False,,,
2025-11-04,GLD,False,,,
2025-11-04,GOOGL,True,5.714231313,-0.006949360723,-0.001214672481
2025-11-04,JNJ,True,10.09786471,-0.002696614669,-0.0002669767137
2025-11-04,JPM,True,9.541808864,0.004747305253,0.0004977744166
2025-11-04,MSFT,True,8.853145226,-0.02227843691,-0.002510126587
2025-11-04,PG,True,7.155023629,0.0135983117,0.001904145334
2025-11-04,TSLA,True,1.783351497,0.003270711561,0.001837395015
2025-11-04,VNQ,False,,,
2025-11-04,WMT,True,2.018167293,0.002720880906,0.001350014016
2025-11-05,AAPL,True,7.504718305,-0.004201244114,-0.000559500483
2025-11-05,AMZN,True,2.535029235,-7.998566061e-05,-3.155116945e-05
2025-11-05,BAC,True,3.620933184,0.00111499118,0.0003080240832
2025-11-05,BND,False,,,
2025-11-05,GLD,False,,,
2025-11-05,GOOGL,True,5.711040917,-0.003190396165,-0.0005583246442
2025-11-05,JNJ,True,10.08267928,-0.01518543525,-0.001503826372
2025-11-05,JPM,True,9.528680738,-0.01312812578,-0.001375852941
2025-11-05,MSFT,True,8.86567303,0.01252780382,0.001415068148
2025-11-05,PG,True,7.151904058,-0.003119570513,-0.0004359972343
2025-11-05,TSLA,True,1.775334508,-0.008016988951,-0.004495462036
2025-11-05,VNQ,False,,,
2025-11-05,WMT,True,2.016497311,-0.001669982406,-0.0008274747149
2025-11-06,AAPL,True,7.480057516,-0.02466078915,-0.003286037949
2025-11-06,AMZN,True,2.531947824,-0.00308141113,-0.001215532779
2025-11-06,BAC,True,3.616540093,-0.004393091179,-0.001213248341
2025-11-06,BND,False,,,
2025-11-06,GLD,False,,,
2025-11-06,GOOGL,True,5.684834729,-0.02620618766,-0.004588688479
2025-11-06,JNJ,True,10.07107127,-0.01160800277,-0.001151281564
2025-11-06,JPM,True,9.522302279,-0.006378459823,-0.0006693959004
2025-11-06,MSFT,True,8.88834052,0.02266749003,0.00255677036
2025-11-06,PG,True,7.136542292,-0.01536176611,-0.002147926759
2025-11-06,TSLA,True,1.779671072,0.004336563869,0.00244267424
2025-11-06,VNQ,False,,,
2025-11-06,WMT,True,2.019350943,0.002853631904,0.001415142926
2025-11-07,AAPL,True,7.478118291,-0.00193922428,-0.0002592525894
2025-11-07,AMZN,True,2.526332771,-0.005615052636,-0.002217681021
2025-11-07,BAC,True,3.611594384,-0.004945708286,-0.001367524805
2025-11-07,BND,False,,,
2025-11-07,GLD,False,,,
2025-11-07,GOOGL,True,5.672174702,-0.01266002745,-0.002226982499
2025-11-07,JNJ,True,10.05355978,-0.01751149489,-0.001738791675
2025-11-07,JPM,True,9.520242722,-0.002059556465,-0.0002162876587
2025-11-07,MSFT,True,8.901488651,0.01314813109,0.001479256005
2025-11-07,PG,True,7.125468398,-0.01107389407,-0.001551717011
2025-11-07,TSLA,True,1.783868787,0.004197715202,0.002358702835
2025-11-07,VNQ,False,,,
2025-11-07,WMT,True,2.017278952,-0.002071991166,-0.001026067892
2025-11-10,AAPL,True,7.479804777,0.001686485147,0.0002255226624
2025-11-10,AMZN,True,2.523279189,-0.003053582613,-0.001208701659
2025-11-10,BAC,True,3.60864609,-0.002948294332,-0.0008163414875
2025-11-10,BND,False,,,
2025-11-10,GLD,False,,,
2025-11-10,GOOGL,True,5.688793696,0.01661899444,0.002929915829
2025-11-10,JNJ,True,10.0321311,-0.02142867523,-0.002131451516
2025-11-10,JPM,True,9.516710172,-0.003532550074,-0.0003710567238
2025-11-10,MSFT,True,8.893950857,-0.007537793833,-0.0008468014878
2025-11-10,PG,True,7.116026702,-0.009441696258,-0.001325063242
2025-11-10,TSLA,True,1.785558185,0.001689398346,0.0009470418222
2025-11-10,VNQ,False,,,
2025-11-10,WMT,True,2.015666965,-0.001611987038,-0.000799089802
2025-11-11,AAPL,True,7.476431633,-0.003373143977,-0.0004509668471
2025-11-11,AMZN,True,2.52135328,-0.001925908508,-0.0007632562089
2025-11-11,BAC,True,3.602866045,-0.00578004547,-0.001601721345
2025-11-11,BND,False,,,
2025-11-11,GLD,False,,,
2025-11-11,GOOGL,True,5.681959069,-0.006834626971,-0.001201419376
2025-11-11,JNJ,True,10.04713412,0.01500301416,0.001495496222
2025-11-11,JPM,True,9.496892133,-0.0198180392,-0.002082446438
2025-11-11,MSFT,True,8.895179842,0.001228984836,0.0001381821033
2025-11-11,PG,True,7.105920743,-0.01010595863,-0.001420168734
2025-11-11,TSLA,True,1.786547465,0.0009892802297,0.0005540453612
2025-11-11,VNQ,False,,,
2025-11-11,WMT,True,2.015071388,-0.0005955767115,-0.0002954737672
2025-11-12,AAPL,True,7.470602459,-0.005829173196,-0.0007796731759
2025-11-12,AMZN,True,2.522064887,0.000711606273,0.0002822318786
2025-11-12,BAC,True,3.59299599,-0.009870054447,-0.00273950081
2025-11-12,BND,False,,,
2025-11-12,GLD,False,,,
2025-11-12,GOOGL,True,5.691312866,0.009353796711,0.001646227401
2025-11-12,JNJ,True,10.03166893,-0.01546519217,-0.001539264032
2025-11-12,JPM,True,9.471248872,-0.0256432611,-0.002700173987
2025-11-12,MSFT,True,8.862333754,-0.03284608862,-0.003692571618
2025-11-12,PG,True,7.079362544,-0.02655819868,-0.003737474655
2025-11-12,TSLA,True,1.792846384,0.006298918923,0.003525749551
2025-11-12,VNQ,False,,,
2025-11-12,WMT,True,2.013437556,-0.001633832168,-0.0008108060976
2025-11-13,AAPL,True,7.468584969,-0.002017490827,-0.0002700573131
2025-11-13,AMZN,True,2.520912839,-0.001152047377,-0.0004567873664
2025-11-13,BAC,True,3.589929715,-0.003066275469,-0.0008534035321
2025-11-13,BND,False,,,
2025-11-13,GLD,False,,,
2025-11-13,GOOGL,True,5.698248881,0.006936015282,0.00121870216
2025-11-13,JNJ,True,10.03313589,0.001466967945,0.0001462336881
2025-11-13,JPM,True,9.451491741,-0.01975713101,-0.002086011177
2025-11-13,MSFT,True,8.877626841,0.01529308713,0.001725627532
2025-11-13,PG,True,7.076596137,-0.002766407824,-0.0003907707518
2025-11-13,TSLA,True,1.798229887,0.005383502762,0.003002768563
2025-11-13,VNQ,False,,,
2025-11-13,WMT,True,2.012606289,-0.0008312665292,-0.0004128593543
2025-11-14,AAPL,True,7.482661089,0.01407612038,0.001884710483
2025-11-14,AMZN,True,2.520032772,-0.0008800671111,-0.000349106521
2025-11-14,BAC,True,3.589102522,-0.0008271932227,-0.0002304204507
2025-11-14,BND,False,,,
2025-11-14,GLD,False,,,
2025-11-14,GOOGL,True,5.705913749,0.0076648679,0.001345126908
2025-11-14,JNJ,True,10.03153218,-0.001603708243,-0.0001598411763
2025-11-14,JPM,True,9.449931862,-0.001559879034,-0.0001650405118
2025-11-14,MSFT,True,8.86803529,-0.00959155117,-0.001080418376
2025-11-14,PG,True,7.078487812,0.001891675262,0.0002673142886
2025-11-14,TSLA,True,1.798554435,0.0003245475637,0.000180481687
2025-11-14,VNQ,False,,,
2025-11-14,WMT,True,2.010237798,-0.002368490786,-0.001176827678
2025-11-17,AAPL,True,7.519531176,0.03687008736,0.004927403089
2025-11-17,AMZN,True,2.522386123,0.002353350409,0.0009338570652
2025-11-17,BAC,True,3.585021966,-0.004080555045,-0.001136929085
2025-11-17,BND,False,,,
2025-11-17,GLD,False,,,
2025-11-17,GOOGL,True,5.685785547,-0.0201282024,-0.003527603691
2025-11-17,JNJ,True,10.0158963,-0.01563588818,-0.001558673978
2025-11-17,JPM,True,9.466729527,0.01679766536,0.001777543543
2025-11-17,MSFT,True,8.891446482,0.02341119257,0.002639952572
2025-11-17,PG,True,7.078693848,0.000206036536,2.910742259e-05
2025-11-17,TSLA,True,1.803069859,0.004515424134,0.002510585194
2025-11-17,VNQ,False,,,
2025-11-17,WMT,True,2.009946751,-0.0002910476833,-0.0001447827135
2025-11-18,AAPL,True,7.526954998,0.007423821308,0.0009872718304
2025-11-18,AMZN,True,2.531581344,0.009195221228,0.003645445535
2025-11-18,BAC,True,3.586335401,0.00131343415,0.0003663671136
2025-11-18,BND,False,,,
2025-11-18,GLD,False,,,
2025-11-18,GOOGL,True,5.696109779,0.01032423219,0.001815796973
2025-11-18,JNJ,True,10.00932393,-0.006572369035,-0.0006561937983
2025-11-18,JPM,True,9.473339805,0.006610278053,0.0006982641718
2025-11-18,MSFT,True,8.889812362,-0.001634120635,-0.000183785691
2025-11-18,PG,True,7.091049038,0.01235518917,0.001745405217
2025-11-18,TSLA,True,1.802795047,-0.0002748114008,-0.0001524130635
2025-11-18,VNQ,False,,,
2025-11-18,WMT,True,2.006777494,-0.00316925711,-0.001576786603
2025-11-19,AAPL,True,7.534781385,0.007826387839,0.001039781404
2025-11-19,AMZN,True,2.534022214,0.002440870394,0.0009641682659
2025-11-19,BAC,True,3.582639894,-0.003695506877,-0.001030440956
2025-11-19,BND,False,,,
2025-11-19,GLD,False,,,
2025-11-19,GOOGL,True,5.703033078,0.00692329935,0.001215443455
2025-11-19,JNJ,True,10.01250573,0.003181805924,0.0003178841995
2025-11-19,JPM,True,9.477927395,0.004587590162,0.0004842632331
2025-11-19,MSFT,True,8.910853744,0.02104138298,0.002366909685
2025-11-19,PG,True,7.09954192,0.008492882742,0.001197690595
2025-11-19,TSLA,True,1.808384587,0.005589539559,0.003100485308
2025-11-19,VNQ,False,,,
2025-11-19,WMT,True,2.009662828,0.002885334654,0.001437795004
2025-11-20,AAPL,True,7.555851148,0.02106976302,0.002796333688
2025-11-20,AMZN,True,2.534181335,0.0001591209268,6.279381683e-05
2025-11-20,BAC,True,3.582857123,0.0002172289059,6.063375396e-05
2025-11-20,BND,False,,,
2025-11-20,GLD,False,,,
2025-11-20,GOOGL,True,5.70799565,0.004962571672,0.0008701635785
2025-11-20,JNJ,True,10.00552262,-0.00698311178,-0.0006974389794
2025-11-20,JPM,True,9.489616603,0.01168920811,0.001233308467
2025-11-20,MSFT,True,8.90370246,-0.007151284519,-0.0008025364038
2025-11-20,PG,True,7.115424925,0.01588300514,0.002237187317
2025-11-20,TSLA,True,1.811794607,0.003410020123,0.001885671968
2025-11-20,VNQ,False,,,
2025-11-20,WMT,True,2.011705271,0.002042442458,0.00101631101
2025-11-21,AAPL,True,7.551386622,-0.00446452621,-0.0005908700585
2025-11-21,AMZN,True,2.53117555,-0.003005785246,-0.001186097145
2025-11-21,BAC,True,3.588381569,0.005524446258,0.001541910846
2025-11-21,BND,False,,,
2025-11-21,GLD,False,,,
2025-11-21,GOOGL,True,5.700733575,-0.007262075076,-0.001272263597
2025-11-21,JNJ,True,10.00496396,-0.0005586594177,-5.583510615e-05
2025-11-21,JPM,True,9.482206105,-0.007410498826,-0.0007809060298
2025-11-21,MSFT,True,8.912406511,0.008704050925,0.0009775765715
2025-11-21,PG,True,7.104607113,-0.01081781217,-0.001520332557
2025-11-21,TSLA,True,1.814792585,0.002997977619,0.001654700598
2025-11-21,VNQ,False,,,
2025-11-21,WMT,True,2.012931292,0.0012260213,0.0006094437976
2025-11-24,AAPL,True,7.579189477,0.02780285428,0.003681821058
2025-11-24,AMZN,True,2.533289495,0.0021139453,0.0008351634481
2025-11-24,BAC,True,3.589517723,0.001136154601,0.0003166203423
2025-11-24,BND,False,,,
2025-11-24,GLD,False,,,
2025-11-24,GOOGL,True,5.696963144,-0.003770430799,-0.0006613939679
2025-11-24,JNJ,True,10.0118613,0.006897333075,0.0006893910963
2025-11-24,JPM,True,9.481955963,-0.0002501411633,-2.638005972e-05
2025-11-24,MSFT,True,8.908687886,-0.003718625379,-0.0004172414459
2025-11-24,PG,True,7.116751057,0.01214394349,0.001709305426
2025-11-24,TSLA,True,1.81859504,0.003802454953,0.002095255946
2025-11-24,VNQ,False,,,
2025-11-24,WMT,True,2.010532271,-0.002399021086,-0.001191804755
2025-11-25,AAPL,True,7.570582805,-0.008606672025,-0.001135566283
2025-11-25,AMZN,True,2.537179817,0.003890321747,0.001535679895
2025-11-25,BAC,True,3.580678295,-0.008839428146,-0.002462567071
2025-11-25,BND,False,,,
2025-11-25,GLD,False,,,
2025-11-25,GOOGL,True,5.70157848,0.00461533619,0.0008101397311
2025-11-25,JNJ,True,10.00314882,-0.008712471224,-0.0008702149347
2025-11-25,JPM,True,9.474613108,-0.007342855125,-0.000774402998
2025-11-25,MSFT,True,8.898703158,-0.009984727675,-0.00112078544
2025-11-25,PG,True,7.119497255,0.002746198166,0.0003858780705
2025-11-25,TSLA,True,1.827170211,0.008575171248,0.004715272538
2025-11-25,VNQ,False,,,
2025-11-25,WMT,True,2.011409585,0.0008773139935,0.0004363590708
2025-11-26,AAPL,True,7.580216769,0.009633964221,0.001272552519
2025-11-26,AMZN,True,2.539182978,0.002003161021,0.000789522685
2025-11-26,BAC,True,3.582336462,0.001658166905,0.000463087373
2025-11-26,BND,False,,,
2025-11-26,GLD,False,,,
2025-11-26,GOOGL,True,5.714786203,0.01320772208,0.002316502725
2025-11-26,JNJ,True,9.991915452,-0.01123337234,-0.001122983627
2025-11-26,JPM,True,9.482377062,0.007763953651,0.0008194480938
2025-11-26,MSFT,True,8.917377619,0.0186744615,0.002098559887
2025-11-26,PG,True,7.130434863,0.01093760791,0.001536289364
2025-11-26,TSLA,True,1.831656205,0.004485994413,0.002455159561
2025-11-26,VNQ,False,,,
2025-11-26,WMT,True,2.012312627,0.000903042186,0.0004489598701
2025-11-28,AAPL,True,7.583721706,0.003504937305,0.0004623795614
2025-11-28,AMZN,True,2.537136037,-0.002046941297,-0.0008061417059
2025-11-28,BAC,True,3.579817339,-0.002519123501,-0.0007032068393
2025-11-28,BND,False,,,
2025-11-28,GLD,False,,,
2025-11-28,GOOGL,True,5.715206618,0.0004204150445,7.356618947e-05
2025-11-28,JNJ,True,9.995402586,0.003487133687,0.0003489955158
2025-11-28,JPM,True,9.477291261,-0.005085801228,-0.0005363424376
2025-11-28,MSFT,True,8.89584996,-0.02152765983,-0.002414124505
2025-11-28,PG,True,7.127515656,-0.002919206673,-0.0004094009313
2025-11-28,TSLA,True,1.830604278,-0.001051927261,-0.0005743038775
2025-11-28,VNQ,False,,,
2025-11-28,WMT,True,2.010442402,-0.001870225558,-0.0009293911555
2025-12-01,AAPL,True,7.592193437,0.008471731003,0.00111709413
2025-12-01,AMZN,True,2.545343296,0.008207259671,0.003234852035
2025-12-01,BAC,True,3.573630032,-0.006187307149,-0.001728386273
2025-12-01,BND,False,,,
2025-12-01,GLD,False,,,
2025-12-01,GOOGL,True,5.726049462,0.01084284435,0.001897192013
2025-12-01,JNJ,True,9.978096244,-0.01730634172,-0.001731430182
2025-12-01,JPM,True,9.499302217,0.02201095665,0.002322494481
2025-12-01,MSFT,True,8.915002733,0.01915277351,0.002153000961
2025-12-01,PG,True,7.131985497,0.004469840604,0.0006271246279
2025-12-01,TSLA,True,1.827686182,-0.002918096054,-0.001594061638
2025-12-01,VNQ,False,,,
2025-12-01,WMT,True,2.01261122,0.002168818661,0.00107877682
2025-12-02,AAPL,True,7.605418169,0.01322473164,0.001741885497
2025-12-02,AMZN,True,2.549979085,0.004635788693,0.0018212823
2025-12-02,BAC,True,3.570869949,-0.002760082383,-0.0007723469857
2025-12-02,BND,False,,,
2025-12-02,GLD,False,,,
2025-12-02,GOOGL,True,5.737646991,0.0115975286,0.002025397907
2025-12-02,JNJ,True,9.986795493,0.008699249265,0.0008718345717
2025-12-02,JPM,True,9.509249205,0.009946987468,0.001047128225
2025-12-02,MSFT,True,8.886105791,-0.02889694208,-0.003241383423
2025-12-02,PG,True,7.133528401,0.001542904635,0.0002163359188
2025-12-02,TSLA,True,1.829702271,0.002016089028,0.001103082711
2025-12-02,VNQ,False,,,
2025-12-02,WMT,True,2.013805643,0.001194422461,0.0005934690463
2025-12-03,AAPL,True,7.585772527,-0.01964564152,-0.002583111288
2025-12-03,AMZN,True,2.554494006,0.004514920908,0.001770571741
2025-12-03,BAC,True,3.563514162,-0.007355786815,-0.002059942512
2025-12-03,BND,False,,,
2025-12-03,GLD,False,,,
2025-12-03,GOOGL,True,5.750114912,0.01246792123,0.002173002496
2025-12-03,JNJ,True,9.990750973,0.003955480051,0.0003960709973
2025-12-03,JPM,True,9.538199608,0.02895040297,0.003044446764
2025-12-03,MSFT,True,8.894983451,0.00887766017,0.0009990495701
2025-12-03,PG,True,7.121485063,-0.01204333786,-0.001688272225
2025-12-03,TSLA,True,1.830686178,0.0009839072462,0.00053774172
2025-12-03,VNQ,False,,,
2025-12-03,WMT,True,2.014180001,0.0003743586096,0.0001858960973
2025-12-04,AAPL,True,7.587934648,0.002162120635,0.0002850231308
2025-12-04,AMZN,True,2.552512686,-0.001981319724,-0.000775621207
2025-12-04,BAC,True,3.560719452,-0.002794710498,-0.0007842568799
2025-12-04,BND,False,,,
2025-12-04,GLD,False,,,
2025-12-04,GOOGL,True,5.757476642,0.007361730629,0.001280275393
2025-12-04,JNJ,True,10.00878685,0.01803587911,0.001805257599
2025-12-04,JPM,True,9.52987309,-0.008326517991,-0.0008729653743
2025-12-04,MSFT,True,8.882660921,-0.01232253025,-0.001385334814
2025-12-04,PG,True,7.109888848,-0.01159621592,-0.001628342377
2025-12-04,TSLA,True,1.825895636,-0.004790542152,-0.002616801399
2025-12-04,VNQ,False,,,
2025-12-04,WMT,True,2.009212793,-0.004967208794,-0.002466119607
2025-12-05,AAPL,True,7.557346881,-0.03058776723,-0.004031105781
2025-12-05,AMZN,True,2.547389835,-0.005122851215,-0.002006983645
2025-12-05,BAC,True,3.559570721,-0.001148731272,-0.0003226121258
2025-12-05,BND,False,,,
2025-12-05,GLD,False,,,
2025-12-05,GOOGL,True,5.753877812,-0.003598830439,-0.000625070784
2025-12-05,JNJ,True,10.01568549,0.006898633985,0.0006892577579
2025-12-05,JPM,True,9.521736806,-0.0081362838,-0.0008537662278
2025-12-05,MSFT,True,8.868908669,-0.01375225186,-0.001548213084
2025-12-05,PG,True,7.144640995,0.03475214716,0.004887860824
2025-12-05,TSLA,True,1.827304352,0.001408716152,0.0007715206303
2025-12-05,VNQ,False,,,
2025-12-05,WMT,True,2.007364933,-0.001847859842,-0.0009196934487
2025-12-08,AAPL,True,7.550075296,-0.007271584971,-0.0009621875356
2025-12-08,AMZN,True,2.546127144,-0.001262690929,-0.0004956802888
2025-12-08,BAC,True,3.563052288,0.003481567716,0.0009780864011
2025-12-08,BND,False,,,
2025-12-08,GLD,False,,,
2025-12-08,GOOGL,True,5.776937181,0.02305936946,0.004007622375
2025-12-08,JNJ,True,10.00612061,-0.00956487535,-0.0009549895874
2025-12-08,JPM,True,9.518170717,-0.003566088712,-0.0003745208237
2025-12-08,MSFT,True,8.842155102,-0.02675356694,-0.003016556821
2025-12-08,PG,True,7.131106769,-0.01353422563,-0.001894318503
2025-12-08,TSLA,True,1.834408511,0.007104159105,0.00388778098
2025-12-08,VNQ,False,,,
2025-12-08,WMT,True,2.001578607,-0.005786326066,-0.002882548147
2025-12-09,AAPL,True,7.544477095,-0.005598201038,-0.0007414761865
2025-12-09,AMZN,True,2.543214181,-0.002912963303,-0.001144076135
2025-12-09,BAC,True,3.562821946,-0.000230342294,-6.464746385e-05
2025-12-09,BND,False,,,
2025-12-09,GLD,False,,,
2025-12-09,GOOGL,True,5.776638431,-0.000298750925,-5.171441469e-05
2025-12-09,JNJ,True,9.988359867,-0.01776074434,-0.001774988033
2025-12-09,JPM,True,9.503272706,-0.01489801178,-0.001565217963
2025-12-09,MSFT,True,8.810487866,-0.03166723599,-0.003581393408
2025-12-09,PG,True,7.134348942,0.003242173133,0.0004546521652
2025-12-09,TSLA,True,1.832836638,-0.001571873635,-0.0008568830909
2025-12-09,VNQ,False,,,
2025-12-09,WMT,True,2.002198809,0.000620202502,0.0003098566801
2025-12-10,AAPL,True,7.552748269,0.008271173964,0.001096321701
2025-12-10,AMZN,True,2.544754876,0.001540694916,0.0006058061991
2025-12-10,BAC,True,3.555387266,-0.007434679851,-0.002086739097
2025-12-10,BND,False,,,
2025-12-10,GLD,False,,,
2025-12-10,GOOGL,True,5.778001257,0.001362826498,0.0002359203393
2025-12-10,JNJ,True,9.966299625,-0.02206024177,-0.002208595012
2025-12-10,JPM,True,9.497642435,-0.005630270449,-0.0005924559489
2025-12-10,MSFT,True,8.820363933,0.009876067309,0.001120944431
2025-12-10,PG,True,7.130254318,-0.004094623774,-0.0005739309652
2025-12-10,TSLA,True,1.831788097,-0.001048540926,-0.0005720864068
2025-12-10,VNQ,False,,,
2025-12-10,WMT,True,2.003117832,0.0009190233366,0.0004590070339
2025-12-11,AAPL,True,7.569130951,0.01638268226,0.002169102117
2025-12-11,AMZN,True,2.541703936,-0.003050939357,-0.001198912864
2025-12-11,BAC,True,3.558221042,0.002833775641,0.0007970371239
2025-12-11,BND,False,,,
2025-12-11,GLD,False,,,
2025-12-11,GOOGL,True,5.77067065,-0.007330607205,-0.001268709867
2025-12-11,JNJ,True,9.96150049,-0.004799134459,-0.0004815362411
2025-12-11,JPM,True,9.480963665,-0.01667877014,-0.001756095815
2025-12-11,MSFT,True,8.82550018,0.00513624623,0.0005823168147
2025-12-11,PG,True,7.127946971,-0.002307347839,-0.0003235996552
2025-12-11,TSLA,True,1.833444354,0.001656257558,0.0009041753035
2025-12-11,VNQ,False,,,
2025-12-11,WMT,True,2.003090701,-2.713112718e-05,-1.354444893e-05
2025-12-12,AAPL,True,7.572926679,0.003795728405,0.0005014747967
2025-12-12,AMZN,True,2.5323103,-0.009393636596,-0.003695802828
2025-12-12,BAC,True,3.555629863,-0.00259117933,-0.0007282232608
2025-12-12,BND,False,,,
2025-12-12,GLD,False,,,
2025-12-12,GOOGL,True,5.755140679,-0.01552997099,-0.002691189973
2025-12-12,JNJ,True,9.980702034,0.01920154398,0.001927575469
2025-12-12,JPM,True,9.496331843,0.01536817827,0.001620951077
2025-12-12,MSFT,True,8.828484549,0.002984369716,0.0003381530401
2025-12-12,PG,True,7.143888192,0.01594122127,0.002236439375
2025-12-12,TSLA,True,1.83804276,0.004598405349,0.002508069219
2025-12-12,VNQ,False,,,
2025-12-12,WMT,True,2.006016133,0.002925431252,0.001460458705
2025-12-15,AAPL,True,7.557540909,-0.01538576974,-0.0020316808
2025-12-15,AMZN,True,2.533936814,0.001626513973,0.0006423043705
2025-12-15,BAC,True,3.555155598,-0.0004742647317,-0.0001333841682
2025-12-15,BND,False,,,
2025-12-15,GLD,False,,,
2025-12-15,GOOGL,True,5.766233687,0.01109300847,0.001927495624
2025-12-15,JNJ,True,9.982953946,0.00225191193,0.0002256266064
2025-12-15,JPM,True,9.508007938,0.01167609478,0.00122953736
2025-12-15,MSFT,True,8.823662472,-0.004822077225,-0.0005461953519
2025-12-15,PG,True,7.14668894,0.002800748256,0.000392048165
2025-12-15,TSLA,True,1.842791749,0.004748989578,0.002583720946
2025-12-15,VNQ,False,,,
2025-12-15,WMT,True,2.006143475,0.0001273421322,6.348011369e-05
2025-12-16,AAPL,True,7.576379119,0.0188382098,0.002492637489
2025-12-16,AMZN,True,2.541455659,0.00751884528,0.002967258394
2025-12-16,BAC,True,3.55591492,0.0007593222214,0.0002135834004
2025-12-16,BND,False,,,
2025-12-16,GLD,False,,,
2025-12-16,GOOGL,True,5.77798107,0.01174738297,0.002037271399
2025-12-16,JNJ,True,9.980870007,-0.002083938931,-0.000208749729
2025-12-16,JPM,True,9.509151931,0.00114399315,0.0001203189099
2025-12-16,MSFT,True,8.808429062,-0.01523341003,-0.001726427102
2025-12-16,PG,True,7.162430737,0.01574179646,0.002202669879
2025-12-16,TSLA,True,1.842913922,0.0001221731028,6.629783473e-05
2025-12-16,VNQ,False,,,
2025-12-16,WMT,True,2.006412377,0.0002689025496,0.0001340395405
2025-12-17,AAPL,True,7.594848364,0.01846924508,0.002437740349
2025-12-17,AMZN,True,2.539923762,-0.001531897365,-0.0006027637585
2025-12-17,BAC,True,3.558309061,0.002394141446,0.000673284232
2025-12-17,BND,False,,,
2025-12-17,GLD,False,,,
2025-12-17,GOOGL,True,5.771054537,-0.00692653322,-0.001198780878
2025-12-17,JNJ,True,9.980134581,-0.0007354260838,-7.368356498e-05
2025-12-17,JPM,True,9.501404154,-0.007747777344,-0.0008147705916
2025-12-17,MSFT,True,8.813691864,0.005262801813,0.0005974733719
2025-12-17,PG,True,7.175727096,0.01329635975,0.001856403258
2025-12-17,TSLA,True,1.843155305,0.0002413826533,0.0001309787996
2025-12-17,VNQ,False,,,
2025-12-17,WMT,True,2.007230672,0.0008182942575,0.0004078395183
2025-12-18,AAPL,True,7.602709578,0.007861213262,0.001035071786
2025-12-18,AMZN,True,2.542161535,0.002237773065,0.0008810394622
2025-12-18,BAC,True,3.562904438,0.004595376045,0.001291449384
2025-12-18,BND,False,,,
2025-12-18,GLD,False,,,
2025-12-18,GOOGL,True,5.790371373,0.01931683595,0.003347193451
2025-12-18,JNJ,True,9.982959197,0.002824616155,0.0002830238543
2025-12-18,JPM,True,9.508436023,0.007031868871,0.0007400873342
2025-12-18,MSFT,True,8.841902848,0.02821098374,0.003200813482
2025-12-18,PG,True,7.189196271,0.0134691747,0.001877046677
2025-12-18,TSLA,True,1.836177215,-0.006978089995,-0.003785947921
2025-12-18,VNQ,False,,,
2025-12-18,WMT,True,2.00795862,0.0007279483374,0.0003626630201
2025-12-19,AAPL,True,7.594162162,-0.008547415909,-0.001124259163
2025-12-19,AMZN,True,2.537773895,-0.004387639221,-0.001725948238
2025-12-19,BAC,True,3.559353399,-0.003551038914,-0.0009966697049
2025-12-19,BND,False,,,
2025-12-19,GLD,False,,,
2025-12-19,GOOGL,True,5.784130226,-0.006241147106,-0.001077849192
2025-12-19,JNJ,True,9.995922307,0.0129631095,0.001298523739
2025-12-19,JPM,True,9.513388878,0.004952855548,0.0005208906634
2025-12-19,MSFT,True,8.865042159,0.02313931138,0.002617005838
2025-12-19,PG,True,7.199952494,0.0107562228,0.001496164856
2025-12-19,TSLA,True,1.83736347,0.001186254894,0.0006460459722
2025-12-19,VNQ,False,,,
2025-12-19,WMT,True,2.007083961,-0.0008746589978,-0.0004355961269
2025-12-22,AAPL,True,7.590278708,-0.003883453619,-0.0005113735441
2025-12-22,AMZN,True,2.536703507,-0.001070388593,-0.0004217824903
2025-12-22,BAC,True,3.562025028,0.002671629687,0.0007505941074
2025-12-22,BND,False,,,
2025-12-22,GLD,False,,,
2025-12-22,GOOGL,True,5.794842842,0.01071261619,0.001852070367
2025-12-22,JNJ,True,10.00669371,0.01077140489,0.001077579893
2025-12-22,JPM,True,9.503190675,-0.01019820342,-0.001071984289
2025-12-22,MSFT,True,8.892594894,0.02755273471,0.003108020719
2025-12-22,PG,True,7.19952966,-0.000422833642,-5.872728221e-05
2025-12-22,TSLA,True,1.844260708,0.006897237842,0.003753877747
2025-12-22,VNQ,False,,,
2025-12-22,WMT,True,2.005243283,-0.001840677517,-0.0009170904422
2025-12-23,AAPL,True,7.758873087,0.1685943786,0.02221188248
2025-12-23,AMZN,True,2.591196034,0.05449252681,0.02148163026
2025-12-23,BAC,True,3.543543901,-0.01848112735,-0.005188376614
2025-12-23,BND,False,,,
2025-12-23,GLD,False,,,
2025-12-23,GOOGL,True,5.386062429,-0.4087804132,-0.07054210517
2025-12-23,JNJ,True,9.639697408,-0.3669963041,-0.03667508116
2025-12-23,JPM,True,9.496227195,-0.006963479507,-0.0007327517405
2025-12-23,MSFT,True,8.653065559,-0.2395293347,-0.02693581993
2025-12-23,PG,True,7.424149986,0.2246203256,0.03119930554
2025-12-23,TSLA,True,1.892849506,0.04858879779,0.02634594859
2025-12-23,VNQ,False,,,
2025-12-23,WMT,True,1.971797177,-0.03344610665,-0.01667932611
2025-12-24,AAPL,True,7.771671742,0.01279865526,0.001649550795
2025-12-24,AMZN,True,2.595004169,0.003808135642,0.001469643976
2025-12-24,BAC,True,3.543133094,-0.0004108065248,-0.0001159309822
2025-12-24,BND,False,,,
2025-12-24,GLD,False,,,
2025-12-24,GOOGL,True,5.404526277,0.0184638486,0.003428079203
2025-12-24,JNJ,True,9.675182329,0.03548492154,0.003681124006
2025-12-24,JPM,True,9.48929413,-0.006933065271,-0.0007300862888
2025-12-24,MSFT,True,8.658241128,0.005175569288,0.000598119736
2025-12-24,PG,True,7.448457246,0.02430725973,0.003274079831
2025-12-24,TSLA,True,1.903861836,0.01101233055,0.005817858482
2025-12-24,VNQ,False,,,
2025-12-24,WMT,True,1.970837822,-0.0009593548504,-0.0004865383021
2025-12-26,AAPL,True,7.747774205,-0.0238975365,-0.003074954437
2025-12-26,AMZN,True,2.599961384,0.004957214574,0.001910291564
2025-12-26,BAC,True,3.554318981,0.01118588687,0.003157060877
2025-12-26,BND,False,,,
2025-12-26,GLD,False,,,
2025-12-26,GOOGL,True,5.41753971,0.01301343248,0.002407876623
2025-12-26,JNJ,True,9.679702693,0.004520363939,0.0004672122742
2025-12-26,JPM,True,9.508719552,0.0194254215,0.002047088143
2025-12-26,MSFT,True,8.668258865,0.01001773711,0.00115701757
2025-12-26,PG,True,7.457373121,0.008915875541,0.001197009696
2025-12-26,TSLA,True,1.909996384,0.006134548212,0.003222160398
2025-12-26,VNQ,False,,,
2025-12-26,WMT,True,1.974953371,0.004115549173,0.002088223154
2025-12-29,AAPL,True,7.753792132,0.006017926146,0.0007767296757
2025-12-29,AMZN,True,2.599392107,-0.0005692773022,-0.0002189560605
2025-12-29,BAC,True,3.55967061,0.005351628729,0.001505669231
2025-12-29,BND,False,,,
2025-12-29,GLD,False,,,
2025-12-29,GOOGL,True,5.421388493,0.003848783391,0.0007104301208
2025-12-29,JNJ,True,9.683956315,0.004253621811,0.0004394372375
2025-12-29,JPM,True,9.512480835,0.003761283341,0.0003955614971
2025-12-29,MSFT,True,8.644643225,-0.02361564028,-0.002724381061
2025-12-29,PG,True,7.475947479,0.01857435827,0.002490737418
2025-12-29,TSLA,True,1.913858501,0.003862116963,0.002022054594
2025-12-29,VNQ,False,,,
2025-12-29,WMT,True,1.977300279,0.002346908192,0.001188336002
2025-12-30,AAPL,True,7.751135648,-0.002656483342,-0.0003426044053
2025-12-30,AMZN,True,2.601026139,0.001634032297,0.0006286209352
2025-12-30,BAC,True,3.562482561,0.002811950537,0.0007899468364
2025-12-30,BND,False,,,
2025-12-30,GLD,False,,,
2025-12-30,GOOGL,True,5.425587302,0.004198808423,0.0007744894925
2025-12-30,JNJ,True,9.704792894,0.0208365788,0.002151659726
2025-12-30,JPM,True,9.502328044,-0.01015279097,-0.001067312634
2025-12-30,MSFT,True,8.668044991,0.023401766,0.002707082917
2025-12-30,PG,True,7.487048478,0.01110099846,0.001484895192
2025-12-30,TSLA,True,1.916151181,0.002292679929,0.001197935964
2025-12-30,VNQ,False,,,
2025-12-30,WMT,True,1.97877841,0.001478130395,0.0007475497834
2025-12-31,AAPL,True,7.76382226,0.01268661222,0.001636742381
2025-12-31,AMZN,True,2.602809738,0.001783599277,0.0006857290861
2025-12-31,BAC,True,3.56168342,-0.0007991406232,-0.000224321273
2025-12-31,BND,False,,,
2025-12-31,GLD,False,,,
2025-12-31,GOOGL,True,5.425978731,0.0003914296772,7.214512557e-05
2025-12-31,JNJ,True,9.727787731,0.02299483704,0.002369430991
2025-12-31,JPM,True,9.511147961,0.008819917019,0.0009281848594
2025-12-31,MSFT,True,8.66353037,-0.00451462083,-0.0005208349558
2025-12-31,PG,True,7.495537222,0.008488743724,0.001133790405
2025-12-31,TSLA,True,1.916451788,0.0003006065235,0.000156880379
2025-12-31,VNQ,False,,,
2025-12-31,WMT,True,1.984800628,0.006022217979,0.003043401904
2026-01-02,AAPL,True,7.773352902,0.009530641052,0.001227570742
2026-01-02,AMZN,True,2.612404483,0.009594744903,0.00368630283
2026-01-02,BAC,True,3.564113515,0.002430095355,0.0006822884206
2026-01-02,BND,False,,,
2026-01-02,GLD,False,,,
2026-01-02,GOOGL,True,5.459550847,0.03357211586,0.006187292196
2026-01-02,JNJ,True,9.771925362,0.04413763068,0.004537273211
2026-01-02,JPM,True,9.526528623,0.01538066204,0.001617119417
2026-01-02,MSFT,True,8.674657202,0.01112683203,0.001284330008
2026-01-02,PG,True,7.514094046,0.01855682423,0.002475716374
2026-01-02,TSLA,True,1.917129005,0.0006772173717,0.0003533704193
2026-01-02,VNQ,False,,,
2026-01-02,WMT,True,1.990378329,0.005577701817,0.002810207604
2026-01-05,AAPL,True,7.777848108,0.004495206148,0.0005782840693
2026-01-05,AMZN,True,2.621010297,0.008605813501,0.003294211734
2026-01-05,BAC,True,3.57295051,0.008836994466,0.002479436872
2026-01-05,BND,False,,,
2026-01-05,GLD,False,,,
2026-01-05,GOOGL,True,5.451430899,-0.008119948082,-0.001487292327
2026-01-05,JNJ,True,9.787177938,0.01525257673,0.00156085686
2026-01-05,JPM,True,9.544775549,0.01824692579,0.001915380357
2026-01-05,MSFT,True,8.701962792,0.02730559002,0.003147742831
2026-01-05,PG,True,7.530681534,0.01658748821,0.002207516716
2026-01-05,TSLA,True,1.923968071,0.006839065673,0.003567347661
2026-01-05,VNQ,False,,,
2026-01-05,WMT,True,1.993781316,0.003402987058,0.001709718704
2026-01-06,AAPL,True,7.762583073,-0.01526503513,-0.001962629627
2026-01-06,AMZN,True,2.624399238,0.003388941733,0.001292990622
2026-01-06,BAC,True,3.573287109,0.0003365987738,9.420751083e-05
2026-01-06,BND,False,,,
2026-01-06,GLD,False,,,
2026-01-06,GOOGL,True,5.447590951,-0.003839947759,-0.0007043926319
2026-01-06,JNJ,True,9.798736619,0.01155868115,0.001181002453
2026-01-06,JPM,True,9.560523772,0.0157482236,0.001649931266
2026-01-06,MSFT,True,8.70545116,0.003488368035,0.0004008714032
2026-01-06,PG,True,7.554575865,0.02389433138,0.0031729308
2026-01-06,TSLA,True,1.930883816,0.006915745183,0.003594521805
2026-01-06,VNQ,False,,,
2026-01-06,WMT,True,1.998536638,0.004755321333,0.002385076685
2026-01-07,AAPL,True,7.767193591,0.004610517992,0.0005939412112
2026-01-07,AMZN,True,2.627024046,0.002624808171,0.00100015582
2026-01-07,BAC,True,3.581742727,0.008455618452,0.002366341745
2026-01-07,BND,False,,,
2026-01-07,GLD,False,,,
2026-01-07,GOOGL,True,5.444838743,-0.002752208527,-0.0005052157093
2026-01-07,JNJ,True,9.8353652,0.03662858044,0.00373809215
2026-01-07,JPM,True,9.572835932,0.01231215968,0.001287812256
2026-01-07,MSFT,True,8.71550143,0.01005026944,0.001154480021
2026-01-07,PG,True,7.562447406,0.007871540179,0.001041956599
2026-01-07,TSLA,True,1.929985775,-0.0008980407833,-0.0004650931226
2026-01-07,VNQ,False,,,
2026-01-07,WMT,True,2.004928342,0.00639170417,0.003198192142
2026-01-08,AAPL,True,7.783877473,0.01668388204,0.00214799359
2026-01-08,AMZN,True,2.633755178,0.00673113166,0.002562264959
2026-01-08,BAC,True,3.576895859,-0.004846867881,-0.001353214971
2026-01-08,BND,False,,,
2026-01-08,GLD,False,,,
2026-01-08,GOOGL,True,5.449611844,0.004773100863,0.0008766285079
2026-01-08,JNJ,True,9.830153358,-0.005211841449,-0.0005299082792
2026-01-08,JPM,True,9.580805412,0.007969479428,0.0008325097687
2026-01-08,MSFT,True,8.733482415,0.01798098553,0.002063103962
2026-01-08,PG,True,7.58618512,0.02373771486,0.003138893216
2026-01-08,TSLA,True,1.93330901,0.003323234962,0.001721896091
2026-01-08,VNQ,False,,,
2026-01-08,WMT,True,2.009203964,0.004275622414,0.002132556224
2026-01-09,AAPL,True,7.783396295,-0.0004811779734,-6.181725947e-05
2026-01-09,AMZN,True,2.644372278,0.01061710021,0.004031164439
2026-01-09,BAC,True,3.582833107,0.005937248105,0.001659888445
2026-01-09,BND,False,,,
2026-01-09,GLD,False,,,
2026-01-09,GOOGL,True,5.458737935,0.009126091217,0.001674631419
2026-01-09,JNJ,True,9.836092601,0.005939242856,0.000604186185
2026-01-09,JPM,True,9.605740015,0.02493460313,0.002602558142
2026-01-09,MSFT,True,8.760061228,0.02657881275,0.003043323555
2026-01-09,PG,True,7.614094015,0.02790889461,0.003678910304
2026-01-09,TSLA,True,1.93651403,0.003205020128,0.001657789888
2026-01-09,VNQ,False,,,
2026-01-09,WMT,True,2.011040521,0.001836556317,0.0009140716173
2026-01-12,AAPL,True,7.777790318,-0.005605976493,-0.0007202481129
2026-01-12,AMZN,True,2.646906374,0.002534095693,0.0009582976323
2026-01-12,BAC,True,3.580299543,-0.002533564448,-0.0007071399566
2026-01-12,BND,False,,,
2026-01-12,GLD,False,,,
2026-01-12,GOOGL,True,5.4320337,-0.02670423464,-0.004892016242
2026-01-12,JNJ,True,9.857899339,0.02180673765,0.002217012235
2026-01-12,JPM,True,9.633649025,0.02790901052,0.002905451374
2026-01-12,MSFT,True,8.754822485,-0.005238742839,-0.0005980258246
2026-01-12,PG,True,7.626905141,0.01281112576,0.001682554186
2026-01-12,TSLA,True,1.943357186,0.006843155655,0.003533749587
2026-01-12,VNQ,False,,,
2026-01-12,WMT,True,2.017752593,0.006712072601,0.003337611814
2026-01-13,AAPL,True,7.808493396,0.03070307811,0.00394753225
2026-01-13,AMZN,True,2.64442648,-0.002479894135,-0.0009369028537
2026-01-13,BAC,True,3.587297604,0.006998061235,0.001954602164
2026-01-13,BND,False,,,
2026-01-13,GLD,False,,,
2026-01-13,GOOGL,True,5.439830117,0.00779641673,0.001435266635
2026-01-13,JNJ,True,9.876011935,0.01811259596,0.001837368727
2026-01-13,JPM,True,9.638248656,0.004599631145,0.0004774547145
2026-01-13,MSFT,True,8.738339454,-0.01648303077,-0.001882737291
2026-01-13,PG,True,7.6216667,-0.005238440315,-0.0006868369566
2026-01-13,TSLA,True,1.945591597,0.002234411192,0.001149768662
2026-01-13,VNQ,False,,,
2026-01-13,WMT,True,2.017529515,-0.000223078527,-0.0001105579186
2026-01-14,AAPL,True,7.80928892,0.0007955232715,0.000101879227
2026-01-14,AMZN,True,2.650849701,0.006423221266,0.002428965719
2026-01-14,BAC,True,3.582442036,-0.004855567493,-0.001353544654
2026-01-14,BND,False,,,
2026-01-14,GLD,False,,,
2026-01-14,GOOGL,True,5.445898921,0.006068803422,0.001115623704
2026-01-14,JNJ,True,9.869378313,-0.006633621477,-0.0006716903058
2026-01-14,JPM,True,9.630958038,-0.007290618454,-0.0007564256448
2026-01-14,MSFT,True,8.722383736,-0.01595571874,-0.001825944028
2026-01-14,PG,True,7.618521508,-0.003145192159,-0.0004126646155
2026-01-14,TSLA,True,1.947129277,0.001537679656,0.0007903404077
2026-01-14,VNQ,False,,,
2026-01-14,WMT,True,2.018393241,0.0008637264162,0.0004281109198
2026-01-15,AAPL,True,7.776952142,-0.03233677746,-0.004140809463
2026-01-15,AMZN,True,2.64816858,-0.002681121293,-0.001011419581
2026-01-15,BAC,True,3.578572678,-0.003869358889,-0.00108008974
2026-01-15,BND,False,,,
2026-01-15,GLD,False,,,
2026-01-15,GOOGL,True,5.439944625,-0.005954295093,-0.001093353949
2026-01-15,JNJ,True,9.878536833,0.009158519911,0.0009279733353
2026-01-15,JPM,True,9.63003063,-0.0009274074516,-9.629441307e-05
2026-01-15,MSFT,True,8.711614783,-0.01076895313,-0.001234634185
2026-01-15,PG,True,7.626308028,0.00778652013,0.001022051342
2026-01-15,TSLA,True,1.944415552,-0.002713724934,-0.001393705578
2026-01-15,VNQ,False,,,
2026-01-15,WMT,True,2.020782037,0.002388795777,0.001183513563
2026-01-16,AAPL,True,7.788709281,0.01175713874,0.001511792606
2026-01-16,AMZN,True,2.648741562,0.0005729819375,0.0002163691322
2026-01-16,BAC,True,3.570241909,-0.008330769088,-0.002327958613
2026-01-16,BND,False,,,
2026-01-16,GLD,False,,,
2026-01-16,GOOGL,True,5.438321765,-0.001622860059,-0.0002983229004
2026-01-16,JNJ,True,9.878363393,-0.0001734399735,-1.755725331e-05
2026-01-16,JPM,True,9.656387296,0.02635666574,0.002736924393
2026-01-16,MSFT,True,8.713584892,0.001970109288,0.0002261474293
2026-01-16,PG,True,7.616510685,-0.009797343491,-0.001284677127
2026-01-16,TSLA,True,1.943584308,-0.000831243532,-0.0004275030259
2026-01-16,VNQ,False,,,
2026-01-16,WMT,True,2.023127283,0.002345246471,0.001160563795
2026-01-20,AAPL,True,7.780621761,-0.008087519628,-0.001038364553
2026-01-20,AMZN,True,2.64923996,0.0004983980022,0.0001881640736
2026-01-20,BAC,True,3.572045392,0.00180348301,0.0005051430845
2026-01-20,BND,False,,,
2026-01-20,GLD,False,,,
2026-01-20,GOOGL,True,5.435578289,-0.002743476072,-0.0005044710833
2026-01-20,JNJ,True,9.858502239,-0.01986115392,-0.002010571299
2026-01-20,JPM,True,9.662448857,0.006061560721,0.0006277255183
2026-01-20,MSFT,True,8.744042431,0.03045753895,0.003495408529
2026-01-20,PG,True,7.617562411,0.001051725674,0.0001380849733
2026-01-20,TSLA,True,1.949427439,0.005843130264,0.003006368306
2026-01-20,VNQ,False,,,
2026-01-20,WMT,True,2.023779076,0.0006517924195,0.0003221707427
2026-01-21,AAPL,True,7.758340371,-0.02228139052,-0.002863703082
2026-01-21,AMZN,True,2.646845157,-0.002394802326,-0.0009039582531
2026-01-21,BAC,True,3.568263934,-0.003781457304,-0.00105862521
2026-01-21,BND,False,,,
2026-01-21,GLD,False,,,
2026-01-21,GOOGL,True,5.440375344,0.004797055065,0.0008825289251
2026-01-21,JNJ,True,9.826355057,-0.03214718273,-0.003260858693
2026-01-21,JPM,True,9.647190537,-0.01525831984,-0.001579135896
2026-01-21,MSFT,True,8.750301562,0.006259130739,0.0007158166018
2026-01-21,PG,True,7.621100656,0.003538245722,0.0004644852948
2026-01-21,TSLA,True,1.947862484,-0.001564954212,-0.0008027763336
2026-01-21,VNQ,False,,,
2026-01-21,WMT,True,2.023716859,-6.221683166e-05,-3.074289699e-05
2026-01-22,AAPL,True,7.743160296,-0.01518007448,-0.001956613625
2026-01-22,AMZN,True,2.651846376,0.005001218403,0.001889501692
2026-01-22,BAC,True,3.568063913,-0.0002000212366,-5.605561705e-05
2026-01-22,BND,False,,,
2026-01-22,GLD,False,,,
2026-01-22,GOOGL,True,5.433092076,-0.007283268151,-0.001338743688
2026-01-22,JNJ,True,9.824023909,-0.002331147989,-0.0002372342517
2026-01-22,JPM,True,9.642834393,-0.004356143551,-0.0004515453006
2026-01-22,MSFT,True,8.745082209,-0.005219352976,-0.0005964769259
2026-01-22,PG,True,7.627349185,0.006248528242,0.000819898401
2026-01-22,TSLA,True,1.95274288,0.004880395983,0.002505513619
2026-01-22,VNQ,False,,,
2026-01-22,WMT,True,2.021667285,-0.002049574413,-0.001012777259
2026-01-23,AAPL,True,7.729071488,-0.01408880833,-0.001819516553
2026-01-23,AMZN,True,2.650524698,-0.001321677544,-0.0004983989857
2026-01-23,BAC,True,3.554510186,-0.01355372722,-0.003798622322
2026-01-23,BND,False,,,
2026-01-23,GLD,False,,,
2026-01-23,GOOGL,True,5.439492678,0.006400601977,0.001178077214
2026-01-23,JNJ,True,9.796580299,-0.02744360927,-0.002793520204
2026-01-23,JPM,True,9.617929979,-0.02490441455,-0.002582686121
2026-01-23,MSFT,True,8.731256414,-0.01382579503,-0.001580979424
2026-01-23,PG,True,7.622582179,-0.004767005416,-0.0006249884856
2026-01-23,TSLA,True,1.949406884,-0.003335996608,-0.001708364497
2026-01-23,VNQ,False,,,
2026-01-23,WMT,True,2.017442574,-0.004224710372,-0.002089715951
2026-01-26,AAPL,True,7.711850594,-0.0172208941,-0.002228067644
2026-01-26,AMZN,True,2.659157368,0.008632669954,0.003256966426
2026-01-26,BAC,True,3.541492129,-0.01301805645,-0.003662405162
2026-01-26,BND,False,,,
2026-01-26,GLD,False,,,
2026-01-26,GOOGL,True,5.443218217,0.003725538448,0.0006849054991
2026-01-26,JNJ,True,9.782757698,-0.01382260161,-0.001410961905
2026-01-26,JPM,True,9.616610657,-0.001319322064,-0.0001371731825
2026-01-26,MSFT,True,8.724830289,-0.006426124228,-0.0007359907811
2026-01-26,PG,True,7.627566055,0.00498387611,0.0006538304204
2026-01-26,TSLA,True,1.954276209,0.004869325223,0.00249784961
2026-01-26,VNQ,False,,,
2026-01-26,WMT,True,2.01034154,-0.007101034619,-0.003519819949
2026-01-27,AAPL,True,7.708673013,-0.003177580654,-0.0004120386689
2026-01-27,AMZN,True,2.65362732,-0.005530048211,-0.002079624274
2026-01-27,BAC,True,3.538394227,-0.003097902139,-0.000874744889
2026-01-27,BND,False,,,
2026-01-27,GLD,False,,,
2026-01-27,GOOGL,True,5.440639717,-0.002578499568,-0.0004737086527
2026-01-27,JNJ,True,9.783755323,0.0009976247028,0.0001019778608
2026-01-27,JPM,True,9.624765223,0.008154566152,0.000847966757
2026-01-27,MSFT,True,8.717274647,-0.007555642791,-0.0008659930956
2026-01-27,PG,True,7.63838926,0.01082320466,0.001418959152
2026-01-27,TSLA,True,1.961373948,0.007097739313,0.003631901816
2026-01-27,VNQ,False,,,
2026-01-27,WMT,True,2.013216936,0.002875396765,0.001430302617
2026-01-28,AAPL,True,7.714070122,0.005397108637,0.0007001345923
2026-01-28,AMZN,True,2.650077626,-0.003549693992,-0.001337676156
2026-01-28,BAC,True,3.535527054,-0.002867173647,-0.0008103036189
2026-01-28,BND,False,,,
2026-01-28,GLD,False,,,
2026-01-28,GOOGL,True,5.442211986,0.001572268845,0.000288986025
2026-01-28,JNJ,True,9.781676282,-0.002079040303,-0.0002124992127
2026-01-28,JPM,True,9.621166988,-0.003598235156,-0.0003738517328
2026-01-28,MSFT,True,8.677293809,-0.0399808379,-0.004586391908
2026-01-28,PG,True,7.643363352,0.00497409219,0.0006511964788
2026-01-28,TSLA,True,1.968890875,0.007516926626,0.0038324801
2026-01-28,VNQ,False,,,
2026-01-28,WMT,True,2.012967,-0.0002499363437,-0.0001241477454
2026-01-29,AAPL,True,7.736827079,0.02275695757,0.002950058427
2026-01-29,AMZN,True,2.652240026,0.002162400355,0.0008159762316
2026-01-29,BAC,True,3.538544275,0.003017221926,0.0008534008876
2026-01-29,BND,False,,,
2026-01-29,GLD,False,,,
2026-01-29,GOOGL,True,5.445555691,0.003343704861,0.0006144018038
2026-01-29,JNJ,True,9.776131465,-0.005544817169,-0.000566857562
2026-01-29,JPM,True,9.620428859,-0.0007381288717,-7.671926625e-05
2026-01-29,MSFT,True,8.667326207,-0.009967601356,-0.001148699304
2026-01-29,PG,True,7.65654449,0.01318113739,0.001724520579
2026-01-29,TSLA,True,1.972073801,0.003182926157,0.00161660872
2026-01-29,VNQ,False,,,
2026-01-29,WMT,True,2.012839938,-0.0001270623497,-6.312192386e-05
2026-01-30,AAPL,True,7.786332002,0.04950492301,0.006398607917
2026-01-30,AMZN,True,2.654841452,0.002601425549,0.0009808409204
2026-01-30,BAC,True,3.542027471,0.003483195936,0.0009843584438
2026-01-30,BND,False,,,
2026-01-30,GLD,False,,,
2026-01-30,GOOGL,True,5.44912717,0.003571478792,0.0006558520369
2026-01-30,JNJ,True,9.774651769,-0.001479695831,-0.0001513580128
2026-01-30,JPM,True,9.62667241,0.006243551086,0.0006489888525
2026-01-30,MSFT,True,8.659913614,-0.007412593576,-0.0008552341747
2026-01-30,PG,True,7.669872693,0.0133282031,0.001740759571
2026-01-30,TSLA,True,1.978321996,0.006248194526,0.003168337068
2026-01-30,VNQ,False,,,
2026-01-30,WMT,True,2.016439064,0.00359912654,0.001788083828
2026-02-02,AAPL,True,7.792660762,0.006328759745,0.0008128037365
2026-02-02,AMZN,True,2.64940087,-0.005440581997,-0.002049305804
2026-02-02,BAC,True,3.537148634,-0.004878837152,-0.001377413696
2026-02-02,BND,False,,,
2026-02-02,GLD,False,,,
2026-02-02,GOOGL,True,5.456479874,0.007352704162,0.001349336129
2026-02-02,JNJ,True,9.763839366,-0.01081240303,-0.001106167594
2026-02-02,JPM,True,9.619520264,-0.007152146425,-0.0007429510552
2026-02-02,MSFT,True,8.645350965,-0.01456264828,-0.001681615883
2026-02-02,PG,True,7.668992953,-0.0008797396224,-0.0001147006812
2026-02-02,TSLA,True,1.986452897,0.008130901809,0.004109999195
2026-02-02,VNQ,False,,,
2026-02-02,WMT,True,2.018900212,0.002461147766,0.001220541602
2026-02-03,AAPL,True,7.774748624,-0.0179121385,-0.002298590821
2026-02-03,AMZN,True,2.652469909,0.003069039391,0.001158389969
2026-02-03,BAC,True,3.542320483,0.005171848329,0.001462151824
2026-02-03,BND,False,,,
2026-02-03,GLD,False,,,
2026-02-03,GOOGL,True,5.470890581,0.01441070746,0.002641026411
2026-02-03,JNJ,True,9.76388207,4.270404895e-05,4.373694338e-06
2026-02-03,JPM,True,9.627444615,0.007924350874,0.0008237781778
2026-02-03,MSFT,True,8.669015444,0.02366447812,0.002737248981
2026-02-03,PG,True,7.68746991,0.0184769574,0.002409306869
2026-02-03,TSLA,True,1.983256105,-0.003196792718,-0.001609297015
2026-02-03,VNQ,False,,,
2026-02-03,WMT,True,2.017080307,-0.001819904519,-0.0009014336161
2026-02-04,AAPL,True,7.77376296,-0.0009856631169,-0.0001267774901
2026-02-04,AMZN,True,2.656340693,0.003870784095,0.001459313103
2026-02-04,BAC,True,3.538861715,-0.003458767819,-0.0009764130142
2026-02-04,BND,False,,,
2026-02-04,GLD,False,,,
2026-02-04,GOOGL,True,5.457972471,-0.01291810994,-0.002361244434
2026-02-04,JNJ,True,9.744361008,-0.01952106184,-0.001999313562
2026-02-04,JPM,True,9.67021501,0.04277039502,0.004442549059
2026-02-04,MSFT,True,8.685875048,0.01685960438,0.001944811899
2026-02-04,PG,True,7.697003129,0.009533218389,0.001240098303
2026-02-04,TSLA,True,1.976672345,-0.006583759293,-0.003319671765
2026-02-04,VNQ,False,,,
2026-02-04,WMT,True,2.015658952,-0.001421355128,-0.0007046596622
2026-02-05,AAPL,True,7.783161225,0.009398264386,0.001208972339
2026-02-05,AMZN,True,2.657839341,0.00149864755,0.0005641774619
2026-02-05,BAC,True,3.535595062,-0.003266652453,-0.0009230799949
2026-02-05,BND,False,,,
2026-02-05,GLD,False,,,
2026-02-05,GOOGL,True,5.470821937,0.01284946547,0.002354256189
2026-02-05,JNJ,True,9.735815787,-0.008545221627,-0.0008769401728
2026-02-05,JPM,True,9.69239286,0.02217785025,0.002293418525
2026-02-05,MSFT,True,8.670340838,-0.01553421023,-0.00178844505
2026-02-05,PG,True,7.70444708,0.007443950952,0.0009671232852
2026-02-05,TSLA,True,1.977371328,0.0006989827499,0.0003536158896
2026-02-05,VNQ,False,,,
2026-02-05,WMT,True,2.016185281,0.000526328345,0.0002611197417
2026-02-06,AAPL,True,7.819635084,0.03647385964,0.004686252614
2026-02-06,AMZN,True,2.662407457,0.004568115794,0.001718732853
2026-02-06,BAC,True,3.540029217,0.004434154829,0.001254146686
2026-02-06,BND,False,,,
2026-02-06,GLD,False,,,
2026-02-06,GOOGL,True,5.472879854,0.002057917228,0.0003761623485
2026-02-06,JNJ,True,9.732502176,-0.003313611081,-0.0003403526888
2026-02-06,JPM,True,9.717587408,0.02519454816,0.002599414667
2026-02-06,MSFT,True,8.669217545,-0.001123292831,-0.000129555787
2026-02-06,PG,True,7.709932467,0.00548538766,0.0007119768108
2026-02-06,TSLA,True,1.975406391,-0.001964936644,-0.0009937115077
2026-02-06,VNQ,False,,,
2026-02-06,WMT,True,2.012691665,-0.003493615687,-0.001732785037
2026-02-09,AAPL,True,7.827900236,0.008265151484,0.001056974065
2026-02-09,AMZN,True,2.661863324,-0.0005441323298,-0.0002043760539
2026-02-09,BAC,True,3.534921711,-0.005107505631,-0.001442786293
2026-02-09,BND,False,,,
2026-02-09,GLD,False,,,
2026-02-09,GOOGL,True,5.478653812,0.005773957829,0.001055012714
2026-02-09,JNJ,True,9.727033374,-0.005468801936,-0.0005619111958
2026-02-09,JPM,True,9.736084385,0.0184969768,0.001903453607
2026-02-09,MSFT,True,8.676385787,0.007168241644,0.0008268614332
2026-02-09,PG,True,7.722629101,0.01269663376,0.001646789231
2026-02-09,TSLA,True,1.975657271,0.0002508796361,0.000127001531
2026-02-09,VNQ,False,,,
2026-02-09,WMT,True,2.013201923,0.000510258055,0.0002535202306
2026-02-10,AAPL,True,7.835280036,0.007379800112,0.0009427560252
2026-02-10,AMZN,True,2.656337586,-0.005525738101,-0.002075890993
2026-02-10,BAC,True,3.542299309,0.007377597838,0.002087061169
2026-02-10,BND,False,,,
2026-02-10,GLD,False,,,
2026-02-10,GOOGL,True,5.485258997,0.006605185081,0.001205621911
2026-02-10,JNJ,True,9.729691196,0.002657821967,0.0002732407575
2026-02-10,JPM,True,9.737146777,0.001062392473,0.0001091190699
2026-02-10,MSFT,True,8.679619883,0.003234096146,0.0003727469278
2026-02-10,PG,True,7.724237737,0.001608635845,0.0002083015802
2026-02-10,TSLA,True,1.977805522,0.002148250507,0.001087359907
2026-02-10,VNQ,False,,,
2026-02-10,WMT,True,2.012351984,-0.0008499393777,-0.0004221828759
2026-02-11,AAPL,True,7.861298825,0.0260187889,0.003320722269
2026-02-11,AMZN,True,2.657162528,0.0008249417507,0.000310556066
2026-02-11,BAC,True,3.545861153,0.003561843893,0.001005517485
2026-02-11,BND,False,,,
2026-02-11,GLD,False,,,
2026-02-11,GOOGL,True,5.496221343,0.01096234577,0.001998510148
2026-02-11,JNJ,True,9.75796414,0.02827294461,0.002905841927
2026-02-11,JPM,True,9.752388824,0.01524204714,0.001565350456
2026-02-11,MSFT,True,8.671591102,-0.008028781126,-0.0009250152927
2026-02-11,PG,True,7.739891618,0.01565388095,0.002026592329
2026-02-11,TSLA,True,1.980859207,0.00305368499,0.00154397637
2026-02-11,VNQ,False,,,
2026-02-11,WMT,True,2.016240415,0.003888430814,0.001932281651
2026-02-12,AAPL,True,7.865275646,0.003976820748,0.0005058732451
2026-02-12,AMZN,True,2.668989314,0.01182678552,0.004450907838
2026-02-12,BAC,True,3.546787753,0.0009266000921,0.0002613187748
2026-02-12,BND,False,,,
2026-02-12,GLD,False,,,
2026-02-12,GOOGL,True,5.499970827,0.00374948442,0.0006821931261
2026-02-12,JNJ,True,9.766254663,0.00829052258,0.0008496160122
2026-02-12,JPM,True,9.762737877,0.01034905272,0.001061181307
2026-02-12,MSFT,True,8.676389563,0.004798461167,0.0005533541781
2026-02-12,PG,True,7.743277924,0.003386305743,0.0004375133283
2026-02-12,TSLA,True,1.980272109,-0.0005870976458,-0.0002963853482
2026-02-12,VNQ,False,,,
2026-02-12,WMT,True,2.01690928,0.0006688655078,0.0003317389647
2026-02-13,AAPL,True,7.868028756,0.00275311039,0.0003500335543
2026-02-13,AMZN,True,2.675486077,0.006496763801,0.002434166284
2026-02-13,BAC,True,3.544316564,-0.002471189581,-0.0006967401922
2026-02-13,BND,False,,,
2026-02-13,GLD,False,,,
2026-02-13,GOOGL,True,5.508901857,0.008931029941,0.001623832239
2026-02-13,JNJ,True,9.769488865,0.003234202162,0.000331160949
2026-02-13,JPM,True,9.772992102,0.01025422487,0.001050343151
2026-02-13,MSFT,True,8.673488426,-0.002901136416,-0.0003343713874
2026-02-13,PG,True,7.761001566,0.01772364245,0.002288906923
2026-02-13,TSLA,True,1.979555474,-0.0007166349754,-0.0003618871225
2026-02-13,VNQ,False,,,
2026-02-13,WMT,True,2.01609178,-0.0008175002425,-0.000405323259
2026-02-17,AAPL,True,7.876241779,0.008213023317,0.001043847649
2026-02-17,AMZN,True,2.670537619,-0.004948458347,-0.001849554886
2026-02-17,BAC,True,3.549391624,0.005075060191,0.001431886825
2026-02-17,BND,False,,,
2026-02-17,GLD,False,,,
2026-02-17,GOOGL,True,5.499553402,-0.009348454778,-0.001696972468
2026-02-17,JNJ,True,9.78199859,0.01250972537,0.00128048924
2026-02-17,JPM,True,9.770824148,-0.002167953632,-0.0002218311045
2026-02-17,MSFT,True,8.681215409,0.007726982604,0.0008908736859
2026-02-17,PG,True,7.778860241,0.01785867496,0.002301078644
2026-02-17,TSLA,True,1.977912058,-0.001643415622,-0.0008301942754
2026-02-17,VNQ,False,,,
2026-02-17,WMT,True,2.017043653,0.00095187345,0.000472137955
2026-02-18,AAPL,True,7.880629089,0.004387309791,0.0005570308675
2026-02-18,AMZN,True,2.671876781,0.001339161598,0.0005014576795
2026-02-18,BAC,True,3.55068791,0.001296286288,0.0003652136551
2026-02-18,BND,False,,,
2026-02-18,GLD,False,,,
2026-02-18,GOOGL,True,5.493634701,-0.005918701629,-0.001076214957
2026-02-18,JNJ,True,9.796343895,0.01434530469,0.001466500384
2026-02-18,JPM,True,9.792289151,0.02146500307,0.002196846729
2026-02-18,MSFT,True,8.715654605,0.03443919568,0.003967093784
2026-02-18,PG,True,7.790779519,0.01191927745,0.001532265278
2026-02-18,TSLA,True,1.980896595,0.002984536714,0.001508932969
2026-02-18,VNQ,False,,,
2026-02-18,WMT,True,2.016170219,-0.000873434173,-0.0004330269063
2026-02-19,AAPL,True,7.882047072,0.001417982371,0.0001799326367
2026-02-19,AMZN,True,2.682232287,0.01035550643,0.003875742513
2026-02-19,BAC,True,3.547844318,-0.002843591865,-0.000800856605
2026-02-19,BND,False,,,
2026-02-19,GLD,False,,,
2026-02-19,GOOGL,True,5.51720165,0.02356694948,0.004289864683
2026-02-19,JNJ,True,9.797486055,0.001142159856,0.0001165904207
2026-02-19,JPM,True,9.835874703,0.04358555143,0.004451007395
2026-02-19,MSFT,True,8.734226973,0.01857236837,0.00213092065
2026-02-19,PG,True,7.787256518,-0.003523000698,-0.0004522013093
2026-02-19,TSLA,True,1.983830548,0.002933952545,0.001481123524
2026-02-19,VNQ,False,,,
2026-02-19,WMT,True,2.019576338,0.003406119058,0.001689400541
2026-02-20,AAPL,True,7.910193672,0.02814660088,0.003570975994
2026-02-20,AMZN,True,2.676335209,-0.005897077908,-0.00219857092
2026-02-20,BAC,True,3.540513307,-0.007331010856,-0.002066328226
2026-02-20,BND,False,,,
2026-02-20,GLD,False,,,
2026-02-20,GOOGL,True,5.52853291,0.01133126038,0.002053805733
2026-02-20,JNJ,True,9.817973929,0.02048787395,0.002091135811
2026-02-20,JPM,True,9.844578555,0.008703851779,0.0008849087694
2026-02-20,MSFT,True,8.734815526,0.0005885525565,6.738461896e-05
2026-02-20,PG,True,7.783906615,-0.003349902849,-0.0004301775396
2026-02-20,TSLA,True,1.985011388,0.001180840685,0.0005952326355
2026-02-20,VNQ,False,,,
2026-02-20,WMT,True,2.021965525,0.002389186768,0.001183013845
2026-02-23,AAPL,True,7.924175999,0.01398232663,0.001767633918
2026-02-23,AMZN,True,2.684606123,0.008270913967,0.003090387908
2026-02-23,BAC,True,3.539510659,-0.001002648308,-0.0002831929219
2026-02-23,BND,False,,,
2026-02-23,GLD,False,,,
2026-02-23,GOOGL,True,5.52862954,9.662951497e-05,1.747832862e-05
2026-02-23,JNJ,True,9.829074474,0.01110054458,0.001130634962
2026-02-23,JPM,True,9.871685252,0.02710669788,0.002753464531
2026-02-23,MSFT,True,8.746409978,0.0115944524,0.001327383775
2026-02-23,PG,True,7.796410939,0.01250432436,0.001606432988
2026-02-23,TSLA,True,1.986124655,0.001113266373,0.0005608362652
2026-02-23,VNQ,False,,,
2026-02-23,WMT,True,2.021486394,-0.000479130377,-0.0002369626836
2026-02-24,AAPL,True,7.925299945,0.001123945845,0.000141837567
2026-02-24,AMZN,True,2.685123462,0.0005173388997,0.0001927056991
2026-02-24,BAC,True,3.531964446,-0.007546212922,-0.002131993275
2026-02-24,BND,False,,,
2026-02-24,GLD,False,,,
2026-02-24,GOOGL,True,5.522598566,-0.006030974398,-0.001090862456
2026-02-24,JNJ,True,9.831375916,0.002301442793,0.0002341464396
2026-02-24,JPM,True,9.883554559,0.01186930663,0.001202358698
2026-02-24,MSFT,True,8.761353663,0.01494368549,0.001708550768
2026-02-24,PG,True,7.785899997,-0.01051094238,-0.00134817706
2026-02-24,TSLA,True,1.983795681,-0.002328973318,-0.001172621926
2026-02-24,VNQ,False,,,
2026-02-24,WMT,True,2.020403426,-0.001082968821,-0.0005357289686
2026-02-25,AAPL,True,7.915165933,-0.01013401143,-0.001278691216
2026-02-25,AMZN,True,2.676808429,-0.008315032723,-0.003096704059
2026-02-25,BAC,True,3.528955809,-0.003008637371,-0.0008518311599
2026-02-25,BND,False,,,
2026-02-25,GLD,False,,,
2026-02-25,GOOGL,True,5.521671319,-0.0009272470317,-0.0001679004948
2026-02-25,JNJ,True,9.821472425,-0.009903491832,-0.001007335282
2026-02-25,JPM,True,9.863748382,-0.01980617737,-0.002003952854
2026-02-25,MSFT,True,8.753415771,-0.007937892566,-0.0009060121153
2026-02-25,PG,True,7.790893103,0.00499310609,0.0006413010816
2026-02-25,TSLA,True,1.983690773,-0.0001049079003,-5.28824119e-05
2026-02-25,VNQ,False,,,
2026-02-25,WMT,True,2.016952688,-0.003450738108,-0.001707945089
2026-02-26,AAPL,True,7.913305339,-0.001860594046,-0.0002350669666
2026-02-26,AMZN,True,2.66890266,-0.007905769198,-0.002953431075
2026-02-26,BAC,True,3.528954111,-1.698229183e-06,-4.812271036e-07
2026-02-26,BND,False,,,
2026-02-26,GLD,False,,,
2026-02-26,GOOGL,True,5.514152371,-0.007518947199,-0.001361715822
2026-02-26,JNJ,True,9.842075635,0.02060321043,0.002097772059
2026-02-26,JPM,True,9.866947163,0.003198781619,0.0003242967577
2026-02-26,MSFT,True,8.798815983,0.04540021264,0.005186571029
2026-02-26,PG,True,7.786144022,-0.004749080794,-0.000609568214
2026-02-26,TSLA,True,1.98097292,-0.002717853548,-0.001370099405
2026-02-26,VNQ,False,,,
2026-02-26,WMT,True,2.013110647,-0.003842040072,-0.001904873672
2026-02-27,AAPL,True,7.929678586,0.01637324619,0.002069078026
2026-02-27,AMZN,True,2.673590967,0.004688306831,0.001756642121
2026-02-27,BAC,True,3.534899567,0.005945456567,0.001684764488
2026-02-27,BND,False,,,
2026-02-27,GLD,False,,,
2026-02-27,GOOGL,True,5.516653443,0.002501071294,0.0004535731198
2026-02-27,JNJ,True,9.844897392,0.002821757257,0.0002867034721
2026-02-27,JPM,True,9.852367876,-0.01457928778,-0.001477588512
2026-02-27,MSFT,True,8.809719096,0.0109031129,0.001239156828
2026-02-27,PG,True,7.777452462,-0.008691560437,-0.001116285598
2026-02-27,TSLA,True,1.980002442,-0.0009704782978,-0.0004898998305
2026-02-27,VNQ,False,,,
2026-02-27,WMT,True,2.009323795,-0.003786852245,-0.001881094936
2026-03-02,AAPL,True,7.920094833,-0.009583752738,-0.001208592837
2026-03-02,AMZN,True,2.67775246,0.004161493093,0.001556518235
2026-03-02,BAC,True,3.534415807,-0.0004837598982,-0.0001368525156
2026-03-02,BND,False,,,
2026-03-02,GLD,False,,,
2026-03-02,GOOGL,True,5.520036978,0.003383535012,0.0006133310797
2026-03-02,JNJ,True,9.843984582,-0.0009128101196,-9.271910953e-05
2026-03-02,JPM,True,9.822069486,-0.03029838937,-0.003075239349
2026-03-02,MSFT,True,8.803942199,-0.005776897151,-0.0006557413565
2026-03-02,PG,True,7.775130467,-0.002321994789,-0.0002985546745
2026-03-02,TSLA,True,1.978324298,-0.001678144114,-0.0008475464872
2026-03-02,VNQ,False,,,
2026-03-02,WMT,True,2.010568671,0.001244875312,0.0006195493802
2026-03-03,AAPL,True,7.916582398,-0.003512435359,-0.0004434840028
2026-03-03,AMZN,True,2.677589189,-0.0001632709454,-6.097312872e-05
2026-03-03,BAC,True,3.526181204,-0.008234603675,-0.002329834441
2026-03-03,BND,False,,,
2026-03-03,GLD,False,,,
2026-03-03,GOOGL,True,5.523288005,0.003251027465,0.0005889503056
2026-03-03,JNJ,True,9.848562445,0.004577862737,0.0004650416403
2026-03-03,JPM,True,9.784649087,-0.03742039884,-0.003809828355
2026-03-03,MSFT,True,8.798422229,-0.005519970472,-0.0006269884953
2026-03-03,PG,True,7.776646991,0.001516523758,0.0001950480142
2026-03-03,TSLA,True,1.975571653,-0.002752644066,-0.001391401839
2026-03-03,VNQ,False,,,
2026-03-03,WMT,True,2.008315415,-0.002253255608,-0.00112070562
2026-03-04,AAPL,True,7.93390133,0.01731893273,0.002187677948
2026-03-04,AMZN,True,2.675076111,-0.002513077763,-0.0009385598707
2026-03-04,BAC,True,3.532072699,0.005891495444,0.001670786356
2026-03-04,BND,False,,,
2026-03-04,GLD,False,,,
2026-03-04,GOOGL,True,5.553447553,0.03015954782,0.005460433675
2026-03-04,JNJ,True,9.842060076,-0.006502368994,-0.000660235342
2026-03-04,JPM,True,9.777574809,-0.007074278155,-0.0007229976356
2026-03-04,MSFT,True,8.797159294,-0.001262934584,-0.0001435410294
2026-03-04,PG,True,7.781411614,0.00476462315,0.0006126834811
2026-03-04,TSLA,True,1.973062593,-0.002509060592,-0.001270042819
2026-03-04,VNQ,False,,,
2026-03-04,WMT,True,2.011861687,0.003546272384,0.001765794535
2026-03-05,AAPL,True,7.934793115,0.0008917850207,0.000112401829
2026-03-05,AMZN,True,2.676595501,0.001519389391,0.0005679798735
2026-03-05,BAC,True,3.528877248,-0.003195450606,-0.0009046955932
2026-03-05,BND,False,,,
2026-03-05,GLD,False,,,
2026-03-05,GOOGL,True,5.559013171,0.005565617946,0.001002191502
2026-03-05,JNJ,True,9.821871427,-0.02018864895,-0.002051262519
2026-03-05,JPM,True,9.775645524,-0.001929285106,-0.0001973173454
2026-03-05,MSFT,True,8.775769521,-0.02138977366,-0.002431440985
2026-03-05,PG,True,7.78155712,0.00014550595,1.869917146e-05
2026-03-05,TSLA,True,1.96442574,-0.008636852649,-0.004377384012
2026-03-05,VNQ,False,,,
2026-03-05,WMT,True,2.016973416,0.005111728617,0.002540795249
2026-03-06,AAPL,True,7.946673318,0.01188020305,0.001497229087
2026-03-06,AMZN,True,2.678746313,0.002150811912,0.0008035625524
2026-03-06,BAC,True,3.528207595,-0.0006696535593,-0.0001897639142
2026-03-06,BND,False,,,
2026-03-06,GLD,False,,,
2026-03-06,GOOGL,True,5.555385178,-0.003627993199,-0.0006526325963
2026-03-06,JNJ,True,9.833615193,0.01174376575,0.001195674962
2026-03-06,JPM,True,9.781182194,0.005536669962,0.0005663738469
2026-03-06,MSFT,True,8.785268527,0.009499006767,0.001082412972
2026-03-06,PG,True,7.790540393,0.008983273345,0.001154431331
2026-03-06,TSLA,True,1.966707679,0.002281939093,0.001161631639
2026-03-06,VNQ,False,,,
2026-03-06,WMT,True,2.018116212,0.001142795704,0.0005665893737
2026-03-09,AAPL,True,7.965749952,0.01907663389,0.002400581114
2026-03-09,AMZN,True,2.691102846,0.01235653324,0.004612804572
2026-03-09,BAC,True,3.525282293,-0.002925301548,-0.0008291183183
2026-03-09,BND,False,,,
2026-03-09,GLD,False,,,
2026-03-09,GOOGL,True,5.567224192,0.01183901476,0.002131088013
2026-03-09,JNJ,True,9.837897979,0.004282786464,0.0004355251228
2026-03-09,JPM,True,9.756503806,-0.02467838804,-0.002523047578
2026-03-09,MSFT,True,8.777992095,-0.00727643247,-0.0008282538488
2026-03-09,PG,True,7.78516795,-0.005372443356,-0.0006896111289
2026-03-09,TSLA,True,1.964541595,-0.002166083875,-0.001101375613
2026-03-09,VNQ,False,,,
2026-03-09,WMT,True,2.019381103,0.001264891766,0.000626768547
2026-03-10,AAPL,True,7.964653901,-0.001096051461,-0.0001375955142
2026-03-10,AMZN,True,2.695805523,0.004702677367,0.001747490763
2026-03-10,BAC,True,3.526623202,0.001340908966,0.0003803692455
2026-03-10,BND,False,,,
2026-03-10,GLD,False,,,
2026-03-10,GOOGL,True,5.574341123,0.007116930811,0.001278362531
2026-03-10,JNJ,True,9.850448274,0.01255029528,0.00127570903
2026-03-10,JPM,True,9.75594763,-0.0005561763254,-5.700569963e-05
2026-03-10,MSFT,True,8.773980723,-0.004011371703,-0.0004569805554
2026-03-10,PG,True,7.757393783,-0.02777416653,-0.003567574484
2026-03-10,TSLA,True,1.967558667,0.00301707109,0.001535763405
2026-03-10,VNQ,False,,,
2026-03-10,WMT,True,2.02217645,0.002795346509,0.001384259021
2026-03-11,AAPL,True,7.966124689,0.001470788073,0.0001846644049
2026-03-11,AMZN,True,2.691930506,-0.003875017091,-0.001437424568
2026-03-11,BAC,True,3.535704595,0.009081392499,0.002575095772
2026-03-11,BND,False,,,
2026-03-11,GLD,False,,,
2026-03-11,GOOGL,True,5.572502097,-0.001839026657,-0.0003299092424
2026-03-11,JNJ,True,9.864434017,0.01398574264,0.001419807734
2026-03-11,JPM,True,9.763345231,0.007397600804,0.0007582657354
2026-03-11,MSFT,True,8.775358787,0.001378063639,0.0001570625333
2026-03-11,PG,True,7.767483063,0.01008927993,0.00130060175
2026-03-11,TSLA,True,1.971063456,0.0035047896,0.001781288487
2026-03-11,VNQ,False,,,
2026-03-11,WMT,True,2.019751109,-0.002425341387,-0.00119937179
2026-03-12,AAPL,True,7.983090243,0.01696555416,0.002129712354
2026-03-12,AMZN,True,2.69508944,0.003158933398,0.001173482521
2026-03-12,BAC,True,3.532475303,-0.003229291951,-0.0009133376005
2026-03-12,BND,False,,,
2026-03-12,GLD,False,,,
2026-03-12,GOOGL,True,5.582740617,0.01023852052,0.001837329146
2026-03-12,JNJ,True,9.845768829,-0.01866518813,-0.001892170204
2026-03-12,JPM,True,9.761807145,-0.001538085323,-0.0001575367138
2026-03-12,MSFT,True,8.781977512,0.00661872567,0.0007542398928
2026-03-12,PG,True,7.76515213,-0.002330933632,-0.0003000886662
2026-03-12,TSLA,True,1.972336778,0.001273322375,0.000646007804
2026-03-12,VNQ,False,,,
2026-03-12,WMT,True,2.018167445,-0.001583663349,-0.0007840883673
2026-03-13,AAPL,True,7.999944179,0.01685393629,0.00211120453
2026-03-13,AMZN,True,2.699880107,0.004790666942,0.001777553973
2026-03-13,BAC,True,3.535239733,0.0027644301,0.0007825759172
2026-03-13,BND,False,,,
2026-03-13,GLD,False,,,
2026-03-13,GOOGL,True,5.595097239,0.01235662164,0.00221336123
2026-03-13,JNJ,True,9.837309361,-0.008459468062,-0.0008591983225
2026-03-13,JPM,True,9.785857153,0.02405000751,0.002463683942
2026-03-13,MSFT,True,8.773722182,-0.008255330729,-0.0009400309574
2026-03-13,PG,True,7.775736207,0.01058407714,0.00136302251
2026-03-13,TSLA,True,1.97444451,0.002107731826,0.001068647023
2026-03-13,VNQ,False,,,
2026-03-13,WMT,True,2.021068801,0.002901355743,0.00143761894
2026-03-16,AAPL,True,7.997403092,-0.002541087534,-0.0003176381581
2026-03-16,AMZN,True,2.70299629,0.003116183068,0.001154193129
2026-03-16,BAC,True,3.542686295,0.007446562434,0.002106381178
2026-03-16,BND,False,,,
2026-03-16,GLD,False,,,
2026-03-16,GOOGL,True,5.600264609,0.005167369888,0.0009235531872
2026-03-16,JNJ,True,9.834535106,-0.002774254733,-0.0002820135701
2026-03-16,JPM,True,9.768394193,-0.01746295928,-0.001784509932
2026-03-16,MSFT,True,8.755331808,-0.01839037325,-0.002096074262
2026-03-16,PG,True,7.763107392,-0.01262881495,-0.001624131094
2026-03-16,TSLA,True,1.97459217,0.0001476598943,7.478553765e-05
2026-03-16,VNQ,False,,,
2026-03-16,WMT,True,2.020341864,-0.0007269370532,-0.0003596795185
2026-03-17,AAPL,True,8.006462161,0.009059069068,0.00113275134
2026-03-17,AMZN,True,2.708770871,0.005774581291,0.002136363011
2026-03-17,BAC,True,3.534657991,-0.008028304291,-0.002266162912
2026-03-17,BND,False,,,
2026-03-17,GLD,False,,,
2026-03-17,GOOGL,True,5.593414761,-0.006849847387,-0.001223129239
2026-03-17,JNJ,True,9.839908622,0.005373515664,0.0005463924432
2026-03-17,JPM,True,9.780025512,0.01163131862,0.001190709383
2026-03-17,MSFT,True,8.771709931,0.01637812222,0.00187064552
2026-03-17,PG,True,7.769820968,0.00671357618,0.0008648052695
2026-03-17,TSLA,True,1.971880706,-0.002711464462,-0.001373176954
2026-03-17,VNQ,False,,,
2026-03-17,WMT,True,2.019767941,-0.0005739229924,-0.000284072217
