date,AAPL,AMZN,BAC,BND,GLD,GOOGL,JNJ,JPM,MSFT,PG,TSLA,VNQ,WMT
2021-03-22,0.02833562546,0.01167821172,-0.02257973857,0.002842329822,-0.001470261487,0.001840228542,0.00287408979,-0.02687914982,0.02448431635,0.01695194764,0.0231038303,0.007072797135,0.004782294935
2021-03-23,-0.006888599353,0.008560288076,-0.02018047978,0.002244006316,-0.007300628475,0.005239544492,-0.0009343007262,-0.01000184439,0.006737691281,0.01858984805,-0.01170146456,-0.00142674059,0.01186059147
2021-03-24,-0.01999355403,-0.01607330444,0,0.001531763693,0.003460834108,-0.004310995518,0.009728597775,0.007761297919,-0.008923264026,-0.0003019558199,-0.04816058728,-0.005604379409,-0.006196830159
2021-03-25,0.00416355888,-0.01321963429,0.02059611935,-0.0007058220672,-0.003633653727,-3.43647892e-05,0.0003704005568,0.0128136326,-0.01325076646,0.006940356355,0.0160566274,0.01018187178,0.006761102725
2021-03-26,0.005141427249,0.001894112243,0.02708431909,-0.001766011412,0.002843409058,-0.003803192599,0.01827504333,0.01665000772,0.01781872844,0.01475879163,-0.03385438242,0.02156697408,0.008357825848
2021-03-29,0.001485126856,0.007765307335,-0.009565419191,-0.0012975975,-0.01189600511,0.01040127655,0.006730294004,-0.01553928712,-0.005243554492,0.01565152858,-0.01199266702,-0.005816389276,0.01139655532
2021-03-30,-0.01227463496,-0.006645597502,0.01774951603,0.001062839546,-0.01709182382,0.0003324713594,-0.006203364048,0.01178959826,-0.0144107792,-0.0154103333,0.03980107885,0.001299938882,-0.006804811492
2021-03-31,0.01876563964,0.01269600564,-0.007694189974,-0.0004719650847,0.01516785732,0.007842769031,-0.003999671592,-0.01456536316,0.01690728084,-0.0001475456117,0.05083220558,-0.006059428048,0.0006628217136
2021-04-01,0.006958592422,0.02162845443,0.02067760015,0.003218200699,0.01262808783,0.03261052966,-0.009248481618,0.009722376673,0.02790856597,-0.008491739262,-0.009252455923,0.01817994368,-0.001545769107
2021-04-05,0.02357734683,0.02079404593,0.007850035847,-0.001533148798,-0.0003704010383,0.04187285831,0.003684587882,0.005300627008,0.02772869935,0.01616001528,0.04427659123,0.003849214978,0.02809303256
2021-04-06,0.002462103619,-0.0009018902147,-0.002764153258,0.003543242122,0.008028675065,-0.004371360406,-0.0002448162813,-0.007030238007,-0.004858218845,0.0003668269211,0.0008247761128,0.002556044172,0.004805220891
2021-04-07,0.01339054471,0.01723733656,0.009070338834,-0.001176840852,-0.002818323186,0.01347514283,0.001346550412,0.01566781309,0.008230528712,0.001758259345,-0.02985742821,0.0007436687737,-0.002141286421
2021-04-08,0.01923351107,0.006071242953,-0.008739079377,0.002238359686,0.01075202789,0.005091447896,-0.00391189179,0.001226582416,0.0134054201,0.003802907122,0.01912159613,-0.003715580707,-0.0006436597076
2021-04-09,0.02025175013,0.02209562243,0.007304655315,-0.001292904707,-0.007537476602,0.008993799497,-0.0105537964,0.007478072494,0.01026642046,-0.006484211641,-0.009915155733,-0.00117191438,0.0005008011421
2021-04-12,-0.01323309333,0.002132121873,0.001750503113,-0.0002355492128,-0.006063609158,-0.01147232832,0.002418493004,-0.002111773543,0.0002345657566,0.004033146121,0.0368674123,0.005867226276,0.0001432014147
2021-04-13,0.02430657393,0.006098747605,-0.0184721368,0.002590185818,0.007086479573,0.004370394629,-0.01336299893,-0.01192657713,0.01008166306,-0.01321941295,0.08595690365,0.004984537792,-0.003075728393
2021-04-14,-0.0178533637,-0.01970591826,0.01424220758,-0.0007043614218,-0.004344315529,-0.005553614043,0.00275890731,-0.01869030059,-0.01121897047,0.00362675122,-0.03947166705,-0.00527641167,-0.000358925356
2021-04-15,0.01870841247,0.01382840971,-0.02858590769,0.004230610607,0.01616276342,0.01933175091,0.00293920612,0.006348608544,0.01529768389,0.01209435691,0.009040931224,0.01750496524,0.006029501983
2021-04-16,-0.00252778708,0.006022342355,0.0105834054,-0.002691717341,0.006047777219,-0.001093858116,0.01153415477,0.007425735009,0.004778588668,7.296827041e-05,0.001258702915,0.002189505229,0.003210554073
2021-04-19,0.005068269188,-0.008069009815,0.0005106075107,-0.0005865900771,-0.002765294241,0.003070712658,0.002773599286,-0.004239690202,-0.00767057458,-0.004663007042,-0.03399658469,0.001976643981,-0.006400645556
2021-04-20,-0.01283014115,-0.01106756728,-0.02782726807,0.001643645947,0.003556551571,-0.004694701932,0.02329593947,-0.02214237836,-0.001855013228,0.008344958929,0.006101017268,0.00820257405,0.007730288202
2021-04-21,0.002930097358,0.008195669633,0.01680681679,0.001055394558,0.00991115568,-0.0002895373397,0.0006607258337,0.008508202624,0.008983268127,-0.006533781402,0.03495179344,0.006591194159,0.002912186147
2021-04-22,-0.01168556113,-0.01575839589,-0.009297453663,0.0004683035944,-0.006483147356,-0.01133722813,-0.008463836331,-0.02105799034,-0.01308617764,-0.009928122229,-0.03283069677,-0.005422575251,-0.01083553527
2021-04-23,0.01803878739,0.009622189747,0.02137637811,0.0001167868989,-0.003831414125,0.02104745366,0.002058412973,0.01913604295,0.01547595286,-0.005124768017,0.01349190821,0.005863347394,0.001646496869
2021-04-26,0.002977879923,0.02038978036,0.005870183588,-0.0007019925557,0.002644245538,0.004348107037,-0.008458463432,0.002463375667,0.001531791742,-0.02000912036,0.01206471501,0.002965814214,-0.01422432764
2021-04-27,-0.002449468377,0.002472917551,0.01192618116,-0.002576544643,-0.002517371003,-0.008203731585,-0.005727443087,0.004582852425,0.001605872753,-0.0006094745578,-0.04532647907,-0.0001014115104,0.003407811831
2021-04-28,-0.00602738078,0.01201778673,0.003761022257,0.000470194886,0.00294439069,0.02970782801,-0.007353802631,0.006479156455,-0.02828580043,0.00167710995,-0.0146720943,-0.00214177873,-0.003540976416
2021-04-29,-0.0007487115687,0.00370393476,0.02697978958,-0.0008220107682,-0.004133978948,0.01429389061,0.01370551636,0.01944439478,-0.008053069362,0.008447302064,-0.02505755172,0.008584476505,0.01261893557
2021-04-30,-0.01513309916,-0.001120636172,-0.01410844752,0.001409410366,-0.003369014285,-0.0164078158,-0.008952586254,-0.00889214137,-0.001306798355,0.006867618976,0.04791723958,0.003951947736,0.002005138424
2021-05-03,0.008215030616,-0.02334017072,0.0007402048789,0.0002463752999,0.01297835234,-0.004427465886,0.01523979823,-0.002925609357,-0.00126909731,0.01184221493,-0.03459063271,-0.001917776375,0.01579593032
2021-05-04,-0.03538525584,-0.02203454133,0.01084816666,0.001292161043,-0.00732969278,-0.01547105055,0.01549560308,0.01382338475,-0.01615984958,-0.003407232514,-0.0164987409,-0.006471794941,-0.009850983026
2021-05-05,0.001955362113,-0.012479433,0.009512144234,0.0005861429679,0.004142168531,0.003441950392,-0.004172146526,0.01312072445,-0.005326763889,-0.008027442078,-0.00394895908,-0.01659041587,-0.0008525155102
2021-05-06,0.01280254621,0.01095540177,0.01497957638,0.0004696389162,0.01667957921,0.009754798107,0.004009777863,0.02012454762,0.01322667142,0.01258791811,-0.01102933852,0.005589028075,0.007140259427
2021-05-07,0.005327032086,-0.00446405785,0.00404638128,0.0001166263503,0.008996817601,0.006237686352,0.004531154133,0.003422957776,0.01093199977,7.40129093e-05,0.01330746095,0.01317424627,-0.006026489125
2021-05-10,-0.0258041699,-0.03072052637,-0.003081605094,-0.002342969645,0.003030504596,-0.02558738788,0.01050452855,-0.0001245671532,-0.02091442075,0.01864586381,-0.0644437314,-0.0003047608092,0.004422497914
2021-05-11,-0.007410353634,0.01047481692,-0.01141527324,-0.001996143889,0.000174300036,-0.00946442548,-0.008163675992,-0.01662323903,-0.003843262071,-0.004939200636,-0.01882227876,-0.01260052749,-0.009018734709
2021-05-12,-0.02493842158,-0.02232379677,-0.009381716269,-0.003530015159,-0.009933813872,-0.0307524564,-0.004026422605,-0.006875195167,-0.02936294311,-0.01058474368,-0.04424821293,-0.02531644856,-0.02586879861
2021-05-13,0.01791963198,0.003023544004,0.01602725726,0.002007536519,0.004107329913,0.01308484131,0.01046392644,0.02572264703,0.01686203453,0.01608383408,-0.03085320398,0.01298710566,0.01691921672
2021-05-14,0.01984467761,0.01943085118,0.01242843735,0.002356774148,0.009115862292,0.02213515847,0.001529700917,0.01554156449,0.02106724076,0.002105477846,0.031573033,0.01188249629,0.009259300764
2021-05-17,-0.009258542304,0.01473515404,0.00897053684,-0.0009404722509,0.01163932178,0.00462611267,0.0009984231892,0.004024276736,-0.01196853462,-0.00202864266,-0.02189098295,0.001029912621,-0.00451537448
2021-05-18,-0.01124561115,-0.01165305857,-0.01357028379,-0.001059327679,0.001946172546,-0.01155568168,0.0003522758245,-0.01408855875,-0.008565138279,-0.0102372025,0.001802945851,0.0002057142127,0.02174376309
2021-05-19,-0.001281483805,-0.0001485148281,-0.004506852484,-0.001060241841,0.0006856168909,0.003991083507,-0.00217043424,-0.007637999544,0.002473921834,0.002054170028,-0.02493638387,-0.003189276874,7.03785441e-05
2021-05-20,0.02101200678,0.004913709794,-0.002382523332,0.003301798429,0.004567270125,0.01560658481,0.005820456812,-0.001737863583,0.013820478,0.01024847317,0.04138712802,0.01125011912,0.003522960197
2021-05-21,-0.01476709615,-0.01373285355,0.01265830207,0.0002357673591,0.0004545724552,-0.005557157582,-0.0006431005561,0.01137854225,-0.005314865777,0,-0.01005491713,-0.00102091834,-0.004704023352
2021-05-24,0.01331418375,0.01308421526,0.005424381455,0.00117459388,0.001761036294,0.0291658147,0.003825935162,0.005409492011,0.02288199268,-0.0002896044708,0.0440022264,0.01246451755,7.045797426e-05
2021-05-25,-0.001573559379,0.004332851226,-0.01454365567,0.002582388005,0.009072814229,0.0007749010766,-0.002755613258,-0.01033355323,0.003748555456,0.00340662796,-0.002885668383,-0.0003029154436,0.004091160024
2021-05-26,-0.0003939482208,0.001874756245,0.0007140250661,-0.0003516714999,-0.001742048687,0.007381058155,-0.0059385831,-0.0001232462815,-0.0009137697116,-0.002239683678,0.0238799575,0.004441401979,-0.001194186913
2021-05-27,-0.01237687117,-0.01073455811,0.01213140449,-0.001404997094,0.000394096625,-0.007406735692,-0.001537721534,0.01557171343,-0.008668312258,-0.0227337244,0.01892984015,-0.002311376193,-0.003376265501
2021-05-28,-0.005347841922,-0.002179428942,-0.003760378445,-0.0001172565019,0.003770176938,-0.002467582979,0.002606401241,-0.000669325101,0.001483940964,-0.0009629898177,-0.008924522802,0.006043554175,0.002399587432
2021-06-01,-0.002648417231,-0.001371414807,0.01250292134,-7.029966299e-05,-0.002690946144,0.01032303304,-0.02197929977,0.01102053077,-0.009131659325,-0.01460883703,-0.0021112686,0.01802156425,-0.002604886013
2021-06-02,0.006276043346,0.004765962837,0.0004658572405,0.001057381265,0.004890446351,-0.004447200007,0.004047730922,6.006445881e-05,-0.0004041979124,0.004364917483,-0.03010095234,0.01170337125,-0.002188415405
2021-06-03,-0.01215409261,-0.01452694114,0.01145934605,-0.001878011451,-0.01957822854,-0.009706495382,-0.0009629622547,0.0006624328089,-0.006429364782,0.01790795208,-0.05334476431,-0.003694064027,0.001768669147
2021-06-04,0.0190221215,0.006027657822,0.0004626458363,0.003998152854,0.01078335907,0.01959035938,-0.0004215245939,0.001625234318,0.02067451932,0.0007359443182,0.04575447058,0.0004881305766,0.001765546479
2021-06-07,7.963296285e-05,-0.002560692593,-0.003466603595,-0.0007031070333,0.004007628361,0.003647339868,-0.00680847285,-0.004686571616,0.01204224471,0.003457375119,0.0101494317,0.0118001743,-0.006697269442
2021-06-08,0.006671866206,0.02066915355,-0.0055658007,0.001875059157,-0.003092077405,-0.001606887477,-0.008796536811,-0.003984089016,-0.00488564857,-0.01158204574,-0.002544921742,0.00828916226,-0.007593970251
2021-06-09,0.003077082357,0.005220349302,-0.01306005533,0.00198852824,-0.001917502722,0.003960917968,0.01346473736,-0.01248469389,0.00403857707,-0.0003706327711,-0.007968981372,0.001338246202,-0.005363685379
2021-06-10,-0.008023099342,0.02087684595,-0.01488655637,0.002101431538,0.004294325822,0.01129195709,0.008998402543,-0.01558868907,0.0143931976,0.007418785473,0.01893850174,0.007160149027,0.005752012117
2021-06-11,0.009832580124,-0.000841826534,0.004078045123,-0.0002332093165,-0.01125239079,-0.002024696534,-0.01268878228,-0.0006860225694,0.002526817758,-0.006848605369,-0.0003770180312,-0.003981129153,0.006219523116
2021-06-14,0.02457814182,0.01106712722,-0.01194477647,-0.002563214932,-0.005860923791,0.007699035781,0.002485472125,-0.01696911392,0.007755440774,0.0003707690384,0.01278922185,0.003901700407,-0.001349680626
2021-06-15,-0.006437914981,-0.0002186996793,0.0007253175546,0,-0.003777709557,-0.008379205984,-0.005321450724,-0.01516798787,-0.005887453868,-0.001927424668,-0.02967508258,-0.01071189073,-0.003984064778
2021-06-16,0.003933729491,0.009494183571,0.005556875693,-0.002804079327,-0.01689171152,-0.005328732626,-0.0003647721024,0.0070241691,-0.00379283279,-0.01388790598,0.009193155633,-0.006516049031,-0.02035713266
2021-06-17,0.0126012174,0.02166464378,-0.04372867798,0.003397331469,-0.03074042714,0.008039996609,0.00480462066,-0.02886025489,0.01367622565,0.009112793366,0.01939261459,-0.001253797551,0.004155854234
2021-06-18,-0.01009193419,-0.0006706583139,-0.02562836399,0.003152930046,-0.005547261947,-0.01340940052,-0.01961023677,-0.0253032013,-0.005634255035,-0.01462776345,0.01088224331,-0.01699664047,-0.01851573948
2021-06-21,0.01410388379,-0.009446804682,0.02501268641,-0.003491786202,0.01224764665,0.0141660718,0.01148283526,0.01696884693,0.01233467654,0.007876895699,-0.003978800587,0.02063071518,0.009099709932
2021-06-22,0.01269858645,0.01490466106,0.005534935897,0.001401401505,-0.004192853915,0.004252453485,-0.001342626235,-0.00146252168,0.01096593539,0.0003756272707,0.004638983625,-0.005197743788,0.004618658275
2021-06-23,-0.002090184224,-0.0004621896804,0.005754184369,-0.0006997201636,-0.0006616578066,-0.001663620218,-0.006050527863,0.006058079676,-0.000903776243,-0.00142726114,0.05268476618,-0.00174169274,-0.007808616628
2021-06-24,-0.00216884165,-0.01562294639,0.01567161544,0.0004666687775,-0.0006019387497,0.00305419202,0.004549950183,0.009198194854,0.005352922559,0.0006773200022,0.03541130298,-0.002157235276,0.006987228226
2021-06-25,-0.002248817211,-0.01380656161,0.01934844952,-0.001866631805,0.003312473344,6.938905792e-05,0.005141712691,0.01009768668,-0.006261974475,0.01428327222,-0.01169431203,0.00674996853,0.01183297207
2021-06-28,0.01254588284,0.01247408914,-0.001441366943,0.002688404908,-5.999463987e-05,0.0002246668081,-0.001156904002,0.001817396441,0.01396106858,0.002964961579,0.02507926567,-0.002915253054,-0.00310406226
2021-06-29,0.0115005376,0.001234034141,-0.01612138665,0.0004664838003,-0.01050546273,-0.002150491193,6.079210516e-05,-0.001231239256,0.009973512286,-0.006798858069,-0.01155768193,-0.002728646064,-0.005792829919
2021-06-30,0.004621216919,-0.002314303251,0.008315135332,0.0006990895619,0.00485350387,-0.00149662211,0.004328752236,0.009083020283,-0.001842564551,0.003943450462,-0.001557079686,-0.005276913918,0.02709375822
2021-07-01,0.002263381511,-0.00209000209,0.007518751625,-9.320875634e-05,0.003441357536,0.002907694178,0.007405421661,0.009900645793,0.002584117947,0.002297588695,-0.002618823078,0.004322642569,-0.01205485401
2021-07-02,0.0195962845,0.02272374923,-0.009388681458,0.001748936826,0.006558341504,0.0229737255,0.01819711165,-0.000960531467,0.02227522835,0.004880094911,0.001445637051,0.003032394266,0.005670328716
2021-07-06,0.01471862439,0.04692710742,-0.02624551868,0.00360862616,0.004961455343,0.007444556871,-0.00597693305,-0.0167913792,3.6113192e-05,0.0005887287585,-0.02845780979,0.007314163887,-0.001213366807
2021-07-07,0.01795515984,0.005669564077,-0.00798615103,0.002088101967,0.003806801143,0.00225055569,0.008573152862,0.001173137212,0.00817545715,0.007501163578,-0.02263562857,0.003485362749,-0.001643577571
2021-07-08,-0.009199969493,0.009422227594,-0.02440231886,0.0009262936654,-0.0006518168638,-0.01130664025,-0.001948289765,-0.01725338987,-0.008966664592,-0.0001459533355,0.01265803729,-0.002798115482,-0.0008591459781
2021-07-09,0.01305532433,-0.003234704203,0.03249103103,-0.003122426642,0.003320562334,0.003794612208,0.003962848988,0.03199933643,0.001874524764,0.0003649679948,0.00634183708,0.01644731936,0.005086628666
2021-07-12,-0.004204082121,-0.000212348143,0.01473530222,-0.0003486391213,-0.001241101031,0.01160794575,-0.001590713026,0.01431571045,-0.002230859288,0.0008026617567,0.0437628194,0.008566782442,-0.00178190569
2021-07-13,0.007889510914,-0.01107694782,-0.0189514216,-0.003132990935,0.001301782371,0.002882499611,-0.001239112303,-0.0148732154,0.01319791704,-0.001239493777,-0.02502552682,-0.0139673898,0.003784199555
2021-07-14,0.02410029799,0.001174774417,-0.02508790252,0.003376143991,0.01075518291,0.007032281515,0.006793964785,-0.003405162387,0.005445267714,0.00737398439,-0.02267626254,0.006986714835,0.006900207956
2021-07-15,-0.004491815704,-0.01371114317,-0.0007720900538,0.002436135656,0.0001754796496,-0.009607330314,-0.0120294103,0.002192001343,-0.005239103892,0.008551767451,-0.004254796227,0.001615724849,0.0007770770093
2021-07-16,-0.01407596778,-0.01585423167,-0.02343554705,-0.000925776798,-0.009703651085,-0.0002756454273,-0.001603336649,-0.02283539717,-0.0009960725026,0.009700941907,-0.009806316576,-0.0006641442723,-0.0007059708875
2021-07-19,-0.02691457859,-0.006727030092,-0.02610740746,0.005676201282,0.001180549814,-0.01883902558,-0.007257610368,-0.03251950849,-0.01332137126,-0.0004981064549,0.003104482058,-0.01823184567,-0.002331066554
2021-07-20,0.02597416856,0.00664861365,0.02057941914,-0.001036325223,-0.001297100524,0.01309621085,0.009408101025,0.0186433915,0.008339198103,-0.005340196886,0.02209778343,0.02360009893,0.004531333356
2021-07-21,-0.005132019099,0.003361110853,0.02042972329,-0.003228669853,-0.003719256657,0.0106134433,0.006173732187,0.02104083378,0.007446297799,-0.003507889257,-0.00788801985,-9.451101773e-05,-0.004933711601
2021-07-22,0.009628906489,0.0147356359,-0.01300040473,0.002197855314,0.001955450591,0.00684039418,0.002890919932,-0.01262623575,0.0168443246,-0.00383150308,-0.009202007848,-0.007938047699,0.0007083351336
2021-07-23,0.01198923424,0.005115384935,-0.006849493073,-0.001154250638,-0.003134418303,0.03576900225,0.01064848593,-0.001921161566,0.01233689258,0.01444149451,-0.009056424876,0.008287220517,0.008211043514
2021-07-26,0.00289442304,0.0118086362,0.01140581019,-0.0005775876356,-0.002373006065,0.00766833522,0.0004654582034,0.006704605235,-0.002140521906,0.003505052797,0.02213306993,0.0004723801939,0.001404052755
2021-07-27,-0.01490061724,-0.01984687679,-0.003933572038,0.002543836968,0.00166507358,-0.01592885675,0.004596737903,-0.001319002708,-0.008683423237,0.004063186906,-0.0195249482,0.005665628988,7.010846708e-05
2021-07-28,-0.01219574701,0.001083737168,0.003949106132,0.0009224709848,0.005046252864,0.03179694632,-0.002779991866,0.001651072326,-0.001116889223,-0.01483822398,0.00341203544,-0.003474227893,-0.00406609121
2021-07-29,0.004552294756,-0.00837394069,0.01442444736,-0.001728485305,0.01110523337,-0.002325585339,0,0.008569278941,0.0009781213662,0.005188573522,0.04694118807,0.0001886586583,0.00126710127
2021-07-30,0.001510590888,-0.07564890713,-0.008272918026,0.00150115936,-0.007886842666,-0.007740636005,0.000116126326,-0.007974039427,-0.005549675851,0.01971634995,0.01454192851,0.001318738395,0.002179321246
2021-08-02,-0.002330930849,0.001169036946,-0.01042752448,0.002377583721,-0.001236642944,0.0009503190512,0.0004063442434,-0.004018729396,-0.0003158457332,-0.002460719139,0.03269792867,-0.002163919735,-0.002314962988
2021-08-03,0.01264388347,0.01043374884,0.01554260238,0.0002304459394,-0.0007074766627,0.0057504631,0.01230620579,0.01137803662,0.008075326938,0.01458942185,9.862621233e-05,0.001225722596,0.0112501195
2021-08-04,-0.002782039569,-0.00342223989,-0.007263269745,0,0.0002359625042,-0.003719804451,-0.00590586938,-0.01079208739,-0.002124500081,-0.01055920129,0.001662548832,-0.003107693112,-0.006813949673
2021-08-05,0.0007486155561,0.006340362999,0.019597589,-0.002303216117,-0.0039520921,0.008333150214,0.001903394471,0.01262864676,0.01050557324,0.0004915608979,0.005218642492,0.01171382114,0.01855227837
2021-08-06,-0.004766753748,-0.009197334694,0.02895947577,-0.004731508708,-0.02499112404,-0.00376539193,-0.003339290919,0.02840361369,-0.0002070283778,-0.00764897677,-0.02173152308,-0.001774331095,-0.00178723793
2021-08-09,-0.0003424795498,-0.0009177334402,0.01295134251,-0.001854950458,-0.01773565464,0.008652886668,0.003466082476,-0.00107938457,-0.003904208337,0.005445022545,0.02096977928,-0.005331521807,0.002410201606
2021-08-10,-0.003353921927,-0.00634081661,0.01868684088,-0.001510333153,0.0003091952225,-0.0007742287238,0.0003453104975,0.01226718107,-0.006554638088,0.0006330837345,-0.005281893496,-0.00949761807,0.02129404959
2021-08-11,0.001785568343,-0.008603643494,0.01255141453,0.0006982103501,0.01378497663,-0.003859186313,0.0001727463882,0.01193053856,0.001780379864,0.002460027482,-0.003056357047,0.005886121753,0.008945245978
2021-08-12,0.02077333787,0.003459810193,0.004767783972,0.0001163214512,0.0002438615008,0.006713726347,0.008055082011,0.003908952918,0.009966871823,0.002313885838,0.02038652839,0.002171035041,-0.002676255895
2021-08-13,0.00141027377,-0.002884827946,-0.01233670386,0.003952208951,0.014325812,0.003888783353,0.005993086939,-0.01118736187,0.01048963414,0.004827298324,-0.00703355704,0.005462459671,0.003153010592
2021-08-16,0.01354809215,0.001523947206,-0.008167532556,0.0009265957859,0.004988291569,0.004225814667,0.009021481279,-0.006563262048,0.005975859491,0.006961439811,-0.04322549735,-0.001217940306,0.008158994376
2021-08-17,-0.006153897663,-0.01728702615,-0.004843786634,-0.001041480813,-0.001495036468,-0.01191541666,0.009165486311,-0.0120807468,-0.00515991626,0.00165943152,-0.02981764972,-0.001031566443,-0.0003315689273
2021-08-18,-0.02550114806,-0.01256648739,-0.007300940267,-0.0002312151981,0.0007786122169,-0.008872171496,-0.01270416487,-0.009107625489,-0.006119062256,-0.0109058827,0.0349701571,-0.009106142788,-0.01061709868
2021-08-19,0.002323013712,-0.004207818712,-0.01470958752,0.002200891495,-0.002932408589,0.001705357132,0.007788229077,-0.008355900782,0.02077532016,0.01179358882,-0.02252568829,0.00483164585,0.006773775624
2021-08-20,0.01015692862,0.003827154714,0.004479023733,-0.0002311693984,0.0005401616803,0.0128943813,0.004872442725,0.002852028025,0.02557544784,0.0006896624898,0.01008205652,0.004997281967,0.008926740358
2021-08-23,0.01025723708,0.020600355,0.01337609212,0.0002312228501,0.01217755739,0.019006127,-0.004316979998,0.01279712879,0.000952821348,-0.005100220776,0.03827951753,-0.001876317697,-0.006602647533
2021-08-24,-0.0006013457419,0.01222031877,0.01393293457,-0.001965297418,-0.0004741411313,0.00871164582,-0.01249924008,0.006190547182,-0.006663400406,-0.008105181689,0.003100647279,-0.004417784637,-0.0103025112
2021-08-25,-0.008421296753,-0.001996514155,0.01615248199,-0.001621269915,-0.006937433805,0.005787084181,-0.006613874181,0.02061251733,-0.002015600708,-0.003562099774,0.003825045874,-0.0006608438665,0.0004030863504
2021-08-26,-0.005527252012,0.005098257263,-0.002609888922,0.0001160516323,0.001134478423,-0.004493900462,-0.005337944441,0.005157802511,-0.009668522192,-0.001752073459,-0.014116976,0.000377801352,-0.01080816237
2021-08-27,0.007184688189,0.01014175672,0.01070408872,0.002899929075,0.01502954792,0.01812418631,-0.002134816379,0.008036950787,0.002106521991,-0.0007724982231,0.01534601191,0.01048264008,-0.005633065964
2021-08-30,0.03041715051,0.02147699887,-0.01953398308,0.001156310889,-0.004935638556,0.004072612588,0.004221447882,-0.01600730082,0.01291180578,0.004356671751,0.02667435264,0.009999814401,0.00805337898
2021-08-31,-0.008424924265,0.01438520002,0.002160283302,-0.001270748567,0.002007654713,0.0007401413355,-0.003052239844,-0.003054344205,-0.00563243023,-0.003777972059,0.006580834075,0.004719485353,0.002708392328
2021-09-01,0.004478850478,0.00236540921,-0.0134131298,0.0001738807411,5.88986192e-05,0.003579843024,0.003523619693,-0.001437836846,-0.0001658606183,0.0101831236,-0.00221552336,0.01602491027,-0.002160861402
2021-09-02,0.007475018252,-0.004564478889,0.0009761493211,0.001389475431,-0.002651720426,-0.01328014171,0.006849140558,0.004633267068,-0.002252867866,0.0007645751445,-0.002315788148,0.005257305393,0.0052781986
2021-09-03,0.004230251205,0.004311086265,0.0007314500532,-0.002081372234,0.01069422487,0.003158002899,0.0006287611797,-0.006045165399,-3.291601851e-05,0.0006951202063,0.001611132584,0.0001803805932,0.004644716659
2021-09-07,0.01548950617,0.008982024369,0.006577407177,-0.002897988948,-0.01958371853,0.003763716442,-0.01553906888,-0.001755444191,-0.003188226404,-0.003749071928,0.02637783859,-0.01126930127,-0.01326651747
2021-09-08,-0.01008391435,0.004619174431,-0.01306906172,0.001627221287,-0.002504402903,-0.004085814364,-0.002437287497,-0.00445963597,0.00010001668,0.0075956809,0.001261750212,0.005014942048,0.001290211743
2021-09-09,-0.006704775436,-0.01172600434,0.003678670045,0.003598157051,0.004423489287,-0.001043819207,-0.0222805245,0.004353186657,-0.009859624593,-0.004218759383,0.001313231087,-0.02032282303,-0.00705270549
2021-09-10,-0.03310187912,-0.004308001431,-0.01612530073,-0.002428231856,-0.005058656845,-0.01856614867,-0.00654476489,-0.0114958531,-0.005180960726,0.0009722329556,-0.02462703837,-0.01463247577,-0.003619856454
2021-09-13,0.003893414311,-0.003453289761,0.01663766277,0.001506187695,0.003349759791,0.01033890884,-0.007007596571,0.01588747085,0.004328778543,0.01075426433,0.009140662459,0.006766977016,-0.005689025916
2021-09-14,-0.009562074489,-0.002073980962,-0.02686876946,0.002430992426,0.006438546534,0.00148938976,-0.006031085485,-0.01745284894,0.009427689853,-0.001716107119,0.002005349859,-0.001773661432,-0.005239388471
2021-09-15,0.006143482596,0.007475391333,0.007530396654,-0.0009237009373,-0.00586426638,0.01322397236,0.003761765788,0.006939358901,0.0167782842,-0.002131720261,0.015231899,0.003179725066,0.001732619111
2021-09-16,-0.001610452253,0.003581905355,0.007723098352,-0.001849415841,-0.02264197706,-0.005673888354,-0.001208715259,-0.0004422538225,0.001312425129,-0.006959705018,0.001534761708,0.0008389270964,0.003320811235
2021-09-17,-0.01834787954,-0.007373319866,0.0012360157,-0.001273439709,-0.001585042424,-0.01956713804,-0.002844727373,-0.002593594753,-0.01752818815,0.001595909916,0.003302533353,-0.00894198391,-0.002068793973
2021-09-20,-0.02136084137,-0.03084174438,-0.03432126239,0.002782858663,0.007144154231,-0.01477628295,-0.00570547513,-0.02993387709,-0.018575015,-0.0100458506,-0.03860484331,-0.006108858672,-0.0137496785
2021-09-21,0.003427614023,-0.00360574737,0.0005115205603,-0.0002313718381,0.006669036186,0.002260165087,0.004395009318,0.0001305578628,0.001698850707,0.001540034866,0.01261353109,0.0004727411113,0.001961541107
2021-09-22,0.01687255299,0.01089234819,0.02581149286,0.00104069995,-0.003734010734,0.008994047456,-0.00364649903,0.01915277888,0.01282252641,0.003423978119,0.01698718109,0.009735253791,-0.00230744463
2021-09-23,0.0067194174,0.0106359408,0.03861464126,-0.00531429409,-0.01154638909,0.006647433457,0.005672912755,0.03380150115,0.003282279541,0.00410839448,0.002260814616,-0.00196572902,0.0005607822174
2021-09-24,0.0006127155113,0.002786873046,0.01079419691,-0.002089934833,-0.001284272902,0.007074183105,-0.003032473443,0.0115399827,-0.00070103704,-0.004438566187,0.02753305992,-0.01069230045,0.002801830839
2021-09-27,-0.0105499828,-0.005756835078,0.02657797283,-0.001164020023,0.002082035098,-0.008037060941,-0.00724044153,0.0241660046,-0.01730420167,-0.01316626906,0.02191406322,-0.01345048606,-0.00642601977
2021-09-28,-0.02380106545,-0.02637846798,-0.002311557006,-0.004310196813,-0.009716428403,-0.03715836911,-0.002206390201,-0.005390125888,-0.03620364639,-0.007553158532,-0.01743835612,-0.006768483226,-0.01230243622
2021-09-29,0.006483078839,-0.004475351789,-0.002085251076,0.0001168872432,-0.004504756025,-0.01087023866,0.007432099089,-0.0007827209049,0.00169318349,0.01017131317,0.004822778775,0.00749596328,-0.0004269270241
2021-09-30,-0.009311999885,-0.004871079244,-0.01439511335,-0.0002344698807,0.01797665364,-0.005042818958,-0.01536416277,-0.01361834996,-0.007324094441,-0.0156315331,-0.007461809477,-0.01652311625,-0.007547725054
2021-10-01,0.008127275595,-0.0005418778292,0.01484089541,0.003398596858,0.002253045393,0.02144755487,-0.006377405554,0.02101523427,0.02546820064,-0.001573584902,-0.0003352887911,0.01414814417,-0.01671680846
2021-10-04,-0.02460574937,-0.02847167834,0.006035278549,-0.0007001623454,0.004678317575,-0.0211180029,-0.007790041132,-0.001077037268,-0.02071947821,-0.005659995883,0.008139621398,0.0001937424591,-0.009631656831
2021-10-05,0.01415830001,0.009787538038,0.02030440909,-0.002455426455,-0.004656532835,0.01768326821,0.002261455035,0.01633024513,0.01995688535,0.003890974629,-0.001202850103,-0.00687726702,0.0065572516
2021-10-06,0.006307354552,0.01273201673,0.0004525064602,0.0004691464941,0.002673324328,0.01133618909,0.002067833511,0.002134365823,0.01506444959,0.01334961871,0.002767142491,0.009558324254,0.007319447428
2021-10-07,0.009084568627,0.01239120311,-0.002712556762,-0.002810979072,-0.005271739221,0.0120671364,0.008942519108,0.006330435455,0.00593635196,0.008003355408,0.0138742604,0.002705056311,0.01177168815
2021-10-08,-0.002721857546,-0.004181805261,0.004986337457,-0.002466423657,0.0004263649115,0.004025766408,-0.002541182587,0.0007645944046,0,-0.004145585388,-0.01023183452,-0.009442198941,0.003016401242
2021-10-11,-0.0006300034183,-0.01286860335,-0.01262982652,-0.001530944754,-0.001887581847,-0.006234613502,-0.004225455424,-0.02103163486,-0.002102443137,0.004162842808,0.008211528566,0.002528783895,-0.0009309330862
2021-10-12,-0.009103028011,0.0003172745114,-0.005481922279,0.003655712586,0.004514430829,-0.01774468087,-0.01597520091,-0.007681336162,-0.004588534992,-0.00147570205,0.0174002673,0.01309800561,-0.001075041003
2021-10-13,-0.004239807578,0.0113786012,-0.009186866328,0.002702086314,0.01779419781,0.008303510422,0.009575800356,-0.02636659994,0.01171139404,0.002322370333,0.006652379022,0.007278383698,-0.007246422756
2021-10-14,0.02022561117,0.004743759228,0.04473805153,0.001757957164,0.00244646859,0.02594070402,0.005716064025,0.01534167926,0.02173355637,0.01130312355,0.0089264711,0.01216939803,0.01084044721
2021-10-15,0.007512535013,0.03308023939,0.02884400161,-0.002456120208,-0.01589284624,0.00153738952,0.007432419099,0.01920856849,0.004822812581,0.002568402022,0.0301959995,-0.0007514692252,0.004861626859
2021-10-18,0.01180628774,0.01106477253,-0.001940806193,-0.0005862254581,-0.00247991083,0.00997393769,-0.007315380358,-0.0003601896529,0.01012453997,-0.01440266046,0.03212224494,0.002538295975,0.00803990998
2021-10-19,0.01508033054,-0.0007514424561,0.004321525081,-0.002816028953,0.003213671994,0.003214841263,0.02341958104,0.01212850555,0.0030589748,-0.0118025188,-0.00671186064,0.0004688208766,0.02124512172
2021-10-20,0.003360803074,-0.008446195752,0.01312399575,-0.001176658902,0.008763958749,-0.01024851048,-0.0005487382305,0.01346625544,-0.002660438803,0.003909970129,0.001770314041,0.01574484784,0.009053973701
2021-10-21,0.001474051299,0.005841756945,-0.005521609493,-0.001413654072,-0.0008987052245,0.0008249758677,-0.002320486869,-0.007843764864,0.01089771696,-0.007196475262,0.03257101073,0.001384261955,0.005547762923
2021-10-22,-0.005285046616,-0.02895483332,0.01580204514,0.002123898736,0.006116967151,-0.03044342931,0.001958616836,0.01345122895,-0.005148538705,0.01076530078,0.01753910756,0.004699087818,0.01042156774
2021-10-25,-0.0003361861015,-0.004550989805,-0.001261381001,0.0004704701175,0.006914158513,-0.0008684074704,0.002198553503,-0.004890096707,-0.003331805978,0.0001421573503,0.1266159836,0.003209732527,0.01159522902
2021-10-26,0.004574656155,0.0167752616,0.009471721856,0.002000009123,-0.007399514913,0.01354314862,0.01017780908,0.002691107633,0.00642574995,0.01419948264,-0.006274050393,0.002742632337,-0.008729889248
2021-10-27,-0.003147506749,0.004863638245,-0.01918247455,0.003640775695,0.002624060476,0.04959511901,-0.01212655538,-0.02082844153,0.04211431677,-0.007139952099,0.01907843881,-0.00847849492,-0.008201857727
2021-10-28,0.02499171716,0.01594115276,0.01573104142,-0.001287364683,-0.0002378853634,-0.002520317581,-0.005435124863,0.01507470453,0.003651090334,0.005992827866,0.03775074873,0.01397563985,0.006236275247
2021-10-29,-0.01815573083,-0.02151124505,0,0.0002342084997,-0.008507900518,0.0150634894,0.0001840938638,-0.002758629925,0.02241406279,0.002172635978,0.03431629436,-0.01124401791,0.006534086531
2021-11-01,-0.005607660578,-0.01610709978,0.001465098738,-0.0007735636082,0.005220584505,-0.03072699139,0.0008595505121,-0.0005299035772,-0.006785015837,-0.002447589252,0.08491022778,0.004952335865,0.002476292326
2021-11-02,0.007116199103,-0.001615409781,0.0006270445724,0.00187736465,-0.002149000723,0.01348807189,0.01576476997,0.003946004596,0.01141573915,0.009954910643,-0.03027499529,0.004745351161,-0.0004674462556
2021-11-03,0.009798806664,0.02150781113,0.01023373544,-0.001757053469,-0.008315382623,0.008014124714,-0.003200781304,0.0003517341984,0.002611694826,0.006872322602,0.03571673802,0.003360711848,0.003072406148
2021-11-04,-0.003498675472,0.02748232411,-0.02150074126,0.004577928934,0.01134095177,0.01138813176,-0.002786697095,-0.0131355782,0.007305492195,0.00186109384,0.01322229788,-0.009504957409,0.007324620763
2021-11-05,0.003582440404,0.01207642928,-0.007606031738,0.003037873347,0.01306294376,0.003942532722,-0.007108180519,-0.001425971724,-0.001129303936,0.004954749698,-0.006358169934,0.005117819305,-0.006940873501
2021-11-08,-0.005552746713,-0.008527948857,0.007877197058,-0.002213319888,0.003591619309,0.001202248925,-0.003426419245,0.006010175368,0.002767034314,-0.007463588499,-0.04840070953,-0.000818211847,-0.006390028654
2021-11-09,0.002459462863,0.02500723802,-0.009717031077,0.002802033618,0.00492811002,-0.0007547358357,-0.002210560703,-0.007571381674,-0.003085880537,0.003035402876,-0.1199030325,0.001729042201,0.00348359293
2021-11-10,-0.01916306936,-0.02633499423,0.007465672834,-0.006752753952,0.0108587815,-0.02031308984,0.0108301078,-0.0009535035854,-0.01532972589,0.009835906592,0.04342945193,-0.004633085211,-0.009012645052
2021-11-11,-0.0003382869335,-0.002742598783,0.005505244167,-0.001640836282,0.00560208637,-0.0008705142024,-0.007365621527,-5.972067786e-05,0.004927205814,-0.002860788865,-0.004157528825,0.001642793669,0.0004042538894
2021-11-12,0.01433687296,0.01516202923,-0.0122128121,0.0001177493513,0.001895255228,0.01997372778,0.01195867513,-0.004474747614,0.01290524855,0.001093061542,-0.02829310202,-0.0007289421569,-0.004983185448
2021-11-15,6.695239259e-05,0.005823804463,0.002984176333,-0.004109175085,-0.001547745928,-0.001520195284,-0.009029814389,-0.001797944393,-0.001930362484,0.005731032328,-0.0193822445,0.007021093851,-0.005752780371
2021-11-16,0.006666618847,-0.001404486162,0.0006375248833,-0.0007075647308,-0.007233864737,-0.003879803909,-0.005198054541,-0.007204629066,0.0102357064,-0.001424593689,0.04079376843,-0.006609988638,-0.0254575218
2021-11-17,0.01649013358,0.00234413126,-0.01210688693,0.002123678318,0.009137183945,0.001156187596,0.003749660912,-0.00538232759,0.0006789925724,-0.0006111143876,0.03250120828,0.003099031156,-0.008591109603
2021-11-18,0.02853575213,0.04143700734,-0.00408517841,0.001176711205,-0.003209155064,0.01210106127,-0.005389623969,-0.00863375257,0.006339644578,0.0001358092499,0.006767610268,0.0001819639793,0.008595024237
2021-11-19,0.0169761999,-0.005273114276,-0.01986182915,0.00211699744,-0.007646325241,-0.006086768668,0.003017373199,-0.01306325853,0.005391742659,-0.002039056023,0.03710391801,-0.00590546636,-0.005378687214
2021-11-22,0.002927549227,-0.02828730052,0.01938320111,-0.004928365402,-0.02242045712,-0.01762275594,-0.01316188135,0.02131484835,-0.009559426667,0.006674981178,0.01742212208,-0.004935301842,0.01678511546
2021-11-23,0.002421915053,0.002090957774,0.02636160728,-0.004008855413,-0.008652404091,-0.003554253179,0.006199215066,0.02391244943,-0.006326864299,0.01109568272,-0.04135293273,0.008082601139,0.007113939931
2021-11-24,0.003283504659,0.0001033153398,0.002736524772,0.002367629524,-0.0009565020521,0.00231836265,-0.002800386293,-0.007843916443,0.000681051026,-0.005219196476,0.006284772484,0.01211713706,0.005006874729
2021-11-26,-0.03167848855,-0.02118470167,-0.03926087542,0.007086215185,-0.001615539861,-0.02694337877,-0.006490231503,-0.03012734998,-0.02435558419,-0.00800499598,-0.03053759503,-0.02781519683,-0.01119168658
2021-11-29,0.02187380483,0.01626743269,-0.003715229119,-0.0001171986308,-0.001378549463,0.02354366172,0.003454812384,-0.004322718094,0.02108112514,0.01051044565,0.0509002279,0.007407453767,-0.01566609737
2021-11-30,0.03157772634,-0.01530227402,-0.02456660952,0.001876532866,-0.006721853019,-0.02496409092,-0.02391268369,-0.01488539349,-0.01794257834,-0.02979461081,0.006833823404,-0.01893384383,-0.01402231222
2021-12-01,-0.003206610947,-0.0180634873,-0.01416714863,0.0006447993753,0.003987937535,-0.005961836957,0.01378841614,-0.005918418097,-0.001542781196,0.01258827105,-0.04346763456,-0.01648878371,-0.02481678046
2021-12-02,-0.006129592391,-0.001846888912,0.02887931601,0.0001173291199,-0.005536820827,0.01357303638,-0.006262744178,0.02102723827,-0.001787273467,0.005874335518,-0.009497739191,0.03000582557,-0.01217745144
2021-12-03,-0.01172461318,-0.01383907601,-0.02272202843,0.003866878767,0.008412002805,-0.006746538677,0.01457795789,-0.01811281637,-0.01966680997,0.01779141111,-0.06419876077,-0.003329259099,0.01505859023
2021-12-06,0.02150305977,0.01108621939,0.006382439689,-0.002684681681,-0.002460563224,0.008123360496,0.02233628709,0.01181365357,0.009844924939,0.01514567632,-0.005872086316,0.01753739269,0.01083579353
2021-12-07,0.03544615612,0.02798650426,0.0126838288,-0.002223710361,0.003549490636,0.02874151711,0.002577651582,0.0150474476,0.0267635472,-0.002629159058,0.04235837141,0.01440811326,-0.003237333037
2021-12-08,0.02278295804,-3.689871657e-05,-0.01230126521,-0.003049401416,0.0005395140532,0.006226586835,0.005999197644,-0.01144116425,0.0001492254012,0.004481173474,0.01636319558,0.007191621204,-0.01010456947
2021-12-09,-0.002969954086,-0.0112796436,0.007472759511,0.0004707803111,-0.006111378376,-0.003697904327,0.009492361415,-0.001555728744,-0.005582424493,0.005838988659,-0.06095644582,-0.01445927416,0.01390903423
2021-12-10,0.0280132891,-0.0112475646,0.0006743202267,0.0003528158027,0.004219899491,0.002458545585,-0.002471261912,-0.003988111525,0.02833985582,0.01395768431,0.01317992702,0.00307918627,0.01826726141
2021-12-13,-0.02067425963,-0.0153560765,-0.02111411275,0.003408489496,0.002521300062,-0.01469586484,0.01788631358,-0.01188856792,-0.009166869698,0.01421564792,-0.04977243021,0.009389755403,0.01801025743
2021-12-14,-0.00802316925,-0.00280712938,0.01262061632,-0.001639238836,-0.009341302746,-0.01316288662,0.01092305038,0.007661867076,-0.032587089,0.003678749018,-0.008174578198,-0.01279073048,0.009542513937
2021-12-15,0.02850911403,0.02497757315,-0.004305565313,-0.001291096699,0.00429153436,0.01760871194,0.004991329181,-0.007478223285,0.01921781425,0.003854518676,0.01823661813,0.01404376488,0.005726391964
2021-12-16,-0.03926386002,-0.02564117463,0.02412385728,0.001292765785,0.01209756148,-0.01363010739,0.01092681025,0.01563902626,-0.02913481063,0.01416323236,-0.05027713279,-0.0003575251721,-0.01667027846
2021-12-17,-0.006501710564,0.006789203705,-0.02488896095,0.001759218453,-0.002140821851,-0.01883062376,-0.02762859418,-0.02275425168,-0.00338566584,-0.02265499244,0.006095449446,-0.001251141227,-0.03202159806
2021-12-20,-0.008122192797,-0.01728355639,-0.01640856658,-0.001639458447,-0.004231267586,-0.0008326138876,-0.002853151722,-0.01798916999,-0.01201343949,0.002540280262,-0.03498927122,-0.007786117518,0.003243368752
2021-12-21,0.01908694795,0.01997864962,0.02386483416,-0.001056293977,-0.0004188884252,0.01317375835,-0.003218889967,0.01396626915,0.02306882326,-0.0006336223159,0.04288056303,0.01127457244,0.003017121012
2021-12-22,0.01531898177,0.003638105882,0.002036694327,0.001057410913,0.009400024101,0.02050916526,0.004305884809,0.003908350842,0.01805735073,0.009888643066,0.07494705524,0.01025689625,0.001289298006
2021-12-23,0.003643829939,0.0001841364158,0.003161623773,-0.001518487,0.002254017979,0.003425207031,0.001905396103,0.003573396961,0.004471789228,0.004895641084,0.05761886306,-0.001059553393,-0.002217531452
2021-12-27,0.02297469708,-0.008178022851,0.004952744231,0.0004712559177,0.002367247994,0.006738438062,0.008439941794,0.005722885632,0.02318550463,0.01168024357,0.0252483915,0.01697641118,0.009104548013
2021-12-28,-0.005767236597,0.00584371903,0.001344108783,-0.0001175005821,-0.004310065233,-0.008244864487,0.004007837793,0.003035253852,-0.00350386032,0.00537141746,-0.005000275343,0.003684194203,0.01435077063
2021-12-29,0.0005020974069,-0.008554921709,-0.001565768649,-0.003299482173,-0.0002965076609,-0.0002182605068,0.007044362475,-0.0005043805992,0.002051236541,0.008290322463,-0.002094710276,0.006729654058,-0.0004902874363
2021-12-30,-0.006578234773,-0.003289007055,-0.002240904728,0.002246375686,0.007177215375,-0.003099115574,0.004430087438,-0.000504420389,-0.007691251672,-0.008648532098,-0.01459226838,0.004340620381,0.00322332446
2021-12-31,-0.003535129778,-0.01142940022,-0.0008982224675,-0.0002358979942,0.006831587993,-0.009223649103,-0.007196442255,-0.0008203922199,-0.008841242948,0.0049762911,-0.01266884082,0.00276601871,0.0106166394
2022-01-03,0.02500379803,0.0221183209,0.0379858788,-0.006726022165,-0.01538374345,0.0009630168396,0.002747413387,0.02115558805,-0.004668015227,-0.004156993514,0.1353166842,-0.00784394973,-0.0002763230864
2022-01-04,-0.01269160912,-0.01691558701,0.03919451261,-0.0001185677022,0.007366515058,-0.004082862218,-0.002681472694,0.0379096872,-0.01714706515,0.003499322056,-0.04183269684,-0.001216612391,-0.0183202998
2022-01-05,-0.02659982449,-0.01889309156,-0.01687836116,-0.003445320285,-0.003007664938,-0.04587614494,0.006663387679,-0.01828199351,-0.03838809473,0.004526625294,-0.05347121368,-0.02861853781,0.01352113695
2022-01-06,-0.01669316836,-0.006710981961,0.02013560018,-0.001073013115,-0.01224412691,-0.0001996603318,-0.003425454554,0.01062415846,-0.007901701641,-0.0084037482,-0.02152337383,0.0008957124612,-0.002779271552
2022-01-07,0.0009881900411,-0.004287778294,0.02181593123,-0.002745183025,0.004551137684,-0.005303224321,0.01351729396,0.009907815985,0.0005096110016,-0.0005527290239,-0.03544656745,-0.006620886659,0.009545755223
2022-01-10,0.0001163826251,-0.006570176171,-0.005083481901,-0.0008379133746,0.003040205704,0.01206037903,-0.004944110934,0.0009574121182,0.0007324191717,-0.01364131388,0.03034195341,-0.005764219909,-0.001932423752
2022-01-11,0.01678350062,0.02400212564,0.005722586942,0.002036399314,0.01206465497,0.007690926834,-0.01063004059,0.001016068775,0.002259221416,-0.01158734609,0.005935024658,0.001540035712,-0.002835212261
2022-01-12,0.002570498557,-0.0009373300985,-0.007112380567,-0.0003584372679,0.00264262273,0.01212650158,-0.008525932798,0.005671822213,0.01044496664,0.002205960451,0.03928974893,0.001175720986,-0.005270486829
2022-01-13,-0.01902805134,-0.02416965503,-0.002046901325,0.001674109655,-0.003396988476,-0.02010516915,-0.006065965534,-0.001246520378,-0.04232246071,-0.004528380984,-0.06749107331,-0.001987481608,0.01415249447
2022-01-14,0.005110549722,0.005731487004,-0.01743221372,-0.005491781193,-0.00287967491,0.006447278399,-0.005451697,-0.06146354958,0.01771661791,0.009602687812,0.01749775858,-0.009052321276,-0.002818616044
2022-01-18,-0.01889396998,-0.01986273885,-0.03443927391,-0.006241048054,-0.001650255097,-0.0249677258,-0.004409021745,-0.04192790124,-0.02433930211,-0.01927304165,-0.01819724123,-0.0105049729,-0.01751015324
2022-01-19,-0.02102508517,-0.01647710181,0.003890840179,0.002414973853,0.0158805269,-0.00648177739,-0.003111996793,-0.01546933933,0.00224683893,0.03362478973,-0.03382789692,-0.01347881011,0.009963734935
2022-01-20,-0.01034714331,-0.02963230963,-0.01485794961,0.001085048496,-0.002498883833,-0.01338835545,-0.007984114803,-0.008527302846,-0.005703250076,0.005399365897,0.0006227038829,-0.01282060173,-0.01889708561
2022-01-21,-0.01276491398,-0.05950180896,-0.01814198244,0.003731113641,-0.003262438558,-0.02217436334,-0.002299490685,-0.01747256342,-0.01846807372,0.003827365938,-0.05256606713,-0.002464540961,-0.007293314192
2022-01-24,-0.004864206528,0.01332698348,-0.008236941646,-0.001558817239,0.005494198735,0.003471389071,-0.01152416186,-0.0008958421377,0.001148274817,-0.008117104582,-0.01472612987,0.001900549827,7.112619602e-05
2022-01-25,-0.01138461357,-0.03153374554,0.01975326272,-0.001321179825,0.003197134544,-0.02957857123,0.0285943565,0.01090007903,-0.02658813069,-0.01091147963,-0.01247312484,-0.003983583638,-0.02175438216
2022-01-26,-0.0005636012549,-0.007954330671,0.01034544877,-0.005532309907,-0.01616646492,0.01810372819,0.004473908579,0.009485921603,0.02849298365,-0.008712479492,0.02069905258,-0.01561766803,-0.01020792193
2022-01-27,-0.002943022886,0.005508645722,-0.009368288662,0.003265895339,-0.01289821114,-0.001764169187,0.01312493253,-0.0176444692,0.01054923124,0.006196835919,-0.1155417556,-0.0165424383,0.0006628492071
2022-01-28,0.06977773886,0.03108405674,0.008797096564,0.001204484613,-0.002983293447,0.03368840867,0.007034453963,0.008946338043,0.02808147638,0.008609207534,0.02080569277,0.03236291118,0.01236753351
2022-01-31,0.02612547217,0.0388636103,0.005886207276,-0.0007215261992,0.005924537392,0.01464179688,0.002910682223,0.0135735053,0.008823692285,-0.0003117163337,0.1067761138,0.01229141967,0.01665218277
2022-02-01,-0.0009724724282,0.0108307628,0.01733861377,-0.0003989455685,0.0008328835308,0.01729818949,-0.008183775434,0.01716012181,-0.007138672676,-0.004424677182,-0.005839526637,-0.003576715248,0.00786791452
2022-02-02,0.00704433897,-0.003842715891,-0.001065086926,0.001449102848,0.003625991951,0.07523752913,0.0110602068,-0.008005152927,0.0152223104,0.01790398034,-0.0274791916,0.01275253179,-0.0004260312176
2022-02-03,-0.01671977996,-0.07812763252,-0.009810388641,-0.004219626257,-0.001421406299,-0.03317557222,-5.789741158e-05,-0.008270201215,-0.03895256244,0.009471067537,-0.01603249502,-0.01063323026,0.0009940114491
2022-02-04,-0.001679385692,0.1353590174,0.03984493254,-0.006174459486,0.00154207887,0.001418929119,-0.006540490254,0.02595856899,0.01556842632,-0.01590105298,0.03611110968,-0.009899204942,-0.01177373548
2022-02-07,-0.004234661401,0.001877735319,0.004763840833,0.0008531074962,0.007402581994,-0.02855686351,-0.003321368115,0.00334278357,-0.01631065361,-0.007490914469,-0.01730718642,-0.001428177685,-0.009832818632
2022-02-08,0.01846679429,0.02202162783,0.01793457601,-0.003286536817,0.003056870675,0.001422208783,0.002630621413,0.0188147652,0.01199575845,-0.002245697047,0.01615719052,-0.004672586485,0.0002173520525
2022-02-09,0.008293844034,-0.001387734151,-0.002025088182,0.0007325481061,0.003399178424,0.01573167213,-0.0001165449481,0.004168087318,0.02183476232,-0.002250434665,0.01084592043,0.02260979945,-0.002173921971
2022-02-10,-0.02359886931,-0.01356170627,-0.004667343813,-0.009151588321,-0.003796560538,-0.02098973771,-0.01207069702,-0.004150786477,-0.02837309373,-0.01522546371,-0.02945277102,-0.02360882991,-0.01169303722
2022-02-11,-0.02021846675,-0.03591110674,-0.02303773238,0.006526992711,0.01905487832,-0.03129055157,-0.01009337122,-0.01301689003,-0.02427385079,-0.005599047682,-0.0492510297,-0.009115270018,-0.005511086854
2022-02-14,0.001423179607,0.01222168327,-0.01043402721,-0.005628230088,0.005350715998,0.00926032859,-0.01258113031,-0.009290618543,-0.0001358595641,0.002879071536,0.01832566437,-0.009102291455,-0.01019757416
2022-02-15,0.02315238287,0.008658352202,0.007802687531,-0.002091799102,-0.009499848975,0.007987489196,0.01032599311,0.01462411286,0.01854220668,0.0005104302404,0.05329076428,0.008990375924,0.003135373554
2022-02-16,-0.001388908292,0.01015903954,-0.00230165714,0.001356715662,0.01028425445,0.008268024778,-0.0005974560495,0.001809774005,-0.00116707819,0.007588331839,0.001040753241,0.004649136908,-0.006251237156
2022-02-17,-0.0212691122,-0.02180890111,-0.03376687092,0.002215721939,0.01366807378,-0.03774560883,-0.006100046455,-0.0230326612,-0.02928214505,0.01145508836,-0.05094269901,-0.0106046095,0.04006547449
2022-02-18,-0.009355881387,-0.01326195775,-0.002387588375,0.001720567434,-0.0007334549101,-0.01611608017,-0.01071896228,0.00468878256,-0.009630918071,0.0005005933114,-0.0221030353,-0.006041050014,-0.006408176157
2022-02-22,-0.01781219799,-0.01575349479,-0.008703304957,-0.00061313426,0.002089037862,-0.004520509351,-0.01358966795,-0.001774503369,-0.0007293677509,-0.01232026887,-0.04136624223,-0.003627264305,-0.011160136
2022-02-23,-0.02586412626,-0.03575624663,-0.01712019747,-0.005031986968,0.00450722727,-0.01714384929,0.0004964185655,-0.02093909987,-0.02589308877,-0.01247395131,-0.069979176,-0.01652885302,-0.01026020259
2022-02-24,0.01668012385,0.04509522428,-0.02635123985,0.002219980079,-0.00645013147,0.03999594842,-0.01910422625,-0.02784314185,0.05109344943,-0.02692992934,0.048073455,0.01680664763,-0.003850221852
2022-02-25,0.01296541421,0.01605793013,0.0325690043,0.0008618196778,-0.00333067822,0.01332791637,0.04970270765,0.02365968048,0.009233258922,0.04269912566,0.01136403132,0.02410459196,0.01375129316
2022-02-28,0.00163794593,-0.001466263003,-0.01821408758,0.007378438493,0.01036534579,0.004443857595,-0.008614466395,-0.04169756506,0.004977919066,-0.01485104641,0.07477746853,-0.01489066489,-0.008945453369
2022-03-01,-0.0116278664,-0.01576555025,-0.03914031984,0.00524471346,0.018163416,-0.007371269625,-0.00346373249,-0.03772931777,-0.0128518327,-0.01654996617,-0.006962143346,-0.005266449666,0.00614083611
2022-03-02,0.02058818646,0.006024183962,0.01624653591,-0.01228360374,-0.01040633983,0.003804410757,0.01243927927,0.02074034148,0.01776566081,0.003130769211,0.01795529711,0.0187257102,0.001249947247
2022-03-03,-0.001981484638,-0.02731955613,-0.01071008824,0.004432632592,0.005953415399,-0.004993606939,0.01469518528,-0.007108080218,-0.01422426404,0.003706260761,-0.04614210449,0.008179858417,0.02298774442
2022-03-04,-0.01840821921,-0.01526379299,-0.03624367722,0.003554914479,0.01592914588,-0.01488411586,0.005935505237,-0.028129241,-0.0204784295,0.005053072421,-0.001191519627,0.004582125246,0.02534275046
2022-03-07,-0.02371739068,-0.05622045424,-0.06373621656,-0.004886137599,0.01486286528,-0.0419086063,0.0161081282,-0.03861614793,-0.03777688993,-0.01482510006,-0.04021280504,-0.01976443229,-0.008052106194
2022-03-08,-0.01167610632,-0.01046544673,0.006520440311,-0.004665008387,0.02735899761,0.005744633283,-0.02026599139,-0.007042810156,-0.01097152534,-0.03958412377,0.0246339421,-0.00484688837,-0.02068167335
2022-03-09,0.03499750974,0.02400119993,0.0634879331,-0.002713271328,-0.02971117616,0.04968717767,0.003793132588,0.04006237907,0.04585827475,0.01348910005,0.04193357518,0.01539073674,0.005189555294
2022-03-10,-0.02718630585,0.05412515561,-0.009015372423,-0.005318052432,0.003121227798,-0.007423661253,0.001771116036,-0.01184040619,-0.01008654861,-0.0257444949,-0.02406375533,0.002494265399,0.02273030063
2022-03-11,-0.02390872438,-0.008806846763,-0.008359995764,-0.0007456477478,-0.007027884128,-0.01932350088,-0.001826769414,-0.02252393716,-0.01932848752,-0.01186728561,-0.0512345859,-0.007942549671,-0.003926002839
2022-03-14,-0.0265625151,-0.02522948814,0.02157190849,-0.009207781372,-0.01507371193,-0.030180094,0.01381742102,0.009930997574,-0.01296079446,0.01277783133,-0.03643680237,-0.007813396214,0.01393660063
2022-03-15,0.02967766164,0.03886773034,0.007281431647,0.001632860353,-0.01870545038,0.02577973782,0.02591874919,0.0177458963,0.0387423608,0.03598745665,0.04634835555,0.006708148245,0.01200967946
2022-03-16,0.02901528442,0.03893356372,0.03132539225,0.001504259918,0.006260803404,0.03159908318,-0.009197093557,0.04468600538,0.02521335957,-0.003393688181,0.04781204043,0.01187827311,-0.002949669283
2022-03-17,0.006453990204,0.02700774899,0.005373909964,0.0008760941344,0.004888644573,0.004190430369,0.01306442129,0.01264457626,0.002819374234,0.003138078028,0.03733501047,0.01546099534,0.001519595347
2022-03-18,0.02091898888,0.02551215136,-0.003021264354,0.00287726043,-0.008789852083,0.01708387293,-0.01108614955,-0.0003569349958,0.01764811232,-0.0005324365066,0.03876779428,0,0.002965419644
2022-03-21,0.008537472318,0.001494552322,-0.001398617519,-0.01022671664,0.00764079807,-0.0001764241902,0.005662454106,-0.00321205209,-0.004227306396,0.003796109297,0.01741796389,-0.006108949606,-0.00831963519
2022-03-22,0.0208006411,0.02103830044,0.03127921053,-0.002520798817,-0.007250775291,0.02767420809,-0.004720389942,0.0212676876,0.016378778,0.007696463342,0.07905243778,0.002553210171,-0.002981373287
2022-03-23,0.008233851873,-0.008981816493,-0.02467168261,0.004548088924,0.0136596618,-0.01138578303,-0.003771680406,-0.01991296429,-0.01502969637,-0.006978975631,0.005161136058,-0.01121929209,-0.01286503912
2022-03-24,0.0226777669,0.001477901005,-0.0004640193274,-0.001257479661,0.007260367097,0.02384014489,0.005162359753,0.00651023995,0.01539281045,0.001723816905,0.01482312842,0.006330292279,0.006199313496
2022-03-25,0.003734107096,0.006868294015,0.01532357338,-0.008813879888,-0.00409545121,0.0007134312424,0.009586881178,0.008742615953,-0.001381169762,0.01158327973,-0.00323493798,0.01248556152,0.004340818816
2022-03-28,0.005036735088,0.0255926789,-0.004116118416,0.002921883517,-0.01820379008,-0.001535199862,0.005143643589,-0.00739893053,0.0231165715,0.006870364124,0.08034507836,0.01063739528,0.0177762733
2022-03-29,0.01913435001,0.001920277643,-0.00252568359,0.00443317436,0.0004467878485,0.00742275002,-0.0005062008886,0.002200641674,0.01515940561,0.01026789283,0.007079858096,0.0293406438,0.008424777043
2022-03-30,-0.006649505754,-0.01780118433,-0.01012899631,0.002269368206,0.008038419372,-0.003978652408,0.0104085499,-0.004532943825,-0.004914398352,-0.006882927627,-0.005074754145,-0.007239354124,0.01793097451
2022-03-31,-0.01777575273,-0.01986456736,-0.04139526655,0.0007548896812,0.0003875958839,-0.0202272294,-0.0131410205,-0.030026977,-0.01768301796,-0.01029876306,-0.01498181314,-0.01221376542,-0.006338762693
2022-04-01,-0.00171808341,0.003450973226,-0.007763173382,-0.002167724397,-0.006365867342,0.007787731195,0.005416788738,-0.007409033666,0.00360049229,0.01498711091,0.006486599368,0.01947006,0.0140343828
2022-04-04,0.02369331871,0.02926448456,-0.001711803612,0.000758378032,0.004846769455,0.02012818766,-0.009652816726,0.004434365592,0.01793665281,-0.00651248083,0.05611341299,-0.004887560391,0.0001985991956
2022-04-05,-0.01894213918,-0.02549208919,-0.01689917323,-0.01009734207,-0.006264842571,-0.01664999995,0.006460030497,-0.01163748315,-0.0129854859,0.003504527879,-0.04730897154,-0.004911889043,0.002846950978
2022-04-06,-0.01845072648,-0.03230012013,-0.0109616197,-0.003059801827,0.002343216671,-0.02875738175,0.02601215075,-0.01387438428,-0.03660574267,0.01429327316,-0.04169489429,0.01188295677,0.02323896683
2022-04-07,0.001803976525,-0.00611943235,-0.007808529533,-0.002046907983,0.00378488624,-0.004829612641,-0.002578975906,-0.003042101396,0.006243627447,0.01294391098,0.01099681611,-0.009936657777,0.01000059204
2022-04-08,-0.01190874369,-0.02106674055,0.007108305551,-0.005382411135,0.006265969312,-0.0191408226,0.001980457338,0.0183080478,-0.01459984365,0.007805713682,-0.03004944797,0.001642348629,0.005557760133
2022-04-11,-0.02551568093,-0.02161394716,-0.002016518448,-0.004638589556,0.00495946377,-0.03349144834,-0.01251913994,-0.003670841984,-0.03943170985,-0.003810097529,-0.04832808607,-0.0107487195,-0.01982095884
2022-04-12,0.0115231586,-0.002213363562,-0.01060886057,0.003236473524,0.007676751619,-0.00860859981,0.0003334096266,-0.01097731741,-0.01121754003,-0.003009562416,0.01129181357,-0.001473416966,-0.006870150153
2022-04-13,0.01634254452,0.03152445707,-0.008935638629,0.001161012273,0.004788537866,0.01706542406,0.004224860944,-0.03223354694,0.01971186259,0.002829928642,0.03588835604,0.007100852395,0.02603924251
2022-04-14,-0.02998817081,-0.02465268427,-0.03219953162,-0.00683065198,-0.003303550666,-0.02435842057,-0.004207086588,-0.009269329148,-0.02708413584,-0.005581686617,-0.03655231881,-0.004303682051,-0.0008904436512
2022-04-18,-0.001331139516,0.007109164668,0.03406952426,-0.003244453166,0.003097192703,0.007468591635,-0.01245130427,0.01855373862,0.002465637384,-0.009522532889,0.01958373343,-0.00404635337,-0.007639591487
2022-04-19,0.0141153195,0.03488883061,0.01853303325,-0.006249014684,-0.01511290438,0.01826898942,0.03050770194,0.0207067741,0.01703966423,0.01496262786,0.02375809345,0.02179113485,0.01135505751
2022-04-20,-0.001015448209,-0.02604104492,0.002274636421,0.006288310428,0.004894947496,-0.01514520921,0.004424323596,0.003508186195,0.003715398342,0.02659820171,-0.04955503671,0.01662766696,0.01255959017
2022-04-21,-0.004843717653,-0.03702642767,-0.01891111274,-0.005337678792,-0.003557600194,-0.02519133651,-0.002882134688,-0.00775178508,-0.01938139196,-0.0007804489435,0.03231684066,-0.006933387512,0.001503375051
2022-04-22,-0.02782111321,-0.02660893757,-0.03469536361,-0.001308992544,-0.009722093245,-0.04149355012,-0.009925787899,-0.02872246288,-0.02414444765,-0.008363391532,-0.003697576672,-0.01754370626,-0.01882779947
2022-04-25,0.006737208535,0.01194318636,-0.007188299603,0.006291353969,-0.01797099315,0.02874142612,0.02462260713,-0.0003154769285,0.02441361359,0.008061934664,-0.006994645388,-0.002550986149,0.000510025512
2022-04-26,-0.03732829511,-0.04575077305,-0.02252628711,0.002604460452,0.001525017045,-0.03594583795,-0.007150208832,-0.0295811711,-0.03740380577,-0.01697948445,-0.1218412188,-0.01644148539,-0.01044977222
2022-04-27,-0.001466681247,-0.008781047317,-0.005487108414,-0.003117324299,-0.007557024257,-0.03670884451,-0.01396961224,-0.01300600333,0.04810888645,-0.002691045911,0.00580767847,-0.006593675916,-0.006825546333
2022-04-28,0.0451554288,0.04653418536,0.01544853219,-0.0003911392885,0.00539832351,0.03699217533,0.007467945183,0.01581296303,0.02263276668,0.02541419047,-0.004537702889,0.01841645423,0.01277224069
2022-04-29,-0.03660485249,-0.1404943777,-0.03069843133,-0.006778958186,-0.0001129769655,-0.03723348363,-0.0163521935,-0.03226853848,-0.04181234841,-0.01750212457,-0.007692220214,-0.04589674711,-0.02061315951
2022-05-02,0.001966434875,0.001758091324,0.01289256531,-0.005115006231,-0.01854049354,0.0216766167,-0.01008529474,0.009132073708,0.02504361099,-0.01351586682,0.03695628471,-0.02414857698,-0.006601785834
2022-05-03,0.0096227923,-0.001979904481,0.0273932554,0.002379146567,0.002649262467,0.006441750843,-0.001959504908,0.02141951719,-0.009456157287,-0.01370104836,0.006988279762,0.01242219386,0.003487246227
2022-05-04,0.04100808211,0.01348046853,0.04012930433,0.006460900729,0.009822544373,0.041991171,0.01071294181,0.03308136262,0.02910065735,0.007361735925,0.04769864576,0.01149118761,0.01383530303
2022-05-05,-0.05571607271,-0.0756103649,-0.02796467072,-0.009957275548,-0.003811138551,-0.04707552056,-0.01909001138,-0.0250195922,-0.04355484393,-0.01842904451,-0.08328615318,-0.02666831034,-0.00856821203
2022-05-06,0.0047272193,-0.01404124004,-0.002397413878,-0.004234007231,0.001655874368,-0.006514704005,-0.002206331234,-0.00161390057,-0.009446402161,0.009970044071,-0.008737180698,-0.01186935541,-0.02081949322
2022-05-09,-0.03318934436,-0.05213354826,-0.02883844196,0.004518287755,-0.01447949671,-0.02795318834,0.005443105262,-0.01503378913,-0.03694536368,-0.002499975497,-0.09072948807,-0.0440440073,0.01170088563
2022-05-10,0.01611211691,0.0006434445935,-0.01677212064,0.002910589719,-0.008445202873,0.01674493056,-0.00135328877,-0.02437236533,0.01859522202,-0.005269681945,0.01642717399,-0.01821994574,-0.01407713831
2022-05-11,-0.05184140408,-0.03203225709,-0.005313122133,0.003429617536,0.008167128516,-0.006927678112,-0.005420974403,-0.006308445136,-0.03320945223,-0.01408340168,-0.08254582844,-0.002133091135,-0.01045713307
2022-05-12,-0.02689370723,0.01479040488,-0.01405690988,0.001971897913,-0.01533392572,-0.006676914014,0.009878966918,-0.000846394806,-0.01995770759,-0.004062653829,-0.008174386751,0.007802620494,-0.0009484829461
2022-05-13,0.03191615503,0.05727556035,0.002851573219,-0.003673487675,-0.008109566302,0.02841538995,-0.005734208791,0.008895207539,0.02259630845,0.01072438547,0.05712909369,0.02640795446,0.003864801959
2022-05-16,-0.01067253504,-0.01985316174,-0.01023605295,0.001579715203,0.009538483763,-0.01383442164,0.00695495991,-0.006969495322,0.001455136034,0.009764139036,-0.05875856162,-0.006303080194,0.001080959441
2022-05-17,0.02542274454,0.04113327358,0.03389849029,-0.005915902426,-0.006279296384,0.01772022896,0.004155354563,0.0331473533,0.02034429418,-0.002836511153,0.05141017779,0.01362174131,-0.1137575203
2022-05-18,-0.05641915721,-0.07156196641,-0.03084207147,0.004232108865,0.0005314848929,-0.03926668462,-0.01856622976,-0.01710592817,-0.04552953168,-0.06232222734,-0.06801379812,-0.0290317165,-0.06791016376
2022-05-19,-0.02464126502,0.001927853299,-0.01232792062,0.002106907925,0.0146972348,-0.01354324449,-0.008888880209,-0.01482230993,-0.003699754931,-0.02302809424,-0.0005494634477,-0.004437248495,-0.02744437005
2022-05-20,0.001747210995,0.002534529517,-0.01712623974,0.003023247395,0.0006980112537,-0.01337154285,0.01747741274,-0.008198623591,-0.002291132828,0.000635330042,-0.06416505716,0.006367354185,0.001091783044
2022-05-23,0.04011915286,-0.0003160506952,0.05936175363,-0.003537857086,0.004650369456,0.02368966708,0.02041509331,0.06187134917,0.03203194153,0.02299173932,0.01656871416,0.01159976422,0.02852356304
2022-05-24,-0.01921564835,-0.03214110433,-0.006133016218,0.00815245614,0.007521859851,-0.04949414445,0.01092295206,0.01412523486,-0.003951782864,0.01778694541,-0.06925464691,0.008443583509,0.01247965422
2022-05-25,0.001139606442,0.02569647542,0.005329397171,0.004043038859,-0.00602999496,-0.001557001017,-0.009812688697,0.006964212585,0.01117028231,-0.01639225785,0.04877737912,0.008476333502,-0.006122569391
2022-05-26,0.02319955194,0.04029499229,0.02315853449,-0.001038915888,-0.001848898318,0.01878454396,-0.0008907857096,0.0172901524,0.01287514491,0.008745920509,0.07427138937,0.00122993091,0.02131796387
2022-05-27,0.040756794,0.0366320836,0.009544716251,0.002861006928,0.000521021067,0.0419695245,0.009082976327,0.0141379821,0.02760432911,0.01529210016,0.07333306254,0.02682233745,0.01968264775
2022-05-31,-0.005346329857,0.04397010379,0.004862177975,-0.005705802509,-0.009893009277,0.01286991626,-0.008614774985,0.007313112216,-0.005013708883,-0.005648377087,-0.001803563389,-0.01226343943,0.001167276323
2022-06-01,-0.0008732419971,0.01226604299,-0.01424738064,-0.004468702088,0.0063690332,0.001142825536,-0.01013730593,-0.01754536853,0.002022789813,-0.01514721823,-0.0235934902,-0.00827662449,-0.02472202054
2022-06-02,0.01681126758,0.03145034301,0.006582622545,0.0009191516486,0.01230918207,0.03275458042,-0.003151402312,0.01608827497,0.007928791989,0.01077976619,0.04677398004,0.01374033825,0.016421016
2022-06-03,-0.03855563906,-0.02518506802,-0.01389643942,-0.001442908562,-0.01015201727,-0.0261983165,-0.004120799112,-0.01393938249,-0.01660685009,-0.008966546685,-0.09219359989,-0.01335350356,-0.01717523938
2022-06-06,0.00522776611,0.01994280729,-0.001105269391,-0.005909235545,-0.004403722904,0.01990127636,-0.0001132110763,-0.003303687733,-0.004703302954,-0.003907271688,0.01604720168,-0.00315467447,-0.003590798168
2022-06-07,0.01758575161,-0.01434410532,0.005532694298,0.00343450255,0.006518420844,0.002816273344,0.01099767915,0.002620840629,0.0139533729,0.01114782886,0.00254605589,0.01378129124,-0.01201242961
2022-06-08,-0.005043254788,-0.01479674549,-0.01265470568,-0.004081059932,-0.0009251975243,0.0003799292804,-0.005943799563,-0.01591460002,-0.007669593488,-0.01245381077,0.01247451643,-0.0230590959,-0.008673114886
2022-06-09,-0.03595573308,-0.04150848957,-0.03845116766,-0.001321791597,-0.003183256486,-0.02012479737,-0.02013756659,-0.0210155167,-0.02078312489,-0.01805528554,-0.008930555308,-0.02370642532,-0.01046597611
2022-06-10,-0.03862889421,-0.05596211722,-0.03882934202,-0.008471121838,0.01341228367,-0.03199365288,-0.006677893856,-0.04596610446,-0.04456390733,-0.003789665879,-0.03119091123,-0.02217059451,0.005618859718
2022-06-13,-0.03828485431,-0.05453719356,-0.0346697216,-0.01615294287,-0.02641228823,-0.04290144909,-0.01008398452,-0.02977831317,-0.04241279934,-0.02676996406,-0.07102153991,-0.04998929099,-0.0188167618
2022-06-14,0.006672634005,-0.01311855536,-0.01748913421,-0.005427175462,-0.008003209617,0.003035984917,-0.01533867487,-0.0166394814,0.009205139584,-0.03119823233,0.02388715706,-0.007614343315,0.000418612911
2022-06-15,0.02011151904,0.05238980293,0.01875399998,0.011459603,0.01305093939,0.02857124939,0.01070194784,0.0118359788,0.02973527543,-0.009937209505,0.0548236708,0.02370594078,-0.0006696807141
2022-06-16,-0.03965136556,-0.03724337861,-0.006240268325,0.002158173659,0.01124318159,-0.03399088619,0.0005296718398,-0.01715627607,-0.02696997344,0.006112881691,-0.08540769913,-0.02628958015,0.01038695692
2022-06-17,0.01153328777,0.02469609751,0.00219795066,0.0005382064105,-0.008222816312,0.01046822139,-0.003645272498,-0.003526308287,0.01093997442,-0.007200677987,0.01717498028,0.007582781443,-0.01931671651
2022-06-21,0.03276051051,0.02315947144,0.02913528044,-0.004573635236,-0.003736786207,0.04107121036,0.02094888317,0.02477217878,0.02459124523,0.03029609074,0.09354434802,0.01391103623,0.03280061251
2022-06-22,-0.003827203901,0.002484326852,-0.007610452293,0.008243296916,0.003985188163,-0.0005066049674,0.01577929846,-0.005611537668,-0.002404109437,0.01561914558,-0.004007805884,0.01270827021,-0.01211412912
2022-06-23,0.02157380687,0.032033094,-0.01595080099,0.004825359821,-0.006129257292,0.006767632386,0.02230584697,-0.0109397344,0.02263651507,0.02743686401,-0.00430631089,0.01899852205,0.02427687753
2022-06-24,0.02451739983,0.03575237065,0.007169554337,-0.001867755161,-0.0009984622015,0.0510771981,0.01463853736,0.0298458053,0.03414961595,0.01440633397,0.04524889345,0.02127666163,0.0008089070384
2022-06-27,0,-0.02782069285,0.001237867375,-0.004810478259,-0.001117070054,-0.01815216218,-0.0009324745687,-0.008012363192,-0.01049640971,-0.007620300517,-0.003201650513,-0.001503659799,0.003233303129
2022-06-28,-0.02978982754,-0.05140434227,-0.002782082882,0.0005370941414,-0.001648021126,-0.03303025121,-0.02844275757,-0.004811851156,-0.03174923604,-0.01626541933,-0.05004355782,-0.0121528244,-0.01409932788
2022-06-29,0.01302365609,0.01415266873,-0.01239909886,0.00577101181,-0.0007663579045,-0.00273194227,0.0002827251743,-0.004489849938,0.0147380332,0.009083293942,-0.01793718238,-0.006205971151,-0.003677264449
2022-06-30,-0.01802741417,-0.02488063836,-0.02291286624,0.004270036962,-0.006077047294,-0.02451627734,0.002937759839,-0.02333047021,-0.01317910617,0.01118138684,-0.0175792278,-0.001862243295,-0.00278878917
2022-07-01,0.0161644041,0.03154127204,0.01381290532,0.007975187027,-0.0008310541616,-0.002069477953,0.01132353246,0.01278765816,0.01070744897,0.01613463364,0.01242913167,0.01800027794,0.008636036223
2022-07-05,0.01893045461,0.03596205302,-0.01013934273,0.001716653805,-0.02120964335,0.04161857595,-0.007687483603,-0.003803560782,0.01259732853,-0.009650318271,0.02553570481,-0.002803365256,0.01321075097
2022-07-06,0.009607289307,0.007312791463,-0.008322601681,-0.006064869521,-0.01584218883,0.01155718435,0.0008984733695,-0.006482173174,0.01278294463,0.009329582426,-0.005720802,-0.00183797575,0.00708230686
2022-07-07,0.02399912345,0.0174932211,0.02840555004,-0.002786043694,0.0005550532764,0.03675419539,0.001121606067,0.02529283418,0.008226419788,-0.0003424867529,0.05527904488,0.00270794438,0.001518529687
2022-07-08,0.004714853478,-0.006791033294,-0.002197128677,-0.003326478492,0.0004315313201,0.00480283589,-0.001232336729,-0.003137923031,-0.002756860284,-0.00671179481,0.02543516969,-0.005293267695,0.0006382707485
2022-07-11,-0.01475810696,-0.03280250031,-0.01038070951,0.003737420532,-0.005360507453,-0.0308076386,0.0003924390022,-0.01311661233,-0.01176850742,0.007033013174,-0.06548005948,-0.002172251109,0.0003988079089
2022-07-12,0.006833773869,-0.02263981011,-0.003178615766,0.001728987684,-0.003716724722,-0.01431578735,-0.01401724527,0.0009746402473,-0.04098165399,-0.008833358587,-0.005433611637,-0.003917968695,-0.003028930522
2022-07-13,-0.002536355765,0.01080388475,-0.01658170922,0.003186017143,0.004787690504,-0.02339049551,-0.002331593224,-0.009382943438,-0.003745065793,0.006563370073,0.01703344848,-0.004807828118,0.002398394972
2022-07-14,0.02048235487,0.002083294605,-0.02302198052,-0.003175898675,-0.01404705561,-0.008854779584,0.00136777145,-0.03493874941,0.005381512115,-0.002951400321,0.005371861219,-0.009002863002,0.01954225483
2022-07-15,0.01145019219,0.02639434033,0.07036172636,0.003584254924,-0.002008456164,0.01277566986,0.01451522939,0.0458332238,0.01039028187,-0.001376493138,0.007357231541,0.01695105466,0.009779466267
2022-07-18,-0.02064326351,0.001849397436,0.000310042632,-0.003042175785,0.0009433945064,-0.0245801936,-0.02244303523,-0.01027008942,-0.009621218651,-0.01213229167,0.00199942681,-0.007081231185,-0.002324344797
2022-07-19,0.02672179521,0.03911741266,0.03378794981,-0.0007965120672,0.002387469309,0.04384111768,-0.01457836981,0.02477856413,0.02076685454,0.005093775724,0.02071671822,0.02589409989,0.006134938537
2022-07-20,0.01350991181,0.03857539628,0.000300005355,-0.000929315265,-0.009402031234,0.0007908740662,-0.005707905769,-0.0001744191244,0.01055749138,-0.0172866615,0.008023464467,-0.002353101716,0.008335773368
2022-07-21,0.01509412413,0.0151502864,0.008693074335,0.008240821521,0.01411042193,0.003863042223,0.003514722176,0.006809783625,0.009799173172,0.0009455769764,0.09780470723,0.007933243011,0.01462049159
2022-07-22,-0.008110725086,-0.01773248121,-0.006538152638,0.008172438591,0.002495750208,-0.05632328693,0.004728226611,-0.004856097773,-0.01691615644,0.01598384432,0.00197522622,0.005211539301,-0.002565229489
2022-07-25,-0.007398246857,-0.01045579806,0.008974098312,-0.00366118547,-0.002738547622,-0.00361438276,0.001975340493,0.004008420789,-0.00587625361,0.006782001428,-0.01399493547,0.001693007368,-0.001436939102
2022-07-26,-0.008826370852,-0.05225360627,-0.0201600071,0.000262384968,-0.001185810688,-0.02316070933,0.007074419429,-0.01562232418,-0.02677421449,0.001944503508,-0.03566373121,0.001056457715,-0.07604917877
2022-07-27,0.03423487447,0.05365389594,0.01633882097,0.002755568597,0.0101849847,0.0765568113,-0.002764047462,0.01604657348,0.06685187574,0.009496407706,0.06165503699,0.006014476305,0.03779319541
2022-07-28,0.003571549007,0.0108291109,-0.008037952672,0.006934087271,0.01218532346,0.01026023089,0.005773655595,-0.003731278586,0.02854079131,0.01661611941,0.02212352234,0.03241018085,0.02496244625
2022-07-29,0.03279319897,0.103614641,0.01470567556,-0.0007789317299,0.002811089682,0.01838537343,0.001837002892,0.004790359151,0.01566510899,-0.06179933322,0.05784976986,0.005384575321,0.01772624757
2022-08-01,-0.00615351521,0.003260485004,-0.002957620714,0.00433800025,0.005667231208,-0.01255148609,-0.003495164538,-0.009968931978,-0.009724552842,0.02872359373,0.0004263115241,-0.008084116108,0.003710843317
2022-08-02,-0.009287230547,-0.009084834427,-0.01987547676,-0.01011847548,-0.005938288401,0.002350530642,-0.005692611882,-0.01558494518,-0.01147427069,-0.006647746203,0.0111344006,-0.01283611554,0.001056308207
2022-08-03,0.0382473475,0.03995229923,0.01815979837,0.004979966582,0.002438243761,0.02562342236,0.009657606398,0.01049538567,0.0278362995,0.02064096565,0.02265568716,0.003199148715,-0.01643058826
2022-08-04,-0.001925944328,0.02186068634,-0.007134123457,0.002477644703,0.01653998949,0.0009314588197,-0.01603762388,-0.01100260768,0.004177446314,-0.001587573738,0.004023022853,-0.001543144182,-0.0377777949
2022-08-05,-0.001389168165,-0.01241498339,0.01676621258,-0.01131793523,-0.0112460663,-0.006091934654,-0.003958071834,0.03025989877,-0.002608863634,0.0004837923783,-0.06630300682,0.002781970663,0.008043316765
2022-08-08,-0.002903166548,-0.009872154542,-0.01383967786,0.004473728029,0.008470017618,-0.001447074138,-0.005318368742,-0.01218044037,-0.009154906623,0.00380040941,0.007819434053,0.008938312084,0.008137306446
2022-08-09,0.0003035762659,-0.01133348963,0.01283965067,-0.002227184345,0.003059538661,-0.005711890759,-0.0001176485182,0.009007525954,0.007063454094,-0.002340263378,-0.02441262586,0.005499170928,0.009873957697
2022-08-10,0.02619426845,0.03526083252,0.03390320054,0.00275744894,-0.002511950817,0.02632245624,0.002879526149,0.02608761598,0.02430034807,0.009452699471,0.03890581777,0.01519143532,0.002095054423
2022-08-11,-0.004431291175,-0.01436683031,0.0239522167,-0.005629790071,-0.002638220678,-0.007184634529,-0.02068343529,0.01478158876,-0.007400553431,-0.0071087457,-0.02624929254,-0.002394257444,0.009643734672
2022-08-12,0.02142548055,0.02069115241,0.01086060704,0.004608831104,0.009198020999,0.02389786723,-0.01100837802,0.0165641027,0.01703692194,0.00970669936,0.04675014363,0.01719990866,0.01848710681
2022-08-15,0.006333404588,-0.002577571356,-0.001377776085,0.001048002879,-0.01286703083,0.00328730886,0.00477899898,0.002701987102,0.00534405285,0.01288625208,0.03096359892,0.004030707875,0.002873995674
2022-08-16,-0.0009235565931,0.01117478828,0.01075886059,-0.001309282436,-0.001750096754,-0.003112833847,0.008910968738,0.009554186462,-0.002589668075,0.009221839711,-0.008912075793,-0.002643607208,0.05105584349
2022-08-17,0.008784590672,-0.01851079361,-0.00627721639,-0.005899551688,-0.006468335614,-0.01766628084,5.954427091e-05,-0.008412208167,-0.002636068374,-0.004601967809,-0.008372333511,-0.005988678561,0.001076104445
2022-08-18,-0.002291879854,0.001407437999,-0.003570795463,0.001846769191,-0.00261641569,0.005186082346,-0.004833568939,-0.007749420946,-0.003947627445,0.00355096357,-0.003706219721,-0.006617178136,-0.003225270076
2022-08-19,-0.01510162375,-0.02860159689,-0.02205055575,-0.006318857559,-0.007320625681,-0.02463191043,0.01523059379,-0.024745131,-0.0138539753,-0.0002669543309,-0.02048185269,-0.01053912387,-0.01474094345
2022-08-22,-0.02302951145,-0.03624390264,-0.02142065486,-0.004503952473,-0.006637179345,-0.02533901984,-0.003508083486,-0.01652200667,-0.02935534667,-0.002671259582,-0.02276402241,-0.02180458154,-0.0178803766
2022-08-23,-0.002028887811,0.003002506327,-0.008928294253,-0.0003989723044,0.006990874085,-0.003326325239,-0.008711717948,-0.009856926177,-0.004716279209,-0.01928617056,0.02255849548,-0.0128402276,-0.004235710498
2022-08-24,0.001793708981,0.001347163158,0.003196568183,-0.002529442995,0.00294892004,-0.001493089495,-0.003310595851,0.00242395353,-0.002351420117,-0.004302210756,0.002170125887,0.005723183498,0.007238664661
2022-08-25,0.01492269605,0.02600893608,0.01796077351,0.00547185829,0.003062787136,0.02603565606,0.009360888174,0.02374796165,0.01109538563,-0.0008229004447,-0.003455684407,0.01489914457,0.006668260422
2022-08-26,-0.03769897501,-0.04756700785,-0.03158802297,-0.001990976913,-0.0121527053,-0.05409339988,-0.01711233843,-0.03272906981,-0.03858706432,-0.02340391915,-0.02695312186,-0.0251809663,-0.03142713147
2022-08-29,-0.01369040676,-0.007342307563,-0.003819975674,-0.004521347848,0.0006182375551,-0.008337811417,-0.007731227688,-0.002441703512,-0.01066770009,-0.004216809869,-0.01135058161,-0.008993794914,0.009726374914
2022-08-30,-0.01530527653,-0.008167020675,0.005604521746,0.0008012576387,-0.008340578886,-0.004386707709,-0.003497126801,0.0001748966723,-0.008521326496,-0.01065724048,-0.02499822672,-0.0138245428,-0.003010096003
2022-08-31,-0.01063511875,-0.01522565952,-0.01408033167,-0.004138342502,-0.007725314789,-0.006609194773,-0.006710374413,-0.005943555002,-0.005703971641,-0.01597907089,-0.007526203686,-0.004708344825,0.0005283954308
2022-09-01,0.004706664408,0.008282741024,0.002395916683,-0.005426934561,-0.0087901621,0.01404544019,0.02479234879,0.006858503801,-0.004092061443,0.01232401674,0.005623955564,0.00182779491,0.01456046065
2022-09-02,-0.0136108573,-0.002425266463,-0.001195250901,0.002566560896,0.008804709144,-0.01722256671,-0.01572512718,-0.006986425797,-0.0166668305,-0.01776003589,-0.02507581222,-0.0139516707,-0.01100535077
2022-09-06,-0.008215394266,-0.0109795428,-0.01106770927,-0.00902656491,-0.005839461936,-0.009643060268,0.002703708846,0.0002638772411,-0.01097386051,-0.01115490668,0.01558055626,0.009033761389,-0.004962279864
2022-09-07,0.009254108987,0.02672266355,0.01542639134,0.007205258162,0.01016863887,0.0247167455,0.005454093358,0.01899070891,0.01911151807,0.01511449121,0.0338167711,0.01952324129,0.02569133662
2022-09-08,-0.009617925608,0.002625977818,0.03217160194,-0.00310420476,-0.00600229273,-0.009776126101,0.008045272233,0.02329581735,0.001665926998,0.001307692378,0.01959815763,0.002750682373,0.005083141776
2022-09-09,0.01883963334,0.02657523304,0.008369711861,-0.0004060251376,0.005283756568,0.02094486135,0.0019348278,0.004806176954,0.02297694773,0.01523273256,0.03602289483,0.01086735016,0.003005395161
2022-09-12,0.03850811521,0.02386127841,0.00944448822,-0.001219153957,0.005068186219,0.001897772637,-0.0004224517758,0.01183197187,0.008281012409,0.00814528363,0.01581694096,0.00970663311,0.008988298737
2022-09-13,-0.05867961809,-0.07057528376,-0.03600789656,-0.005017467971,-0.01301133993,-0.05899325464,-0.02602030402,-0.03474893451,-0.05497828201,-0.02069461979,-0.04037188096,-0.03824687496,-0.02064151917
2022-09-14,0.009555646248,0.01364140799,-0.003823612741,0.001226327578,-0.003847613449,0.006518453257,0.0206409724,-0.002319710118,0.0009126405736,0.002388035575,0.035874372,-0.0113929353,-0.00221870243
2022-09-15,-0.0189303003,-0.01765853146,0.01889575998,-0.002994591664,-0.0186791432,-0.01990484071,0.002550771215,0.01507054932,-0.02711909382,-0.007724893794,0.003767273731,-0.01848224317,-0.01074691173
2022-09-16,-0.01095982332,-0.02177700369,-0.01130113814,-0.001092448547,0.005549107201,-0.001068915206,0.01526538064,-0.006702299533,-0.002608167266,0.006111761746,-0.001316852334,0.0001107340918,-0.002098082828
2022-09-19,0.02508279576,0.009147615105,0.01670598897,-0.0006834976037,0.0007700871329,0.002626508475,-0.007876023721,0.009224440843,-0.0008989962246,-0.002097534605,0.01885611045,-0.001439970151,0.008559374702
2022-09-20,0.01566551183,-0.019813903,-0.01498999556,-0.004923817655,-0.005706587275,-0.0187251905,-0.007878331882,-0.01971898826,-0.008465656581,-0.003550723292,-0.001100062542,-0.02428999632,-0.005806633078
2022-09-21,-0.02026743477,-0.02987152347,-0.02985084747,0.002749042438,0.004642973676,-0.01839023915,-0.01024440181,-0.02883528786,-0.01443586052,-0.01287271045,-0.0256859486,-0.01580073176,0.009134960594
2022-09-22,-0.006375435344,-0.01037627254,-0.01960776906,-0.01028132665,-0.0005776772692,0.008662298365,0.0177609178,-0.01137896777,0.008495543211,0.003536417518,-0.04059172856,-0.0127050648,-0.01023963385
2022-09-23,-0.01512363271,-0.03009120154,-0.0236924397,-0.002770044739,-0.01727683041,-0.01398038217,0.003249755352,-0.0186133183,-0.01269826292,-0.004625275644,-0.04594757245,-0.01329167372,-0.02496422937
2022-09-26,0.002260059059,0.01204080472,-0.02206096776,-0.01277761229,-0.01163321903,-0.005772844415,-0.006118216121,-0.02153207154,-0.001975399807,0.0009590523789,0.002469847915,-0.02804438938,0.009610951068
2022-09-27,0.006566099566,-0.00642638171,-0.01482441754,-0.004361546164,0.002049841747,-0.006824710505,-0.004586415237,-0.008802190182,-0.004379889912,-0.02748517024,0.02510775853,-0.01331671775,-0.002741649489
2022-09-28,-0.01265144834,0.03146576662,0.01635578389,0.01554367352,0.02078665233,0.02615393865,0.008608965321,0.02021717991,0.01971151866,0,0.01721211237,0.02074471532,0.01649475681
2022-09-29,-0.04911917603,-0.0272010764,-0.013195963,-0.005148438209,-0.0001939283653,-0.02628703611,-0.01100000224,-0.01694587269,-0.01480895845,-0.02485216441,-0.06810050474,-0.0293828663,-0.006460761232
2022-09-30,-0.03003910747,-0.01567946868,-0.01500311392,-0.002377194509,6.462244019e-05,-0.01816862009,-0.007111267273,-0.01563693776,-0.01936847598,-0.01903661645,-0.0110360969,0.01122613359,-0.0192815505
2022-10-03,0.03075253122,0.02548670136,0.02947014913,0.008373662459,0.02430978568,0.03125965829,-0.0009795390131,0.03090911075,0.03366265977,0.01790095179,-0.0861451691,0.01783699404,0.02181961428
2022-10-04,0.02562312201,0.04496029693,0.04149240673,0.002507902172,0.01432812206,0.03041364864,0.01482853851,0.04678367544,0.03381227594,0.01237261465,0.02904294027,0.02022055677,0.01297797921
2022-10-05,0.002053340292,-0.001156159831,-0.01420622386,-0.005281135673,-0.005538266376,-0.002066078643,-0.003079374938,-0.01234680558,0.001285839081,-0.006917741913,-0.03459751763,-0.01957957196,-0.009906795129
2022-10-06,-0.006625896867,-0.00537407121,-0.0144111452,-0.003772875627,-0.001126291712,-9.874368006e-05,-0.01938108969,-0.0203820919,-0.009671013753,-0.02105271318,-0.01112907563,-0.02781170662,-0.009329035541
2022-10-07,-0.03671866274,-0.04771409266,-0.0225683041,-0.005189647726,-0.01096285126,-0.02701626898,-0.01056127965,-0.01997419622,-0.05085283172,-0.01747316272,-0.06324275501,-0.02407067061,-0.0236936887
2022-10-10,0.002355818101,-0.007768849586,-0.002926893241,-0.004510729322,-0.01520147632,-0.008309687438,0.001310839735,-0.00934145015,-0.02130316632,-0.004103874457,-0.0004931214719,-0.009426836484,0.005911539611
2022-10-11,-0.01025521984,-0.01284419027,-0.02902780089,0.0002829696144,-0.00205809155,-0.006948675013,0.01446288551,-0.02885992021,-0.01675006881,0.003797659504,-0.0289738362,0.01016846238,0.02590460943
2022-10-12,-0.004605014911,0.006149206372,0.003023032852,0.001132349816,0.005349328509,0.003910263494,-0.0002457029015,0.016182823,0.001508267676,0.001609988622,0.003418039229,-0.01045282155,-0.01130620027
2022-10-13,0.03361296523,-0.003277260776,0.06128614962,-0.003535525889,-0.006923532233,0.01537504683,0.01512088768,0.05559305398,0.03760809957,0.01510870817,0.02062233297,0.01825733736,0.008462458649
2022-10-14,-0.03224011343,-0.05003107895,0.0003154320642,-0.004825548791,-0.012458898,-0.02523708299,-0.004178316056,0.01664079545,-0.02424876052,-0.009737831626,-0.07545550981,-0.02484621133,-0.01398550377
2022-10-17,0.02912291995,0.06445275296,0.06056795819,0.00213931195,0.002876209006,0.0353147715,0.01295150047,0.0420002029,0.03924572554,0.01806839816,0.07005219877,0.0376936709,0.007206949937
2022-10-18,0.009409553516,0.02258546159,0.03747738637,0.002277404127,0.002150970115,0.008002396456,-0.003481462236,0.02572067371,0.004083823229,0.008088725123,0.003829479437,0.01088488945,0.0210855689
2022-10-19,0.0007649547244,-0.01108629176,-0.02752270245,-0.008235457476,-0.0133983581,-0.01131279697,-0.007951458671,-0.01960609498,-0.008469696126,0.009270170972,0.008401793107,-0.0249154888,-0.002833125405
2022-10-20,-0.003266896507,0.001564267886,-0.006485928407,-0.006728482957,-0.001582210359,0.003412535799,0.00255030676,-0.003261686204,-0.001395496348,-0.01288044883,-0.06647448637,-0.004365615538,0.002467310233
2022-10-21,0.0270590781,0.03531453097,0.03709205356,0.001729033424,0.01782764611,0.01160346717,0.02180382834,0.05252750752,0.02528051502,0.01252078062,0.0345426655,0.007866784419,0.02021026352
2022-10-24,0.01480266731,0.004190412347,0.003433371868,-0.001438497948,-0.00324359403,0.01374471405,0.01345481238,0.001226998587,0.02118785354,0.00614400936,-0.01487596719,-0.0001282262358,0.01907904868
2022-10-25,0.01933756769,0.006509754476,0.009124926272,0.009510105742,0.002277944142,0.01911827789,-0.00157896481,0.002614906077,0.01379174691,0.01151717123,0.05287573098,0.03928873124,0.004734030947
2022-10-26,-0.01962699544,-0.04096181488,0.008759076387,0.003996604715,0.00636360862,-0.09140513646,0.008786515823,0.01149155817,-0.07715628731,0.007030444994,0.009981122376,-0.0006156834613,0.00763918981
2022-10-27,-0.03046529986,-0.04063638621,0.004762067914,0.005259925204,-0.001548523945,-0.02854739885,0.0005808359303,0.003947967334,-0.019756266,0.0007590611868,0.002003191549,0.001478529116,-0.0029048483
2022-10-28,0.07555232674,-0.06804249716,0.008642100741,-0.001979386043,-0.01021068744,0.04413367116,0.01485699893,0.01187818866,0.04022058588,0.02532608621,0.0152383846,0.022022443,0.0126480828
2022-10-31,-0.01541034117,-0.00938014879,-0.003869395694,-0.003117903848,-0.008161399648,-0.01848585009,-0.005146747542,-0.001586411796,-0.01585626078,-0.004067554927,-0.0042885129,-0.001083164163,-0.00126300694
2022-11-01,-0.01754280961,-0.05515425021,0.004439493013,0.001039963972,0.01020342976,-0.04274678559,-0.005058264983,0.01803303018,-0.01705929457,0.001559395982,0.001230614601,-0.0003615514206,-0.0044964354
2022-11-02,-0.03730492247,-0.04824876666,-0.003038452313,-0.001564920666,-0.0069725484,-0.03868690098,-0.01536793028,-0.009207862878,-0.03536833583,-0.01438324359,-0.05636033353,-0.02748658345,-0.006634134265
2022-11-03,-0.04240500318,-0.03061224067,-0.005541937164,-0.003848952072,-0.003806036048,-0.04070365813,0.001701758573,0.00181127043,-0.02657891408,-0.006845007735,0.001535035062,-0.001363397621,-0.0002134154781
2022-11-04,-0.001947523429,0.0188129927,0.02507682389,0.0002858157532,0.03069628968,0.03775626407,0.00445155201,0.02735860073,0.03332551278,0.01825352704,-0.03641259777,0.01365454049,0.001776866243
2022-11-07,0.003902647356,-0.004946192141,0.005979675367,-0.003862412807,-0.003962389674,0.02206048943,0.008747656015,0.005280051152,0.02926958363,0.01532256135,-0.05007952633,0,0.01049859848
2022-11-08,0.00417484602,-0.00607528366,0.002702031718,0.004451873922,0.02309907413,0.004633291563,0.004971641881,0.0006090373071,0.004388503844,0.002271121402,-0.02932818513,0.003061345782,0.002386804929
2022-11-09,-0.03318978628,-0.04267619275,-0.01589885872,0.001429632383,-0.005017266021,-0.01777285099,-0.00799600866,-0.01300874211,-0.01905012635,-0.002412157268,-0.07166757185,-0.01025547027,-0.02325096246
2022-11-10,0.08897424149,0.1217784762,0.04408566223,0.02070234265,0.03044438712,0.07581329048,0.01171373121,0.04115902669,0.08226803261,0.03443727157,0.07393437217,0.07314684422,0.02072136754
2022-11-11,0.01926899182,0.0430508515,0.007343350148,0,0.006606324072,0.02629329429,-0.02991933887,0.001628913723,0.01699726234,-0.001487490183,0.02752726492,-0.0001148815446,0.001545226888
2022-11-14,-0.009485602425,-0.02281975425,-0.01692299081,-0.00321685172,0.002187655662,-0.007364438997,0.0157164044,-0.01027373575,-0.02250001271,7.078720308e-05,-0.02561618738,-0.02437042948,-0.02938688585
2022-11-15,0.01186923671,0.004569038353,-0.001588686518,0.007016653798,0.0035168678,0.02863119292,0.002792267443,-0.007243522114,0.00173884857,-0.003475382142,0.0181723031,0.01084001112,0.06539483332
2022-11-16,-0.008331106594,-0.01839498332,-0.00901865364,0.005713105608,-0.002296102011,0.004164973231,0.006206805342,0.001353964307,0.001823442696,0.008897626851,-0.03857627852,-0.009092027398,0.007189287629
2022-11-17,0.01297149304,-0.02337318995,-0.005085708616,-0.00415661193,-0.007267423593,-0.004956942505,0.008071054532,-0.004356854164,-0.0002069073365,-0.006138243866,-0.02006205883,-0.006822802738,-0.003366908271
2022-11-18,0.00378175027,-0.007485493895,0.0005381924595,-0.001670038304,-0.006893636502,-0.009455082609,0.007663059459,0.009808120983,-0.00190330646,0.01206778273,-0.01626901653,0.012673113,0.01506750125
2022-11-21,-0.02168017598,-0.01784576499,0.003226856534,0,-0.005589952951,-0.01878290787,0.005141016061,-0.005902327403,0.00344098882,0.0126956688,-0.06837231343,0.005263428711,0.00612384311
2022-11-22,0.01466111107,0.008003437931,0.004824324522,0.005156872102,0.001173723966,0.01516740821,0.004830325967,0.01495658499,0.01231140059,0.008588210441,0.01215231193,0.005468033772,0.00357274898
2022-11-23,0.005926380455,0.009978544374,0.003200811889,0.006101098617,0.00623184094,0.01452870791,0.001074613452,0.01066363873,0.01040683555,0.00570001835,0.07821783885,0.0008101740324,0.004812269339
2022-11-25,-0.01959367895,-0.007648928209,0.002392977285,0,0.0008584706161,-0.01015644208,0.001299316544,0.001904958491,-0.0003634306998,0.001843472261,-0.001855875238,0.006359072634,0.004264678016
2022-11-28,-0.02626422029,0.005780893533,-0.02228109949,-0.001240352029,-0.007903495499,-0.01446742875,0.0005079209885,-0.01747839219,-0.02315248582,-0.0008177380696,0.0003281065208,-0.02676913736,0.0028746105
2022-11-29,-0.02114845716,-0.01628524565,0.003798124517,-0.003725558828,0.004940425418,-0.008953756956,-0.006992711428,0.01644962783,-0.005915040685,-0.00763974972,-0.01142573999,0.0165268579,-0.003517667001
2022-11-30,0.0485940888,0.04457912604,0.02297285268,0.007755909906,0.01278192027,0.06093078102,0.01084670263,0.01186289603,0.0616236944,0.02529544721,0.07670184691,0.02287773839,-0.003595747977
2022-12-01,0.001891355409,-0.01077274607,-0.02870041136,0.008334032121,0.01838479961,0,0.004157421998,-0.01403942699,-0.001763800706,0.0006033264636,0,-0.002157174336,0.006232930813
2022-12-02,-0.003371126664,-0.0143455785,-0.01285918014,0.004098772427,-0.003455683054,-0.005446033478,0.0007832701543,-0.007927373235,0.001295706486,0.009112410947,0.0008217959148,-0.002958163219,-0.0009780304026
2022-12-05,-0.007983227168,-0.03314559873,-0.04462290747,-0.007891503418,-0.01715888564,-0.009557970479,-0.0005592555335,-0.02804089965,-0.01890042467,-0.01009253767,-0.06368676806,-0.0182587584,-0.01024667244
2022-12-06,-0.02537006984,-0.03032636053,-0.04264577307,0.003291209391,0.002737374231,-0.02513060852,-0.01499038168,0.001674475715,-0.02030385243,0.001274485028,-0.01441485156,-0.009415093696,-0.01160571631
2022-12-07,-0.01378487361,0.002379593025,-0.007879005342,0.008747962688,0.009039101712,-0.0210352605,0.006076106498,-0.0006836453435,-0.003059665327,0.006430938505,-0.03214333112,0.001994495063,-0.005203770766
2022-12-08,0.01213295285,0.02136558229,-0.009163094874,-0.002845454697,0.0008416965557,-0.01295563026,0.0001692157958,0.01049406302,0.01239919228,0.007188424819,-0.003447430866,0.007026945689,0.001548393345
2022-12-09,-0.003435109982,-0.01394579034,-0.001849413204,-0.005843271553,0.00354416011,-0.009390520759,-0.00823924431,-0.005418365398,-0.008003318196,-0.00264340624,0.03234548277,-0.001861013468,-0.02332307481
2022-12-12,0.01638989203,0.01638799836,0.01080903368,0,-0.008260534556,0.005170506732,0.01194952291,0.01551166859,0.02888925911,0.01027038907,-0.06271988571,0.007689811325,0.01864979223
2022-12-13,0.006782625714,0.02142456926,0.0006111990819,0.006834554306,0.01708113204,0.02486349628,0.007703574351,-0.0009687429159,0.01746482384,-0.001508567666,-0.04093677795,0.01849922131,-0.003580624067
2022-12-14,-0.01553577166,-0.009838858836,-0.01435123684,0.002443347147,-0.002433021285,-0.005856012242,0.003068975813,-0.004997039441,0.001167740758,0.003941311286,-0.02578436766,-0.00681136701,-0.005559613246
2022-12-15,-0.04685425864,-0.03417782071,-0.01579931117,0.0005419518127,-0.01635930934,-0.04428293918,-0.0126278972,-0.02481062848,-0.0319182562,-0.01131918601,0.005548438139,-0.01337284676,-0.008931612923
2022-12-16,-0.01457894825,-0.006670394101,-0.002203184133,-0.002572007579,0.008708721678,-0.006603688363,-0.01025441419,-0.006226063664,-0.0173487053,-0.004433812198,-0.04718717909,-0.025834151,-0.01795553299
2022-12-19,-0.01590965358,-0.03346235398,0.01135636259,-0.005970700359,-0.00281783069,-0.0201640062,-0.001081265889,0.005955652681,-0.0173282312,-0.0002658758632,-0.002396329765,-0.01272425067,0.0003501680657
2022-12-20,-0.0005288072895,0.003179513404,0.004054782937,-0.006552880647,0.01659448284,0.006557980201,0.001082436291,0.004843969344,0.005614479445,0.000398974965,-0.08053641462,-0.002529640396,0.008753547941
2022-12-21,0.02380962146,0.0185467092,0.01522216305,0.002335926572,-0.001656013581,0.006290839691,0.0114420182,0.01124783603,0.01087684804,0.00917210347,-0.00166905459,0.008573826796,0.007844472541
2022-12-22,-0.02377257533,-0.03434361926,-0.008874041318,-0.0001371010293,-0.01208535846,-0.02031690016,-0.003658152384,-0.01134975318,-0.0255287831,0.002304553704,-0.0888275656,-0.004201244613,-0.01170946439
2022-12-23,-0.00279808321,0.01742450255,0.00246994733,-0.003133446355,0.002998321039,0.01675018854,0.002542048119,0.004745118878,0.0022670081,0.002825763636,-0.01755083347,0.008901419082,0.002021237095
2022-12-27,-0.01387858799,-0.02592374293,0.001847832381,-0.007721218371,0.00843001141,-0.02062099278,-0.000281786214,0.003503799444,-0.007414098003,0.00871417836,-0.1140885333,-0.0003626440811,0.0002779983426
2022-12-28,-0.03068510297,-0.01469172937,0.007377888152,-0.001389059989,-0.004505807287,-0.01567679273,-0.004339556414,0.005465565895,-0.01025498521,-0.01292609825,0.03308891531,-0.0170475412,-0.01752297781
2022-12-29,0.02832441807,0.02884381104,0.01129091191,0.003756653385,0.005598251569,0.02824932521,0.005094457937,0.005737370254,0.02762977189,0.004145467366,0.08082690697,0.02189428942,0.006086790684
2022-12-30,0.002468882098,-0.002138278742,-0.0006035122056,-0.004158661158,0.004678668982,-0.002487414211,-0.005125232835,0.006605758034,-0.004937533794,-0.006749868148,0.01116401752,-0.007222060141,-0.002532753564
2023-01-03,-0.03740475586,0.02166666303,0.01177528145,0.005289619415,0.008370656532,0.0100873738,0.008717912031,0.00760627962,-0.001000725503,6.595043546e-05,-0.1224224857,0.0009698907062,0.01276566105
2023-01-04,0.01031427055,-0.007923564526,0.01880042103,0.005677393076,0.009411905959,-0.01166970383,0.01088730863,0.009324898184,-0.04374321018,0.004354519598,0.05124885286,0.02265014022,0.001114053742
2023-01-05,-0.01060459582,-0.02372558912,-0.002050299722,-0.001102066584,-0.01245146186,-0.02134428209,-0.007383507061,-0.0002213906309,-0.02963757913,-0.01241554284,-0.02903909776,-0.0268859249,-0.003408379951
2023-01-06,0.03679379077,0.03561115239,0.009979284944,0.01102740899,0.01870749684,0.01322512737,0.00810949734,0.01913525485,0.01178520028,0.02381265829,0.02465109037,0.02689865544,0.02449910564
2023-01-09,0.004088951148,0.01486987398,-0.01511182407,0.002726084201,0.002245117579,0.00778563444,-0.02590846753,-0.004131919277,0.00973627499,-0.01221396308,0.0593490114,0.0003554338946,-0.01246745693
2023-01-10,0.004456521636,0.02873170923,0.006786735727,-0.003942714392,0.003676044614,0.00454441932,-0.002392101557,0.008953749347,0.007617209948,-0.0009866784239,-0.007681374257,0.002251063373,-0.0006211617567
2023-01-11,0.02111227067,0.05808382588,0.007620253466,0.005323854194,-0.000686793935,0.03505981399,-0.001598462345,0.007431599041,0.03023816461,-0.008097880879,0.03676906018,0.03582012037,0.008767225213
2023-01-12,-0.000599280515,0.001892946809,0.002617792041,0.007739258925,0.01156800097,-0.004261359816,-0.005032056466,-0.001002804379,0.01162141427,-0.005642024545,0.002759262575,0.01266846168,-0.009033097638
2023-01-13,0.01011892276,0.0299150436,0.02204780791,-0.003368525041,0.01200178399,0.01086372153,-0.003275895622,0.02523468354,0.003018797166,0.007142559974,-0.009388119583,-0.006198677809,0.003314727186
2023-01-17,0.008756546069,-0.02109661269,-0.02015320965,-0.001352079615,-0.006545078345,-0.009009988496,-0.006169359574,-0.01545327275,0.00468167883,-0.002916215494,0.07426473737,0.002835110666,-0.006056963645
2023-01-18,-0.005369993045,-0.006142675154,-0.02317489113,0.009205641258,-0.002871752449,-0.0018620637,-0.0150849308,-0.03004247476,-0.01888911366,-0.02678801243,-0.02060998251,-0.01458789084,-0.02472106357
2023-01-19,0.0004436281513,-0.01864654092,-0.01453147714,-0.002012397717,0.01586852004,0.02118083168,-0.001354905973,-0.01332639262,-0.01645388869,-0.02114837796,-0.01250194615,-0.005508339555,-0.01427160045
2023-01-20,0.01922078702,0.03810845093,0.01865796003,-0.0044354217,-0.003335405556,0.05341198013,-0.00465983705,0.002448566279,0.03574361954,0.003861897017,0.04914681206,0.01188539391,0.01231721161
2023-01-23,0.02350047639,0.002776315096,0.0138849986,-0.002429627689,0.001896433763,0.01805764254,-0.002548422924,0.0162128125,0.009824167307,-0.01342944117,0.07742468875,0.004561721742,0.01494221282
2023-01-24,0.0100630346,-0.0123051373,0.00728404083,0.004465917511,0.003618515163,-0.02094398764,0,0.008596090102,-0.002226110896,0.005458982943,0.0009739087976,0.002497289994,0.002664195375
2023-01-25,-0.004700753876,0.008928577794,0.008678216973,0.001212530913,0.0046039596,-0.0253838293,0.007129732516,0.004839269446,-0.005908004558,-0.0007049331498,0.003752820129,0.0004530279774,-0.004754573221
2023-01-26,0.01480327813,0.02099198301,0.01347860288,-0.001883951572,-0.009055266877,0.0241546362,-0.003657504944,0.006181842932,0.03071360808,-0.004022197172,0.1096725916,0.01120522188,-0.0009132595259
2023-01-27,0.01368443974,0.0304373776,0.003112505512,-0.001078838968,-0.001392990462,0.01897050522,-0.003907845921,0.002428941693,0.000645187199,-0.004108930061,0.1100018042,0.01119348918,0.007664502756
2023-01-30,-0.02007803266,-0.01652968356,-0.004231220061,-0.002834434377,-0.00256671527,-0.02445412785,-0.03703273796,-0.008480696809,-0.02196159617,0.003129802427,-0.06318150995,-0.01272959524,-0.008024943038
2023-01-31,0.009020856625,0.02565881774,0.005099015716,0.004602370901,0.003636211542,0.01959972115,0.008765421879,0.005965562632,0.021012622,0.009715946699,0.03936155895,0.02096613107,0.01210001512
2023-02-01,0.007900661678,0.01958697107,0.01240136554,0.006428508379,0.01259681434,0.01608667161,0.009178843168,-0.002643610621,0.01993462297,0.005688783621,0.04728092821,0.006150002089,0.005560474878
2023-02-02,0.03706252339,0.07379935353,0.005846499126,0.0006707739469,-0.02075193654,0.07278683869,0.003759401178,-0.004656566895,0.04688413651,-0.007123387143,0.03781489704,0.02270234073,-0.007258069214
2023-02-03,0.024400047,-0.08431497621,0.008303397726,-0.00885077205,-0.02495777029,-0.02747342074,-0.005618083036,0.01547427667,-0.02362052811,0.003094927406,0.009082654784,-0.01878337639,-0.01329884658
2023-02-06,-0.01792884735,-0.01170325072,-0.001647026603,-0.006223759978,0.002075409872,-0.01794239633,-0.007593501773,0.005882807152,-0.006115693022,-0.008484761678,0.02516053736,-0.007287308017,-0.007268361093
2023-02-07,0.01924483444,-0.0006850625819,0.01099794949,-0.001361555524,0.0009204257081,0.04606410376,0.0002447287143,0.01219017373,0.04202200434,-0.009759396447,0.01052579128,-0.002191206975,0.00213234495
2023-02-08,-0.01765261379,-0.02017429778,-0.007342918765,0.001772458685,0.002471594121,-0.07683004098,0.001284948485,-0.007031206431,-0.003102123202,-0.01035557762,0.02276304956,-0.004721700561,-0.005390710074
2023-02-09,-0.006911762845,-0.01809100582,-0.02136983099,-0.00408288274,-0.007912418175,-0.04387646251,-0.01350761583,-0.01556353244,-0.01165947431,-0.01096922575,0.02995684952,-0.01092231442,0.00927118007
2023-02-10,0.00245618214,-0.006412838631,-0.003919334127,-0.004236092618,0.001907194321,-0.004631258668,0.004646965073,0.004415073106,-0.001972823132,0.008828799819,-0.05030873802,0.003457719979,0.01554541523
2023-02-13,0.01880686993,0.01977256729,0.001967377875,0.002745019346,-0.00507617028,0.0004232190859,0.003700293627,0.01084832647,0.03124307727,0.01309140932,-0.01142770078,0.008892941027,0.01523791007
2023-02-14,-0.004225086684,0.001607354141,-0.0008414731228,-0.003421939363,0.0007537389033,0.0007398119143,-0.004362668911,0.004418931126,0.003133123766,-0.005640065327,0.07506165565,-0.007932861258,-0.002878408963
2023-02-15,0.01390356965,0.01464399958,-0.001684596625,-0.002196564111,-0.009964667253,0.02386983411,-0.01647730025,0.004189788987,-0.007993204441,-0.002297538715,0.02384709913,0.003998147377,0.007423175938
2023-02-16,-0.01042948619,-0.02975486385,-0.007873938552,-0.003853592793,-0.0008192368784,-0.01475135029,-0.007090498734,-0.01376908316,-0.02662280282,-0.01309723937,-0.05694553722,-0.009734477969,-0.01569205199
2023-02-17,-0.007546764319,-0.009679109148,0.001984225017,0.002210268933,0.00298679067,-0.01214538998,0.02087732402,0.00296161065,-0.01560179732,0.02092730352,0.0310334809,-0.003909837967,0.0150412582
2023-02-21,-0.02667972568,-0.02695468312,-0.02347971773,-0.008684841808,-0.003737004614,-0.02713303277,-0.01490136151,-0.01834927475,-0.02088648801,-0.0007141639417,-0.05251789434,-0.02007390707,0.006077569258
2023-02-22,0.00289611145,0.01279339248,-0.006662756404,0.002224834222,-0.005626488586,-0.001525081507,-0.001392450712,-0.007663293324,-0.004590964721,0.004217049539,0.01768255348,-0.00904114992,-0.02097339344
2023-02-23,0.003290467406,0.0003131723459,-0.0008749080052,0.003607522034,-0.0005304511137,-0.008292654553,-0.0003168208278,0.008010964575,0.01296172315,-0.003202998266,0.006024129793,0.00750684243,-0.01490580006
2023-02-24,-0.01800531931,-0.02421206118,-0.00145951747,-0.005530319622,-0.007194675756,-0.01936400711,-0.01115835663,0.009021366159,-0.0217842725,-0.005640754389,-0.02568418,-0.01753788969,0.002674424249
2023-02-27,0.008247652199,0.00278077151,0,0.001668843496,0.003920334894,0.00830254871,-0.002179725048,0.008727746165,0.003771724489,-0.0008617304162,0.05460178654,0.001516803185,-0.00722950532
2023-02-28,-0.003447802411,0.00501281154,0.002631104846,0.0002772238164,0.004555968863,0.002114204355,-0.01522868925,0.008370930438,-0.002958124693,-0.01135529119,-0.009247209574,-0.001398190635,0.004878266987
2023-03-01,-0.01424605569,-0.02186145723,-0.004664814753,-0.005924135033,0.005772150634,0.003331089204,-0.004502073639,-0.005580692213,-0.0126292606,0.0007269432184,-0.01429197582,-0.01259922612,-0.01393076984
2023-03-02,0.004129094939,-0.0004339906295,-0.0126769562,-0.002098839822,-0.0005855636445,0.01814945132,-0.0007864008965,-0.01038231251,0.01965321079,0.01648988131,-0.05853928158,0.01169678659,0.00249707283
2023-03-03,0.03509005332,0.03006625806,0.02000599267,0.007710740208,0.01072308562,0.01793495279,0.01029845682,0.01835977878,0.01664608427,0.00728910646,0.03609219282,0.01518149991,0.001210195313
2023-03-06,0.01853942943,-0.01211803485,-0.002049173402,-0.002364999288,-0.005043830647,0.01580348987,0.009998703296,-0.005847126949,0.006189014489,-0.004256524154,-0.02012233107,-0.003911174815,-0.0001421889332
2023-03-07,-0.01449649296,-0.002133300781,-0.03197416409,-0.001115767486,-0.01748048063,-0.01335007834,-0.009449775597,-0.02940804346,-0.01058894834,-0.01987889566,-0.0314740773,-0.02332837841,-0.009953965589
2023-03-08,0.008377189489,0.003955051899,-0.01333308259,-0.0008373746104,-0.0004744504411,0.004155038043,-0.007333390217,-0.005915301701,-0.001770549604,0.0001452569185,-0.03041929844,0.01147003798,-0.008258258194
2023-03-09,-0.01491470591,-0.01778107114,-0.06203947373,0.003352899536,0.009849316057,-0.02047742823,-0.01124453317,-0.05413651461,-0.005439529472,-0.007340994313,-0.04989011995,-0.02291328215,-0.006734527387
2023-03-10,-0.01387861513,-0.01647692838,-0.00884091073,0.01197623294,0.02156285684,-0.01830598425,0.002446141152,0.02539507929,-0.01478299004,0.004539707362,0.003007195686,-0.03314184638,-0.001457997168
2023-03-13,0.01326596699,0.01873687739,-0.05814337061,0.007981662872,0.02294821191,0.005296358864,0.009563916487,-0.01795730328,0.02144093062,0.006924556085,0.005996271169,0.01311710577,0.00292033872
2023-03-14,0.01408926255,0.02650651239,0.00876885377,-0.006280170248,-0.005791064746,0.03139053699,0.005618975756,0.0256761575,0.02705585477,0.01237871201,0.05032094793,0.00964963612,0.005314356271
2023-03-15,0.002621398443,0.01391230747,-0.009388016783,0.01030346962,0.00780413317,0.02277340682,0.002793572842,-0.04724402214,0.01783047118,0.01415803742,-0.01533339323,-0.0007261982636,0.01115126474
2023-03-16,0.01869409564,0.03991688242,0.01684789629,-0.004758840555,0.002020092008,0.04380382754,-0.002073209291,0.01941361967,0.04053670599,0.007473924887,0.02039350511,-0.002179135982,-0.005680800023
2023-03-17,-0.005454149418,-0.0108956813,-0.03969621614,0.007241103204,0.02912021468,0.01295846843,-0.01071200785,-0.03778203035,0.01169429581,0.0002796772621,-0.02172378153,-0.02268850924,0.008099542842
2023-03-20,0.01548394146,-0.0125315604,-0.002516241027,-0.004340691334,0.0003808677358,-0.003936155524,0.009909221766,0.01057150025,-0.02576678351,0.01539235494,0.01732079627,0.01142120196,0.01076065176
2023-03-21,0.01194396965,0.02967968021,0.03027046722,-0.002724904211,-0.01887511581,0.03655396412,0,0.02682090706,0.005693782249,-0.007234856159,0.07819919144,-0.004418405144,-0.003406900742
2023-03-22,-0.009103254412,-0.01898423269,-0.0332285324,0.008879874878,0.0170206099,-0.01477299788,-0.01845466457,-0.02581395543,-0.005442346557,-0.0006248196426,-0.03254381959,-0.0373569552,-0.006409323841
2023-03-23,0.006969215579,0.0001013387694,-0.02424025649,0.002302371792,0.01253817609,0.02157301949,0.0005295428346,-0.002673338021,0.019721459,-0.001388962138,0.005597736638,-0.006275595059,0.008099325836
2023-03-24,0.008305918361,-0.005875816396,0.00630339903,0.002026473138,-0.01125235025,-0.00151517966,0.0100575344,-0.0152159137,0.01048067706,0.02037698143,-0.009416281069,0.02564429391,0.00817613462
2023-03-27,-0.0122933622,-0.0009171134251,0.04974211319,-0.01038193689,-0.009256722051,-0.02826260702,0.004258067506,0.02866066065,-0.01493403152,-0.005248020414,0.007352522817,-0.001142384824,0.01671379489
2023-03-28,-0.003980279922,-0.008159965772,-0.01298701957,-0.00177115878,0.008189093257,-0.01395670169,-0.009654173954,0.003035341039,-0.00416077572,0.002809015395,-0.01365932512,-0.002413966245,-0.003884196369
2023-03-29,0.01979063474,0.03095436243,0.0195590487,0.001091663534,-0.004960770007,0.003563364773,0.009814005366,0.002017119297,0.01918378206,0.003074643678,0.02478990634,0.02216273681,0.004317199402
2023-03-30,0.009890173693,0.0174563591,-0.01290577019,0.001363670926,0.009039576549,-0.004931468977,0.0007830405284,-0.003019873508,0.01261984903,0.004359617381,0.007220929757,0.01308403672,0.009984070667
2023-03-31,0.01564411621,0.0126470678,0.01060094356,0.005173619403,-0.005212246136,0.02814953808,0.01023256866,0.01211652842,0.01496190675,0.008409577187,0.06237201972,0.02140227792,0.01221925994
2023-04-03,0.007701526853,-0.008519675144,-0.000349566765,0.004250044536,0.007204410308,0.006073424677,0.01193552262,-0.001151090135,-0.003711018432,0.005514725229,-0.0611684278,-0.0079481452,0.008409536945
2023-04-04,-0.003249677398,0.01503752789,-0.02133622161,0.004056386467,0.01864095896,0.003449661878,0.01045591126,-0.01336820959,-0.0001742399597,0.004816025108,-0.01124404371,-0.001335286816,-0.009818965678
2023-04-05,-0.01129038891,-0.02741701354,-0.01215157958,0.002692494944,-0.0007979247787,-0.002387289474,0.04492386781,0.001491102246,-0.009889133832,0.006855691332,-0.03666007629,-0.00534797801,0.01657264389
2023-04-06,0.005496120775,0.009495540049,0.007235876305,-0.0002681164546,-0.007134091065,0.0378097892,-0.002777627775,-0.001097124707,0.02553279011,0.006346930772,-0.002479553166,0.006843360445,0.00755014241
2023-04-10,-0.01597255407,0.00107780338,0.003592058354,-0.00671667153,-0.007399886547,-0.01826229925,-0.005025678494,0.003294797854,-0.007579091717,-0.008277429204,-0.002972025608,0.004612116741,-0.001923270197
2023-04-11,-0.007591076776,-0.02202212039,0.02755903362,0.0004055763072,0.006320556237,-0.01024062976,-0.0003043127421,0.004926252694,-0.02266835043,-0.001987411424,0.01235704757,0.004228732939,-0.002923100427
2023-04-12,-0.00435322503,-0.02091669712,-0.008011169705,0.001081633397,0.004885138867,-0.006739347378,-0.002130532926,-0.0001556313736,0.002333826814,0.00272141749,-0.03346003654,-0.004812442983,-0.004864610651
2023-04-13,0.03410361595,0.04671368301,0.00280904123,-0.0005400033076,0.01351567256,0.0266628273,0.01336024172,0.003813214294,0.02239903025,0.004633480899,0.02968871613,-0.00302212845,0.00100440313
2023-04-14,-0.002113939556,0.001074224694,0.03361334953,-0.004459525597,-0.01771031303,0.01340411277,-0.001625600598,0.07550976366,-0.01276558135,-0.005073506363,-0.00484127986,-0.01552090438,-0.006756311118
2023-04-17,0.0001208704018,0.002243641818,0.02879414039,-0.005428534464,-0.00445375525,-0.02663734675,-0.001024999092,0.007929117867,0.009296100891,0.0003313112113,0.01102699074,0.02081535411,0.00700426573
2023-04-18,0.00750495743,-0.004282604839,0.006256103642,0.001501278726,0.003880780604,-0.01387181996,-0.02812837479,0.01122759042,-0.001488781942,0.001059255838,-0.01459578606,-0.002292219123,0.002207216656
2023-04-19,0.006968300588,0.01955034155,-0.01636125871,-0.001363015603,-0.004778520213,-0.003062258212,0.009440481938,-0.001272808412,0.000277335203,0.0001983798867,-0.02018339358,0.005925560564,0.001067569699
2023-04-20,-0.005846565337,-0.004698039107,-0.005322581674,0.004366793025,0.003938259199,0.01065461452,0.006460538799,-0.002903265981,-0.008112296547,0.003665869057,-0.09745828231,-0.009857987848,0.006399769376
2023-04-21,-0.009780588374,0.03034391292,-0.001003380366,-0.001766451433,-0.009887669268,0.001139730774,-0.005440801071,-0.001917442831,-0.001223362601,0.03460397993,0.01282284967,0.0001211651765,0.005033962509
2023-04-24,0.001878368334,-0.007011967151,-0.003682710532,0.003946692926,0.00303933546,0.005312615599,0.006084980928,0.001351959509,-0.01396269443,0.001794160634,-0.01532589503,-0.003763424841,0.006788243259
2023-04-25,-0.0094357483,-0.03427172037,-0.03091400252,0.006506935577,0.005086318131,-0.02000552852,0.009164366138,-0.02174387115,-0.0225360973,0.0002556850931,-0.01156570192,-0.009870823263,-0.007789784399
2023-04-26,-6.115564509e-05,0.02349618474,-0.01386952785,-0.003501880238,-0.005437386309,-0.00134804921,-0.01549833762,-0.01772361394,0.07243478977,-0.01157354463,-0.04306963495,-0.009600136938,-0.004354415136
2023-04-27,0.02839534788,0.04610398346,0.01582262651,-0.004324791113,5.410039265e-05,0.03741181794,0.002336728592,0.01345888719,0.03202772863,0.01222670917,0.04188619474,0.02261713244,0.00311440918
2023-04-28,0.007541012719,-0.03979241266,0.01349968088,0.005565455198,0.0002706525129,-0.002323751051,0.004294470427,0.008683036606,0.007971742206,-0.0005753210797,0.02571942727,0.01227377925,-0.002708330177
2023-05-01,-0.0005303179381,-0.03224271214,-0.008196732855,-0.01028441324,-0.004491351825,-0.001304148069,-0.0006108287202,0.02141178363,-0.005532884559,0.001215161209,-0.01509339519,-0.007442815936,0.004106573258
2023-05-02,-0.006191390362,0.01548254928,-0.030303168,0.009844152756,0.01929664091,-0.01753721134,0.008740811572,-0.01614733637,-0.0004909539536,-0.0008941631597,-0.009392598747,-0.01693282539,-0.002704656586
2023-05-03,-0.006467202549,0.0001930355398,-0.01065335251,0.004197251941,0.008479075841,0.0008544083872,-0.01308859977,-0.02116335161,-0.003307025788,-0.001278713496,0.001871393278,-0.003937087954,-0.00370401389
2023-05-04,-0.009913570798,0.003376733902,-0.03122750239,-0.001348142252,0.007032953449,-0.006830380668,-0.004543147247,-0.01367842224,0.003317998495,-0.004608487115,0.003673471986,0.008275712671,0.002798993333
2023-05-05,0.04692702325,0.01596157367,0.02667643247,-0.003645320535,-0.01564795048,0.00840570586,0.00339224385,0.01953487527,0.01715715257,0.003343755638,0.05496278398,0.01666038545,0.008639581701
2023-05-08,-0.0004034730072,0.001608916932,-0.0007217374139,-0.004742899493,0.001226905576,0.02083927949,-0.002274533775,0.002413519896,-0.006438025694,-0.004678499028,0.01017285518,-0.005783691538,0.006259479254
2023-05-09,-0.009971161984,0.007464810563,-0.001083462502,-0.001088717833,0.007086162362,-0.00389718996,-0.007762887012,-0.004815299096,-0.005345921626,-0.01023826063,-0.01536759702,-0.004241851426,0.001702505499
2023-05-10,0.01042098114,0.03348339526,-0.01229216267,0.00613319158,-0.001428442844,0.04098740265,0.003725277225,0.0005132334266,0.01729633844,0.002081677458,-0.003606270366,0.009615369655,-0.00281097655
2023-05-11,0.001094809231,0.01805969525,0.002562217023,0.003250927826,-0.008582755588,0.04313204143,-0.004082616789,-0.003150591934,-0.007044197057,0.002337314484,0.02100396752,-0.01097041472,0.003736531129
2023-05-12,-0.005417633247,-0.01711533396,-0.0109527697,-0.005265896532,-0.001710080243,0.008063776935,-0.001304405504,-0.01433293025,-0.003676182444,0.0101691418,-0.0238261626,-0.0001219494207,-0.0003265052585
2023-05-15,-0.002897308318,0.00852525661,0.02067168772,-0.002579188399,0.002141262034,-0.008509876988,-0.007650171944,0.008426220614,0.001586129982,0.0003205630489,-0.009703474613,-0.001706876792,-0.00777420954
2023-05-16,0,0.01978421437,-0.01048820087,-0.002449305547,-0.0124993938,0.0257488817,-0.001316282764,-0.006729052936,0.00736760505,-0.00173073757,0.001021930644,-0.02503346224,-0.01382673046
2023-05-17,0.003603051301,0.01851850481,0.04422520363,-0.00177365171,-0.00346188893,0.01112879047,-0.002196347038,0.03074739655,0.009451557149,-0.004237746447,0.04407876621,0.01352694368,-0.001669009198
2023-05-18,0.0136662696,0.02294373615,-0.003500204411,-0.004099816862,-0.01297291128,0.01646810946,-0.003208005732,0.007584128148,0.01439488205,-0.01644306995,0.0174278084,-0.004819328369,0.01297397023
2023-05-19,0.00062840563,-0.01608126535,-0.01264483663,-0.002744850039,0.009898829125,-0.0005700292023,0.002713508501,-0.002293873565,-0.0005649781099,0.004195777777,0.01837300023,-0.00161432808,-0.01029909831
2023-05-22,-0.005480799067,-0.01066664829,0.008182166114,-0.0002751007936,-0.002341497916,0.01865438364,-0.005389651474,-0.008262846075,0.008921183645,-0.02618003889,0.04846228354,0.006094336561,-0.008805489677
2023-05-23,-0.01515514945,-0.0001739350673,0.0084685354,0.0006878830112,0.001200731149,-0.01991216027,-0.0003823560522,-0.01043248263,-0.01843192382,-0.01079371232,-0.016413358,-0.009395286175,-0.001884092972
2023-05-24,0.001632167302,0.01530569762,-0.01679491522,-0.002750687963,-0.008068450017,-0.01354432678,-0.0009566781819,-0.009151588957,-0.004472529633,-0.008268268959,-0.01544926689,-0.02146506354,-0.004585119722
2023-05-25,0.0066923702,-0.01498929336,0.002491021317,-0.003724377401,-0.009618027092,0.02134003143,-0.01436211736,0.002438246199,0.03845779861,-0.006424067672,0.008583965974,-0.0001277037603,-0.009957423792
2023-05-26,0.0141046509,0.04443478792,0.00496980948,0.001246256253,0.00399556733,0.009151138533,-0.0003887692552,0.009361018431,0.02138551748,6.868359226e-05,0.04716212333,0.01147969735,0.001778918116
2023-05-30,0.01065967013,0.01290486257,-0.001766029656,0.006636945045,0.006190554546,-0.007543492202,0.000129604389,0.0037973776,-0.005046594356,-0.01526821465,0.04136255924,0.003783064877,-0.002458570244
2023-05-31,-0.000282140916,-0.008877213534,-0.01663131739,0.003296709427,0.001538200661,-0.006468762843,0.004469699245,-0.01273111098,-0.008514388919,-0.004749205522,0.01377007836,0.005025040626,0.005545860328
2023-06-01,0.01602255671,0.01816217266,0.007617041334,0.002704292397,0.007898130346,0.006917884539,-0.003353537218,0.01377935839,0.01275923439,0.01024565046,0.01760413733,0.0001252721954,0.003676474716
2023-06-02,0.004775565995,0.01205508998,0.0334772326,-0.005612788952,-0.01474745068,0.007678523686,0.01572425203,0.02100599371,0.008479316698,0.01778267407,0.03108132621,0.02437176301,0.009565381349
2023-06-05,-0.007571357311,0.008450728787,-0.005921306351,0.000137661504,0.006020416015,0.01074839222,0.008600588719,-0.009823920445,0.001610096281,-0.003958176752,0.01701172767,-0.006954574937,0.006584883211
2023-06-06,-0.002060353952,0.01045488848,0.02417670359,0.001376425559,0.001098039689,0.01031665174,-0.0008846900917,0.001797290963,-0.0067275195,-0.009935718896,0.01700288102,0.009583204023,-0.0001334966217
2023-06-07,-0.007756059022,-0.0424926722,0.008552817344,-0.005635471829,-0.01201054341,-0.03778183552,0.00214961298,0.009688589065,-0.03086806982,0.002145512348,0.01473051286,0.01837673044,0.00146881616
2023-06-08,0.01546515565,0.0249112972,-0.008480286998,0.004976481833,0.01321124043,-0.002938767893,0.01097646014,0.0002842222674,0.005813860456,0.01132594415,0.04582087078,-0.006214237835,0.01446671961
2023-06-09,0.002159664316,-0.006599595129,0.001368425583,-0.002063101852,-0.002684520333,0.0007370621131,-0.001559897813,0.001989568079,0.004703806623,0.00081929938,0.0406199151,-0.005771765478,0.006045821657
2023-06-12,0.01563862391,0.02543951537,-0.004783189026,0.00206736704,-0.0008788640366,0.01153559198,-0.0006874025158,-7.077905258e-05,0.0154839138,-0.007846727334,0.02221770896,0.0002415985994,0.006597544769
2023-06-13,-0.002611512659,0.00071110032,0.009268916909,-0.004401879798,-0.007367558614,0.001536685879,0.005253205347,0.007233923689,0.007352814089,-0.00240686012,0.03554412824,0.006408751011,0.007787055482
2023-06-14,0.003491330788,-0.001894879885,-0.009523730011,0.0008291692219,0.0005539277015,-0.001292180201,0.005101301256,-0.003731708004,0.009123744544,0.009375308933,-0.007421371318,0.00372484534,0.01010941176
2023-06-15,0.01119858349,0.005458016543,0.008585125082,0.006211869663,0.007030581691,0.01148226087,0.01343155059,0.01130817077,0.03189661203,0.01386436655,-0.00346592398,0.005266879113,0.005482317512
2023-06-16,-0.00585977316,-0.0127448882,-0.006128735909,-0.002195145303,-0.001539215951,-0.01247106875,0.003053777762,0.001188025008,-0.0165759546,0.007342447203,0.01813214052,-0.0007143879147,-0.01394791438
2023-06-20,0.0004867760836,0.002310948446,-0.01096261689,0.001375143641,-0.01035073959,-0.003481063106,-0.0006086339505,-0.005095705889,-0.0125021911,-0.009228212991,0.05338912722,-0.01179704597,-0.008808678267
2023-06-21,-0.005675455678,-0.007552845901,-0.01039141865,0.001647396446,-0.001446422847,-0.02071475568,-0.001523318692,-0.00147324601,-0.01328207349,0.008639287378,-0.05461840075,-0.006029361926,0.001946121154
2023-06-22,0.01652549768,0.04261789624,-0.02135116714,-0.004797447161,-0.009916979914,0.02156783456,0.01061765693,-0.01925241063,0.01843741525,0.00341286086,0.01984889411,-0.01431502504,0.008351746586
2023-06-23,-0.001711342584,-0.00630036192,-0.007510722235,0.002892251178,0.002757246164,-0.006577405081,-0.0008454959195,-0.005229936586,-0.01380581837,-0.009936614752,-0.03027088807,-0.01378452963,-0.001862130788
2023-06-26,-0.007553017568,-0.01546431587,0.01225237702,0.001236176748,0.001739604736,-0.03269581264,-0.0111793771,0.00244860631,-0.01916311969,0.001010272315,-0.06060016634,0.02308755655,-0.002637195172
2023-06-27,0.01505913089,0.01452910405,0.005339837462,-0.001920155872,-0.004593535884,-8.443886603e-05,-0.002078116704,7.1938094e-05,0.01816797501,0.009487878613,0.03800042956,0.01231977207,-0.00361179528
2023-06-28,0.006327727456,-0.001083754432,-0.006019782784,0.003160991727,-0.002307409851,0.0156342759,-0.002020682868,-0.004382302914,0.003825685658,-0.0001998006358,0.0240996897,0.001446333629,0.005437407682
2023-06-29,0.001796449005,-0.008834406537,0.02101896403,-0.007535306176,-0.001071764681,-0.008986560165,0.006995506271,0.03492326888,-0.002382022192,-0.004066990137,0.004917303363,0.01117015921,-0.00675988898
2023-06-30,0.02310257314,0.019233769,0.001046713124,0.003451155192,0.006663323502,0.00503774856,0.008653160425,0.01401397726,0.01638582576,0.01579861395,0.01658248161,0.005535500448,0.01879690237
2023-07-03,-0.007784619781,-0.001073944377,0.0177761589,-0.002841305512,0.001121876611,0.001670939394,-0.01311010465,0.008044220131,-0.007488217305,0.005008520689,0.06895373445,0.009813305268,0.006489333851
2023-07-05,-0.005871581032,0.00122871802,-0.004109494905,-0.004149008042,-0.003530032378,0.01542955604,-0.003305808416,-0.006661645634,0.0004734064634,-0.001704876826,0.00950612391,0.002251697137,-0.0005686885123
2023-07-06,0.00250892035,-0.01549320599,-0.02751031666,-0.00638902674,-0.002980200125,-0.01347022421,-0.007431996439,-0.00988636512,0.009226735242,-0.001642195212,-0.02102804521,-0.007685820969,-0.006324905836
2023-07-07,-0.005891317681,0.01106262202,0.008840129142,-0.0005592268668,0.007500997402,-0.005245289663,-0.01454192232,0.007890440633,-0.0118675576,-0.02098815496,-0.007630056426,-0.002264340632,-0.02304118932
2023-07-10,-0.01085586612,-0.02041918285,0.004556663773,0.003496387831,0.0007836956456,-0.02535991732,0.001632390929,0.005611623572,-0.01598365463,0.0004030975583,-0.0175637046,0.004299632083,0.009056040258
2023-07-11,-0.002809914497,0.01297885284,0.01256091434,0.002090758045,0.00374761256,0.005925334927,-0.005516562197,0.01563881258,0.001928872668,-0.00523980634,0.0006677170845,0.01427028032,-0.001484932851
2023-07-12,0.008985518705,0.0156856988,0.01171603661,0.007927414682,0.01354142087,0.01528094949,-0.00346743389,0.004951866105,0.01422684551,0.005200081188,0.008154422402,0.005393662469,0.002521697312
2023-07-13,0.004057469605,0.02675840916,0.01055881209,0.006071626728,0.000714699915,0.04717057772,0.004617891527,0.004860230638,0.01619195239,0.0006717501776,0.02172875427,0.0064139693,-0.005869489321
2023-07-14,0.0007872831381,0.002829408901,-0.01887446868,-0.004663475869,-0.003186648253,0.007066011163,0.006674558918,0.006045551366,0.007529404359,0.007384950984,0.01252252991,-0.001969987449,0.003438811408
2023-07-17,0.01730554998,-0.008315972513,0.009962282903,0.00110234772,0.000716556733,-0.006139424849,-0.005003933082,0.02410339726,0.00141946878,-0.007064392981,0.03198521517,-0.006501609871,0.001228441731
2023-07-18,-0.001340413462,-0.005465676407,0.04421768069,0.001239123204,0.01145627814,-0.007139878638,-6.287934516e-05,0.001825552963,0.03979959951,0.001879309314,0.0101935099,-0.005492806479,-0.001808154049
2023-07-19,0.00707189076,0.0190468926,0.02703572642,0.002337013663,0.000163356455,-0.01397880387,-0.002011953241,0.003839766372,-0.01226734261,0.006833385975,-0.007090702251,0.01128096996,0.0003234423223
2023-07-20,-0.01009752142,-0.03989357175,0.005074545977,-0.004663475869,-0.005063389149,-0.02319101152,0.06072825248,0.01231755597,-0.02312154155,0.008108485813,-0.0973700986,-0.003253497777,0.01849689919
2023-07-21,-0.006161614391,0.0003077353345,0.009151152312,0.0006891993005,-0.00306453322,0.006879129772,0.01074961821,-0.007685068117,-0.008936999666,0.01574120995,-0.01095475447,0.004662912838,0.005651411391
2023-07-24,0.004220110677,-0.009230745756,0.02095061076,-0.001652498667,-0.004281473327,0.01258128045,0.005229441452,0.0196839298,0.003897856324,0.00320410401,0.03476659075,0.008238632475,0.005872420772
2023-07-25,0.004513550436,0.002562125957,-0.01531386718,-0.001103644092,0.005567859976,0.005595367793,0.007657192118,-0.007468384127,0.01700915149,0.00234654741,-0.01404890661,-0.007135447721,-0.0008159802905
2023-07-26,0.004545085471,-0.007589335935,0.008087128823,0.003314357948,0.004879115025,0.05776929733,0.001914304518,0.005994071917,-0.03763749945,0.001040515468,-0.003505702202,0.00452067917,0.003581051459
2023-07-27,-0.006580854317,0.0007803832094,-0.01419310799,-0.008532957751,-0.015711974,0.001005785019,0.005616120844,-0.01102938204,-0.02087224623,-0.01188797067,-0.03268393868,-0.02169400292,-0.003630868108
2023-07-28,0.01350771211,0.03087724533,-0.001565053231,0.003470296373,0.0079813904,0.02457494451,0.004548292705,0.005704656666,0.02313141214,0.0282692122,0.04196157931,-0.0008257790158,0.004712088995
2023-07-31,0.003166052541,0.01111856809,0.003134756439,0.001798020012,0.002694410489,0.00105610198,-0.03983265023,0.006691605943,-0.007240429444,-0.0007030918151,0.003715621623,0.00649291544,-0.0003125677574
2023-08-01,-0.004276041491,-0.01488622339,-0.01187495198,-0.006188560421,-0.01036467961,-0.008815715041,0.008117771944,-0.004937973069,0.001250245098,-0.0003201526741,-0.02378187012,-0.001642062254,-0.00469160309
2023-08-02,-0.01548983919,-0.02642566378,-0.01359891871,-0.003204244694,-0.00476560223,-0.02409734299,0.006039597427,-0.01132459688,-0.02628297571,0.002175882159,-0.02665954157,-0.0057566707,0.0006914173501
2023-08-03,-0.007321698896,0.005459768439,0.007053478924,-0.006149615136,-0.0003341470787,0.000545326416,0.004296272746,0.006113461448,-0.002564873051,0.002618500252,0.02050295817,-0.01087085316,0.000251123008
2023-08-04,-0.0480201328,0.08269337801,-0.003502168155,0.00829669635,0.003620414279,-0.002646933907,-0.009376604295,-0.002110968549,0.00342868834,-0.0109555086,-0.02105509239,-0.008123254826,-0.005776745503
2023-08-07,-0.01725361378,0.01898684357,0.01853035298,-0.001533895328,-0.002275396285,0.02669588649,0.02401831941,0.004743274411,0.00710840619,0.0105615244,-0.009493435974,0.01252566316,0.01357843986
2023-08-08,0.00531179941,-0.01603149177,-0.01913415324,0.003631961401,-0.006341080195,-0.0009885030232,0.0004620717095,-0.005613668313,-0.01229898067,0.001083451474,-0.006959634207,-0.006423364073,0.0009969102021
2023-08-09,-0.008954559172,-0.0149349457,-0.01311158575,0.0002781908644,-0.004758207044,-0.01324202303,-0.0006351268767,-0.013408156,-0.01171596736,-0.001273135251,-0.03007606968,-0.0001196473329,0.001618539825
2023-08-10,-0.001234664507,0.005150463719,0.002592359304,-0.005566007686,-0.001068604476,0.0002316160129,-0.005200212686,-0.001495473793,0.002172366905,-0.004971598421,0.01300629202,-0.003831392497,-0.0004990204035
2023-08-11,0.00033779834,-0.00108251948,0.01131233745,-0.003217439953,0,-0.001002646122,0.009757941005,0.005795939205,-0.005945518191,0.005829161124,-0.01096438608,0.001562597327,0.005865428623
2023-08-14,0.009393249354,0.01560583487,-0.01150539979,-0.001263579532,-0.003040588549,0.01366164278,-0.002358591661,0.002072026627,0.009438943093,-0.007833365606,-0.01191015645,-0.006600441128,-0.007444208116
2023-08-15,-0.01120039873,-0.02063035501,-0.03200773534,-0.002248602617,-0.002654474343,-0.01180219978,-0.002882812383,-0.02545723097,-0.006727735372,-0.006419003726,-0.02836164476,-0.01123453104,-0.005124985752
2023-08-16,-0.004959089232,-0.01888567501,-0.02171015137,-0.002817619922,-0.005776029417,-0.008321752376,-0.003180328748,-0.004243084357,-0.002428417894,-0.0102074683,-0.0315934083,-0.01233962254,0.0005025832869
2023-08-17,-0.01455517778,-0.008069975106,-0.0003412834142,-0.0009887815159,-0.001537872422,0.009479286836,0.009397267851,-0.01038687146,-0.01098622964,-0.007179681135,-0.02828016272,-0.008040657775,-0.02241617221
2023-08-18,0.002816033933,-0.005672447612,-0.005806173981,0.002121372517,0.0001711282303,-0.01893478729,-0.008734879076,0.002287306956,-0.00126219605,0.002826953304,-0.01701485132,0.003117765885,0.01438763131
2023-08-21,0.007736679516,0.01095925118,0.001374137063,-0.004797720576,0.002737670236,0.007139628748,-0.0297990954,0.003423455798,0.01706255727,-0.00504789383,0.07327482892,-0.009199459698,-0.002659427432
2023-08-22,0.007905019315,-0.003192698984,-0.02435669049,0.001276061755,0.001649556618,0.005530810583,-0.007947397597,-0.02073849878,0.001801938316,0.0003954145631,0.008258403979,0.002885716817,-0.003174356238
2023-08-23,0.02194880161,0.009459994581,0.0003515554061,0.009062626005,0.01016464068,0.0254881888,-0.008974718574,0.006763251884,0.01407924763,0.009352588593,0.01573823119,0.01576394098,0.006942290366
2023-08-24,-0.02617047862,-0.02715472121,0.005975420045,-0.002385673003,-0.0002248203174,-0.01956638218,0.00340358409,-0.0009500010462,-0.02149844235,-0.004633017166,-0.0287934109,-0.003818457713,-0.007653563214
2023-08-25,0.01264321458,0.01077061748,-0.004192847245,0,-0.001293286356,0.0007704305461,0.01433792496,-0.001222293752,0.009407132408,0.00655555392,0.03716746349,0.0007421345511,0.005927837731
2023-08-28,0.008846140782,-0.0009004586683,0.009122704826,0.001828693915,0.002871353337,0.008700383154,-0.01178936692,0.003468044238,0.00222929375,0.00156331914,0.0009640428763,0.009389478291,0.00570269188
2023-08-29,0.02181031257,0.01329430885,0.0142559579,0.00617810952,0.009768091768,0.02717341842,0.000121685825,0.008132333484,0.014550382,0.0005851048243,0.07687791972,0.01211783029,0.008379467974
2023-08-30,0.01917225804,0.001186002948,-0.004456689034,-0.0004188027069,0.002501874794,0.009734778754,-0.003530160555,-0.004033420327,0.001157168091,0.001104821908,-0.001088726912,0.003627715921,0.007185262121
2023-08-31,0.00117248552,0.02176639537,-0.004513759878,0.001675326721,-0.001663725818,0.002134275962,-0.01252048172,-0.01235139222,-0.003132767348,0.001947832229,0.004593198536,-0.00735034296,0.008746911775
2023-09-01,0.008463119573,0.0007970481467,0.01081264701,-0.004807440869,0.000499924096,-0.003745388173,-0.007422063755,0.003348413883,0.002745716787,0.001101140962,-0.0506431833,0.001699571246,-0.006395622579
2023-09-05,0.001266803769,-0.006154002858,-0.01138731102,-0.005476923583,-0.008161685724,0.0008109792367,0.001246362897,-0.01103378221,0.0148787975,-0.01339699105,0.04685521401,-0.01163356858,-0.008046078115
2023-09-06,-0.03579329902,-0.01391420997,-0.009074997292,-0.001129764647,-0.004534245193,-0.009648736539,-0.01661699426,-0.001652880065,-0.00200859636,-0.00196795607,-0.01781742851,-0.002084270315,0.007487404445
2023-09-07,-0.02924934919,0.01839543057,-0.009158178542,0.003392772335,0.001068449865,0.00594960695,0.01278394134,-0.008554167597,-0.008922126161,0.009530489901,-0.001706862015,0.006266181319,0.01238616952
2023-09-08,0.003491721626,0.002756544122,0.008176479204,0.0002817750294,0.0003370270596,0.00828050436,0.003311954287,0.0007653058645,0.01321567046,-0.004297065899,-0.0118891623,-0.003907383407,0.001835172861
2023-09-11,0.006622545245,0.03523121266,0.004231366387,-0.00154914923,0.001853109994,0.00395926013,0.01307936828,0.004380334973,0.01097909578,0.01190106413,0.1009254993,0.0001227138351,0.003480534382
2023-09-12,-0.01706064893,-0.01306785672,0.01720487396,0.0007050365592,-0.005156651253,-0.0115394659,0.005656066293,0.0130138472,-0.01825766474,-0.01757693846,-0.02229686339,-0.0004902787039,0.001095217434
2023-09-13,-0.01185465314,0.02563202213,-0.003106632576,0.001550813726,-0.002310009856,0.01012284392,0.00250639161,0.0004785643863,0.01293071764,0.006972283357,0.01428135431,-0.01091335459,0.0002430995362
2023-09-14,0.008782452464,-0.0008975138235,0.011080383,-0.001689102209,0.0005082241753,0.01016747159,-0.00152455713,0.01939728628,0.00785571258,0.01097412479,0.01747151111,0.01810040173,0.00419308965
2023-09-15,-0.004153942903,-0.02991985762,-0.01232878806,-0.001973815752,0.006603816566,-0.005068885034,-0.01398565168,-0.002947907713,-0.02503675217,-0.008399636572,-0.005977372284,-0.003775214358,-0.003691387794
2023-09-18,0.01691319131,-0.002920462026,-0.002774008027,0.0009886823076,0.005887647602,0.005895306742,0.006317792005,0.002083186649,-0.003513139443,0.003779116512,-0.03320097446,-0.008922935633,-0.007410129249
2023-09-19,0.006180945675,-0.0167880477,-0.003824783093,-0.002116242337,-0.0009476457413,-0.001230257796,-0.001661666959,-0.001274357568,-0.0012457265,-0.002921136187,0.004598918977,-0.004563318947,-0.0002446640508
2023-09-20,-0.01999217386,-0.01700219076,-0.003490329108,-0.001273006496,0.0007253927125,-0.03115042066,0.004377231947,-0.004230117159,-0.02397706549,-0.0008462243092,-0.01467168354,0.0008672121354,0.003243831082
2023-09-21,-0.008889406535,-0.0440534537,-0.01751305509,-0.006230354358,-0.007248413758,-0.02467463237,-0.007673017554,-0.00782188842,-0.003865667591,-0.008666146347,-0.02623862099,-0.03404306057,-0.01214071484
2023-09-22,0.004944244227,-0.001623805079,-0.01461670394,0.004131953141,0.003201303317,-0.001456635719,-0.007175649857,-0.009582666103,-0.007886627575,-0.003680954043,-0.04231518261,-0.007560976321,0.002655572597
2023-09-25,0.007380629147,0.01665124873,-0.001447294517,-0.007378992541,-0.005150588927,0.006602811144,-0.001495326107,0.004940495702,0.001672033233,-0.006069156032,0.008616467528,-0.0009040487412,0.004434857465
2023-09-26,-0.02339848992,-0.04029862683,-0.01557964333,-0.001000854002,-0.007990985894,-0.01937299629,-0.007737318935,-0.01037885562,-0.01700589476,-0.008894185528,-0.01161994539,-0.01822411289,-0.00349533115
2023-09-27,-0.008897546338,0,0.003680453191,-0.003577571923,-0.01236664789,0.01532225876,-0.01201108432,0.005864921341,0.00208268869,-0.01326037864,-0.01482875303,-0.006714008594,-0.004800017679
2023-09-28,0.001525645666,0,0.01063451041,0.002585083334,-0.00499718751,0.01355896287,-0.001463967511,0.0124159406,0.002717312395,-0.006786915904,0.02444908475,0.009595340073,0.005070404915
2023-09-29,0.003046462349,0.00904905032,-0.006531288933,-0.0004297463118,-0.01027534967,-0.0109588525,-0.007202926191,-0.01741296444,0.006727464304,-0.003280136217,0.01558566548,0.002916302064,-0.01605763832
2023-10-02,0.01483547591,0.01840783446,-0.02483557394,-0.006868999216,-0.01049870565,0.02529408957,-0.003852430057,-0.008619759722,0.01916058826,-0.004593607339,0.005515166158,-0.01837171676,0.001062971952
2023-10-03,-0.007769719613,-0.03661366636,-0.02958804258,-0.00810239093,-0.002888241981,-0.01296874962,0.00122475298,-0.007372701947,-0.02613402405,0.002066449755,-0.02015106201,-0.01952359142,-0.006308533412
2023-10-04,0.00730860109,0.01828093936,0.001157947391,0.006564456148,-0.0001182565147,0.02121892407,0.001158694714,0.004484509877,0.01777333413,0.003299188274,0.05934371052,0.01222198295,0.01200589957
2023-10-05,0.007197968628,-0.008188983587,0.004625963185,0.0007242306297,-0.001832786802,-0.001257048001,0.0104166061,0.004216611836,0.001254062489,-0.01486606698,-0.004250328739,0.005562579701,-0.01192557158
2023-10-06,0.01475042138,0.01587805664,0.000383605086,-0.003910227748,0.005153083621,0.01858296241,0.003181821558,0.0153952435,0.02473698062,0.002016623968,0.001845841218,0.002698121899,-0.0167839385
2023-10-09,0.008451157978,0.002344446894,0.009206182046,0.0101773089,0.01838544745,0.00610554079,0.005709468018,-0.002274212784,0.007822386757,-0.005066186824,-0.003300907211,0.01089909566,-0.00364423858
2023-10-10,-0.003352047531,0.009511938819,0.02660583606,-0.001007495505,-0.001678095895,-0.002600939944,-0.001135514711,0.006078464778,-0.004335565815,0.009905158356,0.01521154344,0.004791396414,0.01129357782
2023-10-11,0.007904000341,0.0181495689,0.0003701879509,0.004610682296,0.007303045938,0.0180358649,-0.01376614446,0.003433042037,0.012272108,-0.01229447779,-0.002389822071,0.01735356287,0.003997307973
2023-10-12,0.005061271366,0.003792763355,-0.004441137084,-0.0086049337,-0.003049650727,-0.01124154131,0.0009603506654,-0.002326407111,-0.003790546392,0.002237681093,-0.01566597692,-0.01458365843,0.004550481426
2023-10-13,-0.01029291061,-0.01919450245,-0.005204427662,0.004629054854,0.03214825985,-0.01158533899,0.003326505257,0.01501941105,-0.01035761714,0.009559002136,-0.02993780719,-0.002510507498,0.005536267852
2023-10-16,-0.0007267807574,0.02126519692,0.008594927476,-0.005183548366,-0.00486492819,0.01266768016,0.004335139091,-0.00101341851,0.01498204694,0.009537751139,0.01115006016,0.01192214488,0.008634212546
2023-10-17,-0.008784808598,-0.008147882355,0.0233419033,-0.006513634974,0.001854273768,0.004456975537,-0.009140797398,-0.002164383918,-0.001743837329,0.001300803447,0.003662602163,-0.001439908091,0.001302622863
2023-10-18,-0.007394893482,-0.02540500728,-0.01122377385,-0.004370245017,0.01447081681,-0.01259652728,-0.02152602283,-0.01098074334,-0.005872406677,0.02577605907,-0.04775363208,-0.0212375421,0.0007435225857
2023-10-19,-0.002160950516,0.002107149016,-0.01281573706,-0.004389916557,0.01227401604,-0.00152220869,-0.002684554078,-0.004249469448,0.003665550291,-0.005627546221,-0.09300310181,-0.02370728947,-0.004766792582
2023-10-20,-0.01470427277,-0.02515573116,-0.02410977705,0.003674455433,0.002730897427,-0.01560794154,0.00446406599,-0.01610549157,-0.01403472766,-0.001349313109,-0.0368906233,-0.006722593823,-0.0125021479
2023-10-23,0.0006943713328,0.01110489263,-0.02812621581,0.003807648759,-0.003377063727,0.006636951266,-0.01052273471,-0.01364119855,0.008112088145,0.0006756772988,0.0004245310418,-0.009806616858,0.01417224282
2023-10-24,0.002543190741,0.01580278159,-0.003910830587,0.003354694194,-0.0001093308866,0.01692305733,-0.001056872145,0.001205689518,0.003674248786,0.01181211308,0.02093550737,0.01283312709,0.01391217023
2023-10-25,-0.01349162587,-0.05577161096,0.003140804825,-0.007560014362,0.004208823642,-0.09509381013,0.002248283755,-0.005454374346,0.03067808852,0.004670074608,-0.01893592288,-0.02148480265,-0.003001423865
2023-10-26,-0.02460544757,-0.01499299534,0.02230925054,0.006738750439,0.001578452451,-0.02651081548,-0.01695614601,0.002564135929,-0.03751436407,-0.005312173376,-0.03135299746,0.01914159414,-0.00608271164
2023-10-27,0.007969117001,0.06832816082,-0.03637042271,0,0.01162979976,-0.0008994658501,-0.02281866902,-0.03601888126,0.005855541552,-0.0176236417,0.007484489629,-0.01602000538,-0.003708989252
2023-10-30,0.01230521846,0.03890722509,0.02065948452,-0.002473426219,-0.005640547018,0.01874447127,0.009821450146,0.01274981708,0.02274029259,0.0142702032,-0.04794984223,0.006315807721,0.01147865463
2023-10-31,0.002818913436,0.002863308001,0.02530165662,-0.0002920567328,-0.005456562573,-0.003053184774,0.00890965622,0.01193413752,0.002371865325,0.005158848608,0.01763273063,0.01701541125,0.002392389447
2023-11-01,0.0187386644,0.0293786443,0.002277779596,0.009702819774,-0.003150642852,0.01910043955,0.002359470789,-0.0008629480995,0.02354256026,-0.002799573308,0.02399924025,0.006171163758,0.008934554004
2023-11-02,0.02069325607,0.00781027244,0.04621215783,0.005798457875,0.003324072958,0.008224566303,0.01042439387,0.01784943337,0.006501697647,0.01223192322,0.06248172039,0.03284708687,0.003942408071
2023-11-03,-0.005181168769,0.003838623533,0.02896450187,0.005908383084,0.003638921283,0.01262861808,0.007321559222,0.01117253988,0.01286170705,-0.00904651096,0.006635907938,0.02388486245,-0.005195701126
2023-11-06,0.01460521822,0.008225103459,-0.003166825019,-0.004298122325,-0.007792560393,0.008907631483,0.002378857047,0.007552208681,0.01057243507,0.005797370598,-0.003136944992,-0.01443463702,0.001336124415
2023-11-07,0.01445070449,0.02125376488,-0.006000688551,0.005036201761,-0.004145130844,0.005527934911,-0.005273562534,-0.000485847576,0.01121922219,-0.002318948115,0.0132712562,-0.008238722246,0.004670017551
2023-11-08,0.005884922598,-0.004414580991,-0.0095881207,0.003149453535,-0.009967643912,0.006642749214,-0.003644604635,0.004930500486,0.007405960471,-0.003851603914,-0.0003150241594,0.003296411021,-0.008149774024
2023-11-09,-0.002624622733,-0.01041663646,-0.01290780244,-0.007421185653,0.003982968433,-0.01213579884,-0.01948781674,-0.002971403741,-0.006910957224,0.002266618718,-0.05461260119,-0.01577080784,-0.002312823772
2023-11-10,0.0232201546,0.02105256989,0.00544867232,0.001869122973,-0.0109097522,0.01804347392,-0.00115336189,0.01483121323,0.02489676297,0.007050163142,0.02224020509,0.009346946262,0.0138483294
2023-11-13,-0.008583568163,-0.006756765375,0.0007226015473,-0.0002868279262,0.005570720465,-0.003771093904,0.002580587391,-0.004438820008,-0.008088292155,0.006934930191,0.04220830689,-0.008334196338,0.008965661443
2023-11-14,0.01428553313,0.02251214529,0.0548735954,0.01220204908,0.008919177106,0.01158299584,0.0002031270654,0.01824657796,0.009790320962,-0.002230194262,0.06123998273,0.05549612197,-0.0001789586357
2023-11-15,0.003041019214,-0.01783268895,0.013689315,-0.00553125971,-0.002635601474,0.007483934911,0.007720489789,0.008757536813,0.0004061872526,-0.004601495603,0.02287179391,0.002907236151,0.01270511739
2023-11-16,0.009042096681,-0.00258376484,-0.00270088967,0.005990219773,0.01128607718,0.01715950472,0.00873671908,0.01141994464,0.01758349616,0.009311833302,-0.03809092464,-0.002142606828,-0.08092838112
2023-11-17,-0.0001054042729,0.01645306178,0.01489495159,0.001417362436,-0.0001089023474,-0.01183097079,-0.002065644086,0.009045901652,-0.01680118175,-0.0115160878,0.003039542468,-0.0007578255235,-0.004421812349
2023-11-20,0.009278341885,0.006543685459,0.001000680089,0.001415474202,-0.001633380817,0.006947140899,0.008815955164,0.003075448801,0.02052180584,-0.005295540422,0.005548455121,0.00733063994,-0.0003218870179
2023-11-21,-0.004230840003,-0.01526045926,-0.01166284005,0.00141370881,0.01079790063,0.005284502125,0.008071325687,-0.002087364669,-0.01157790179,-0.004392211065,0.02376906069,-0.007026088013,0.003605902472
2023-11-22,0.00351442384,0.01952753952,-0.001011476417,0.0008468633273,-0.004262252597,0.01109718928,-0.001985000468,0.002353328189,0.01281264518,0.009424598351,-0.02898005938,0.00492772186,-0.007635030469
2023-11-24,-0.007004393017,0.0002044767086,0.003375093076,-0.004795340381,0.005201596915,-0.01299723763,0.01113906343,0.001369299186,-0.001111675626,0.002383980201,0.005294352072,0.00289214354,0.008986905541
2023-11-27,-0.0009475024404,0.006746559884,-0.005718180832,0.006094431122,0.00673781787,-0.002048581351,-0.008000020535,-0.002279253367,0.003126371247,-0.0009250111942,0.002675748104,0.003635908576,0.004549534428
2023-11-28,0.003214084458,-0.00473835354,-0.00101489812,0.00422548539,0.01333185296,0.005791359912,0.002313563982,0.00228446023,0.01080287657,0.006942510803,0.04506946504,0.006620885078,0.01192815336
2023-11-29,-0.005409660221,-0.004828888397,0.02641388401,0.005190507978,0.001479439857,-0.01610772483,0.00316561933,0.00508038551,-0.01006031011,-0.007616793164,-0.01045720581,0.006949459615,-0.01613711353
2023-11-30,0.0030627819,-0.001571972217,0.01396735443,-0.003209761243,-0.004167950375,-0.01822368272,0.01676418953,0.01140481334,0.0001584735799,0.01581388563,-0.01662979261,0.007271566332,-0.00249876558
2023-12-01,0.00679132485,0.006434406633,0.01541491989,0.008156755515,0.01727149408,-0.005055437541,0.02405274539,0.004869361292,-0.01161229019,-0.005601697284,-0.005206597761,0.02459292011,-0.008670991233
2023-12-04,-0.009464583251,-0.01489493613,-0.004521946146,-0.00403821386,-0.02161342646,-0.01964217792,0.003157060273,0.007332306156,-0.01433854744,-0.003930262748,-0.01360800559,0.007284582157,-0.0002591339391
2023-12-05,0.02106309977,0.01408456639,-0.00778716726,0.006431630213,-0.003779445925,0.01330561583,-0.002077243908,-0.00012669337,0.009156144057,-0.03485471506,0.01332880281,-0.006638954967,0.009267580422
2023-12-06,-0.005687074444,-0.01606754175,-0.001635072701,0.002917114442,0.003686895345,-0.007405166269,-0.01217287701,-0.01050825899,-0.009985901688,-0.0007494695388,0.002722829646,-0.002983846116,-0.0108520436
2023-12-07,0.01013949166,0.01632992347,0.004258085491,-0.0002767659525,0.00165032775,0.05314571687,-0.007789367683,0.003070860789,0.005829622042,-0.001023081111,0.01366087788,0.002873097023,-0.006581244448
2023-12-08,0.007412320685,0.003676424756,0.009784772935,-0.004849748208,-0.01334039111,-0.01416775015,-0.006306317464,0.01103390797,0.008842336095,-0.009214842619,0.004945585853,-0.001671005803,-0.01049445564
2023-12-11,-0.01292734354,-0.01037850223,-0.00355300876,0.0001393848068,-0.01104289517,-0.0125937594,0.004144459865,0.00365879056,-0.007829546072,0.004615969924,-0.01681426717,0.00274982591,0.002518773383
2023-12-12,0.007920063693,0.01089859719,-0.003565612409,0.002923437328,-0.0005446421195,-0.005776639899,6.468877494e-05,0.008925219519,0.008295237101,0.0008229240043,-0.01138738185,-0.0005961402827,0.0007935705402
2023-12-13,0.01669156245,0.009221593774,0.04229016038,0.01277076005,0.02256253347,0.0003771924529,0.004642881108,0.003364110445,-2.686581421e-05,0.0180896634,0.009619842336,0.03829621023,0.01777208141
2023-12-14,0.0007577033171,-0.009540434049,0.05930093064,0.007538529713,0.005862552982,-0.004752295173,0.006932293615,0.01819191496,-0.02254442349,-0.02638329541,0.04914543063,0.02884058375,-0.01220374936
2023-12-15,-0.00272579121,0.01729753821,-0.0100178421,-0.001496741271,-0.009166511772,0.005002484276,-0.01090056564,0.007561437227,0.01311736309,-0.004838791147,0.009758999874,-0.01407170384,0.003745750014
2023-12-18,-0.008503435202,0.02733884157,-0.005059517553,-0.002043617915,0.004545487185,0.02413259789,0.001804757205,0.006052054379,0.005178876301,0.01535156475,-0.005601570686,-0.002265630044,0.01459999235
2023-12-19,0.005360286375,-0.001817446776,0.002393145681,0.001911365753,0.006813940579,0.006259208425,0.006561976672,0.01335516518,0.001636842817,0,0.0203903497,0.007606707038,0.003613715081
2023-12-20,-0.01071390715,-0.01085895209,-0.01581622039,0.003270166071,-0.005445982936,0.01236736784,-0.02038872925,-0.0112791719,-0.007072689493,-0.01546153059,-0.03918825046,-0.01216919938,-0.01170204097
2023-12-21,-0.000769955193,0.01130687139,0.006670901986,-0.0001358456703,0.007070635455,0.01503547847,0.01024335579,0.005703777125,0.007878671376,0.002432116474,0.02978069365,0.008868463015,0.007091185446
2023-12-22,-0.005547473904,-0.002730097367,0.006927479566,-0.0006670308502,0.004434417089,0.007619919953,0.004004288797,-0.0005971183705,0.002784039096,0.007070551092,-0.007701401626,0.003891343198,0.01195096319
2023-12-26,-0.002840893028,-6.514474616e-05,0.01286271406,0.0009539402018,0.007620733251,0.0002120330841,0.004373983511,0.005913960326,0.0002136515377,0.004542961009,0.01611622782,0.00741086347,-0.001532029653
2023-12-27,0.0005179031988,-0.0004563413242,-0.0005905548315,0.006400581445,0.004537842226,-0.008126103154,0.001344889529,0.005998059653,-0.001574784229,0.000822136587,0.01882240507,0.004866382764,0.009398472213
2023-12-28,0.002226110361,0.0002609139551,0.001182045469,-0.002436025491,-0.005815437658,-0.0009970539942,0.001471184684,0.00531293831,0.003234619499,-0.002259184411,-0.0315942843,0.007095473914,-0.001963695189
2023-12-29,-0.005423932538,-0.009388462613,-0.006198590111,-0.002305672745,-0.001566841019,-0.003851216628,0.001021743693,-0.001174413372,0.002025076504,0.005558028675,-0.01856385609,-0.01185417867,0.0005078432999
2024-01-02,-0.0357866757,-0.01322897021,0.006831139688,-0.004214853787,-0.002353909884,-0.01088111155,0.02060745901,0.01164017455,-0.01374840291,0.0150132198,-0.000241458305,0.008601141905,0.01040283334
2024-01-03,-0.00748765781,-0.009737821159,-0.01091439151,0.000819212864,-0.008336809604,0.005428197364,0.006251055887,-0.004358401632,-0.0007279732837,-0.006051036512,-0.04013364984,-0.02390046563,6.261144176e-05
2024-01-04,-0.01270026181,-0.02626789159,0.008052634909,-0.004502039129,0.001004612893,-0.01821203788,-0.002111979495,0.006636140259,-0.007177649506,0.005478922997,-0.002180768627,-0.001839169912,-0.00966724726
2024-01-05,-0.00401285626,0.004634420246,0.01863894865,-0.003014932765,0.0001584554096,-0.004838929457,0.003112634626,0.00501728382,-0.0005162631759,-0.008274305207,-0.001849229589,-0.00253374369,-0.00665559957
2024-01-08,0.02417499587,0.02657670383,-0.007841904952,0.004398638973,-0.007816271131,0.02291310892,0.002482380956,-0.001451118614,0.01887153044,0.008614744482,0.01246364641,0.01431703124,0.009827019918
2024-01-09,-0.002263492156,0.01522460711,-0.01551532444,-0.0001372873448,0.0003193567901,0.01519729995,0.0006191594718,-0.007906131231,0.002935727339,0.004102390037,-0.02283214932,-0.006715799753,0.006698309641
2024-01-10,0.005671443028,0.01559094065,-0.0008921896869,-0.001779089513,-0.002288047106,0.009435818869,0.001484780695,0.002109342743,0.01857417494,0.00428702506,-0.004341182513,0.001145794293,0.01242853614
2024-01-11,-0.003222488944,0.009432101662,-0.01339275954,0.005210478429,0.001973307292,-0.001405489128,-0.004448040449,-0.004209991829,0.004859287394,0.003801130657,-0.0287253191,-0.009272029386,-0.001116003306
2024-01-12,0.001778069748,-0.003608696901,-0.01055799814,0.002045794639,0.009794068476,0.004011682477,0.007694791229,-0.007339898985,0.009983681351,0.0005982562924,-0.0366605131,0.006008284859,0.001303543189
2024-01-16,-0.01231709262,-0.009442449238,-0.02073186221,-0.007078397452,-0.009488181899,-0.001121431705,-0.01151551784,-0.006270333524,0.004633517924,-0.005378618481,0.004659894355,-0.007350487121,0.003161408994
2024-01-17,-0.005173608175,-0.009467203667,-0.009962620281,-0.002330669047,-0.01101595064,-0.00715853002,-0.0005607700361,-0.0053575023,-0.002049984724,0.001001634604,-0.01982629502,-0.01828079909,-0.004696426863
2024-01-18,0.0325706206,0.01179878193,-0.00220121784,-0.001373983843,0.0082328821,0.01420800754,0.004861988318,0.001974820632,0.01129759863,-0.00576552255,-0.01702620328,-0.005421251699,0.01347246958
2024-01-19,0.01553320356,0.01198694683,0.01544289778,0,0.002988725907,0.02021203887,0.002915481981,0.01726201066,0.0121867761,-0.003847572329,0.00146308076,0.01196835804,-0.005268257995
2024-01-22,0.01216313883,-0.003604979862,0.01024188019,0.001651390818,-0.003777957126,-0.002664557891,0.004886236644,-0.001174348642,-0.005418149516,0.001965235161,-0.01597624464,0.005972000666,6.163599796e-05
2024-01-23,0.006653320215,0.008011406531,0.006758904441,-0.002335584887,0.003899133227,0.007192197591,-0.01637232501,-0.006583972048,0.006027647792,0.04139031278,0.001628334928,-0.006867740648,0.00252461616
2024-01-24,-0.003484020285,0.005447960655,0.006408306553,-0.002066030221,-0.00824689054,0.01128955304,-0.005318682072,0.008935461077,0.009175317904,-0.01207956394,-0.006263735117,-0.01429928158,-0.01412771472
2024-01-25,-0.001696537796,0.005609771851,0.01243172501,0.00469214126,0.003969986681,0.02131817894,0.003774607851,0.01431105037,0.00573825692,0.02300818678,-0.1212529314,0.01284195893,0.01457945341
2024-01-26,-0.009012814537,0.008684596622,0.00119797617,-0.001511006234,-0.0006946931882,0.002107104528,-0.0003761640386,-0.003816590009,-0.00232170968,0.003341699626,0.003394815203,-0.002817520814,0.008781654488
2024-01-29,-0.003585913701,0.01344896591,0.005384382131,0.003989072687,0.007058485445,0.008673429055,-0.0008777736943,0.002612139691,0.01433402965,0.0001279880424,0.0419099191,0.006592887613,0.004687310382
2024-01-30,-0.01924569949,-0.01401460116,0.03510897073,0.001781135252,0.001380526227,-0.01335442648,-0.003702292834,0.02049439199,-0.00275799731,0.00851700799,0.003456783572,-0.009356778149,0.003332580024
2024-01-31,-0.01935763693,-0.02389939026,-0.02242058095,0.004239640309,-0.0007423479101,-0.07500308541,0.0008188378522,-0.01083561664,-0.02694632343,-0.002222325358,-0.02244377647,-0.009563119029,-0.002053164085
2024-02-01,0.01334048348,0.02628867211,-0.01352545861,0.006036953033,0.01040067257,0.007565835241,-0.003398409381,-0.003613314757,0.01559449244,0.01298182318,0.008382761389,0.01811889121,0.01851734321
2024-02-02,-0.005405050401,0.07866649219,-0.002384466077,-0.00896053131,-0.009453300862,0.008642836995,-0.01105095171,0.005756062114,0.01842592309,-0.006847484003,-0.005030164911,-0.01241082983,0.007486193109
2024-02-05,0.00984666812,-0.008730574596,-0.0143410522,-0.007945031004,-0.005513988032,0.009130341385,-0.005171893791,-0.001316197156,-0.0135450676,0.0007589641912,-0.03645365319,-0.02098378331,-0.005366501063
2024-02-06,0.008631653416,-0.006811130754,0.001515443591,0.0046950422,0.005224693124,0.002923217359,0.01450583626,0.003438452064,-0.000394651051,0.004740614141,0.02231309289,0.01344150964,0.006818391995
2024-02-07,0.0005811012989,0.008158468416,0.004237393956,-0.001924071595,-0.0002651978305,0.009993033554,-0.0005061398739,0.001884481819,0.02111033899,0.001006447469,0.01339813963,-0.001433940102,-0.002532248174
2024-02-08,-0.005754811854,-0.004046223224,-0.001808337239,-0.002616817799,-0.0009018470501,0.0025424097,-0.01000135039,-0.00359109476,0.0001448511707,-0.00301640761,0.01055547344,0.008136868671,-5.901972992e-05
2024-02-09,0.004094116961,0.02714319777,-0.001509738469,-0.0008281478191,-0.003876152076,0.02117740939,0.002301856105,0.001201406479,0.01555147919,-0.007690514559,0.02115430374,0.001543003756,-0.00053141602
2024-02-12,-0.009001901613,-0.01209515992,0.01663150322,0.0002765441627,-0.002611969495,-0.009865955175,0.006953072173,0.004456843222,-0.01257867578,-0.001969215057,-0.02810353999,0.0002371171711,0.006025571814
2024-02-13,-0.0112744752,-0.02146917156,-0.0258775454,-0.008702861401,-0.0137886902,-0.01620008614,-0.008742297961,-0.008703615262,-0.0215286802,-0.005346502197,-0.02184659812,-0.02061619635,-0.006811431528
2024-02-14,-0.00480968821,0.01387568991,0.01160299172,0.003762493341,-0.0005961123453,0.005512128941,-0.004665341465,0.01015727191,0.009665346507,-0.00409529439,0.02548637285,0.007863520261,-0.003192693346
2024-02-15,-0.00157471677,-0.006901349311,0.02837337738,0.002776661606,0.006723812523,-0.02172123664,0.013997744,0.02181442564,-0.007155175088,0.008866822903,0.0622118055,0.02328647144,0.004092518916
2024-02-16,-0.008430355208,-0.00170794193,0.0005869146389,-0.003184193384,0.003662569548,-0.01575968994,-0.001148473924,-0.004669992812,-0.006149180856,0.003184734555,-0.002494387666,-0.01032262132,0.00632054017
2024-02-20,-0.004113812089,-0.01433539469,-0.003813533907,0.001249639935,0.006064210073,0.004269934298,0.008367649665,0.00390989032,-0.00314322984,0.006348738493,-0.03095775212,-0.001777563768,0.03228448113
2024-02-21,0.004185845537,0.009037553808,-0.007655968937,-0.002773893348,5.331256612e-05,0.01013297168,0.005194612099,0.006509832676,-0.001514335375,0.01192345662,0.005212684735,0.005580538056,-0.0122824432
2024-02-22,0.01124395541,0.03553001734,-0.002670770491,0.0004168395845,0.000426721959,0.01080353774,0.01115447819,0.01199564803,0.02354666623,0.0009975122285,0.01355444541,0.001889020117,0.009844602519
2024-02-23,-0.01003407495,0.002348514479,0.009223603035,0.00361538857,0.005651511902,-0.0009024441052,0.008663039832,0.005025291327,-0.00318215099,0.002927322208,-0.02755687321,-0.0004713160327,0.0008551290479
2024-02-26,-0.007451311618,-0.001485854949,-0.009139305707,-0.001801182311,-0.002226689534,-0.04438719813,-0.006487835933,-0.003423935048,-0.006823651014,-0.005030198349,0.03870392576,-0.01096581654,0.01845524578
2024-02-27,0.008114453314,-0.006810521779,0.01993469469,-0.001526774568,-0.001062683058,0.009522378058,0.001181690264,0.0004907024098,-0.0001473495332,-0.005741738092,0.001654974128,0.001192358292,-0.0001677962835
2024-02-28,-0.006625469105,-0.002189637194,0.0008750962952,0.002224085793,0.001808491159,-0.01800115475,0.003540786008,0.005069580624,0.0005889526923,0.004707670721,0.0115656016,0.0101215028,0.0005034079284
2024-02-29,-0.003693078235,0.02078996748,0.0132079965,0.001664791906,0.005150266749,0.01525156142,-0.001052185432,0.009111611606,0.01451991141,-0.006935224267,-0.00079186502,0.008487436338,-0.01694056356
2024-03-01,-0.006030429518,0.008259825522,-0.004924498814,0.00419288769,0.01891079117,-0.00953350505,0.004585403402,-0.004138565101,0.004496502916,-0.0005662042564,0.00376458534,0.01192286793,0.002559259216
2024-03-04,-0.02538136541,-0.003591063771,0.02328942742,-0.002350508031,0.01617499677,-0.02763594615,-0.01406355057,0.007501779384,-0.001395823552,0.004469601311,-0.07155546804,0.00935673673,0.009189867123
2024-03-05,-0.02844090839,-0.01948421375,0.006827948834,0.005405046558,0.006020141664,-0.0050994573,0.0008133035436,0.01001722621,-0.02957200257,-0.00150414531,-0.03933237972,-0.01213111781,0.0124790204
2024-03-06,-0.005878118644,-0.00350333464,0.0008477055144,0.001792563629,0.008215401882,-0.009572686562,-0.003938346825,0.005197536019,-0.001390810095,0.001569127888,-0.02323786699,0.004981581586,0.008827315363
2024-03-07,-0.00070961058,0.01907678475,0.005928912629,0.001650964123,0.005683843351,0.02267891683,-0.002949718255,-0.008758643785,0.01753352519,0.006580273997,0.01195196947,-0.0002305441107,-0.003466905498
2024-03-08,0.01023670938,-0.008313545752,-0.0008421075775,0.0009620592069,0.008452547868,0.007664859626,0.004091550805,0.00186304251,-0.007137060214,-0.001680846076,-0.01852783471,0.01153014884,-0.003976340185
2024-03-11,0.01183156642,-0.01933275889,0.008146148812,-0.0004119470751,0.001835020127,0.01668990895,0.0107195772,0.0003717463625,-0.004184961507,0.007483372121,0.01385883418,-0.004787719832,0.008982110071
2024-03-12,0.002778619833,0.01994645581,0.001950423343,-0.003020419842,-0.0109406273,0.0060290229,0.009365476047,0.008232141362,0.02659952168,0.002352127649,-0.001293868374,-0.002175933038,0.01236397583
2024-03-13,-0.01212257719,0.006670837408,0.003337074167,-0.00165289481,0.007007403786,0.009314031076,-0.01007748792,0.008112237137,-0.0004334366573,0.00228500148,-0.04539820808,-0.005050524167,-0.002116931728
2024-03-14,0.01092736037,0.01240372945,-0.01080941921,-0.005932139889,-0.004175139558,0.02367837749,-0.01173166619,-0.01781800919,0.0243795712,-0.004929173322,-0.0411847764,-0.01499775404,-0.0008514055888
2024-03-15,-0.002196613655,-0.02422378647,-0.007845189046,-0.0005549420623,-0.003194406639,-0.01341711924,-0.006469545088,0.01239562557,-0.02069507071,-0.0007429390945,0.006584660457,-0.002225215869,-0.005571856542
2024-03-18,0.006372428862,0.0003439832543,0.01694430665,-0.00124957005,0.001602283585,0.04604028386,-0.00897708655,0.01240145771,0.002161250333,-0.001053370821,0.06254200201,0.0004694348647,0.002966300507
2024-03-19,0.01358507303,0.008138458297,0.0005554067639,0.002641167267,-0.001149806174,-0.004401283089,-0.003508577728,0.005865181917,0.009800546108,0.003845938069,-0.0142692502,-0.0003518867679,0.0001642751779
2024-03-20,0.01470927478,0.01279135917,0.01998310078,0.001802774547,0.0119118598,0.01163039273,-0.002880743041,0.01310703199,0.009064987336,0.0009885984099,0.02533268826,0.006572671377,0.006242835279
2024-03-21,-0.040857522,0,0.02068059004,0.0008305086812,-0.001038636179,-0.007664420061,-6.412063076e-05,0.0139051413,0.009735848578,-0.0008022755669,-0.01616757531,0.007229466022,0.003265281223
2024-03-22,0.00531006688,0.00404154502,-0.01226341009,0.003319050407,-0.008020968992,0.02147694855,-0.003338955594,-0.01225770089,-0.001467354449,-0.001235841344,-0.01151490226,-0.01258640682,-0.00943856573
2024-03-25,-0.008300328349,0.004696213002,-0.005128363348,-0.001929689033,0.003194406639,-0.004643022196,-6.433956944e-05,-0.009154623462,-0.01371459041,-0.00909306364,0.01053680871,-0.006148749358,-0.004928530658
2024-03-26,-0.006672408156,-0.007845994154,0.006239997051,0.0008284461753,0.003233961285,0.003998107104,0.003543388256,0.004670944994,-0.002861473538,0.002247143912,0.02919534926,-0.004045201615,-0.0009906267523
2024-03-27,0.02121258146,0.008581036192,0.0194123231,0.003450042745,0.007240660178,0.001327633556,0.01405939143,0.01936347239,-0.0005218344085,0.01283097147,0.01215739114,0.02580344534,0.003470503353
2024-03-28,-0.01055917987,0.003058461025,0.002908994426,-0.001237880922,0.01290002481,0.0003977007999,0.00145597639,0.003909422921,-0.001684770685,-0.002213800426,-0.0224657093,0.0071037133,-0.009057950387
2024-04-01,-0.008455691642,0.003270852212,-0.01054831263,-0.006821882511,0.01020807938,0.03021263336,-0.002591836284,-0.006789879059,0.009151074368,-0.01029286823,-0.003242460249,-0.01676698958,-0.002825219633
2024-04-02,-0.006998720409,-0.001547211015,-0.00586359691,-0.00111227408,0.01477236049,-0.005981005992,-0.0003170115475,-0.0004021539374,-0.007371988953,-6.212457027e-05,-0.04902406277,-0.01258377358,-0.01400013815
2024-04-03,0.004797312542,0.00951907243,0.0037531739,0.0006959311045,0.00877237474,0.002329235902,-0.02199957328,-0.002816130017,-0.00234916723,-0.0275270964,0.0105023102,0.001071990944,0.004564066818
2024-04-04,-0.004892488684,-0.01321201477,-0.01388892151,0.00208668378,-0.005734705223,-0.02833743462,-0.01140923843,-0.007608237037,-0.006112518359,-0.004482793138,0.01621330115,-0.006424669049,0.001177726281
2024-04-05,0.004502004514,0.02816670736,0.005146638771,-0.004997293712,0.01711419745,0.01308733839,-0.0007212538927,0.009199911682,0.0182827531,0.00418148533,-0.03629248257,0.005149028174,0.005882357165
2024-04-08,-0.006663540162,0.0006483768976,0.01050907545,-0.0008369127159,0.006228485366,0.01540981946,-0.005249674484,0.005216615537,-0.002185592435,-0.0003845770702,0.04899940649,0.01072168378,-0.001169656376
2024-04-09,0.007242336981,0.002591909505,0.006133287546,0.003630117753,0.005497054993,0.01130127054,0.004617679935,-0.006700946621,0.003980325845,0.003973673154,0.02254601255,0.01331942988,0.0001674379511
2024-04-10,-0.01113918532,0.00150804536,-0.02862419216,-0.011686232,-0.009463856186,-0.002937671207,-0.01372388958,-0.008521404716,-0.007084514655,0.003702101378,-0.02894623606,-0.04140977992,0.01388183588
2024-04-11,0.04327083018,0.01667118126,-0.008185727383,0,0.0194332472,0.02094284223,-0.009387429944,-0.0002046343607,0.01103331143,-0.008903537468,0.01653476763,0.003397766179,-0.008743041042
2024-04-12,0.008626788161,-0.01544563936,-0.01540570971,0.002252335499,-0.01323932494,-0.01053886635,-0.008535451547,-0.06467785531,-0.01409100957,-0.003272554957,-0.02033220463,-0.01185161505,0.0008321597085
2024-04-15,-0.02186353761,-0.01348525063,0.004470566426,-0.006601453468,0.01871915519,-0.0181956014,0.0004744640361,0.000546987566,-0.01957801483,0.0007724498606,-0.05594859488,-0.01701132651,-0.003491790144
2024-04-16,-0.01916722476,-0.001633742517,-0.03532696611,-0.002544461663,0.00122201528,-0.002970381032,-0.02127516996,-0.01142764325,0.002272410095,0.003216590771,-0.02706214536,-0.01406887341,-0.00150187334
2024-04-17,-0.008147448778,-0.01112812821,0.01585932683,0.004818814685,-0.007368252752,0.006929981657,0.002215428143,-0.003982289026,-0.006609092441,0.006476420943,-0.01056586885,-0.007324018911,-0.003175145318
2024-04-18,-0.005714455403,-0.01136362297,0.01532788342,-0.002679816659,0.003415456134,0.003473304912,0.006700133605,0.006497136937,-0.0183809237,0.008572975762,-0.03550983841,0.0001271702122,-0.006538060351
2024-04-19,-0.01221248991,-0.02561096031,0.0335476603,0.001272712185,0.003131535141,-0.01230693677,0.01488969371,0.02510359103,-0.01273899703,0.005404046713,-0.01920889592,0.004833309161,0.004556102485
2024-04-22,0.00509093203,0.01488856881,0.02055708646,0.0004238913364,-0.02470249055,0.01421264016,0.008180543221,0.01942930497,0.004610166418,0.01517624487,-0.03400203942,0.008860659823,0.01024701672
2024-04-23,0.006391643076,0.01303389728,0.01696279812,0.001835852431,-0.002458663172,0.01266950784,0.002950733721,0.01441317679,0.01648541408,0.00597996656,0.01851453409,0.009159438828,-0.01745927364
2024-04-24,0.01270237564,-0.01643086253,-0.001303218307,-0.002537264739,-0.001860090723,0.005497191132,-0.006886976609,0.004892333956,0.003655641936,0.006811270351,0.1206110941,0.001865099977,0.01320017469
2024-04-25,0.005147127684,-0.01653546763,-0.01069927111,-0.00282569723,0.005963468053,-0.01966933817,-0.01151284744,0.001501922531,-0.02449495893,-0.0003075443686,0.04965143743,-0.00570874187,0.005678947405
2024-04-26,-0.003472607413,0.03426036167,-0.002110176406,0.002266754244,0.003241927354,0.1022435231,-0.004631542692,0.0006205701056,0.01824371052,-0.007751559675,-0.01110588477,0.0004991959609,-0.000830372165
2024-04-29,0.0248078681,0.007460258507,-0.007401710771,0.002969524697,-0.002031218038,-0.0337308296,0.004653093694,-0.001085283245,-0.01001675738,0.002294095253,0.153069171,0.01022968586,0.00132975126
2024-04-30,-0.01827076234,-0.03293549123,-0.01438075504,-0.003806375459,-0.01993707884,-0.0202827952,-0.01518875667,-0.007967773008,-0.03211942741,0.009526122713,-0.05550118064,-0.01691777933,-0.01477425635
2024-05-01,-0.006047057722,0.02285714286,-0.001621199396,0.003605304655,0.009062152325,0.006634656843,0.04557706631,0.0006260108155,0.0144094031,0.001225459273,-0.01795064005,0.000376821088,-0.00842463418
2024-05-02,0.02203174282,0.03195531408,-0.00189447061,0.003959675313,-0.003087087441,0.01684368164,-0.008334238981,-0.001042506036,0.007342989772,0.002692710594,0.0001110562424,0.01406337242,0.01461342597
2024-05-03,0.05981628886,0.008066292136,0.01003252853,0.005071294042,-0.0007976266366,0.003721111639,-0.004335701831,-0.006000314293,0.02216965121,0.003784279415,0.006555235657,0.006686497855,0.001842350434
2024-05-06,-0.009106851151,0.01337194643,0.01181219714,0.0009808674101,0.01051836102,0.005142406482,-0.004622432821,0.007821213355,0.01691847256,-0.0001216070493,0.01970303006,0.0008609384782,0.0008357857594
2024-05-07,0.003797258334,0.000317952091,0.003979768283,0.001960270672,-0.004600326433,0.01873873646,0.0009421582593,-0.001302120598,-0.01015634905,0.008027138462,-0.03761635178,0.009462880095,0.01252716047
2024-05-08,0.001864095753,-0.004026247769,-0.003435446093,-0.002375410415,-0.00294106187,-0.0109197324,0.001546545535,0.02033908691,0.002931609875,-0.004162492026,-0.01737807986,-0.008400334127,-0.005278771293
2024-05-09,0.01001420622,0.007978723404,0.01511507745,0.002661124481,0.01577860796,0.00342431723,0.006042307892,0.009455509749,0.004335652439,0.005876291361,-0.01573946875,0.02050334428,0.005791046564
2024-05-10,-0.006890361628,-0.01065965315,0.004441110262,-0.002793947647,0.008112513438,-0.007707749135,0.0004005452081,0.00643040076,0.005869240976,0.004878267299,-0.0203523869,-0.002766999414,0.0006619463284
2024-05-13,0.01764556406,-0.004853789333,-0.006241830252,0.0008406358439,-0.01120210384,0.002905388547,0.008738496225,-0.0002011573438,-0.002459364048,-0.00587367804,0.02030033919,0.003257388094,-0.001157511778
2024-05-14,0.006173503447,0.002679959159,0.00732799668,0.002939582426,0.008462045119,0.007094665457,0.001058015517,0.01398878615,0.006864595397,-0.0006631052146,0.03292805679,0.007695844725,-0.009104359514
2024-05-15,0.01221792413,-0.005773249526,0.01091182401,0.006420245191,0.01283875051,0.01273928611,0.008521688957,0.002977432135,0.01748391676,0.004524644624,-0.02005067585,0.01384261186,-0.0005012053565
2024-05-16,0.000632513991,-0.01268885715,0.007967182137,-0.001664364472,-0.003893343351,0.00968051198,0.01054551107,0.001781281369,-0.004939926716,0.008107656799,0.004885285464,-0.0007062809359,0.06986467204
2024-05-17,0.0001580285425,0.005826891232,0.001784719224,-0.002500083806,0.01649777259,0.01079354682,0.002333529219,0.01145853138,-0.001852843427,-0.001310582965,0.01498518892,-0.0001177485476,0.009998509996
2024-05-20,0.006162139364,-0.006280474723,-0.01196234769,-0.0009750397124,0.004023937592,0.004884789743,-0.01388525722,-0.04497295502,0.0122082302,-0.001968597087,-0.01414408695,-0.005889950206,-0.007270056749
2024-05-21,0.00685718048,-0.002124874163,0.02138063403,0.002090986476,-0.001469548605,0.005256363142,-0.000198287846,0.0201453107,0.008698980796,0.006216040758,0.06659050791,-0.0003555741355,0.01511364181
2024-05-22,-0.007538429611,-0.0001091401274,0.002774302591,-0.001251951267,-0.01837396957,-0.008265202034,0.01494291193,-0.006064734577,0.003449512358,-0.003207522466,-0.03478030697,-0.009008885926,0.001535109009
2024-05-23,-0.02105800292,-0.01135806135,-0.01483908136,-0.002925071324,-0.01994457034,-0.01604485365,-0.02475562591,-0.007009087771,-0.008176112151,-0.01382519074,-0.03536724832,-0.02153106609,-0.006283718498
2024-05-24,0.01658823303,-0.001657017656,0.01353089864,0.001117674396,0.0009271136061,0.008297209176,-0.01823654771,0.01924629546,0.007400428865,-0.0009668014054,0.03165649721,0.0007333652301,0.008328313819
2024-05-28,5.252943814e-05,0.007745471073,-0.009571782175,-0.004743757211,0.0105131729,0.008057578346,-0.01762269805,-0.006028462295,0.0003719590211,-0.01342783379,-0.01389201862,-0.006596448736,-0.00520034575
2024-05-29,0.001578956825,-0.0007136405621,-0.01525935713,-0.003645078553,-0.009303812075,-0.002834520271,0.000415723328,-0.006967595415,-0.002672394033,-0.008950887838,-0.003168303019,-0.009714863543,-0.001845210386
2024-05-30,0.00525513459,-0.01483351766,-0.002324506183,0.004361711373,0.001896760063,-0.02154621353,0.00581559582,0.006158336839,-0.03378617426,0.005752975919,0.01475674447,0.01465297986,-0.0004619615946
2024-05-31,0.005018662127,-0.01606070023,0.03520573443,0.003642411505,-0.005864174306,0.002265945624,0.009567722209,0.0165554896,0.00110930098,0.01205598881,-0.003971091682,0.0187246637,0.01340731316
2024-06-03,0.009258633464,0.01076849847,-0.002750515272,0.005586869042,0.0089177805,0.003884130717,0.007295351205,-0.003997460481,-0.003878400297,0.0006682709438,-0.01005171005,-0.00228242705,0.0009124742804
2024-06-04,0.001649342965,0.005607267133,-0.00501499417,0.00375915004,-0.008977059835,0.003580274773,0.0004059425203,-0.01318002111,0.006166666879,0.01433346175,-0.008622094682,0.007706234563,0.01185052828
2024-06-05,0.00782092495,0.01081745556,0.007056319104,0.002774412146,0.0118456032,0.00932168062,-0.01238149197,-0.009540197725,0.01908332084,-0.005748014037,0.001315990856,-0.001195193208,0.007357206963
2024-06-06,-0.007096550327,0.02052074827,-0.006506470913,0.0001383142405,0.007391356613,0.007525103412,0.003082751935,-0.001774182336,0.001202747674,0.01457393887,0.01680001395,0.001914382314,0.0008942699451
2024-06-07,0.01239205087,-0.003783767288,0.008109461522,-0.00802213173,-0.03568330143,-0.01284443123,0.004507708034,0.01543847741,-0.001578130693,-0.008369562118,-0.002585178754,-0.0094328905,-0.0189127623
2024-06-10,-0.01914778364,0.01497555323,-0.002765296715,-0.001533775992,0.009168181128,0.004303910302,0.0003398580326,-0.001700419922,0.009484407527,0.001736098339,-0.02079108931,0.003375043008,0.01639344455
2024-06-11,0.07264901631,0.000908789539,-0.02041839422,0.004049771681,0.002856610609,0.009199373438,-0.002514837135,-0.02630132618,0.01124177065,0.0007765568716,-0.01801018324,-0.003603883867,-0.003434882615
2024-06-12,0.02857851014,-0.001815928781,0.01415341333,0.004589695118,0.002661720012,0.006624491224,-0.00919847388,-0.0145606875,0.0193676138,-0.01373301873,0.03884911216,0.008922061608,-0.006293892481
2024-06-13,0.005491106072,-0.01637325469,-0.003806151777,0.004430296921,-0.008150148985,-0.01479273293,0.0002749647874,0.01112098191,0.001179044495,0.007446476577,0.02921771183,0.00406299012,0.005881128472
2024-06-14,-0.00816835128,-0.0009247574784,-0.0005093853801,0.001516228978,0.0129595459,0.009305811223,0.0006187766989,0.0006196408487,0.002241910138,0.002283459122,-0.02444241072,-0.0002379636229,0.004797753179
2024-06-17,0.01967150715,0.002177904217,0.006880612271,-0.00371580433,-0.005191652248,0.002545390759,0.002817140714,0.006192489599,0.01310519942,0.004256886542,0.0529745982,-0.00392850206,0.005968411429
2024-06-18,-0.01098447289,-0.006791263808,0.01214879964,0.003453304067,0.004007271832,-0.01213055031,-0.002055706172,0.01036025112,-0.004527465493,0.006328484881,-0.0137644142,0.003943996057,0.00266990779
2024-06-20,-0.02151288228,0.01799687429,0,-0.001927293888,0.01248434783,0.006910750136,0.01462420164,0.008477010894,-0.001433832189,-0.005280027529,-0.0177972156,-0.002857118947,0.006065046626
2024-06-21,-0.01044446125,0.01601287281,-0.0125030647,0.0002758272201,-0.01549323811,0.01888840183,0.006563949888,-0.01192925549,0.009154074139,0.003518680191,0.007930754665,0.002507252069,-0.00147032576
2024-06-24,0.003132571818,-0.01856354174,0.01342109915,0.0005515023209,0.003957566386,-0.002282461839,0.002487340385,0.01314318968,-0.004691036041,0.001129223846,-0.002349558432,0.00774066033,0.01457808071
2024-06-25,0.004468241113,0.004149318226,-0.01599187358,0.0005514231291,-0.004962237629,0.02683835039,-0.01294252285,-0.004072914834,0.007326738734,-0.009498318024,0.02612555715,-0.01229023351,-0.0214804497
2024-06-26,0.01999314969,0.039014728,-0.009649535621,-0.004683277755,-0.009228168112,-0.0008150839208,-0.00251392071,-0.003231091519,0.002683200265,0.003596049368,0.0481451226,-0.003110692923,0.01290424812
2024-06-27,0.003985998854,0.02189972357,0.00641017283,0.001799283199,0.01133692559,0.008320788441,-0.006947110269,0.008813303965,0.001526056479,-0.004956721504,0.005347064612,0.009721437116,-0.006003879021
2024-06-28,-0.01625409055,-0.02324996695,0.01324830483,-0.004697088384,9.297647873e-05,-0.01758271705,0.002468944635,0.01551437696,-0.01302851971,-0.01020288713,0.002330091775,0.007978847179,-0.002504466355
2024-07-01,0.02910465942,0.02043982897,0.006034737826,-0.005276166188,0.002604589701,0.004611529609,0.001915646305,0.01577176989,0.02188157837,-0.01333985257,0.06054171939,-0.00943171982,-0.003396721499
2024-07-02,0.01623981593,0.01419879866,0.02299437996,0.002938949796,-4.643394389e-05,0.01229582883,-0.002799827366,0.0164517184,0.005583186458,0.00725183292,0.1019727144,0.004700382256,0.008743365869
2024-07-03,0.005811170062,-0.01205001831,-0.0007329025796,0.005721573104,0.01127300038,0.003131026429,-0.002328048053,-0.0006704755319,0.00324407388,-0.0004270302244,0.06542422054,-0.0009596204908,0.002497248057
2024-07-05,0.02162024477,0.01219699229,-0.0119805904,0.004578587216,0.01348679806,0.02572383777,0.005422377386,-0.01325043462,0.01473623075,0.008423445002,0.02082067006,0.002761704379,0.02637779916
2024-07-08,0.006538911175,-0.003550033569,0.005196630939,0,-0.01240207453,-0.008237128685,-0.006826866791,0.00185563297,-0.002823117866,0.007929245926,0.005645666924,0.003233046783,-0.005140177464
2024-07-09,0.003774882345,0.0002509059835,0.01969479214,-0.000413827661,0.001695747344,-0.0002644538715,0.01079175719,0.01199003494,-0.01437022719,-0.005164605815,0.03712336538,-0.0002385097334,0.003157480273
2024-07-10,0.01880349823,0.002257434316,0.007725817174,0.0008290090943,0.003660336112,0.01164132521,0.01618504457,0.0008188385038,0.01460154881,0.006881487285,0.003545241646,0.007402023816,0.00729605102
2024-07-11,-0.02322070014,-0.02372486307,0.001676920063,0.004970158953,0.01773340344,-0.02934393957,0.001806887708,-0.001684460216,-0.02477214814,-0.007553958108,-0.0844412754,0.02867972182,-0.008663632228
2024-07-12,0.01305078547,-0.002871046141,-0.005261782142,0.002610178916,-0.0006270969301,-0.002694509099,0.001202526432,-0.01209927991,-0.002529242195,0.006463772962,0.02987178768,0.007603671141,-0.008023092274
2024-07-15,0.01674333168,-0.009100746683,0.007213198123,-0.003151734105,0.003227113167,0.007889061408,-0.004270157015,0.02493408299,0.0009040714517,-0.01218426614,0.01776579679,0.006746032259,0.005343911735
2024-07-16,0.001791882742,0.001556678341,0.0534735629,0.003848913036,0.01992579823,-0.01399267104,0.01185994529,0.01699599901,-0.009780661761,0.0144001724,0.01551614225,0.01226565715,0.005458970089
2024-07-17,-0.02529602075,-0.02637038382,-0.00339923798,0.000958566759,-0.004643206403,-0.01576740881,0.03688528861,0.01521397808,-0.01334748834,0.01491479805,-0.03141564404,0.006843917927,0.0148593745
2024-07-18,-0.02053476035,-0.02224228616,-0.02205542024,-0.002598998751,-0.006381186355,-0.01839589269,-0.007408520265,-0.03177027246,-0.00710239566,-0.005901739907,0.002937608562,-0.008803220329,-0.002956545849
2024-07-19,0.0005798709468,-0.003374123087,-0.00255753389,-0.002606105692,-0.01793782919,-0.0001689024111,-0.004696925757,-0.000952470021,-0.007402892479,0.003147531439,-0.04024394716,-0.001798718523,-0.0009884012069
2024-07-22,-0.001560302066,-0.003167158934,-0.01398605543,-0.0004125655619,0.0003157323121,0.02257126736,-0.002909078453,0.002383370143,0.01333767898,0.001726485153,0.05146320115,0.01036156404,-0.005229856665
2024-07-23,0.004688221238,0.0211448948,0.002600649679,0.0001375786142,0.003516676143,0.000660470135,-0.01225356849,0.00023792759,0.004312169419,-0.009687845519,-0.0203967625,-0.0007802781678,0.003836648107
2024-07-24,-0.02875422963,-0.02993402565,-0.005187526668,-0.002888529792,-0.00350435247,-0.05038771092,0.02579588944,-0.008272774313,-0.03585475763,0.00828230235,-0.1233460459,-0.01472562838,-0.000707965649
2024-07-25,-0.004804564266,-0.005419431055,-0.01208809462,0.002207218802,-0.01564473027,-0.03099125936,0.02149978382,0.0003835268282,-0.02448129369,-0.006547692182,0.0197231094,-0.003283495396,-0.008215083674
2024-07-26,0.002160981643,0.01473446654,-0.0002401907801,0.003991640464,0.01053452587,-0.001673790073,0.006264191192,0.01710839867,0.01641968961,0.01324158318,-0.002043118948,0.01749409218,-0.003427837682
2024-07-29,0.00128455124,0.003835599716,-0.01391887228,0.001233852159,-0.001405056211,0.01514973192,-0.01294828244,-0.006549103735,0.003433180977,0.004848794852,0.05595997671,0.005135620955,-0.002292826582
2024-07-30,0.002566088402,-0.008133134603,0.004624126341,0.001232665639,0.009985461488,0.004483002959,0.01746978905,0.02058323997,-0.008928317742,-0.04843155908,-0.04084450985,0.007775227048,-0.006176403282
2024-07-31,0.01499090464,0.02900219481,-0.02349809272,0.00547022472,0.01811072579,0.007340262876,-0.0215708825,-0.01110651773,-0.01080589338,-0.005813363062,0.04244907203,-0.003526948745,-0.007949043771
2024-08-01,-0.01675072738,-0.01556310017,-0.02009430951,0.003738266286,-0.003442943142,-0.004546933906,0.01843520766,-0.02274424819,-0.002964226628,0.03066693787,-0.06554059652,0.01006525736,0.01675405921
2024-08-02,0.00686935086,-0.08784708418,-0.04860750022,0.01141762604,-0.001904628278,-0.02401022829,0.02102519514,-0.04241207668,-0.02066593472,0.02649539307,-0.04237758192,-0.0005475280519,-0.01905722625
2024-08-05,-0.04816688689,-0.04097671158,-0.02474710902,-0.0009406462561,-0.01269193511,-0.0444617036,-0.01760686008,-0.02129151664,-0.03265687805,-0.01187682313,-0.04232673647,-0.02859648022,-0.01270821516
2024-08-06,-0.009748362629,0.005651399697,0.007366637212,-0.006187723689,-0.008000713833,-0.006028309732,-0.0141395706,0.0279117,0.01128695842,0.0001782384453,0.008849529684,0.01973833866,0.002219365438
2024-08-07,0.012498298,0.005187498516,0.01029270758,-0.002436015239,-0.0006796279953,0.004106415758,-0.0004401940167,0.0002994117412,-0.002952846257,0.01148224918,-0.04425839768,-0.006857666516,-0.01225267709
2024-08-08,0.0166332826,0.01861521595,0.0243968343,-0.001493026166,0.01568801364,0.01944112624,0.008306838987,0.0182635215,0.01069200474,0.004999305717,0.03692116205,0.009800625483,0.01120913864
2024-08-09,0.01373589201,0.006875750113,0.001831840971,0.003533216275,0.002455261217,0.01012164449,0.002496686469,0.008527043722,0.008269173547,-0.001931258561,0.005833854775,0.00463218925,0.004285852567
2024-08-12,0.007129902955,-0.0008386209872,-0.00287355129,0.001760113905,0.01714466577,-0.008431668529,-0.004607146881,0.001894963731,0.001945764055,-0.02187180373,-0.01254997253,-0.00735547246,0.01103758116
2024-08-13,0.01719309667,0.02056350487,0.007597633794,0.003785002646,-0.001532358907,0.01152265666,-0.00931951183,0.008487302613,0.01769881496,0.002877465874,0.05235706137,0.008737016335,-0.008296807271
2024-08-14,0.002033663101,-0.0007636117446,0.009100494757,0.001885201479,-0.008155751251,-0.02308721962,0.0005681231225,0.01106086368,0.006883818767,0.009026350296,-0.03103496556,0.002631357654,0.007779330318
2024-08-15,0.01353058442,0.04403286282,0.005668515159,-0.004166745655,0.003138844931,0.005799065699,0.003849168913,0.006231038295,0.01182382863,-0.005213271835,0.06336276789,-0.0007655202814,0.06583142897
2024-08-16,0.005918472923,-0.002984395463,0.007942713608,0.002159756798,0.02238773853,0.01029139975,0.001885714003,0.0114393556,-0.006080385428,-0.0001786705194,0.00924626755,-0.0005469919155,0.006550437075
2024-08-19,-0.0007077176899,0.006551472259,0.008388271567,0.001211992591,-0.001638022647,0.02276629827,0.00150589301,0.006916845286,0.007312369452,0.003156824581,0.0305386186,0.0083213734,0.003676242617
2024-08-20,0.002744620246,0.003703308594,-0.02470382152,0.002959583148,0.00366998878,0.003059991715,0.003320094265,-0.00431653919,0.00775756585,0.01181574681,-0.007273684933,-0.001194525051,0.01112299378
2024-08-21,-0.0004857034152,0.006876093996,0.001550875206,0.00214570695,-0.001333617863,-0.007955533286,0.00792948671,0.0003729249443,-0.001553684348,-0.00146704097,0.009814554993,0.00532732615,0.00939087083
2024-08-22,-0.008259613636,-0.02209758322,0.01264521939,-0.004015142376,-0.01197501121,-0.01236052597,0.005699077753,0.009459516183,-0.02025283874,-5.87417462e-05,-0.05647870457,0.002919689165,0.004519040637
2024-08-23,0.01028814396,0.005166572294,0.01350650329,0.004434548744,0.01155342552,0.01111105795,0.01096405423,0.007755071776,0.002984031793,-0.00575973345,0.0458558981,0.02199715254,0.001587509914
2024-08-26,0.001498797935,-0.008698561594,0.003771798546,-0.00107018083,0.003189338078,0.003260417535,0.002924513258,0.003939417613,-0.007917570097,0.006975279371,-0.03227124353,-0.0004220832958,0.004359421061
2024-08-27,0.003741590076,-0.01356128138,-0.006262642889,0,0.002706671669,-0.008907021655,-0.002570960149,0.0046082148,0.0008463637384,-0.006457272621,-0.01876084552,0.001477702291,0.001315247345
2024-08-28,-0.006753443606,-0.0134010636,0.007058291946,-0.0006696745755,-0.007026862307,-0.0111125264,0.005952919428,0.005041321167,-0.007829201035,-0.001122656504,-0.01653843795,-0.003899581459,-0.0006567598711
2024-08-29,0.01457008234,0.007728290643,0.005506959698,-0.001474293074,0.005177980359,-0.006570414827,0.001891028682,0.004157504527,0.006137463174,0.005737557762,0.002575935744,-0.003068525767,0.00446904417
2024-08-30,-0.003437883951,0.03706719187,0.01443861844,-0.002013011907,-0.007126008516,0.009890029724,0.009925100338,0.01165569128,0.009730877579,0.008880798931,0.03795812428,0.00965824672,0.01059919472
2024-09-03,-0.0272052555,-0.01260504202,-0.001226899965,0.004262406019,-0.004323576588,-0.03684682304,0.007838066334,-0.02001782719,-0.01845907502,0.01737217243,-0.01639341692,-0.0005255144835,-0.0007768466901
2024-09-04,-0.008618757988,-0.0165673655,-0.004914214042,0.004432205908,0.0006079265002,-0.005782745339,0.00119636828,-0.004403150316,-0.001318864284,0.00790729578,0.04183284569,0.002839711844,0.0009069924144
2024-09-05,0.006927799032,0.02630818387,-0.008888700118,0.002407272305,0.008332306943,0.005049539174,-0.01416110428,-0.007750792516,-0.001247289322,-0.002444552221,0.04904058305,-0.003251230801,-0.003624881981
2024-09-06,-0.007015090906,-0.03653943461,-0.02808428969,0.001200853437,-0.007402630409,-0.04019325773,-0.003697065133,-0.02375587303,-0.01638137379,0.0006839312593,-0.08445932396,-0.0009469407366,-0.004158051704
2024-09-09,0.0004076588959,0.02339689901,0.0183177655,0.001332394104,0.004205876079,-0.01333608122,0.01356613666,0.02047425606,0.01000744156,0.002676658997,0.02628960593,0.01116377824,0.009133653616
2024-09-10,-0.003621408687,0.02366025827,-0.004813735977,0.003326768047,0.004404097525,-0.0003362262413,0.00462144753,-0.05188866383,0.02090112094,0.009826185583,0.04577608407,0.01447770115,0.0190069688
2024-09-11,0.01158517311,0.02768031822,-0.007128219015,-0.0005305265514,-0.001590555949,0.01681696637,-0.01529451115,0.008124134352,0.02134234653,-0.02176708758,0.008666077418,-0.001950695716,0.0003805381525
2024-09-12,0.0004939636892,0.01344025401,-0.005641098041,-0.001061616318,0.01756728453,0.02335275149,-0.001092105225,-0.003040095058,0.009360817206,-0.002587507876,0.007364189891,0.004217645175,0.01040094443
2024-09-13,-0.001212064551,-0.002727243352,-0.003352360713,0.002125381743,0.009943683944,0.01790673402,0.005345018423,-0.01103579866,0.0084074931,0.003516520503,0.002088663386,0.01044863392,0.01180007979
2024-09-16,-0.02777518918,-0.008579580977,0.01164313833,0.002651226495,-8.374817448e-05,0.003810409538,0.00888109232,0.01732580987,0.001741878214,0.0181525983,-0.01524162842,0.003345450938,-0.0004963075751
2024-09-17,0.002172642736,0.01076318622,0.01150873209,-0.00132210804,-0.005530911355,0.007971631049,0.0004791681161,0.006687181144,0.008832822158,-0.007673245546,0.004806404197,-0.00697181409,-0.02432961375
2024-09-18,0.01798987306,-0.002408027586,0.001770088842,-0.003044820654,-0.007710465405,0.003075834428,-0.005506887998,-0.008219893148,-0.009973581917,-0.01114390289,-0.00294026499,-0.001220991291,0.005470720845
2024-09-19,0.03706542683,0.01845197971,0.03154967585,0,0.01554075728,0.01457960148,-0.008004706755,0.01421471162,0.01829123955,-0.0136846727,0.07359155566,0.000203815864,-0.01252680649
2024-09-20,-0.002927388131,0.009111555437,-0.0146806739,-0.0001328438071,0.01271066007,0.00894302025,-0.004004385825,0.002898207639,-0.007796017579,0.01562335684,-0.023245319,-0.003972283731,0.01307001083
2024-09-23,-0.00758111139,0.01189978448,-0.009933134186,-0.0006639853264,0.001940406874,-0.01063653937,-0.005726145872,0.001658057698,-0.004043475322,-0.002583052411,0.04931794334,0.009919250052,0.0160636853
2024-09-24,0.00397407189,0.0004126358007,-0.01053400513,0.001195903258,0.01396907347,0.002718539988,-0.002695662277,0.0007094198971,-0.01001124135,-0.003049913156,0.01708001709,0.001417552637,0.004232698272
2024-09-25,-0.004398164348,-0.007372694809,-0.005069800933,-0.003716215274,-0.001381767735,-0.004929373418,-0.01339226843,-0.006616558455,0.006850426691,-0.005656999668,0.01081521491,-0.006673475002,0.009049227314
2024-09-26,0.0050802768,-0.007115748849,0.006879051655,0,0.005086884067,0.007678487681,0.004919024923,-0.001950612748,-0.001851429499,0.005515014364,-0.01089404682,-0.009059461329,-0.01818186129
2024-09-27,0.001186624878,-0.016687604,-0.003036412784,0.002930897863,-0.007935830792,0.00749718747,6.181385754e-05,0.003432236175,-0.007627904846,0.001962966885,0.02454563057,0.001274205784,-0.001751759898
2024-09-30,0.02287199243,-0.008724793206,0.007106608341,-0.002258063789,-0.007999374254,0.01158885209,0.0040892375,0.001710210706,0.005326836517,-0.002016806938,0.004492104224,0.007862539697,0.0121585338
2024-10-01,-0.02914160333,-0.006440170324,-0.0115927642,0.002950895092,0.01049124939,0.006873579475,-0.0004318915315,-0.0181163279,-0.02233313843,-0.0009238294595,-0.01379817223,-0.006466882468,0.006439439348
2024-10-02,0.00251973245,-0.001998651576,0.0002549111917,-0.001863784134,0.0002035871977,-0.006766735076,-0.005061964649,0.001207417961,-0.008462409039,-0.006472327522,-0.03488095932,-0.003512691009,-0.01033568144
2024-10-03,-0.004894664246,-0.01515472979,0.0005097930675,-0.004402161057,-0.0006920058879,0,-0.004157168518,-0.009937675763,-0.001414383291,-0.01047034462,-0.03357160255,-0.009123885673,0
2024-10-04,0.005007421566,0.0250054277,0.0219108374,-0.006564862044,-0.001996030316,0.007234954143,-0.001308565869,0.03549366612,-0.001152366034,-0.007288768816,0.03914235031,-0.004813215328,0.006340767927
2024-10-07,-0.02253090004,-0.03061493552,-0.003739710482,-0.002966722871,-0.003387762576,-0.02442238979,-0.004741228806,-0.001373058995,-0.01567080192,-0.01042151084,-0.03698816352,-0.008831874009,-0.02273291274
2024-10-08,0.01840408467,0.01061945872,-0.0007508682099,0.001487775252,-0.007371925565,0.008590046473,0.001002750722,-0.0008532848052,0.01262385458,0.006223023068,0.01523895753,0.002015447889,0.007711681861
2024-10-09,0.01669831966,0.01340847708,0.006511425984,-0.00270146269,-0.005446185964,-0.01533028281,0.006011874455,0.01266909267,0.006631129905,0.006600807974,-0.01411041697,0.001058713194,0.008656462078
2024-10-10,-0.002178192514,0.007992632404,-0.00547377514,-0.000405924224,0.007342892554,0.001359185835,-0.0008715626545,-0.002717736677,-0.003880655298,-0.001890462999,-0.00945861336,-0.008883243573,-0.009825738294
2024-10-11,-0.006505388433,0.01162611036,0.04953699658,0.0001355813492,0.01091340835,0.007156931718,0.005918710146,0.04439959859,0.001154454487,0.01266639909,-0.0878251072,0.01131014916,0.006154936652
2024-10-14,0.01647988349,-0.006779016992,-0.0009534771101,-0.0006773782515,-0.001629502157,0.01053675138,0.0008670915893,-0.003644009199,0.006773533088,0.008299789883,0.006244263505,0.006013894111,0.002372032129
2024-10-15,0.01102469715,0.0007998782161,0.005487961246,0.003931151118,0.003468359323,0.003030863772,0.01547026554,0.004108850003,-0.0009543604165,0.006144655026,0.001870796018,0.01206092945,0.01693864828
2024-10-16,-0.008851880116,-0.004262363692,0.01566190604,0.001349931133,0.005001609209,-0.001812949034,0.001096896932,0.005620717257,-0.006256825742,-0.006855951615,0.0080156417,0.01098448978,-0.005266458961
2024-10-17,0.001596270152,0.003424471035,-0.004672706726,-0.004854091509,0.005988310835,-0.01350222356,0.00115661552,0.003487775568,0.00144193004,-0.0005803125404,-0.001987992761,-0.007892670319,-0.00406304395
2024-10-18,0.01227663338,0.007785456852,-0.006572871391,0.0005416346273,0.01061818501,0.003007401233,0.00395186333,0.004233010072,0.00345553075,4.088951267e-05,-0.000860167694,0.007438970654,0.005192260509
2024-10-21,0.00629785275,0.0004233124966,-0.01323262648,-0.006771077943,-0.0001990012771,0.003977685668,-0.01386852318,-0.01051593694,0.001482740165,-0.01015878664,-0.008382378207,-0.01958784124,-0.006149197941
2024-10-22,-0.002621776338,0.003332044214,0.01293116933,0.0004089112326,0.01078732363,0.00652133305,0.003807472994,0.00502235476,0.0208462521,0.000943745546,-0.004021041162,0.001464406448,0.01497318908
2024-10-23,-0.02162310212,-0.02630464056,0.0009456811391,-0.002453343103,-0.01205055585,-0.01429081629,0.0147446858,-0.003167850839,-0.006806901466,-0.0007071417975,-0.01981927467,0.007311492738,0.01524029758
2024-10-24,-0.0008232612674,0.009041189477,0.007321708266,0.001639547836,0.007693259346,-0.0003685406047,-0.01320391723,0.007027430421,0.0003062004538,0.0002357877207,0.2191903507,0.002177560057,-0.00276193976
2024-10-25,0.003643146563,0.007779788122,-0.0178195639,-0.002045832855,0.002056978901,0.0156711553,-0.01704642547,-0.01186770209,0.008052111562,-0.008253600541,0.0334382336,-0.009415480116,-0.006382614197
2024-10-28,0.008599419887,0.002981406342,0.01742658833,-0.001230412601,3.945407606e-05,0.008773464451,0.004475404886,0.01434928338,-0.003643650833,0.006420175052,-0.02481515887,0.003133508834,0.002908724977
2024-10-29,0.00115686215,0.0129518682,-0.002111644718,0.0008211753183,0.01089485843,0.01775415152,-0.009344149259,-0.01153000092,0.0125648464,-0.01258132873,-0.01139012091,-0.007184615799,-0.01268888026
2024-10-30,-0.0152779778,0.009956473711,-0.005172700525,-0.0009572334367,0.005505891219,0.02817081154,0.003248187291,0.006774496379,0.001342697886,-0.006041664386,-0.00759094214,0.004404990425,-0.00379436037
2024-10-31,-0.01820948639,-0.03284388508,-0.01158141131,-0.0001367526194,-0.01549516696,-0.01920210011,-0.004669667788,-0.01109588596,-0.0605274763,-0.005897931077,-0.02989703768,-0.01691552886,0.006880389368
2024-11-01,-0.01327962967,0.06185621865,-0.001434756113,-0.003872503537,-0.004102375877,0.001051887433,0.001688935419,0.004596249198,0.009892846679,-0.000484328044,-0.003482130697,-0.01104624099,0.002928790323
2024-11-04,-0.00403753993,-0.01086239568,-0.01029665718,0.003997732728,0.0014259144,-0.01196787803,-0.01180281313,-0.01417421756,-0.004654392334,-0.0001211406828,-0.02466061328,0.01095482786,0.003163308923
2024-11-05,0.006486127864,0.01900092575,0.01330740871,0.002471649809,0.002254447895,0.00295430552,0.0006950992682,0.007780607549,0.007344704897,0.004119186681,0.0354142902,0.01327941626,0.01491804094
2024-11-06,-0.003266877227,0.03804509443,0.08428834128,-0.008218042663,-0.03038672902,0.0398845845,-0.002967970654,0.1154453919,0.02119280384,-0.02841456457,0.1475103244,-0.02128329134,-0.002867963796
2024-11-07,0.02137215827,0.0142933351,-0.01409367139,0.007457513559,0.01607650386,0.02402119057,-0.007284296403,-0.04322841992,0.01249472051,0.01465397595,0.02904379066,0.01199796598,0.004913680314
2024-11-08,-0.00118818395,-0.008902691496,0.008040945984,0.001919366354,-0.006769426092,-0.01327789373,-0.008039136276,0.00253831593,-0.00679315484,0.02631402663,0.08187665373,0.01492524917,0.01168759168
2024-11-11,-0.01202860225,-0.006436720074,0.02105053352,-0.001915689444,-0.02347155657,0.0112139506,-0.002765767705,0.009747581862,-0.01072074683,-0.01001717353,0.08959591143,-0.005006160002,-0.007308716752
2024-11-12,0,0.01000777103,-0.004774366636,-0.006031492054,-0.008631355179,0.007041703999,-0.01548004578,0.001128397227,0.01200917114,-0.001144485091,-0.06145717076,-0.01383645804,0.009262469389
2024-11-13,0.003969128785,0.02484324518,0.0002179169191,-0.0004137410778,-0.01008122532,-0.01508638864,0.003931148471,0.00667892516,0.005129701119,0.004462110061,0.005327407385,0.005527102229,0.006000837799
2024-11-14,0.01377051446,-0.01223732042,0.0006542106496,-0.0002758307337,-0.002609141789,-0.0184481973,-0.008940417668,0.002944015037,0.003974625655,0.00300160998,-0.05771559509,-0.008985109816,-0.01204682542
2024-11-15,-0.0141091645,-0.04194247823,0.01851848986,0.0002759068373,-0.001772069443,-0.0175985917,0.0140251617,0.01422258231,-0.02785254308,0.01472344301,0.03065752545,0.0005333228576,-0.00260444773
2024-11-18,0.01342219229,-0.004491405456,-0.0006417271401,0.0009656846176,0.01902024629,0.01629063249,0.00499996999,-0.001141477489,0.001831269513,0.007137075691,0.05618604685,0.007249495342,-0.002017878793
2024-11-19,0.00114013071,0.01442738575,-0.006635466749,0.001791778985,0.008959325127,0.01608666964,-0.01143632343,-0.00791732621,0.004882627574,5.847373033e-05,0.02143239645,0.004868574834,0.02997150271
2024-11-20,0.00315411852,-0.008455088815,-0.007541298162,-0.001100508059,0.005632045703,-0.01201438776,0.0007190094731,-0.009502708032,-0.00550522988,0.0007614072298,-0.01147399197,-0.001263931561,0.006697324743
2024-11-21,-0.002096111892,-0.02218059884,0.008684311845,-0.000551192166,0.008339500391,-0.04744842266,0.01560949959,0.01652960093,-0.004316744349,0.01088418672,-0.006987644766,0.007382433655,0.01387931971
2024-11-22,0.005907584599,-0.006351495789,0.0116227653,0.0004135667609,0.01289221045,-0.01712118228,-0.002121939854,0.01548467053,0.01000308076,0.02043402898,0.03804022598,0.007537625053,0.023192791
2024-11-25,0.01305093342,0.02196632477,0.01063845153,0.009230034842,-0.02945885654,0.01754070082,0.003931137667,0.007000522429,0.004292594877,0.006296814173,-0.03962446482,0.01392375262,-0.01039365466
2024-11-26,0.009404317462,0.03181932866,0.005263066929,-0.00177463301,0.001938309258,0.008768193493,-0.0001294097392,-0.001278482091,0.02196808437,0.01082351933,-0.001063189567,0.00399655989,0.02022350809
2024-11-27,-0.0005530246756,-0.010199149,0.0004189137058,0.002734889379,0.002222714763,0.0006504647583,0.005694970108,-0.0007201450384,-0.01168259758,0.0002789392427,-0.01578806186,0.006430496085,0.00624237858
2024-11-29,0.01021588321,0.01045005268,-0.005442854162,0.003681811645,0.008624546377,-0.001654487298,-0.002509677452,-0.0002801572766,0.001111183552,-0.0005574590911,0.03685898788,-0.004462387681,0.006747999679
2024-12-02,0.009522496927,0.01356490131,-0.009892541008,0.0005862653695,-0.00875440339,0.01503405886,-0.001354631433,-0.01389564598,0.01775847545,0.002454487277,0.03456365903,-0.01456793011,0.001513520497
2024-12-03,0.01277184294,0.01295617503,-0.004676930967,-0.0023155475,0.002012776164,-0.0008747796159,-0.01576228765,-0.00580700419,0.0005104020422,-0.02381751131,-0.0158783023,-0.005065877933,0.009391294493
2024-12-04,0.001483632339,0.02211394849,-0.00961134792,0.003412946523,0.003033679807,0.01768413864,-0.01240487313,-0.005800261039,0.01442495408,-0.001767126325,0.01852478231,-0.002701360413,0.01005233996
2024-12-05,0.0001234265638,0.01095525921,0.01358636925,0.0001361886167,-0.007397709454,-0.009921314231,-0.00631349215,0.008545628441,0.0118878415,0.005253745949,0.03229681165,-0.002396535642,0.008999476677
2024-12-06,-0.0008229105467,0.02938107294,0.0002139749491,0.002720678035,0.0003705687955,0.01199021048,-0.001404581405,0.007658479458,0.0021463612,-0.01255461523,0.05339795802,-0.001461945274,0.004197198336
2024-12-09,0.01610116363,-0.004140432747,-0.01796786764,-0.002984897235,0.009919751769,0.004928032247,0.00194222189,-0.01435156438,0.00552328144,-0.01743192927,0.001464486209,0.002823833077,-0.01954014755
2024-12-10,0.004133704894,-0.004644181825,-0.003485066188,-0.001088349743,0.01316431252,0.05588192051,-0.002473400509,-0.003896490918,-0.006031107169,0.008724215241,0.02873337295,-0.01449725551,0.007673416372
2024-12-11,-0.005166061349,0.02319588241,0.00721311391,-0.002179616501,0.009533812345,0.05524652766,-0.01735567431,0.002758740076,0.01276704968,-0.00957731438,0.05930322292,-0.002328243136,0.004336221562
2024-12-12,0.005963760948,-0.005602333523,0,-0.003959013594,-0.01466372265,-0.01760488355,-0.002727737983,-0.008212445753,0.001269532208,0.001289360483,-0.01570257571,-0.00159114307,-0.009161772075
2024-12-13,0.000685557912,-0.006594726378,-0.008897604548,-0.003974749682,-0.0120915784,-0.01114810438,0.00259844435,-0.006583104624,-0.005093897138,0.001229076026,0.0433628429,-0.002868792042,0.003919964754
2024-12-16,0.01172768435,0.02404812187,-0.004379247246,0.001100520122,0.002415209844,0.03603410441,-0.0188923319,-0.001500301639,0.009658653451,0.0004675875865,0.06141250568,-0.003516180641,0.006578237128
2024-12-17,0.009719563409,-0.007641775792,-0.009236835224,0.0001378128073,-0.003838624725,-0.006305401824,0.01779640014,-0.005092252779,0.006355260581,-0.004732952642,0.03636991218,-0.004811796238,0.005797480097
2024-12-18,-0.02142174366,-0.04598741036,-0.0344061221,-0.007833776632,-0.01918507784,-0.03592266397,-0.01133798601,-0.03352078715,-0.03756104129,-0.007338723157,-0.0827949437,-0.04125931822,-0.01959758837
2024-12-19,0.007014646628,0.01256116887,-0.002758677567,-0.002770647268,0.001421096734,0.0005838816445,-0.008082871992,0.01124291046,-0.0008231042343,0.0006507768649,-0.00899732218,-0.01546570696,-0.001603470709
2024-12-20,0.01881588426,0.007299945953,0.0182110587,0.003055879253,0.0104340565,0.01538397985,0.006198484061,0.01991750808,-0.0009838290069,-0.006678990072,-0.03464249124,0.01684702523,-0.01241978635
2024-12-23,0.003064931946,0.0006224408269,-0.006339187028,-0.003184969075,-0.004708795378,0.01682238126,0.005537528649,0.003324882787,-0.003092084671,0.0002975176516,0.02265712393,0.003910720073,-0.02048991725
2024-12-24,0.01147808899,0.01772863031,0.0111643502,0.00143559045,0.001992014086,0.007604256676,0.003992471265,0.01644372011,0.00937390801,0.00493723025,0.07357174228,0.006642698932,0.02578849666
2024-12-26,0.003175621419,-0.008731717849,0.003830567417,0.000695880927,0.006751179864,-0.002600538211,-0.001851177191,0.00342529486,-0.002776966538,0.007221523383,-0.01762999463,0.002684208771,0.001186944508
2024-12-27,-0.01324209233,-0.0145342568,-0.004713748231,-0.002086302055,-0.006870503877,-0.01451960415,-0.003640370648,-0.0081022761,-0.01730165328,-0.00370236545,-0.04947922617,-0.01003905768,-0.01217794715
2024-12-30,-0.01326342981,-0.01094970703,-0.009697879607,0.003902431536,-0.003189681165,-0.007885270797,-0.01178925372,-0.00767093092,-0.01323937864,-0.01439287415,-0.03301209257,-0.004957675525,-0.01189186491
2024-12-31,-0.00705787267,-0.008630834323,0.0009109731367,-0.001665985158,0.006233636577,-0.01014441987,0.008929914646,0.001629695381,-0.007838521226,0.003351542272,-0.03251001942,0.008719338513,-0.002429023024
2025-01-02,-0.02623591036,0.003783225459,0.007736179515,0.0004172468236,0.01358771412,0.0006867832646,-0.004148811048,0.001209672259,-0.00692759575,-0.009961203654,-0.06081615932,-0.008868555701,-0.003873888274
2025-01-03,-0.002009484131,0.01802743256,0.01174068696,-0.001250996498,-0.007864039973,0.0124584104,0.001180386376,0.01366668541,0.01139563788,-0.005121087603,0.08215567328,0.01313855318,0.008666766969
2025-01-06,0.00673904423,0.01525490937,0.01316669223,-0.000974611011,-0.001232095959,0.02648723858,-0.003675792573,-0.004875514501,0.01062951198,-0.02743290212,0.001486174223,-0.01285638555,0.007160079899
2025-01-07,-0.01138775256,-0.02416414035,0.01497802498,-0.003482576609,0.005633435188,-0.007009586303,0.0178894871,0.009632580439,-0.01280824392,0.004358726105,-0.04060334007,-0.009513010175,-0.00678121596
2025-01-08,0.00202302696,9.00647085e-05,0.002821175065,0.001118345928,0.005315681488,-0.007877719155,-0.02708065436,-0.0001645088198,0.00518501291,0.004959587352,0.001470780788,0.002629818383,0.01090188591
2025-01-10,-0.02410385322,-0.01436097047,-0.02380431209,-0.005166822698,0.009558310004,-0.00984784165,-0.001476158277,-0.01340848996,-0.01321362356,-0.02183843646,-0.0005064369418,-0.02440421154,0.01307197001
2025-01-13,-0.0103441738,-0.002192361936,-0.001108359307,-0.0009827322152,-0.009951255606,-0.005363589899,0.01696474785,0.01809324174,-0.004200905639,0.0017660215,0.02171051207,0.01227357626,-0.01580644953
2025-01-14,-0.004778122416,-0.003204303696,0.01597858871,0.0007025299377,0.005249423201,-0.007067576513,0.001938238986,0.01334906334,-0.003643420712,0.005666072046,-0.01723243225,0.009122437416,-0.008084725479
2025-01-15,0.01967593141,0.0256705168,0.02883354862,0.008003487769,0.007488993696,0.03105567823,0.001519893612,0.01971970623,0.02559705812,-0.0005635234722,0.0803815144,0.005721437365,0.006057927243
2025-01-16,-0.04040014055,-0.01204388792,-0.00976636493,0.00195007306,0.006910965875,-0.01350047203,0.01931444674,0.007608425619,-0.004058053181,0.005324233889,-0.03362756026,0.02070771743,-0.0004379941453
2025-01-17,0.007535232956,0.02392820942,-0.002358518155,0.0002779762574,-0.005307269747,0.01601772548,-0.00500806147,0.01923153003,0.01048100605,0.003925199405,0.0306413234,-0.0006688523327,0.007009880362
2025-01-21,-0.03191576724,0.02111181827,0.00279380647,0.002918882555,0.01548521902,0.01045921991,0.007617536118,0.01493283983,-0.00123537317,0.003661601639,-0.005697520928,0.01873960383,0.01239944396
2025-01-22,0.005344942203,0.01863806366,-0.01864546578,-0.002078895604,0.0051356527,0.001615752718,-0.01943972893,-0.0007223718234,0.04130693451,0.01867426518,-0.02112863871,-0.01740945183,0.001611484587
2025-01-23,-0.0007596015882,0.001744622236,0.01310314004,-0.001527337276,-0.001414869952,-0.00196591335,0.00943061631,0.01183230944,0.001142948849,0.008559081493,-0.006576523247,0.007354562863,0.006221175294
2025-01-24,-0.00393451979,-0.00242117097,0.00280249224,0.001947089435,0.00621870558,0.01126370585,0.0012276492,-0.004173639615,-0.005932258455,-0.006194761423,-0.01406474184,0.00342925812,0.01012694999
2025-01-27,0.03178016453,0.002427047267,0.01225273138,0.005274702579,-0.01040480527,-0.04195601697,0.04134313531,0.003813540786,-0.02139345416,0.03375579179,-0.02319345021,0.01333919605,0.02785974991
2025-01-28,0.03654408614,0.01159627792,-0.005308947008,-0.0005521909139,0.008656417784,0.01819508189,-0.01641717813,0.004852432038,0.02908694687,-0.02045268201,0.002366870089,-0.0120757094,-0.001129346067
2025-01-29,0.004616744881,-0.004534900693,-0.001921495391,-0.0005528268331,-0.003840409733,0.0005633314181,0.005120574835,-0.002096468076,-0.01089006049,0.0002407428842,-0.0225828087,-0.01321439652,0.002158483551
2025-01-30,-0.007394751905,-0.01025017024,-0.0006417035613,0.001382224681,0.01514551885,0.02794125919,0.01137926256,0.00618964723,-0.0618090824,0.007098602452,0.02873295425,0.01272175646,0.01179489845
2025-01-31,-0.006692194504,0.01295598915,-0.008989618529,-0.001380316773,0.001976399108,0.01568167677,-0.00470974823,-0.003467297761,0.0001686952418,-0.008482217273,0.01079246362,-0.002203841055,-0.004966950242
2025-02-03,-0.03385588721,-0.001093884697,-0.001943905813,0.0009015852055,0.00533727141,-0.01367520507,-0.00184040321,-0.00183294776,-0.009974428274,0.01668765945,-0.05170542045,-0.002098369591,0.01405848992
2025-02-04,0.02100792387,0.01954342273,0.01082018047,0.001385719941,0.009848417075,0.02559282048,0.01066709999,0.004235123782,0.003528647711,-0.003732936075,0.02223206563,0.0007747876771,0.01235684182
2025-02-05,-0.001417566529,-0.02433280777,0.008563401879,0.00511962845,0.006209542411,-0.07292388316,0.007818112696,0.009293019414,0.002231106598,0.005233924634,-0.03579709424,0.01404402532,0.01677090583
2025-02-06,0.00322629163,0.0112630888,0.01337313048,-0.001101512655,-0.002650256291,0.001411391555,-0.007628179716,0.02392484786,0.006121418598,-0.000769173971,-0.01018062238,0.002508134901,0.003806407415
2025-02-07,-0.02396885733,-0.04053095449,-0.007121933701,-0.003031869664,0.001784159867,-0.03267227595,-0.002540576202,-0.003972490392,-0.01459761793,-0.005388455217,-0.03392822173,-0.003263415528,-0.01652901784
2025-02-10,0.001187444016,0.01741219987,-0.01540093371,0.0002767126711,0.0169382392,0.006096829201,0.00731456523,-0.01725880403,0.00602811773,-0.002619455428,-0.03011444134,-0.0004365870884,0.01749885587
2025-02-11,0.021831727,-0.001629942883,0.002571298163,-0.001658607276,-0.003651602216,-0.006167164614,0.01225357023,0.01457350218,-0.001892186058,0.01134120045,-0.06338211813,0.004367344917,-0.004372389852
2025-02-12,0.01827018529,-0.01645472556,-0.01239585742,-0.005121975529,0.001047154957,-0.009227294813,-0.005572249126,0.001672854033,-0.005833205957,0.000885336849,0.02438359137,-0.009240026305,0.01112525515
2025-02-13,0.01967327176,0.006290143221,0.002596979217,0.005983247924,0.009862831092,0.01377911653,0.01281721915,0.003158427563,0.003667050773,0.008491641762,0.05773971683,0.009984558562,0.01389818662
2025-02-14,0.01271060856,-0.007336035409,0.01359793546,0.00318131504,-0.01487177333,-0.004888767628,-0.006995376999,0.0009770610985,-0.00513950641,-0.04753842975,-0.0002809633726,-0.004562774131,-0.009614355294
2025-02-18,-0.0005314982078,-0.008877028355,-0.009156647291,-0.003722763076,0.01656090548,-0.007881989875,0.0005166554301,0.01214791478,0.002962616264,0.01559331698,-0.004861766536,0.004474563329,-0.002499067551
2025-02-19,0.001636215009,-8.81933122e-05,-0.01117573202,0.001384104151,0.0005540963787,0.008162407995,0.01871081548,-0.002500366278,0.01252312432,0.00640776388,0.01821471428,0.0007606454829,0.002119836285
2025-02-20,0.00392041362,-0.01654679398,-0.01543147158,0.001243543141,0.0005168326664,-0.003832456794,0.01133684991,-0.04458375392,0.005290643279,0.004324527212,-0.01708454544,0.004776828251,-0.06528848094
2025-02-21,-0.001139032824,-0.02826634473,-0.01081667752,0.004416837153,-0.0009225433005,-0.02654949948,0.01640791653,-0.009595134356,-0.01903252484,0.01806108489,-0.04683974715,-0.009832529728,-0.02499733969
2025-02-24,0.006312423424,-0.01786866324,-0.007810809014,0.001374075863,0.005429568123,-0.002282164315,0.008872484061,-0.01097477065,-0.01031330511,0.001821017543,-0.02152157867,0.003928422073,-0.01171145349
2025-02-25,-0.0002428106947,0.0004230940485,-0.01169588475,0.006312643444,-0.01318833419,-0.02136673854,0.01435193358,-0.01507628232,-0.01509899568,0.01237241666,-0.08389559522,0.01228249497,0.04291673447
2025-02-26,-0.02704017188,0.007283848823,0,0.001500071011,0.001526333369,-0.01533474998,-0.01812249707,0.005400113152,0.004599233855,-0.007819152196,-0.03963012049,-0.004187588503,-0.01525243747
2025-02-27,-0.01273084536,-0.02617215046,0.004096446307,-0.00122536447,-0.01523995882,-0.02448895046,0.003985513623,0.001004615842,-0.01801229956,0.003911237174,-0.03043320481,0.003989645612,0.006133115018
2025-02-28,0.01913188063,0.01695886362,0.04487778458,0.004226516832,-0.006265820058,0.01056368364,0.007878844541,0.02161759713,0.01136219329,0.01087399065,0.0391204054,0.008484450851,0.01880357388
2025-03-03,-0.01575417784,-0.03420008738,-0.01171378008,0.002300942995,0.01318039034,-0.01920361826,0.01369544816,-0.01522769345,-0.02141112723,0.01006675306,-0.02843203214,0.00468585382,-0.01034379007
2025-03-04,-0.008822585809,-0.005950644792,-0.06343279596,-0.002852899793,0.008697635934,0.0234117215,-0.01111910559,-0.03978972098,0.0003088656635,-0.01372522724,-0.04429996705,-0.011553881,-0.02684695973
2025-03-05,-0.00080520643,0.02237486502,-0.008905416822,-0.003542123288,0.002081311097,0.01228651647,-0.001813578572,0.005114848573,0.03193430267,0.008257273739,0.02595205608,0.01115295691,0.01063505372
2025-03-06,-0.001739258871,-0.03676331177,-0.01962649151,-0.0008201351976,-0.00508120741,-0.003872379718,0.004299972217,-0.01983859773,-0.0102985349,0.00028641731,-0.05607306899,-0.02566563378,-0.01396138276
2025-03-07,0.01589257642,-0.007224698407,0.004854416268,-0.001094881518,0.000521955819,0.008761244957,0.005186014322,-0.01727915492,-0.009020270893,0.007385745259,-0.002960708837,0.005986720995,-0.03085372378
2025-03-10,-0.04847951893,-0.02363867861,-0.03792273415,0.004657395992,-0.008755937163,-0.04485782719,0.00605895064,-0.04152219268,-0.03343415116,0.001761906815,-0.1542620682,-0.009629890395,-0.0425207011
2025-03-11,-0.02918940259,0.01053769468,-0.005523567705,-0.003817906445,0.01172754104,-0.01103287921,-0.01097192389,-0.01326327447,0.0007628752283,-0.01781471269,0.03794736964,-0.01169009847,-0.004327021621
2025-03-12,-0.01747863522,0.01169949181,0.007573919421,-0.002052800634,0.004346793336,0.01871520413,-0.01814781739,-0.005411551289,0.007412217003,-0.02743758373,0.07593891217,-0.003095285911,-0.02561760324
2025-03-13,-0.03364367204,-0.02513952444,-0.006013667283,0.003017156077,0.01775614452,-0.02603080225,0.0008598472153,-0.01189110876,-0.01174109355,0.001306662751,-0.0298682082,-0.01973835196,-0.008216008492
2025-03-14,0.01817050002,0.02093969556,0.03075376673,-0.002461284743,0.0003997577495,0.01677325243,-0.001104389382,0.03219494709,0.0258468639,-0.003677557091,0.03864053239,0.02002259736,0.01005909172
2025-03-17,0.002388919617,-0.01116439247,0.01345075847,0.001370742147,0.005413532934,-0.007251243676,0.0001841881239,0.006410215184,0.0003603310994,0.01065665216,-0.04788383641,0.01707878172,0.02472175839
2025-03-18,-0.006121595171,-0.01491773826,0.005067636094,0.001095114346,0.01167195584,-0.02203415658,0.008658811283,0.004445842912,-0.01332649903,-0.01207574457,-0.05335909097,-0.005233783201,-0.02138113991
2025-03-19,0.01198938232,0.01410634716,0.01344534053,0.003008405638,0.004107708,0.02004091188,-0.007671135767,0.01761930264,0.01121193935,0.00512803207,0.04682438936,0.001205639448,0.008645900631
2025-03-20,-0.005296425228,-0.003017266841,0.006396687986,0.0004091099032,-0.00128058543,-0.006650672018,0.0001838884822,-0.0004182227098,-0.002526892638,-0.006050965869,0.001695895427,-0.0006568296173,-0.006023378858
2025-03-21,0.01947686564,0.006463245885,-0.0002354255385,-0.0008176690012,-0.008049901213,0.007309548536,0.003741938078,0.0109618632,0.01142573783,-0.005132835127,0.05269623507,-0.01106494143,0.004732668202
2025-03-24,0.01127044835,0.03593082693,0.01412757283,-0.004364433969,-0.004452548666,0.02250144536,-0.00207793119,0.02661090176,0.00465166507,-0.00623931628,0.1193358013,0.01539841339,0.01756217405
2025-03-25,0.01368188418,0.01205358788,0.00487575867,0.001232779392,0.004400365088,0.01717543572,-0.01390153808,0.01237610337,0.005291652253,-0.01690296379,0.03502280788,-0.01122046389,-0.03120354734
2025-03-26,-0.009921817375,-0.0222643609,-0.01062849754,-0.002189138483,-0.000825981202,-0.03224667492,0.004347317471,-0.000398205039,-0.01313393141,0.02290440471,-0.05580626179,0.003901440336,0.00530914361
2025-03-27,0.01047264138,0.001143517735,-0.006071824555,-0.0004112484332,0.01340573288,-0.01708461221,0.008718680758,-0.01159224631,0.001564174074,0.01278681634,0.003932982922,-0.002553812604,0.004928995707
2025-03-28,-0.0265802955,-0.04290822092,-0.03078011703,0.005761370159,0.007412123023,-0.04875507051,0.003555491716,-0.02123970837,-0.03016032467,-0.004030754014,-0.03507493471,-0.001335877229,-0.005605495609
2025-03-31,0.01941255387,-0.01276466738,0.01163625003,0.001772885636,0.014363223,0.002008786195,0.01301082939,0.01008852798,-0.009002035522,0.01422370046,-0.01665712136,0.00925200958,0.03100406384
2025-04-01,0.004772000986,0.01003891368,-0.005751109114,0.003141634925,-0.001978230358,0.01571389701,-0.0759165839,-0.006685786022,0.01811453369,0.0008215938903,0.03588511985,0.000441858312,0.01184643186
2025-04-02,0.003136332694,0.01998228847,0.00867670455,-0.0008168076998,0.002051661588,-0.0001910672176,0.013768391,0.008864908861,-0.0001308288118,-0.00621494191,0.0532668508,0.006071936938,0.01046945437
2025-04-03,-0.09245610055,-0.08979129298,-0.1106331408,0.005178421795,-0.006038278083,-0.04024449577,0.028707564,-0.06968513209,-0.02363016341,0.0170502174,-0.05474611137,-0.03412708899,-0.0278520081
2025-04-04,-0.07288742279,-0.041533566,-0.07603445726,0.0008134783795,-0.02339226274,-0.03397018973,-0.04117133871,-0.07483836457,-0.03556585862,-0.05011898881,-0.1041978683,-0.04339920038,-0.04664220015
2025-04-07,-0.03673424992,0.02491224858,0.03460317107,-0.01205644886,-0.0214858063,0.007898353887,-0.01709746634,0.01978318848,-0.005502469993,-0.0214961698,-0.02564423663,-0.02624693128,0.007693147939
2025-04-08,-0.04981818001,-0.02624666774,-0.01545838197,-0.005758829917,0.005443793791,-0.0139694847,-0.004116224349,0.01133177699,-0.00922158177,-0.01148354965,-0.04899478334,-0.02683263308,-0.02433496205
2025-04-09,0.1532884851,0.1197703153,0.06051975626,0.002344352444,0.03699125081,0.09682115575,0.006466692409,0.08055517575,0.101337022,0.02481225118,0.2268998984,0.05965666688,0.09548853595
2025-04-10,-0.04239383776,-0.05170070417,-0.03499329723,-0.007980004517,0.02442357944,-0.03711169155,-0.01510246756,-0.03085262383,-0.02340656036,0.007639222842,-0.07274069589,-0.02282679439,0.01127226471
2025-04-11,0.04059448492,0.02014123095,0.002789536393,-0.001109317566,0.01908666481,0.02826852681,0.02044532908,0.04002464384,0.01861813005,0.02048181858,-0.0003565623616,0.01222460208,0.02416952671
2025-04-14,0.022054038,-0.01487531818,0.02002772771,0.005692609203,-0.005705977012,0.01228200027,0.01733346358,-0.00626582074,-0.001647558618,0.01330049358,0.0001585690036,0.02068635609,0.02079744781
2025-04-15,-0.001876311744,-0.01389193305,0.03599669537,0.002484920081,0.005232379352,-0.01735081923,-0.004794083433,-0.006774062996,-0.005363481321,-0.003902280764,0.006974418325,0.00304604692,-0.008022865759
2025-04-16,-0.03893332504,-0.02928890592,-0.01737287522,0.00275468655,0.03254081027,-0.01906473358,0.001887850009,-0.01509887384,-0.03660600027,-0.01234632353,-0.0494274036,-0.0007009191153,-0.02958386844
2025-04-17,0.01394950992,-0.009866352335,0.002142922895,-0.002197543252,-0.004390692094,-0.01415241117,0.02313040425,0.01023483378,-0.01030650917,0.02548222844,-0.000745220171,0.01496034085,0.02226119839
2025-04-21,-0.01939274399,-0.03064708457,-0.01309820936,-0.005505903294,0.0309355853,-0.02308818782,-0.00349275389,-0.01280394063,-0.0235465249,-0.02254484653,-0.05746362596,-0.02084288197,-0.008689164068
2025-04-22,0.03406505601,0.03502262189,0.03791999033,0.00179928171,-0.01419566855,0.02573313038,0.005289277609,0.02882218709,0.02144124274,0.01285076258,0.04602198339,0.01940486815,0.02640404127
2025-04-23,0.02433156707,0.04284567353,0.01122126105,0.002072525163,-0.02397863073,0.02561562939,-0.0150236621,0.02245432168,0.02063689255,-0.01280687973,0.05366224401,0.001845868153,0.001159771502
2025-04-24,0.01842615535,0.03289029337,0.02141942305,0.005652691566,0.01455627702,0.02529766393,-0.002896247264,0.01560933324,0.03448251787,-0.03741019734,0.03497648592,0.003685024786,0.009267019472
2025-04-25,0.004367234248,0.01313397821,0.002779129517,0.003290386143,-0.01084167968,0.01682575657,-0.002258999936,-0.00445545732,0.01174818623,0.00933994639,0.09803091012,-0.00172106686,-0.007825595339
2025-04-28,0.004109372565,-0.006825802992,0.002267576147,0.002459885329,0.01424210344,-0.008335402184,0.004981254978,-0.001354965935,-0.001760945127,0.005154637679,0.003263704636,0.006206233873,0.00136727519
2025-04-29,0.005091827412,-0.001651558677,0.005279007701,0.002590078293,-0.009738925468,-0.002801885262,0.003604627743,0.005756062573,0.007362727641,0.002533104647,0.02151250102,0.005368271685,0.008611688076
2025-04-30,0.00610762374,-0.01584930482,-0.002750734062,-0.0006801385776,-0.007482221013,-0.008491415277,0.002565601445,0,0.003096191959,0.001910631641,-0.0337978809,0.003521929307,0.01259885092
2025-05-01,0.003858944988,0.03134149678,0.007271867292,-0.00278458194,-0.02077228754,0.01574308592,-0.01183544106,0.009279666336,0.0762535186,-0.01593156387,-0.005812356915,0.003283156522,0.001645265706
2025-05-02,-0.03736175663,-0.001156683618,0.02240480434,-0.004927239164,0.001748199913,0.01692488345,0.01074703467,0.02276317565,0.02322518748,0.003375333962,0.02384857658,0.01229971219,0.01375628982
2025-05-05,-0.03145853051,-0.01910722026,0.001217350541,-0.001375448717,0.02986775478,0.001097386622,-0.007173900945,0.0001980892964,0.00204473507,-0.01052823251,-0.02419825875,-0.002229381979,0.005873358179
2025-05-06,-0.001910710923,-0.007190832051,-0.006809177782,0.002203770803,0.02802400276,-0.005968028287,-0.003419298801,-0.01310586499,-0.006557113299,0.002644246097,-0.01751945868,-0.007708601365,-0.007852618693
2025-05-07,-0.01138469223,0.01999898555,0.002203628533,0.001924018648,-0.0149930608,-0.07259694595,0.01832065921,0.000561680895,9.23295636e-05,0.0002512433513,0.003159597232,0.001125904607,0.002841195622
2025-05-08,0.006318549938,0.01785806262,0.01636941845,-0.005349836681,-0.0196942723,0.01915702108,-0.010425874,0.01635996554,0.01112280479,-0.004017807975,0.03113462481,-0.003936190167,-0.0141657305
2025-05-09,0.005265959267,0.005102018525,0.004567239715,0.0008277796593,0.007254674259,-0.009916876366,-0.009250857195,-0.001538658333,0.001277855449,-0.006240119843,0.04718770485,0.006661507914,-0.004887022251
2025-05-12,0.06314618484,0.08070031093,0.03756882924,-0.003445215599,-0.02819056837,0.03738139198,-0.0005188652046,0.02754070351,0.02400112539,0.02055051054,0.06745790404,0.004934877279,0.0003101723457
2025-05-13,0.01015239004,0.01308471882,0.02121777591,-0.000414650264,0.0042589926,0.006752375192,-0.03697933281,0.0113824438,-0.0002670863568,-0.01348678894,0.04928074063,-0.01272327868,-0.008992367295
2025-05-14,-0.002817877345,-0.00529874222,0.01038846777,-0.003458451216,-0.021037828,0.03660756183,-0.01401241232,0.009999688131,0.008460587562,-0.004472903348,0.04073991994,-0.009834905997,0.009908256558
2025-05-15,-0.004144584872,-0.02416172096,-0.00804658628,0.005413592564,0.01596395353,-0.008526292798,0.02220546717,0.006964118715,0.002256134202,0.02778129169,-0.01397832908,0.01826690816,-0.004957199335
2025-05-16,-0.0008984807258,0.002047074001,0.006985126515,0.0006905057634,-0.01208704723,0.01360075823,0.01149662063,0.0002617479649,0.002515849718,0.00535678054,0.02088560618,0.01244533534,0.01961598024
2025-05-19,-0.01173907572,0.002772544065,0.001790266821,-0.0002758594893,0.01288067112,0.002105992081,0.007665360346,-0.01001647007,0.0101260525,0.009125534933,-0.02254418653,0.0002214728728,-0.001221415225
2025-05-20,-0.009196255872,-0.01013773914,-0.001787067493,-0.001794179662,0.01862224546,-0.01537164476,0.007672669257,0.003020363586,-0.001525411473,0.00528005501,0.005057180873,-0.005868079191,-0.003261220574
2025-05-21,-0.02305912377,-0.01445588328,-0.03222200984,-0.006221508316,0.007378683876,0.02793026501,-0.003123822698,-0.01746458815,-0.01222260521,-0.001267766294,-0.02675822236,-0.02661755866,-0.0140082752
2025-05-22,-0.003612241725,0.0098449236,0.001387405096,0.002782608429,-0.008861493387,0.01370431562,-0.003721118914,-0.001417438982,0.0050600363,-0.002418010704,0.01918598267,-0.004576609718,-0.005185165584
2025-05-23,-0.0302443097,-0.01038897364,-0.002539871809,0.001526029313,0.02190628805,-0.01404577523,0.002162410924,0.0001534156474,-0.01028884383,0.005029387343,-0.00498478819,0.001034340744,0.00427401154
2025-05-27,0.0252983331,0.02502611395,0.02361119689,0.004709869033,-0.01694915254,0.02629545953,0.01061715957,0.01756743376,0.02334610479,0.01145544604,0.06939947712,0.01745323915,0.01287110584
2025-05-28,0.001048836968,-0.006310081666,-0.003618324896,-0.002206006113,-0.00226601787,-0.003123090742,-0.005350730539,-0.006784993652,-0.007228206676,-0.002384334515,-0.01650643586,-0.001015635975,-0.003484384037
2025-05-29,-0.002345039388,0.004787005284,0.004085431002,0.003592494845,0.005924715472,-0.002900925338,0.007544440347,0.003339726547,0.002886132657,0.007170192554,0.004286911755,0.009037585702,-0.001439730607
2025-05-30,0.004501166856,-0.00335441153,-0.002486479185,0.001927462395,-0.006576942326,-0.0006981407326,0.01061346152,-0.001399585042,0.003662597486,0.007890310787,-0.03339564619,0,0.01668383892
2025-06-02,0.004231968185,0.007999607012,-0.001133115431,-0.002205879088,0.02658105126,-0.01577976691,0.001224030922,0.002500014949,0.003497344404,-0.0124197605,-0.0108814556,0.001343416809,0.01063609722
2025-06-03,0.007783885702,-0.004548692042,0.01293101923,-0.001105594955,-0.008855551214,-0.01686098504,-0.006306304684,0.006083289905,0.0021646595,-0.005542942295,0.004610541775,-0.002012597205,0.002104909048
2025-06-04,-0.002213824651,0.007388989179,-0.006494919524,0.006224958445,0.006441974073,0.01125296562,-0.007770977167,-0.007698936366,0.001943912554,-0.005394081722,-0.03549540073,0.002800842609,-0.00630130985
2025-06-05,-0.01079772038,0.003281416535,0.0004508082631,-0.001924463953,-0.005049878916,0.0009521406719,0.002871717988,-0.00859135333,0.008213506571,-0.01898162779,-0.1425989379,-0.0007819964392,-0.01399088177
2025-06-06,0.01639824488,0.02722333492,0.01926572018,-0.005372077876,-0.0134160737,0.03251876368,0.008915745953,0.0144303638,0.005773203536,0.007493814968,0.03667018614,0.004807627334,-0.005002020129
2025-06-09,-0.01211253212,0.01596660714,-0.002223805166,0.001523262469,0.004718534884,0.01510355189,0.001290050004,0.0038006803,0.005038503651,-0.008901315814,0.04553761353,0.001335282677,-0.0002052690707
2025-06-10,0.006055990447,0.00290351597,0.004903102455,0.001936074881,0.0002935109886,0.01425403933,0.007859456823,0.006973113733,-0.003870960705,0.00172231805,0.05674382827,0.008556514749,-0.001333933147
2025-06-11,-0.01919364344,-0.02026562957,-0.007984135099,0.003174230809,0.005412290791,-0.006998815335,-0.007606431244,-0.001675316553,0.003609898172,-0.004482765912,0.001042645717,-0.005398930176,-0.01561858899
2025-06-12,0.002112841326,0.0001876573428,-0.002459051069,0.003714118557,0.01242020025,-0.009303705288,0.009017173284,0.0003355563315,0.0132241441,0.006600266744,-0.02242443246,0.004874370618,-0.01012529721
2025-06-13,-0.01380528023,-0.005346085914,-0.01187809693,-0.003563427678,0.01310056431,-0.00586232931,0.002808659745,-0.01226510282,-0.008165061896,-0.01777167979,0.01942907615,-0.009701279706,-0.004112604975
2025-06-16,0.01002813528,0.01885902822,0.007257857908,-0.001925630595,-0.01425909654,0.01202284093,-0.01196684581,0.02041883722,0.008800795626,0.003743556967,0.01174266808,0.0007792107481,-0.001588384347
2025-06-17,-0.01401073402,-0.005923177895,-0.004053237189,0.003169747789,0.00051319412,-0.004638911923,-0.01829666587,-0.003106945772,-0.00229580415,-0.01466939175,-0.0388296375,-0.003559507421,-0.0004241400802
2025-06-18,0.004804669485,-0.01070665196,0.01876569294,0.0005493919674,-0.005385627565,-0.01494733869,-0.01082828093,0.01647387277,0.00460210978,-0.003154217882,0.01801795979,0.003460683908,0.008912428439
2025-06-20,0.02248453965,-0.0133164021,0.009764768986,0.0006866055509,-0.0004190191411,-0.03854152163,-0.006236237298,0.003796097834,-0.005913668985,0.006708096777,0.0003416111576,-0.0006675363995,0.01083195842
2025-06-23,0.002487517487,-0.005818118205,0.01758235952,0.002469803779,0.003063172458,-0.008701440307,0.01021425879,0.0118908935,0.0180141649,0.01225796885,0.08231930939,0.01502842223,0.01820632883
2025-06-24,-0.005955364956,0.02062648355,0.007775394611,0.003011188068,-0.01571937875,0.009564929751,0.005749472937,0.01074506336,0.008456812775,-0.004160743262,-0.02354592069,0.002632110613,0.001328286913
2025-06-25,0.006290653307,-0.003665924537,0.00407186196,0.0002730199967,0.003037305818,0.02344523666,0.0005913095581,0.009955237144,0.004407168234,-0.008667940745,-0.0379475824,-0.02406475558,-0.007550987935
2025-06-26,-0.002778342852,0.02419920511,0.01302037143,0.002864909456,-0.001107047224,0.01675664749,-0.00177308459,0.0165105267,0.01052274916,-0.002138741626,-0.005403721812,-0.0009281092716,-0.01274943402
2025-06-27,0.0003980119353,0.02846355966,-0.007163843267,-0.002312607418,-0.01812372899,0.0287540761,0.002631461572,-0.005679641993,-0.003035486574,0.00775376683,-0.006599526995,0.002492373188,0.01301814597
2025-06-30,0.02034015987,-0.01751009229,0.004244427055,0.003953890838,0.0119845473,-0.01288283611,0.002230815765,0.00975239476,0.002964083167,-0.003377868015,-0.01844699543,0.006441397947,0.005243194132
2025-07-01,0.0129161548,0.004877192795,0.01754020806,-0.0007490231547,0.008923010663,-0.002213142175,0.0207529185,0.001724599236,-0.01077587497,0.0119255872,-0.05335897504,0.007298473786,0.00470433989
2025-07-02,0.02223079468,-0.002449462617,0.01163020309,-0.001090906645,0.005527596405,0.01592355912,-0.002308855213,0.005475045956,-0.001950984045,-0.0001240866608,0.04968242781,0.002340859584,-0.006412839438
2025-07-03,0.005224985465,0.01586943217,0.004516571749,-0.00245684647,-0.006822911404,0.004982099166,0.002892697969,0.01858220628,0.01578126566,-0.002295211545,-0.0009503811144,0.001112116486,0.007683684903
2025-07-07,-0.01685796223,0.0002685535903,-0.005518099016,-0.003284256099,0.0007487805489,-0.01526200728,-0.004743231456,-0.01361486498,-0.0022452582,-0.002051813423,-0.0678928278,-0.008553594183,0.01006502397
2025-07-08,0.0002857655444,-0.01839173306,-0.03103161837,-0.0005490900831,-0.01044341187,-0.01374509388,0.003348985434,-0.03147581352,-0.00221010128,-0.01626167948,0.01316593551,-0.001456621996,-0.02274784173
2025-07-09,0.005380696032,0.01449668429,-0.00657481207,0.003983412843,0.004471282664,0.01296166582,0.003145258645,0.001343915154,0.01387381386,-0.002343525351,-0.00648061748,0.0007854522316,-0.002883909843
2025-07-10,0.006015023968,-0.001258195326,0.002775531316,0.0001369101228,0.002225789532,0.005661733687,0.009022201914,0.01776369439,-0.004031706213,0.006158081662,0.04728264838,0.00627877339,-0.02014254032
2025-07-11,-0.005884811715,0.0124179332,-0.00510979264,-0.004103956472,0.009601575193,0.01446920324,-0.005009745637,-0.004615029416,0.003669145816,-0.009085673885,0.01174690905,0.0001113703305,-0.004849230767
2025-07-14,-0.01202883493,0.002977504916,0.007275920638,-0.000137240382,-0.003655317427,0.007603052458,-0.0005099292997,0.006414281947,-0.0005960652013,-0.02094888226,0.01081300126,0.006461617407,0.01461858118
2025-07-15,0.002348752344,0.002924381474,-0.01954533577,-0.003022499647,-0.004155705135,0.002423526706,-0.01052160402,-0.007447122708,0.005566410201,-0.007023953568,-0.0193120708,-0.01472214326,-0.004071814015
2025-07-16,0.00502127844,-0.01396069616,-0.002600250203,0.001929073245,0.004988096125,0.005329590369,0.06193207237,-0.002547547209,-0.0003954734583,0.006877199542,0.03504091219,0.009437162702,-0.002515976289
2025-07-17,-0.0006660714312,0.003091547264,0.02150767442,0.0002752512906,-0.002173533402,0.00333395937,-0.01092374499,0.01427470121,0.01202491552,0.01229416484,-0.007025863995,-0.001112896397,-0.000630580598
2025-07-18,0.005523128579,0.01005002658,0.00638030518,0.001649976703,0.002600924348,0.008061785194,0.004417680109,0.004725730398,-0.003224549647,0.003474506519,0.03205907804,0.002116988903,-0.0004205717358
2025-07-21,0.006155935435,0.01401847654,0.003381141261,0.002882541615,0.01537011579,0.02723444661,0.00403185587,-0.001029981896,1.955853086e-05,-0.0004514668182,-0.003518894839,0.00411372556,0.006522773678
2025-07-22,0.009036118109,-0.007980819044,0.006107948385,0.001642631292,0.009484882235,0.006522893036,0.02172062123,0.001580919792,-0.009391040503,0.02122183671,0.01102010784,0.01716319359,0.001881459558
2025-07-23,-0.001166023916,0.003604836071,0.007745391266,-0.002049948599,-0.01240118112,-0.005801243277,0.006967356951,0.01828913294,0.001187529627,-0.0002527620065,0.001355009566,0.001959465514,-0.00177351713
2025-07-24,-0.001821117921,0.01725876104,0.00519317998,-0.001232452826,-0.006118276978,0.01019818996,0.00272011565,-0.0007077218705,0.009903698352,0.003348427933,-0.08197020076,-0.003476700575,0.009615343031
2025-07-25,0.0005614158591,-0.003401771092,0.001239981742,0.002467839931,-0.009249992648,0.005255724141,-0.007430930408,0.006980432974,0.005539590347,-0.003211262297,0.03524405567,0.0001089782761,0.009006251927
2025-07-28,0.0007948153452,0.005833005662,-0.004540728902,-0.00164117646,-0.006473618328,-0.003105819691,-0.01235890336,-0.001138629539,-0.00235551681,-0.007517443125,0.03015249906,-0.01602526326,0.001436254559
2025-07-29,-0.01298759523,-0.007646371539,-0.005805616759,0.005205459087,0.002750389076,0.01646070077,0.01137050942,-0.00415715178,0.0001366145746,-0.00318247998,-0.0134831665,0.01606468655,0.007376340647
2025-07-30,-0.01050791504,-0.003549595623,0.0002086408866,-0.002589197949,-0.01727349729,0.003984665409,-0.005056285062,0.008719339098,0.001307092945,-0.02381709216,-0.006724793213,-0.01417507753,-0.007525646581
2025-07-31,-0.007079644851,0.01702940235,-0.01438707343,0.0001367230523,0.006645401571,-0.02355880242,-0.01506622678,-0.01131398842,0.03947474498,-0.01576397731,-0.03375758288,-0.01404714161,0.003996372359
2025-08-01,-0.02500354482,-0.08269617086,-0.03405964096,0.008662542502,0.02029968996,-0.01443456696,0.01572165593,-0.023190553,-0.0176007243,0.001196254424,-0.01829559909,-0.002468047698,0.005205042902
2025-08-04,0.004792959023,-0.01443541841,0.004161209921,0.0006792423537,0.005823229258,0.03124821348,0.02217168275,0.01689875702,0.02199914166,0.0007301252471,0.02190795617,0.01023402062,0.01116859877
2025-08-05,-0.002114581808,0.00992207023,-0.006324920629,0.0004074807316,0.0008040912066,-0.001896985524,-0.001753899155,-0.00982133501,-0.01473013923,-0.001658314194,-0.001746131177,0.004564106975,-0.002811515364
2025-08-06,0.0509066828,0.0400467722,-0.003072924703,-0.0008145235837,-0.002121107001,0.007294410277,-0.0008786269775,-6.861370295e-05,-0.005324358744,0.01561359403,0.03624644467,-0.007757123257,0.04078145001
2025-08-07,0.03179373913,0.003688576012,-0.0110084376,-0.0004073287367,0.008437987495,0.002192940895,0.005510308857,-0.01513643909,-0.007810365733,0.004121427841,0.007377028929,0.002903808858,-0.00232197144
2025-08-08,0.04235789596,-0.001971955505,0.02426533814,-0.002174613291,-0.0002235798586,0.02493375768,0.0104938773,0.006342927991,0.002303941063,0.0001302571409,0.02290006868,-0.008240624005,0.005915412829
2025-08-11,-0.008337425181,-0.006241858074,0.003260224378,0.0006809214442,-0.01437470109,-0.002085103062,0.002826976479,0.002770421457,-0.0005171863323,0.009575979518,0.02845443669,-0.006624725548,0.001928074261
2025-08-12,0.01087237036,0.0007681796954,0.02902951708,0.0001362828207,-0.0009074665058,0.01164176515,-0.00598325558,0.01136202732,0.01431657899,0.0007097262551,0.0053387534,0.005651630969,-0.002982690383
2025-08-13,0.01602447391,0.01395221168,-0.005473605223,0.003674355419,0.003049283015,-0.006786642027,0.009491832957,-0.007922225759,-0.01636297371,0.002063411592,-0.004283509772,0.009329058567,-0.02538131165
2025-08-14,-0.00235716146,0.02858923334,0.009949070177,-0.002847581381,-0.006338706734,0.004852382836,0.001720000317,0.01249453559,0.003649561441,-0.01074578233,-0.01119694224,-0.007127021488,-0.001386269978
2025-08-15,-0.005112222817,0.0002164821746,-0.01613917333,-0.001359620894,0.0005858183101,0.004730457802,0.01098902957,-0.0124762745,-0.004421169114,0.004032713444,-0.01495914302,0.005720088096,-0.006112386303
2025-08-18,-0.00302258795,0.00199111248,0.02087767005,-0.001089326355,-0.001561267541,-0.001961712885,-0.002207933648,0.003580205478,-0.005901990537,0.008810671171,0.01391579785,-0.008475510646,0.00699994251
2025-08-19,-0.001429203288,-0.01503309389,0.003339049465,0.001908373397,-0.005473279448,-0.009483953842,0.008794368992,-0.002984272841,-0.01417507812,0.01721036078,-0.01745436818,0.01720842788,0.005859051014
2025-08-20,-0.0197345907,-0.01842023179,0.005615571624,0.0006802864827,0.01012217528,-0.01116242306,0.00584932242,0.005435842413,-0.007944763828,0.007007526374,-0.0164283007,0.002874825915,0.01263699334
2025-08-21,-0.004911316334,-0.008310623433,-0.001861431092,-0.0024472391,-0.003469895114,0.002157327213,0.0005031950319,-0.002634764749,-0.001287469977,-0.004890051453,-0.01170116893,-0.002976874506,-0.04494493656
2025-08-22,0.01271680536,0.03104302539,0.02527975345,0.005042847719,0.01070642694,0.03173961637,0.002011941634,0.01636525221,0.005929802111,-0.000377871288,0.06216620951,0.01935193357,-0.01153531617
2025-08-25,-0.002634298654,-0.003932852259,0,-0.001356250564,-0.002414836861,0.01164549819,-0.004908214166,-0.004523312059,-0.005855335195,-0.01588215244,0.01938177156,-0.005749555701,-0.007848801382
2025-08-26,0.009464670755,0.003378100659,0.01556184154,0.001222442195,0.007262047244,-0.006475158461,-0.003500609569,0.01244496831,-0.004402508003,-0.001152542292,0.01462783391,-0.002618663545,-0.0002081730026
2025-08-27,0.005145914813,0.001792612441,0.002587104496,0.0009493452492,0.002018728883,0.001641392626,0.001699773903,0.002377924262,0.009361753193,0.006347289135,-0.005886220733,0.006235633745,0.0003123245214
2025-08-28,0.008980837065,0.01082407053,0.002183350824,0.001219262916,0.007419038047,0.02005015469,-0.007579638024,0.005981039644,0.00572287541,-0.008346181993,-0.01035467693,-0.002609268506,0.0003122270053
2025-08-29,-0.001806001529,-0.01122627822,0.004951469121,-0.001217778124,0.009649901777,0.006000717545,0.009803413487,0.001162616523,-0.005788381951,0.008930324579,-0.03500206799,0.005450182961,0.009052154668
2025-09-02,-0.01042471691,-0.01598254874,-0.00630671747,-0.002134503205,0.02364255931,-0.007327023461,0.005023375093,-0.005706383245,-0.003098558635,0.006049515926,-0.01350828116,-0.01658717873,0.008970869427
2025-09-03,0.0380898412,0.002884570719,-0.007139885789,0.003269803106,0.007831992196,0.09136503481,-0.0003369920129,-0.0006339698042,0.000455371942,0.001139217222,0.01436121932,0.0005512154846,0.01624939919
2025-09-04,0.005493363876,0.04287794569,0.01118646161,0.003802178954,-0.004418882618,0.007110011208,0.004269715366,0.01439020582,0.005184547566,0.006448903185,0.01328983953,0.007492332152,0.01498391094
2025-09-05,-0.0003754065842,-0.01421415033,-0.01132300627,0.00473493189,0.01334594055,0.011622886,-0.001846068604,-0.03107102786,-0.02553300412,0.005213766365,0.0363630922,0.01126423383,-0.004161280879
2025-09-08,-0.007551389041,0.01510779701,-0.00622864786,0.003231500484,0.01138806727,-0.003194388351,-0.001681293013,-0.004993581833,0.006464623177,-0.006311682705,-0.01265534856,-0.005839786145,0.01761015063
2025-09-09,-0.01483941628,0.01017642975,0.01678132477,-0.001878996155,-0.002269905469,0.02388492284,-0.00656819829,0.0168652102,0.0004215307551,0.002830114497,0.001645517709,-0.00228433059,9.776682045e-05
2025-09-10,-0.03225946602,-0.0332018279,-0.003181574412,0.001748029401,0.003592205639,-0.001919711343,-0.006611799225,0.009031438561,0.00393248586,-0.01323219828,0.002363337814,-0.00163543682,-0.01837903809
2025-09-11,0.01428636527,-0.001649827985,0.01236783501,0.00214768268,-0.001491379781,0.005017383271,0.01541622806,0.01670322543,0.001279073428,0.00813480426,0.06043873745,0.01823741824,0.02230845702
2025-09-12,0.01756300956,-0.007827802025,-0.003349687667,-0.001205521583,0.001971572598,0.001788892959,-0.002465038834,0.00441810863,0.01774414523,-0.004602087152,0.07356092585,-0.00461175766,0.008183109322
2025-09-15,0.01123583764,0.01437650172,0.0001976129996,0.001877484415,0.01040483601,0.04489202463,-0.003706652051,0.006483942754,0.01070795901,-0.006776380426,0.03561147148,-0.001616145848,0.001932622523
2025-09-16,0.006125935389,0.01132096296,0.001383703716,0.0001336836734,0.002006410753,-0.001788470641,-0.005298632641,0.0009387874484,-0.01226326282,0.007779229339,0.02824111387,-0.005288196341,-0.002603956232
2025-09-17,0.00352722002,-0.01038243069,0.01460719718,-0.001739633379,-0.007715171664,-0.006489901775,0.004193511644,0.008279763676,0.001925152915,0.01442568282,0.01005642589,-0.001301860544,0.008218872271
2025-09-18,-0.004644573125,-0.001683789819,0.01420236338,-0.002547413085,-0.00400630946,0.01001885248,-0.0171557048,0.004747464737,-0.003078267684,-0.01877364006,-0.02115713981,0.002172680429,-0.006425582851
2025-09-19,0.03203293872,0.001081174608,0.002301883286,0.0004033494102,0.01060722725,0.01067335248,0.01165597862,0.004948371892,0.01864482628,-0.008136453353,0.02211827057,-0.006504078878,-0.01225862796
2025-09-22,0.04309567282,-0.0166320672,-0.006315825676,-0.001881015797,0.01730643093,-0.008597728119,-0.01123788953,-0.007433813577,-0.006719030453,-0.01903352643,0.01910480435,0.0002182078276,0.00478838261
2025-09-23,-0.006443258426,-0.03040020217,-0.004237287821,0.002019209557,0.004086375053,-0.003445076777,0.0136041612,0.0009601934308,-0.01014666224,-0.003723727598,-0.01925332331,0.005454344738,-0.002917749459
2025-09-24,-0.008332350414,-0.002265416088,0,-0.002015140566,-0.009063049727,-0.01796081034,0.0006229823668,0.002174442577,0.001806545677,-0.0005246138786,0.03977927016,-0.009835886134,0.002048446085
2025-09-25,0.01807296698,-0.009354764791,0.002901323236,-0.001076772159,0.004165188877,-0.00546245584,0.005885990593,9.572892713e-05,-0.006115801242,-0.00177142505,-0.04381307961,-0.002986771591,0.003114982659
2025-09-26,-0.005489100657,0.007471945581,0.006943165656,0,0.005772270441,0.003051365639,0.01114060332,0.008326538442,0.008737149194,0.00230038926,0.04017567411,0.009874597506,0.001067399197
2025-09-29,-0.004031962462,0.01087450816,0.004022160474,0.002560142919,0.01649651434,-0.01009976558,0.01062812407,-0.001170535183,0.006139201652,0.006754023164,0.006380557669,0.0003297157644,-0.0007754625967
2025-09-30,0.0007861150086,-0.01170270903,-0.015833587,-0.0004031403125,0.008540004082,-0.003892598978,0.0209228927,-0.0008236524973,0.00651001734,0.0007816415925,0.003406984939,0.004063603852,-0.0001940902666
2025-10-01,0.00322034169,0.004827606336,-0.01763909915,0.002522421173,0.001575372202,0.007404312256,0.003397588544,-0.01496365217,0.003398079104,-0.003058962964,0.03314442839,0.001531379769,-0.01067340217
2025-10-02,0.00657662791,0.008067800117,-0.003946288055,0.001076559005,-0.003482825151,0.003225793973,-0.0003762039002,-0.01017033709,-0.007638978318,-0.007376847053,-0.05105992228,-0.005242404778,-0.0025499902
2025-10-03,0.003461279463,-0.01303902301,0.003169523077,-0.001209839458,0.008032937892,-0.001383794904,0.01430262244,0.008063798853,0.003121608691,0.001446907001,-0.01415140694,0.003732936109,0.003638152719
2025-10-06,-0.00515457626,0.006332282923,-0.004936756517,-0.002287695828,0.01884573862,0.02070503873,-0.002544487199,0.002106708988,0.02168765904,-0.01221523894,0.05448669046,-0.009407155428,0.006172206563
2025-10-07,-0.0008181444268,0.003983725247,-0.001984499598,0.001888421551,0.005159462258,-0.01864793189,0.003879590354,-0.004819191815,-0.008683906701,0.01416129087,-0.04447877256,-0.003643850877,0.005258041152
2025-10-08,0.006160271,0.01551087772,-0.008948158863,0,0.01649095688,-0.004638629678,0.004235308348,-0.01189505626,0.001660362669,-0.01212788174,0.01293035201,-0.005208923952,-0.003293236362
2025-10-09,-0.01557780115,0.0111890785,-0.001003199623,-0.0006730681207,-0.01845284809,-0.01263186798,0.007327775069,0.004933694935,-0.004667933745,-0.0007300341213,-0.007180455171,-0.005459123562,-0.01098160517
2025-10-10,-0.03452204513,-0.04992539783,-0.02289609098,0.003906695971,0.01009770001,-0.020535653,-0.001884016639,-0.01518664747,-0.02189895347,-0.005910413048,-0.05062684915,-0.01277024359,0.0006877973291
2025-10-13,0.009744359001,0.01710039419,0.00431648472,0.0016102443,0.02430104394,0.03204112894,0.0009437864291,0.02353012494,0.006047390991,-0.01469698124,0.05419720959,0.006354366948,0.002749523561
2025-10-14,0.0004441421356,-0.0167219876,0.02517396695,0.001473857418,0.007141189223,0.005324582296,-0.0002619246896,-0.01912525526,-0.0009337311959,0.01132270939,-0.01527874227,0.01026036425,0.0498432232
2025-10-15,0.006336473629,-0.003789417569,0.0437213138,-0.0006690435519,0.01733240357,0.02273377089,0.001676708665,0.01195044747,-0.0002726300873,-0.01166538663,0.01376852995,0.01450901862,0.01697604659
2025-10-16,-0.007579986804,-0.005102778987,-0.03519518574,0.003748425657,0.02338727695,0.00171298851,0.004969378955,-0.02338969756,-0.003544799537,0.01478777392,-0.01470755828,-0.00352036836,-0.02347972627
2025-10-17,0.01955945719,-0.006667636156,0.01665344188,-0.001333775788,-0.01881705573,0.007317228043,0.005725670961,-0.003282597244,0.003850730985,0.01203200881,0.02462973192,0.006513556345,0.01183433695
2025-10-20,0.03943882372,0.01614721437,0.01482064691,0.001335557122,0.03640197439,0.01283063374,0.002587637567,0.01613108605,0.006250022376,0.003698876365,0.01848351998,0.01009095924,-0.00631210144
2025-10-21,0.002021049274,0.02563748689,-0.009992252035,0.001200274118,-0.06426889261,-0.02373801774,-0.009498180865,-0.0174294636,0.001683581745,-0.002237582983,-0.01079495486,-0.002823275731,-0.007753425515
2025-10-22,-0.01644017902,-0.0183759035,-0.008152206659,0,0.0001060559484,0.004910968713,0.005524298264,-0.01003071818,0.005563554533,0.003825373306,-0.008201547295,0.004246987616,0.008661274227
2025-10-23,0.004372053262,0.01440697148,0.01291584968,-0.001998058645,0.004002358382,0.00552269988,-0.002436011687,0.001462145717,3.83836029e-05,6.588392899e-05,0.02280340282,-0.0006506002712,-0.00261336734
2025-10-24,0.01248177947,0.0141119473,0.01564911754,0.001334843907,-0.003352832711,0.0270270205,-0.01075502019,0.02003122975,0.005859043866,0.008845249761,-0.03398817184,0.002929648993,-0.006457068074
2025-10-27,0.02279127406,0.01230986318,0.00856007113,0.0005329984101,-0.0278395305,0.03597247147,-0.000525143995,0.01234851708,0.01510680884,-0.004918307026,0.043115402,0.002812973613,-0.01601204815
2025-10-28,0.0007068103233,0.01004537501,-0.002829163652,0.0005329210727,-0.007166030388,-0.006684584226,-0.01770884955,0.00397827656,0.01984868713,-0.00243844516,0.01796997066,-0.01963533174,-0.01244376606
2025-10-29,0.002602234666,0.004580165984,-0.00548503566,-0.004926713599,-0.003787268413,0.02654501245,-0.001765383892,0.0004913110033,-0.0009593535958,-0.01717642207,0.002084511992,-0.02575112969,-0.006881859898
2025-10-30,0.006303229091,-0.03230569841,0.008558221989,-0.001739667617,0.01964188673,0.02516665732,0.01312973191,0.01286373929,-0.02915704506,0.005444654534,-0.04639120108,0.004744198699,-0.002244761111
2025-10-31,-0.003795042898,0.09584492754,0.007920150583,-0.0002678437518,-0.005430550723,-0.001030395752,-0.0009522051171,0.005429059347,-0.01512103684,0.005281409609,0.03740057084,0.00258572361,-0.01027098543
2025-11-03,-0.00488225788,0.04004585509,0.002057961725,-0.001157120543,0.001792903594,0.008997522478,-0.01381903038,-0.005689033402,-0.001506273298,-0.01562803233,0.02586735067,-0.001457700401,0.004052169395
2025-11-04,0.003679658452,-0.01842516801,-0.0003733802221,0.000538741622,-0.01751719583,-0.02178209205,0.003221312463,-0.0003232499562,-0.005222061797,-0.005742583509,-0.05147636613,0.001684357522,0.006693599195
2025-11-05,0.0003703646252,0.003529558793,-0.02035862355,-0.002826766534,0.0115643695,0.02439283813,-0.004602358505,0.007857652657,-0.01394054758,-0.009376903009,0.04008913062,0.0008968652441,-0.007822409389
2025-11-06,-0.001369762543,-0.0286171213,0.01601524364,0.003914735649,-0.001200519576,0.001547675477,0.00521506943,0.005582718976,-0.01983595088,0.002332211182,-0.0349730634,-0.00481627719,0.002069567733
2025-11-07,-0.004818879189,0.00563697504,-0.001688868692,-0.0005378722994,0.00611902147,-0.02079012632,-0.002139358954,0.002520532757,-0.0005632641779,0.00581664609,-0.03675632866,0.01553189,0.008949579968
2025-11-10,0.004548721603,0.01632498742,0.004135337774,-0.0002691848534,0.0273411186,0.04041885487,0.009862265705,0.00852933799,0.01847748335,-0.01006934759,0.03657576452,-0.0005541953097,-0.001657013794
2025-11-11,0.02160110353,0.002818084639,0.003931127807,0.002826109995,0.003937814407,0.004171029485,0.02876699949,-0.00400774947,0.005296468708,0.02089337823,-0.01260026443,0.01119984291,0.009959032133
2025-11-12,-0.006466791552,-0.01967085121,0.008950219594,-0.0004025922293,0.01611076209,-0.01579081091,0.002889068529,0.01517648857,0.004836078412,-0.003568041546,-0.02051769509,-0.007456950491,0
2025-11-13,-0.001901440104,-0.02710890745,-0.02291633632,-0.002953428335,-0.008083098516,-0.02839098899,0.004424158558,-0.03411245337,-0.01535785227,-0.0003377425013,-0.06644220962,-0.0122638846,-0.008700708702
2025-11-14,-0.00197847614,-0.01216432093,-0.004917728841,-0.001480932371,-0.01804791117,-0.007753901523,0.003482702908,-0.01896745511,0.01368988557,-0.001960046093,0.005870832425,0.002125235793,-0.0005851135134
2025-11-17,-0.01817114313,-0.007754941861,-0.02147875426,0.0005391869261,-0.0114639793,0.03114929993,0.01862915995,-0.01067152853,-0.005272655281,-0.01252784622,0.01130210772,-0.008259825106,0.00458614716
2025-11-18,-7.469218596e-05,-0.04431653833,0.003107954974,0.0008086570044,0.007264932736,-0.002596263867,0.002104355326,-0.003196056143,-0.0269955129,0.008023638101,-0.01875675725,0.004051748415,-0.01515296095
2025-11-19,0.004187757744,0.0006290693675,0.007358663121,-0.0004038977328,0.001629451961,0.03000564678,0.01254998695,0.01289197001,-0.01350786105,0,0.006828636098,-0.007846583245,-0.007693053006
2025-11-20,-0.00860139398,-0.02492255149,-0.01960782715,0.001481730272,-0.0002933255656,-0.01147500658,0.002765313353,-0.0161241477,-0.01600128637,0.008163739814,-0.0216836542,-0.004180392473,0.06460591747
2025-11-21,0.01968065896,0.01634891343,0.01098041119,0.002421402403,-0.001547331147,0.03527385943,0.004087270516,-0.001206565715,-0.01318895837,0.01842230138,-0.01047495011,0.01622425475,-0.0167118207
2025-11-24,0.0163175259,0.02532963105,0.007175998951,0.00174446262,0.0158442391,0.06313807001,0.01054438183,-6.706668723e-05,0.00398206748,-0.02610660216,0.06824516784,0.00267939514,-0.01196355802
2025-11-25,0.003805424507,0.01498143631,0.01059121696,0.00227727963,-0.0003156907704,0.01525525114,0.00937730918,0.01677849484,0.00630793909,0.01027364319,0.003877627273,0.009241808565,0.02825295033
2025-11-26,0.002094015298,-0.00222055345,0.009718016956,0.001069274683,0.007998338908,-0.01079014443,0.004306337043,0.01531355501,0.01784106796,-0.001616399328,0.01711967759,0.004413083282,0.01962622211
2025-11-28,0.004683887401,0.0177168681,0.01245525147,-0.001602198834,0.01242433135,0.000718822598,-0.003083427705,0.01768296085,0.01340892675,-0.0006070145003,0.008415835174,0.003295164451,0.0129239538
2025-12-01,0.01524118957,0.002829961661,-0.007642172417,-0.003903824175,0.004821066035,-0.01652190304,-0.007635851435,-0.01328726497,-0.0107112195,-0.004859584125,-6.973703038e-05,-0.01149549203,0.009229901197
2025-12-02,0.01091482053,0.002308847592,-0.0009392059187,0.0009426896369,-0.006440050714,0.002921493688,0.0003896608397,-0.00336659808,0.006697657758,-0.01071623586,-0.002092398715,-0.003544067028,0.007890273048
2025-12-03,-0.0071281073,-0.00870230058,0.01692051192,0.001480181581,-0.0009296182229,0.01209588693,-0.0004381230203,0.01380411576,-0.02504083083,0.005827518598,0.04076973348,0.002556323317,0.01779202985
2025-12-04,-0.01214148337,-0.01407179707,0.001294097115,-0.001881026668,0.0006461951945,-0.006288490401,-0.0138801013,0.0127190789,0.006509927133,-0.00920184062,0.01743745515,-0.002438929251,0.003758325347
2025-12-05,-0.006840070477,0.001833172571,0.001299259804,-0.001211480685,-0.001782353299,0.0114916297,-0.002716378631,-0.003353358639,0.004824912832,-0.01313986569,0.001034037846,-0.001111470193,0.002351134064
2025-12-08,-0.003192453468,-0.01150176188,-0.0009268181963,-0.001482471557,-0.002639449869,-0.0228615901,-0.001535130234,0.0005395609074,0.01626790557,-0.03562216941,-0.0338901394,-0.007676821252,-0.01346542689
2025-12-09,-0.00255501937,0.004539639394,-0.006679011033,-0.0006748038936,0.005137202013,0.01071008667,-0.008233273704,-0.04663551965,0.002036553307,0.009324916108,0.01271674559,-0.003812125948,0.01320887428
2025-12-10,0.005772445949,0.01693576975,0.01008591608,0.002971350162,0.004259147967,0.009871356078,0.03290653781,0.03194556628,-0.02735661947,0.001360733035,0.0141069672,0.003601592659,-0.01633923047
2025-12-11,-0.002690290705,-0.006471654189,0.008875754546,0,0.01076983054,-0.02429658397,0.01680059191,0.02344333309,0.01025997934,0.006722870652,-0.01010078067,0.004373678015,0.02067499379
2025-12-12,0.0008992558754,-0.01776097082,0.01063044005,-0.003097199211,0.00559457904,-0.01005014025,0.007475876406,0.0035919305,-0.01021778196,0.01477694084,0.02700883083,-0.001228264878,0.01227393819
2025-12-15,-0.01498503593,-0.01613691638,0.003445818011,0.001215839504,0.0009103412638,-0.003459625427,0.01224118439,0.004709253113,-0.007752945826,0.0160319891,0.03562403348,0.003130298177,0.000771242242
2025-12-16,0.001824120627,8.989068511e-05,-0.009398183846,0.001888685814,0.0002274554276,-0.005353302721,-0.02273890364,-0.01396785578,0.003306541643,0.0005512386139,0.03065369422,-0.007355455299,-0.0117304798
2025-12-17,-0.01008697656,-0.005796159689,-0.004743638846,-0.0002693036292,0.008588228474,-0.03212971824,0.004921156326,-0.001806380738,-0.0005668130934,0.01790506733,-0.04617456294,0.00370497946,0.002079409955
2025-12-18,0.001287513234,0.02481127188,-0.005316264838,0.002121908076,-0.0018032037,0.01934483667,-0.009603979084,-0.006286084841,0.01650851078,-0.01549282098,0.0344775607,-0.005257284604,-0.007176221726
2025-12-19,0.005437456457,0.002601921022,0.01861414489,-0.001483505617,0.001128990343,0.01553931998,-0.009313004723,0.01345040042,0.004008420179,-0.007284178312,-0.004489279293,-0.003823271396,-0.004093017619
2025-12-22,-0.009866019826,0.00475032568,0.01103673268,-0.0002702421592,0.0230816055,0.008529679888,0.00460338422,0.01853665287,-0.002057928034,-0.01225263912,0.01564837612,0.005137364134,-0.0153900151
2025-12-23,0.0051297261,0.01624132922,0.001610571058,-0.0001349501488,0.01325234186,0.01475246285,-0.007428149128,0.008790098783,0.00398002381,0.003433991301,-0.006486226253,-0.0006799360839,-0.01509766404
2025-12-24,0.005323815835,0.001033882544,0.005002631304,0.002432127823,-0.004134082565,-0.0008271339575,0.009719125698,0.009940825508,0.002403125458,0.00914944054,-0.0003295239783,0.006577475947,0.006402155768
2025-12-26,-0.001497353025,0.0006024588463,-0.001422247417,0,0.01167673547,-0.001846597635,-0.0007218866387,-0.003827783457,-0.0006351605156,0.001730170968,-0.02103418126,0.001126616401,0.001164745567
2025-12-29,0.001316813245,-0.001935304232,-0.01459849179,0.001482602243,-0.04352830195,0.0001594604412,-0.0003371927521,-0.01268643007,-0.001250745694,-0.001174458719,-0.03272372675,0.002025661759,0.00706999222
2025-12-30,-0.002483993295,0.001982123672,-0.00126468436,-0.0004038414123,0.0007275678386,0.0009249568493,-0.003131614346,-0.001019221472,0.0007801596803,-0.003596929976,-0.01133500524,0.002021566749,-0.005420782164
2025-12-31,-0.0044676015,-0.007353853112,-0.005065143247,-0.00269281242,-0.006467991163,-0.002708377141,0.0001933520695,-0.003710437622,-0.007918308223,-0.005137132802,-0.01036461398,-0.008182059482,-0.004556777298
2026-01-02,-0.00312652388,-0.01871591364,0.0172728066,-0.000404991754,0.004970859259,0.0068690447,0.001932850422,0.01011731226,-0.02208343569,-0.01060643802,-0.02590499392,0.0003390075717,0.01211739009
2026-01-05,-0.01383711329,0.02896246163,0.01680063415,0.001890865514,0.0263131742,0.004410648466,-0.01466128067,0.02629966406,-0.0001903375157,-0.01001480681,0.03104528015,0.002259428211,-0.0004434467081
2026-01-06,-0.01833430883,0.03376810778,0.006328046093,0,0.01081314905,-0.006950255217,0.002349376129,0.006224745154,0.01197000025,-0.003276941218,-0.04142409595,0.007326437296,0.0144618691
2026-01-07,-0.007737477406,0.002614887735,-0.02812231545,0.001078411007,-0.009559953917,0.02430495071,0.01318427529,-0.02277276666,0.01036549924,-0.01336580812,-0.003579979267,-0.009734840773,-0.01416822782
2026-01-08,-0.004955108338,0.01958103898,0.009705316574,-0.001750543019,0.005522515914,0.01074595909,-0.008385973312,0.008563009249,-0.01108655123,0.02528250901,0.01017589785,0.008926564017,0.003105025464
2026-01-09,0.001273895415,0.004425724253,-0.005874028976,0.002158276734,0.007242001159,0.009617777518,-0.006609915597,-0.00181935804,0.002447183426,0.002402301258,0.02113359851,0.002015906634,0.01291234712
2026-01-12,0.003392850224,-0.003678565948,-0.01181733676,-0.0009421479216,0.01872272961,0.01001300492,0.02607761547,-0.01427750592,-0.00438162997,0.0112075939,0.008876163688,0.001341177105,0.03003582012
2026-01-13,0.003073862369,-0.01570168823,-0.01177751291,0.0008083464722,-0.001421040873,0.01238485735,0.01873923264,-0.04188109571,-0.01364259357,0.005436980271,-0.003920124914,0.005580980248,0.0202593826
2026-01-14,-0.004175360214,-0.02452601837,-0.03777044366,0.00201944067,0.01022222685,-0.0003869535304,0.02293468603,-0.009745895268,-0.02398706559,0.01462838806,-0.01788908717,0.008658080147,-0.002658688046
2026-01-15,-0.006731876247,0.00646523904,0.00209605539,-0.001478027951,-0.006127660831,-0.009111522857,0.004667178067,0.004514940301,-0.005921024377,-0.01175262317,-0.001434437307,0.006932950747,-0.006997700441
2026-01-16,-0.01037907328,0.003946605384,0.007225726577,-0.00161462116,-0.004818883831,-0.008353871352,-0.004144506288,0.0103795879,0.00700734687,-0.0006914835009,-0.00243976402,0.01224046718,0.00419463098
2026-01-20,-0.03455563492,-0.03395782571,-0.01642444573,-0.00363874698,0.03783617489,-0.02424236984,-0.002057972023,-0.03113902438,-0.0116122537,0.01708990859,-0.04171428571,-0.01857051576,-0.008270659056
2026-01-21,0.003850831107,0.001341980773,-0.0005758075277,0.002840518457,0.01456897962,0.01981368518,-0.000916556069,-0.002312154694,-0.02290327847,-0.006394606494,0.02907573629,0.003960402688,0.005475541495
2026-01-22,0.002826612053,0.01309929883,0.007297886917,0.000404609378,0.01846258415,0.006577736544,0.002201738523,0.005264191143,0.01582944981,0.02649593296,0.04153528372,-0.009861949428,-0.01281835432
2026-01-23,-0.001248289506,0.02056843646,-0.01391798898,0.001078659985,0.01374530498,-0.007896232611,0.007551791931,-0.01946449154,0.03282795085,0.008577835995,-0.0006675890216,0.001992035236,-0.0008486673391
2026-01-26,0.02971296252,-0.003094185825,0.005800455174,0.001212029838,0.01462884761,0.0162535082,0.006132548392,0.01115144199,0.009292820813,-0.00439552734,-0.03086444,-0.001325411369,-0.0007644947313
2026-01-27,0.01119757803,0.02625616372,0.00288346509,-0.0008070417335,0.02453194232,0.003870761292,0.01331882521,-0.002424963346,0.02190185887,-0.007692883223,-0.009880556503,-0.0003317715097,-0.005950331111
2026-01-28,-0.007085445328,-0.006825233852,-0.006900492633,-0.000403846788,0.03877334849,0.004364196881,0.01461419321,0.001531722083,0.00218485692,-0.006741270222,0.001299599829,-0.0102887522,-0.003164039156
2026-01-29,0.007175077196,-0.005267268048,0.02451268695,0.0001346355131,0.002709471742,0.006666405517,-0.001888320068,0.01878520005,-0.09993146245,0.01737476328,-0.03453389466,0.01397272538,0.007206004714
2026-01-30,0.004646139447,-0.01005250783,0.002260706102,-0.0004039555593,-0.1027424527,-0.0007390768798,-0.0001760151189,-0.001729648052,-0.007404862065,0.01247505305,0.03324852647,0.0009922166045,0.01473465355
2026-02-02,0.04058122413,0.01529462439,0.01560147292,-0.001013658636,-0.04004945912,0.01683434087,0.01540160417,0.007355584989,-0.01608216421,0.009356250438,-0.01998096241,-0.01035244945,0.04129593918
2026-02-03,-0.00196291226,-0.01786306996,0.007773490255,0.0002705487356,0.06358720612,-0.0115803006,0.01018416862,0.02177578742,-0.02872195839,0.0139043335,0.0003555958781,-0.002225650422,0.02942126066
2026-02-04,0.02601295434,-0.02359395583,0.01707992734,-0.0004057650939,-0.0007044119796,-0.01963432234,0.005877270221,0.007686145349,0.007246960021,0.00997931831,-0.03779974882,0.01438761135,0.002270776898
2026-02-05,-0.002097650856,-0.04420791797,-0.007945177334,0.00433009052,-0.02663170761,-0.005374779306,0.01415959692,-0.02240988936,-0.04954246909,0.01109202236,-0.02167438757,-0.001429326639,-0.008281230927
2026-02-06,0.008009793894,-0.05554804877,0.02894066858,0.0001348640332,0.03073229479,-0.02532829146,0.009251875218,0.03946347076,0.0189752411,0.003530657313,0.03499406912,0.01574543394,0.03340152949
2026-02-09,-0.01166051395,-0.007607484061,-0.002122736373,0.0002693824153,0.02540290594,0.004522119395,-0.005625250283,-0.0009304832464,0.03106151287,-0.01155994446,0.01510550022,0.00422763566,-0.0164658372
2026-02-10,-0.003422920611,-0.008432323192,-0.01808191375,0.002962923874,-0.009913720521,-0.01769866256,-0.001215159227,-0.01185969342,-0.000797959944,0.01112311689,0.01890631648,0.01338512383,-0.01798176443
2026-02-11,0.006650129249,-0.01391575565,-0.02780289383,-0.002014216768,0.01131057754,-0.02391859189,0.01053069896,-0.02343845508,-0.02153555364,0.005783242132,0.007196438513,-0.005538950344,0.01633786404
2026-02-12,-0.0499818113,-0.02195215449,-0.02469819265,0.004574882423,-0.0347282896,-0.006303051873,0.01532009938,-0.0263174586,-0.006256627631,0.007562541962,-0.02615168463,-0.00117824132,0.03781932869
2026-02-13,-0.02273339685,-0.004058180324,0.0005712028034,0.002946550152,0.02487866391,-0.01061484422,-0.004498095888,-0.0002974717523,-0.001294005019,-0.007071517537,0.0008871295243,0.01436993392,0.001870697405
2026-02-17,0.03166786356,0.01187182801,0.003615649877,-0.0001334709331,-0.03117025434,-0.01210264609,-0.0004928681562,0.01513805082,-0.01111336627,-0.003248605289,-0.01631371579,0.009514764359,-0.03764279117
2026-02-18,0.00178111722,0.01809594581,0.01175573586,-0.001068523271,0.02248992927,0.004337473125,0.006822043974,0.005372297953,0.00690420907,-0.0168599335,0.001680350762,-0.01172892598,-0.01730697129
2026-02-19,-0.01426146943,0.0003418493409,-0.01105693341,0.0004010992575,0.002793049626,-0.001582377089,0.007837008163,-0.002364178344,-0.000576916865,0.01083767016,0.0009481282795,-0.002119366025,-0.01382088108
2026-02-20,0.01535037304,0.02562725756,0.005495516473,-0.0001336802405,0.01971450432,0.04005280731,-0.01790123787,0.008894727676,-0.003086835555,0.014001017,0.0002672169037,0.007539546546,-0.01505569666
2026-02-23,0.006047343657,-0.02303553531,-0.03750470586,0.002138760638,0.02701550039,-0.01108008102,0.01381496173,-0.04221498361,-0.03212247165,0.0273043875,-0.02911471162,0.0001054188082,0.02292869131
2026-02-24,0.02239094649,0.01602763783,-0.012923479,-0.0005335490258,-0.01385890426,-0.001894070859,0.007115423002,-0.001243073263,0.01178245056,0.0006659842076,0.02388519779,0.002529221892,0.007471603685
2026-02-25,0.007679856785,0.00997315811,0.02539178049,-0.0002668658611,-0.002507262722,0.006432848202,-0.00450706763,0.02018163554,0.0298200671,-0.01143513676,0.01959057335,-0.002733044406,-0.007889546351
2026-02-26,-0.004667610138,-0.0129130328,0.01180112708,0.001468307272,0.008575889154,-0.01764131075,-0.006933951792,0.009330752403,0.002795794059,0.00220332096,-0.02113082763,0.00685141644,-0.01057655532
2026-02-27,-0.03213049694,0.01000385653,-0.04722747151,0.001999551983,0.01313141675,0.01424947465,0.02037208457,-0.01904425243,-0.0223539056,0.02106868365,-0.01485627541,0.001779792759,0.02837163504
2026-03-02,0.002044093269,-0.007666669573,-0.0004013332301,-0.004029809022,0.01291989664,-0.01680794345,0.0005233059077,-0.009124176976,0.01479349621,-0.02206939299,0.002012366249,0.002508076681,-0.006643208241
2026-03-03,-0.003664253612,0.001631538648,0.003212185959,-0.001071835902,-0.044612215,-0.009591529565,-0.007281934247,0.00907384134,0.0134989463,-0.02317897018,-0.02700092842,-0.005316398776,0.006372975592
2026-03-04,-0.004663548763,0.03875826073,0.006603867738,-0.000670539485,0.00781811644,-0.001482187743,-0.005876380743,-0.002897472487,0.003144157538,-0.008890546945,0.03442654746,0.001257626796,-0.0007818473978
2026-03-05,-0.008494516845,0.009777672934,-0.009741437432,-0.002281650697,-0.01201776824,-0.007422644642,-0.02311454586,-0.01950641828,0.01352413698,-0.02722676864,-0.0009607691927,-0.01004813769,-0.03520851331
2026-03-06,-0.01087255368,-0.02617153404,-0.01796897149,-0.001345150377,0.01583250339,-0.007843650721,0.003213241239,-0.01386468055,-0.004188178756,-0.002337818024,-0.02174818659,-0.01089023852,0.003973769385
2026-03-09,0.009399570838,0.001313253461,-0.01521377206,0.002828651543,-0.002069673219,0.02698531011,0.009109827359,0.001519975213,0.001100381985,0.01034951694,0.00491513532,0.002244779023,0.004361819651
2026-03-10,0.003655462797,0.003934593266,0.01377870201,-0.003089264432,0.01127967872,0.002219686728,0.004616886075,-0.004104588805,-0.008915253325,0.005089507022,0.001404629199,-0.001493167518,0.006273173811
2026-03-11,-7.663617951e-05,-0.007838417021,-0.0008237420592,-0.004446265503,-0.003390104145,0.005406473475,-0.002954335895,-0.004190842402,-0.002168781698,-0.01724240291,0.02149087591,-0.0103610467,-0.01302753235
2026-03-12,-0.01936276638,-0.0146719737,-0.02864796736,-0.003654034988,-0.01965392563,-0.01668294205,-0.003909676059,-0.01610313906,-0.007459048347,-0.01839295062,-0.03141091003,-0.006907710514,0.01490002429
2026-03-13,-0.02205192177,-0.008877013417,-0.00869933881,-0.0009508243984,-0.01293696128,-0.004183788716,-0.002148359891,0.001944175349,-0.01570198026,0.0009966371859,-0.009645319016,0.001630274127,0.009494891843
2026-03-16,0.0107948675,0.01959843675,0.007277400336,0.003806917304,-0.000889687669,0.01085086275,0.006914533535,0.009596391467,0.0111238138,0.00975772506,0.01114515648,0.008354997965,-0.004189051481
2026-03-17,0.005577044389,0.01634075454,0.004674827871,0.00203171505,-0.002519392048,0.01754161511,-0.02088902414,0.002551058768,-0.001350190095,-0.004207200961,0.009379086556,0.004411880247,-0.007222764094
