date,AAPL,AMZN,BAC,BND,GLD,GOOGL,JNJ,JPM,MSFT,PG,TSLA,VNQ,WMT
2021-03-19,116.8697281,153.7480011,34.12335205,72.26683807,163.2400055,100.5172272,138.9759369,136.6204376,221.0345764,112.8372574,218.2899933,75.15595245,41.1996994
2021-03-22,120.1813049,155.5435028,33.35285568,72.47224426,163,100.7022018,139.3753662,132.9481964,226.4464569,114.7500687,223.3333282,75.68751526,41.39672852
2021-03-23,119.3534241,156.875,32.67977905,72.63487244,161.8099976,101.2298355,139.2451477,131.6184692,227.9721832,116.883255,220.7200012,75.57952881,41.8877182
2021-03-24,116.9671249,154.3535004,32.67977905,72.7461319,162.3699951,100.7934341,140.5998077,132.6399994,225.9379272,116.8479614,210.0899963,75.15595245,41.62814713
2021-03-25,117.4541245,152.3130035,33.35285568,72.69478607,161.7799988,100.7899704,140.651886,134.3395996,222.9440765,117.6589279,213.4633331,75.92118073,41.9095993
2021-03-26,118.0580063,152.6015015,34.25619507,72.56640625,162.2400055,100.4066467,143.2223053,136.576355,226.9166565,119.3954315,206.2366638,77.55857086,42.25987244
2021-03-29,118.2333374,153.786499,33.9285202,72.47224426,160.3099976,101.451004,144.1862335,134.4540558,225.7268066,121.2641525,203.7633362,77.10746002,42.74148941
2021-03-30,116.7820663,152.7644958,34.53073502,72.54927063,157.5700073,101.4847336,143.2917938,136.0392151,222.4739075,119.3954315,211.8733368,77.20769501,42.45064163
2021-03-31,118.9735565,154.7039948,34.26504898,72.51502991,159.9600067,102.2806549,142.7186737,134.0577545,226.2353363,119.3778152,222.6433258,76.73986053,42.47877884
2021-04-01,119.801445,158.0500031,34.97356796,72.74839783,161.9799957,105.6160812,141.3987427,135.3611145,232.5492401,118.36409,220.5833282,78.13498688,42.41311646
2021-04-05,122.6260452,161.3365021,35.24811172,72.63686371,161.9199982,110.0385284,141.9197388,136.0786133,238.9975281,120.2768555,230.3500061,78.43574524,43.60462952
2021-04-06,122.9279633,161.1909943,35.15068054,72.8942337,163.2200012,109.5575104,141.8849945,135.1219482,237.8364258,120.3209763,230.5399933,78.63623047,43.81415939
2021-04-07,124.5740356,163.9694977,35.46950912,72.80844879,162.7599945,111.0338135,142.0760498,137.2390137,239.7939453,120.5325317,223.656662,78.69470978,43.72034073
2021-04-08,126.9700317,164.9649963,35.15953827,72.97142029,164.5099945,111.5991364,141.5202637,137.4073486,243.0084839,120.9909058,227.9333344,78.40231323,43.69219971
2021-04-09,129.5413971,168.6100006,35.41636658,72.8770752,163.2700043,112.6028366,140.0266876,138.4348907,245.5033112,120.2063751,225.6733398,78.31043243,43.71408081
2021-04-12,127.8271637,168.9694977,35.47836304,72.85990906,162.2799988,111.3110199,140.3653412,138.1425476,245.5608978,120.691185,233.9933319,78.76989746,43.72034073
2021-04-13,130.9342041,170,34.82300186,73.04862976,163.4299927,111.797493,138.4896393,136.4949799,248.0365601,119.0957184,254.1066742,79.16252899,43.58586884
2021-04-14,128.5965881,166.6499939,35.31895828,72.99717712,162.7200012,111.1766129,138.8717194,133.9438477,245.2538452,119.5276489,244.0766602,78.7448349,43.57022476
2021-04-15,131.0024261,168.9544983,34.3093338,73.30599976,165.3500061,113.3258514,139.279892,134.7942047,249.005661,120.973259,246.2833405,80.1232605,43.83293152
2021-04-16,130.6712799,169.9720001,34.67244339,73.10868073,166.3500061,113.201889,140.8863678,135.7951508,250.1955566,120.9820862,246.593338,80.2986908,43.97365952
2021-04-19,131.3335571,168.6004944,34.6901474,73.0657959,165.8899994,113.5494995,141.2771301,135.2194214,248.276413,120.4179459,238.2100067,80.45741272,43.69219971
2021-04-20,129.6485291,166.7344971,33.72481537,73.1858902,166.4799957,113.0164185,144.5683136,132.2253418,247.8158569,121.4228287,239.6633301,81.11737061,44.029953
2021-04-21,130.0284119,168.1009979,34.29162216,73.26313019,168.1300049,112.983696,144.6638336,133.3503418,250.0420532,120.6294785,248.0399933,81.65203094,44.15817642
2021-04-22,128.5089569,165.4519958,33.97279739,73.29743958,167.0399933,111.702774,143.4394226,130.5422516,246.7699585,119.4318542,239.8966675,81.20926666,43.67969894
2021-04-23,130.8271027,167.0440063,34.69901276,73.30599976,166.3999939,114.053833,143.7346802,133.0403137,250.5889587,118.8197937,243.1333313,81.6854248,43.75161743
2021-04-26,131.2166901,170.4499969,34.90270233,73.25453949,166.8399963,114.5497513,142.5189056,133.368042,250.9728088,116.4423141,246.0666656,81.9276886,43.12928009
2021-04-27,130.8952789,170.8715057,35.31895828,73.0657959,166.4199982,113.6100159,141.7026367,133.979248,251.3758392,116.3713455,234.9133301,81.91938019,43.27625656
2021-04-28,130.1063232,172.9250031,35.45179367,73.10015106,166.9100037,116.9851227,140.6605835,134.8473206,244.2654724,116.5665131,231.4666595,81.743927,43.12301636
2021-04-29,130.0089111,173.565506,36.4082756,73.04006195,166.2200012,118.6572952,142.5884094,137.4693451,242.2983856,117.5511856,225.6666718,82.44565582,43.66718292
2021-04-30,128.0414734,173.3710022,35.89461136,73.14300537,165.6600037,116.7103882,141.3118744,136.2469482,241.9817505,118.3584824,236.4799957,82.77147675,43.75474167
2021-05-03,129.093338,169.3244934,35.92118073,73.161026,167.8099976,116.1936569,143.4654388,135.8483429,241.6746521,119.7601089,228.3000031,82.61273956,44.44588852
2021-05-04,124.5253372,165.5935059,36.31085968,73.25556183,166.5800018,114.396019,145.6885223,137.7262268,237.7692261,119.3520584,224.5333405,82.07808685,44.00805283
2021-05-05,124.7688293,163.5269928,36.65625381,73.29850006,167.2700043,114.7897644,145.0806885,139.5332947,236.5026855,118.3939667,223.6466675,80.71637726,43.97053528
2021-05-06,126.366188,165.3184967,37.20534897,73.33292389,170.0599976,115.9095154,145.6624298,142.3413391,239.6308289,119.8843002,221.1799927,81.16750336,44.28449631
2021-05-07,127.0393448,164.5805054,37.355896,73.34147644,171.5899963,116.6325226,146.3224487,142.8285675,242.250473,119.8931732,224.1233368,82.23682404,44.01761627
2021-05-10,123.7612,159.5245056,37.24077988,73.16963959,172.1100006,113.648201,147.8594971,142.8107758,237.1839447,122.128685,209.6799927,82.21176147,44.21228409
2021-05-11,122.8440857,161.1954956,36.8156662,73.02358246,172.1399994,112.5725861,146.65242,140.4367981,236.2723846,121.5254669,205.7333374,81.17584991,43.81354523
2021-05-12,119.7805481,157.5970001,36.47027206,72.76580811,170.4299927,109.1107025,146.0619354,139.4712677,229.3347321,120.239151,196.6300049,79.12076569,42.68014145
2021-05-13,121.9269714,158.0735016,37.0547905,72.91188812,171.1300049,110.5383987,147.5903168,143.0588379,233.2017822,122.1730576,190.5633392,80.14831543,43.40225601
2021-05-14,124.3465729,161.1450043,37.51532364,73.08372498,172.6900024,112.9851837,147.8160858,145.282196,238.1147003,122.4302902,196.5800018,81.10067749,43.80413055
2021-05-17,123.1953049,163.5195007,37.85185623,73.01499176,174.6999969,113.5078659,147.9636688,145.8668518,235.2648163,122.1819229,192.2766724,81.1842041,43.6063385
2021-05-18,121.8098984,161.6139984,37.3381958,72.93764496,175.0399933,112.1962051,148.0157928,143.8117981,233.2497406,120.9311218,192.6233368,81.20090485,44.55450439
2021-05-19,121.653801,161.5899963,37.16991806,72.86031342,175.1600037,112.6439896,147.6945343,142.7133636,233.8267822,121.1795349,187.8200073,80.94193268,44.55764008
2021-05-20,124.2099915,162.3840027,37.08135986,73.10088348,175.9600067,114.4019775,148.554184,142.4653473,237.0583801,122.4214401,195.593338,81.85253906,44.71461487
2021-05-21,122.3757706,160.154007,37.55074692,73.11811829,176.0399933,113.7662277,148.4586487,144.0863953,235.7984467,122.4214401,193.6266632,81.7689743,44.50427628
2021-05-24,124.0051041,162.2494965,37.75443649,73.20400238,176.3500061,117.0843124,149.0266418,144.8658295,241.193985,122.3859863,202.1466675,82.78818512,44.50741196
2021-05-25,123.8099747,162.9524994,37.20534897,73.39304352,177.9499969,117.1750412,148.6159821,143.3688507,242.098114,122.8029099,201.5633392,82.7631073,44.6894989
2021-05-26,123.7612,163.2579956,37.23191452,73.36723328,177.6399994,118.039917,147.7334137,143.351181,241.8768921,122.5278702,206.3766632,83.13069153,44.63613129
2021-05-27,122.2294235,161.5054932,37.68358994,73.26415253,177.7100067,117.1656265,147.5062408,145.5834045,239.7802277,119.7423553,210.2833405,82.93854523,44.48542786
2021-05-28,121.5757599,161.1535034,37.54188538,73.25556183,178.3800049,116.8765106,147.8907013,145.4859619,240.1360474,119.6270447,208.406662,83.43978882,44.59217453
2021-06-01,121.2537766,160.9324951,38.01126862,73.25041199,177.8999939,118.0830307,144.6401672,147.0892944,237.9432068,117.8794327,207.9666595,84.94350433,44.476017
2021-06-02,122.0147705,161.6994934,38.02897644,73.3278656,178.7700043,117.5578918,145.2256317,147.0981293,237.8470306,118.3939667,201.706665,85.9376297,44.378685
2021-06-03,120.5317917,159.3504944,38.46476364,73.19015503,175.2700043,116.4168167,145.0857849,147.1955719,236.3178253,120.5141602,190.9466705,85.62017059,44.45717621
2021-06-04,122.8245621,160.3110046,38.4825592,73.48278046,177.1600037,118.697464,145.0246277,147.4347992,241.2035828,120.6028519,199.6833344,85.66196442,44.53566742
2021-06-07,122.834343,159.9004974,38.34915543,73.4311142,177.8699951,119.130394,144.0372314,146.7438354,244.1082153,121.0198212,201.7100067,86.67279053,44.23740005
2021-06-08,123.6538773,163.2055054,38.13571167,73.56880188,177.3200073,118.9389648,142.7702026,146.1591949,242.9155884,119.6181641,201.1966705,87.39123535,43.90146255
2021-06-09,124.0343704,164.0574951,37.63765717,73.71509552,176.9799957,119.4100723,144.6925659,144.3344421,243.8966217,119.5738297,199.593338,87.50818634,43.66598892
2021-06-10,123.0392303,167.4824982,37.07736206,73.87000275,177.7400055,120.7584457,145.9945679,142.0844574,247.407074,120.4609222,203.3733368,88.134758,43.91715622
2021-06-11,124.2490234,167.341507,37.22856522,73.85277557,175.7400055,120.5139465,144.1420746,141.9869843,248.0322266,119.6359329,203.2966614,87.78388214,44.19029999
2021-06-14,127.3028336,169.1934967,36.78387833,73.66347504,174.7100067,121.4417877,144.5003357,139.5775909,249.9558258,119.6802902,205.8966675,88.12638855,44.1306572
2021-06-15,126.4832687,169.1564941,36.81055832,73.66347504,174.0500031,120.424202,143.7313843,137.4604797,248.4842224,119.4496155,199.7866669,87.18238831,43.9548378
2021-06-16,126.9808197,170.7624969,37.01511002,73.45691681,171.1100006,119.7824936,143.6789551,138.4260254,247.5417633,117.7907104,201.6233368,86.61430359,43.06004333
2021-06-17,128.5809326,174.4620056,35.39648819,73.7064743,165.8500061,120.7455444,144.369278,134.431015,250.9272003,118.8641129,205.5333405,86.50570679,43.2389946
2021-06-18,127.2833023,174.3450012,34.48933411,73.93886566,164.9299927,119.1264191,141.5381622,131.02948,249.5134125,117.1253967,207.7700043,85.03540039,42.43839264
2021-06-21,129.0784912,172.697998,35.352005,73.68068695,166.9499969,120.8139725,143.1634216,133.2528992,252.5910797,118.0479813,206.9433289,86.78974152,42.8245697
2021-06-22,130.7176056,175.2720032,35.54767609,73.78394318,166.25,121.3277283,142.9712067,133.0580139,255.3609772,118.0923233,207.9033356,86.33863068,43.02236176
2021-06-23,130.4443817,175.1909943,35.75222397,73.73231506,166.1399994,121.125885,142.1061554,133.86409,255.130188,117.9237747,218.8566742,86.18825531,42.68641663
2021-06-24,130.1614685,172.4539948,36.31251907,73.76672363,166.0399933,121.4958267,142.7527313,135.0953979,256.4958801,118.0036469,226.6066742,86.00232697,42.98467636
2021-06-25,129.8687592,170.072998,37.01511002,73.62902832,166.5899963,121.5042572,143.4867249,136.459549,254.8897095,119.6891251,223.956665,86.58283997,43.49331284
2021-06-28,131.4980774,172.1945038,36.96175766,73.82697296,166.5800018,121.5315552,143.3207245,136.70755,258.4482422,120.0439987,229.5733337,86.33042908,43.35830688
2021-06-29,133.010376,172.4069977,36.36588287,73.86141205,164.8300018,121.2702026,143.3294373,136.5392303,261.0258789,119.2278366,226.9199982,86.09486389,43.10713959
2021-06-30,133.6250458,172.0079956,36.66827011,73.91304779,165.6300049,121.088707,143.9498749,137.7794189,260.5449219,119.6980057,226.5666656,85.64054871,44.27507401
2021-07-01,133.9274902,171.6484985,36.94396973,73.90615845,166.1999969,121.4407959,145.0158844,139.1435242,261.2182007,119.9730225,225.9733276,86.01074219,43.74134445
2021-07-02,136.5519714,175.548996,36.59711456,74.03541565,167.2899933,124.2307434,147.6547546,139.0098724,267.0368958,120.5585022,226.3000031,86.27156067,43.98937225
2021-07-06,138.5618286,183.7870026,35.63660431,74.30258179,168.1199951,125.1555862,146.7722321,136.675705,267.0465393,120.6294785,219.8600006,86.902565,43.93599701
2021-07-07,141.0497284,184.8289948,35.352005,74.45773315,168.7599945,125.4372559,148.0305328,136.8360443,269.2297668,121.5343399,214.8833313,87.20545197,43.86378479
2021-07-08,139.7520752,186.5704956,34.48933411,74.52670288,168.6499939,124.0189819,147.7421265,134.4751587,266.8156738,121.5166016,217.6033325,86.96144104,43.8260994
2021-07-09,141.5765839,185.9669952,35.60992813,74.29399872,169.2100067,124.4895859,148.3276062,138.7782745,267.3158264,121.5609512,218.9833374,88.39172363,44.04902649
2021-07-12,140.9813843,185.9275055,36.13465118,74.26809692,169,125.9346542,148.0916595,140.7649841,266.7194824,121.6585236,228.5666656,89.1489563,43.97053528
2021-07-13,142.0936584,183.8679962,35.44984818,74.03541565,169.2200012,126.2976608,147.9081573,138.6713562,270.239624,121.5077286,222.8466644,87.90377808,44.13692856
2021-07-14,145.518158,184.0839996,34.56048584,74.28536987,171.0399933,127.1858215,148.9130402,138.1991577,271.7111511,122.4037247,217.793335,88.51793671,44.44148254
2021-07-15,144.8645172,181.5599976,34.53380203,74.46633911,171.0700073,125.9639053,147.1217041,138.5020905,270.2876282,123.4504929,216.8666687,88.66095734,44.476017
2021-07-16,142.8254089,178.6815033,33.72448349,74.3973999,169.4100037,125.929184,146.8858185,135.3393402,270.0184021,124.6480789,214.7400055,88.60207367,44.44461823
2021-07-19,138.9813232,177.4795074,32.84402466,74.81969452,169.6100006,123.5568008,145.8197784,130.9381714,266.4213867,124.5859909,215.406662,86.98669434,44.34101486
2021-07-20,142.5912476,178.6595001,33.51993561,74.74215698,169.3899994,125.1749268,147.1916656,133.379303,268.6431274,123.9206772,220.1666718,89.03958893,44.54193878
2021-07-21,141.8594666,179.2599945,34.20473862,74.50083923,168.7599945,126.5034637,148.1003876,136.1857147,270.6435242,123.4859772,218.4299927,89.03117371,44.3221817
2021-07-22,143.2254181,181.9015045,33.76006317,74.6645813,169.0899963,127.3687973,148.5285339,134.4662018,275.2023315,123.0128403,216.4199982,88.32444,44.35357666
2021-07-23,144.9425812,182.8320007,33.52882385,74.57839966,168.5599976,131.9246521,150.1101379,134.2078705,278.5974731,124.7893295,214.4600067,89.05640411,44.71776581
2021-07-26,145.3621063,184.9909973,33.91124725,74.5353241,168.1600037,132.9362946,150.1800079,135.1076813,278.0011292,125.2267227,219.206665,89.0984726,44.78055191
2021-07-27,143.1961212,181.3195038,33.77785492,74.72492981,168.4400024,130.8187714,150.8703461,134.9294739,275.5871277,125.7355423,214.9266663,89.60327148,44.78369141
2021-07-28,141.4497375,181.5160065,33.91124725,74.79386139,169.2899933,134.9784088,150.4509277,135.1522522,275.2793274,123.8698502,215.6600037,89.2919693,44.60159683
2021-07-29,142.0936584,179.9960022,34.40039825,74.6645813,171.1699982,134.664505,150.4509277,136.3104095,275.548584,124.512558,225.7833405,89.308815,44.65811157
2021-07-30,142.3083038,166.3795013,34.11580658,74.77666473,169.8200073,133.6221161,150.468399,135.223465,274.0193787,126.9674911,229.0666656,89.42658997,44.75543594
2021-08-02,141.976593,166.5740051,33.76006317,74.95445251,169.6100006,133.7490997,150.529541,134.6800385,273.9328308,126.6550598,236.5566711,89.233078,44.65182877
2021-08-03,143.7717285,168.3119965,34.28478241,74.97172546,169.4900055,134.518219,152.3819885,136.2124329,276.144928,128.5028839,236.5800018,89.342453,45.15416718
2021-08-04,143.3717499,167.7359924,34.03576279,74.97172546,169.5299988,134.0178375,151.4820404,134.7424164,275.5582581,127.1459961,236.9733276,89.06480408,44.84648895
2021-08-05,143.4790802,168.7994995,34.70278168,74.79904938,168.8600006,135.1346283,151.7703705,136.4440308,278.4531555,127.2084961,238.2100067,90.10809326,45.6784935
2021-08-06,142.7951508,167.246994,35.70775604,74.44513702,164.6399994,134.6257935,151.2635651,140.3195343,278.3955078,126.2354813,233.0333405,89.94821167,45.59685516
2021-08-09,142.7462463,167.0935059,36.17021942,74.30704498,161.7200012,135.7906952,151.7878571,140.1680756,277.3085938,126.9228363,237.9199982,89.46865082,45.70675278
2021-08-10,142.2674866,166.0339966,36.84612656,74.19481659,161.7700043,135.6855621,151.840271,141.8875427,275.4909363,127.0031891,236.6633301,88.61891174,46.68003464
2021-08-11,142.5215149,164.6054993,37.30859756,74.24662018,164,135.1619263,151.8665009,143.5803375,275.9814148,127.3156204,235.9400024,89.14053345,47.09759903
2021-08-12,145.4821625,165.1750031,37.4864769,74.25525665,164.0399933,136.0693665,153.089798,144.1415863,278.7320862,127.6102142,240.75,89.33406067,46.9715538
2021-08-13,145.6873322,164.6985016,37.02401733,74.54872894,166.3899994,136.5985107,154.0072784,142.5290222,281.6558838,128.2262268,239.0566711,89.82204437,47.11965561
2021-08-16,147.6611176,164.9494934,36.72162247,74.61780548,167.2200012,137.1757507,155.3966522,141.5935669,283.3390198,129.118866,228.7233276,89.71264648,47.50410461
2021-08-17,146.7524261,162.0980072,36.54375076,74.54009247,166.9700012,135.5412445,156.8209381,139.8830109,281.8770142,129.3331299,221.9033356,89.62010193,47.48835373
2021-08-18,143.0100708,160.0610046,36.27694702,74.52285767,167.1000061,134.3386993,154.8286591,138.6090088,280.1521912,127.9226379,229.6633301,88.80400848,46.98416519
2021-08-19,143.3422852,159.3874969,35.74332809,74.68687439,166.6100006,134.5677948,156.0345001,137.4508057,285.9724426,129.4313049,224.4900055,89.233078,47.30242538
2021-08-20,144.7982025,159.9974976,35.90342331,74.66960907,166.6999969,136.3029633,156.7947693,137.8428192,293.2863159,129.5205688,226.7533264,89.67900085,47.72468185
2021-08-23,146.283432,163.2935028,36.38367081,74.68687439,168.7299957,138.8935547,156.1178894,139.6068115,293.5657654,128.8599854,235.4333344,89.51073456,47.4095726
2021-08-24,146.1954651,165.2890015,36.89060211,74.54009247,168.6499939,140.1035461,154.1665344,140.4710541,291.6096191,127.8155518,236.1633301,89.11529541,46.92113495
2021-08-25,144.9643097,164.9589996,37.4864769,74.41924286,167.4799957,140.9143372,153.1468964,143.3665161,291.0218506,127.36026,237.0666656,89.05640411,46.94004822
2021-08-26,144.1630554,165.8000031,37.38864136,74.42787933,167.6699982,140.2810822,152.3294067,144.1059723,288.2080994,127.1371155,233.7200012,89.09004974,46.43271255
2021-08-27,145.198822,167.4815063,37.78885269,74.6437149,170.1900024,142.8235626,152.0042114,145.2641449,288.8152161,127.0389023,237.3066711,90.02394867,46.17115402
2021-08-30,149.6153564,171.0785065,37.05068588,74.73002625,169.3500061,143.4052277,152.6458893,142.938858,292.544342,127.5923691,243.636673,90.92417145,46.54298782
2021-08-31,148.3548584,173.539505,37.13072586,74.63506317,169.6900024,143.5113678,152.1799774,142.5022736,290.8966064,127.1103287,245.2400055,91.35328674,46.66904449
2021-09-01,149.0193176,173.9499969,36.63268661,74.64804077,169.6999969,144.025116,152.7162018,142.2973785,290.8483582,128.4047089,244.6966705,92.81721497,46.56819916
2021-09-02,150.1332397,173.1560059,36.66844559,74.75176239,169.25,142.112442,153.7621765,142.9566803,290.1931152,128.5028839,244.1300049,93.30518341,46.81399536
2021-09-03,150.7683411,173.9024963,36.69526672,74.59617615,171.0599976,142.5612335,153.8588562,142.0924835,290.1835632,128.5922089,244.5233307,93.32201385,47.03143311
2021-09-07,153.1036682,175.4644928,36.93662643,74.37999725,167.7100067,143.0977936,151.4680328,141.8430481,289.2583923,128.1101074,250.9733276,92.27033997,46.40748978
2021-09-08,151.5597839,176.2749939,36.45389938,74.50102997,167.2899933,142.5131226,151.0988617,141.2104797,289.287323,129.0831909,251.2899933,92.73307037,46.46736526
2021-09-09,150.5436096,174.2079926,36.58800125,74.76909637,168.0299988,142.3643646,147.7322998,141.8251953,286.4350586,128.53862,251.6199951,90.8484726,46.13964462
2021-09-10,145.5603333,173.4575043,35.99800873,74.58753967,167.1799927,139.7212067,146.7654266,140.1947937,284.9510498,128.6635895,245.4233398,89.51913452,45.97262573
2021-09-13,146.1270599,172.8585052,36.59693146,74.69988251,167.7400055,141.1657715,145.7369537,142.4221344,286.1845398,130.0472717,247.6666718,90.12490845,45.71108627
2021-09-14,144.7297821,172.5,35.61361694,74.88147736,168.8200073,141.3760223,144.8580017,139.9364624,288.8825989,129.8240967,248.1633301,89.96505737,45.47158813
2021-09-15,145.618927,173.789505,35.88180161,74.81230927,167.8300018,143.245575,145.4029236,140.9075317,293.7295532,129.547348,251.9433289,90.25112152,45.55037308
2021-09-16,145.3844147,174.4120026,36.15892029,74.6739502,164.0299988,142.4328156,145.2271729,140.8452148,294.1150513,128.6457367,252.3300018,90.32683563,45.70163727
2021-09-17,142.7169189,173.1260071,36.20361328,74.57885742,163.7700043,139.645813,144.8140411,140.4799194,288.9597473,128.8510437,253.1633301,89.51913452,45.60709
2021-09-20,139.6683655,167.786499,34.96105957,74.78639984,164.9400024,137.5823669,143.9878082,136.2748108,283.5923157,127.5566254,243.3899994,88.97227478,44.98000717
2021-09-21,140.1470947,167.1815033,34.97894287,74.76909637,166.0399933,137.8933258,144.620636,136.2926025,284.0740967,127.753067,246.4600067,89.01433563,45.0682373
2021-09-22,142.511734,169.0025024,35.88180161,74.84690857,165.4199982,139.1335449,144.093277,138.9029846,287.7166443,128.1904907,250.6466675,89.88091278,44.96424484
2021-09-23,143.4693298,170.8000031,37.2673645,74.44915009,163.5099945,140.0584259,144.9107056,143.598114,288.6610107,128.7171478,251.2133331,89.70423126,44.98945999
2021-09-24,143.5572357,171.276001,37.66963577,74.29355621,163.3000031,141.0492249,144.4712677,145.2552338,288.4586487,128.1458282,258.1300049,88.74508667,45.11551285
2021-09-27,142.0427094,170.2899933,38.67081833,74.20707703,163.6399994,139.9156036,143.4252319,148.7654724,283.4671021,126.4586258,263.7866821,87.55142212,44.82559967
2021-09-28,138.6619415,165.7980042,38.58142853,73.88722992,162.0500031,134.716568,143.1087799,147.9636078,273.2045593,125.5034637,259.186676,86.95883179,44.27413559
2021-09-29,139.5608978,165.0559998,38.50097656,73.89586639,161.3200073,133.2521667,144.1723785,147.8477936,273.6671448,126.7799988,260.436676,87.610672,44.25523376
2021-09-30,138.2613068,164.2519989,37.94675064,73.87854004,164.2200012,132.5802002,141.9572906,145.8343506,271.6627808,124.798233,258.4933472,86.16307068,43.92120743
2021-10-01,139.3849945,164.1629944,38.5099144,74.12962341,164.5899963,135.4237213,141.0519714,148.8990936,278.581543,124.6018524,258.4066772,87.38211823,43.18698502
2021-10-04,135.9553223,159.4889984,38.74233246,74.07772064,165.3600006,132.5638428,139.9531708,148.7387238,272.8094788,123.8966064,260.5100098,87.39904785,42.7710228
2021-10-05,137.8802185,161.0500031,39.52897263,73.89582825,164.5899963,134.9080048,140.2696686,151.1676636,278.2539062,124.378685,260.1966553,86.79798126,43.05148315
2021-10-06,138.7498779,163.1004944,39.54685974,73.93049622,165.0299988,136.4373474,140.5597229,151.4903107,282.4456482,126.039093,260.9166565,87.62762451,43.36659622
2021-10-07,140.0103607,165.1215057,39.43958664,73.72267914,164.1600037,138.0837555,141.8166809,152.4493103,284.122345,127.0478287,264.5366821,87.86466217,43.87709427
2021-10-08,139.6292725,164.4309998,39.63624573,73.54084778,164.2299957,138.6396484,141.4562988,152.5658722,284.122345,126.5211411,261.8299866,87.03502655,44.00944519
2021-10-11,139.5413055,162.3150024,39.13564682,73.4282608,163.9199982,137.7752838,140.8585815,149.3571625,283.5249939,127.0478287,263.980011,87.25511932,43.96847534
2021-10-12,138.2710571,162.3665009,38.92110825,73.69669342,164.6600037,135.3305054,138.6083374,148.2098999,282.2240295,126.8603439,268.5733337,88.39798737,43.92120743
2021-10-13,137.6848145,164.2140045,38.56354523,73.89582825,167.5899963,136.4542236,139.9356232,144.3021088,285.5292664,127.1549606,270.3599854,89.04138184,43.60293579
2021-10-14,140.469574,164.9929962,40.2888031,74.02573395,168,139.9939423,140.7355042,146.5159454,291.7348328,128.5922089,272.7733459,90.12496185,44.07561111
2021-10-15,141.5248566,170.451004,41.4508934,73.84391785,165.3300018,140.2091675,141.7815094,149.330307,293.1418152,128.9224854,281.0100098,90.05723572,44.28989029
2021-10-18,143.1957397,172.3370056,41.37044525,73.80062866,164.9199982,141.607605,140.7443237,149.2765198,296.1097412,127.0656586,290.0366821,90.28582764,44.64597702
2021-10-19,145.3551788,172.2075043,41.54922867,73.59280396,165.4499969,142.062851,144.0404968,151.0870209,297.0155334,125.5659637,288.0899963,90.32815552,45.59448624
2021-10-20,145.843689,170.753006,42.09452057,73.50621033,166.8999939,140.6069183,143.9614563,153.1215973,296.2253418,126.0569229,288.6000061,91.75035858,46.00729752
2021-10-21,146.05867,171.7505035,41.86209106,73.40229797,166.75,140.7229156,143.6273956,151.9205475,299.4535217,125.1497574,298,91.87736511,46.2625351
2021-10-22,145.2867432,166.7774963,42.52359772,73.55819702,167.7700043,136.4388275,143.9087067,153.9640656,297.9117737,126.4970322,303.2266541,92.30910492,46.74466324
2021-10-25,145.2378998,166.0184937,42.46995926,73.59280396,168.9299927,136.320343,144.2250977,153.2111664,296.9191895,126.5150146,341.6199951,92.60539246,47.28667831
2021-10-26,145.9023132,168.8034973,42.8722229,73.73999023,167.6799927,138.1665497,145.6929932,153.6234741,298.8271179,128.3114624,339.4766541,92.859375,46.87387085
2021-10-27,145.4430847,169.6244965,42.04982758,74.008461,168.1199951,145.0189362,143.926239,150.4237366,311.4120178,127.3953247,345.9533386,92.07206726,46.48941803
2021-10-28,149.0779572,172.3285065,42.71131516,73.91318512,168.0800018,144.6534424,143.1439819,152.69133,312.5490112,128.158783,359.0133362,93.35883331,46.77933884
2021-10-29,146.3713379,168.6215057,42.71131516,73.93049622,166.6499939,146.832428,143.1703339,152.2701111,319.5545044,128.4372253,371.3333435,92.30910492,47.08499908
2021-11-01,145.5505371,165.9055023,42.77389145,73.87330627,167.5200043,142.3207092,143.293396,152.1894226,317.386322,128.1228638,402.8633423,92.76625061,47.20159531
2021-11-02,146.5863037,165.6374969,42.80071259,74.01199341,167.1600037,144.2403412,145.5523834,152.7899628,321.0095215,129.3983154,390.6666565,93.20645905,47.1795311
2021-11-03,148.0226746,169.1999969,43.23872375,73.88195038,165.7700043,145.3963013,145.0865021,152.8437042,321.8479004,130.2875824,404.6199951,93.5196991,47.32448578
2021-11-04,147.5047913,173.8500061,42.30905914,74.2201767,167.6499939,147.0520935,144.6821899,150.8360138,324.1991577,130.5300598,409.9700012,92.63079834,47.67111969
2021-11-05,148.0332184,175.9494934,41.9872551,74.44564819,169.8399963,147.6318512,143.6537628,150.6209259,323.8330383,131.1768036,407.3633423,93.10486603,47.34024048
2021-11-08,147.2112274,174.4490051,42.31799698,74.28087616,170.4499969,147.8093414,143.1615448,151.5261841,324.7290955,130.1977539,387.6466675,93.02868652,47.03773499
2021-11-09,147.573288,178.8114929,41.90679169,74.48901367,171.2899933,147.6977844,142.8450775,150.3789215,323.7270203,130.5929565,341.1666565,93.18953705,47.20159531
2021-11-10,144.7453308,174.1024933,42.21965408,73.98600769,173.1499939,144.6975861,144.3921051,150.2355347,318.7643738,131.8774567,355.9833374,92.75778198,46.77618408
2021-11-11,144.6963654,173.625,42.45208359,73.86460876,174.1199951,144.5716248,143.3285675,150.2265625,320.3349915,131.5001831,354.5033264,92.91016388,46.79509354
2021-11-12,146.7708588,176.2575073,41.93362427,73.87330627,174.4499969,147.459259,145.0425873,149.5543365,324.4689941,131.6439209,344.4733276,92.84243774,46.56190491
2021-11-15,146.7806854,177.2839966,42.0587616,73.56974792,174.1799927,147.2350922,143.7328796,149.2854462,323.8426514,132.3983765,337.7966614,93.49429321,46.29404449
2021-11-16,147.7592163,177.0350037,42.0855751,73.51769257,172.9199982,146.6638489,142.9857483,148.2098999,327.1574097,132.2097626,351.5766602,92.876297,45.11551285
2021-11-17,150.1957855,177.4499969,41.5760498,73.6738205,174.5,146.8334198,143.5218964,147.4121857,327.3795471,132.1289673,363.0033264,93.16412354,44.72792053
2021-11-18,154.4817352,184.8029938,41.40620422,73.76051331,173.9400024,148.61026,142.7483673,146.1394653,329.4550171,132.1469116,365.4599915,93.18107605,45.11235809
2021-11-19,157.104248,183.8285065,40.58380127,73.91666412,172.6100006,147.7057037,143.1790924,144.2304077,331.2313538,131.8774567,379.019989,92.63079834,44.86971283
2021-11-22,157.5641785,178.6284943,41.37044525,73.55237579,168.7400055,145.1027222,141.2945862,147.304657,328.0649719,132.7577362,385.6233215,92.17363739,45.62285614
2021-11-23,157.9457855,179.0019989,42.46103668,73.25751495,167.2799988,144.5869904,142.1705017,150.8270721,325.9893494,134.2307739,369.6766663,92.91864014,45.9474144
2021-11-24,158.4644012,179.0204926,42.57723236,73.43096161,167.1199951,144.9221954,141.7723694,149.6439972,326.2113647,133.5301971,372,94.04454803,46.17746735
2021-11-26,153.4444885,175.2279968,40.90561295,73.9513092,166.8500061,141.0175018,140.8522339,145.1356201,318.2662964,132.4612885,360.6400146,91.42868042,45.6606636
2021-11-29,156.8009033,178.0785065,40.75363922,73.94264221,166.6199951,144.3375702,141.3388519,144.5082397,324.975708,133.8535156,378.9966736,92.10593414,44.9453392
2021-11-30,161.7523193,175.3535004,39.75246048,74.08139801,165.5,140.734314,137.9590607,142.3571777,319.1448059,129.8654022,381.5866699,90.36201477,44.31510162
2021-12-01,161.2336426,172.1860046,39.18928146,74.12916565,166.1600037,139.8952789,139.8612976,141.5146484,318.6524353,131.5001831,365,88.87205505,43.21534348
2021-12-02,160.2453461,171.8679962,40.32104111,74.13786316,165.2400055,141.7940826,138.9853821,144.4903107,318.0829163,132.2726593,361.5333252,91.53873444,42.68909073
2021-12-03,158.3665314,169.489502,39.40486526,74.42454529,166.6300049,140.8374634,141.0115051,141.8731842,311.82724,134.6259766,338.3233337,91.23397827,43.33192825
2021-12-06,161.7718964,171.3684998,39.65636444,74.22473907,166.2200012,141.9815369,144.1611786,143.5492249,314.8971558,136.664978,336.3366699,92.83398438,43.80146408
2021-12-07,167.5060883,176.164505,40.15935898,74.05968475,166.8099976,146.0623016,144.5327759,145.7092743,323.3249207,136.3056641,350.5833435,94.17154694,43.65966415
2021-12-08,171.3223724,176.1580048,39.66534805,73.83384705,166.8999939,146.9717712,145.3998566,144.0421906,323.3731689,136.9164734,356.3200073,94.84879303,43.21850204
2021-12-09,170.8135529,174.1710052,39.96175766,73.86860657,165.8800049,146.4282837,146.7800446,143.8181,321.5679626,137.7159271,334.6000061,93.47734833,43.81962967
2021-12-10,175.5986023,172.2120056,39.98870468,73.89466858,166.5800018,146.7882843,146.4173126,143.2445374,330.6811523,139.6381226,339.0100098,93.7651825,44.6200943
2021-12-13,171.9682312,169.5675049,39.14437866,74.14653778,167,144.6311035,149.0361786,141.5415649,327.6498413,141.6231689,322.1366577,94.64561462,45.42371368
2021-12-14,170.588501,169.091507,39.63840485,74.0249939,165.4400024,142.7273407,150.6641083,142.6260376,316.9726868,142.144165,319.5033264,93.43502808,45.8571701
2021-12-15,175.451828,173.3150024,39.46773911,73.92942047,166.1499939,145.2405853,151.4161224,141.5594482,323.064209,142.6920624,325.3299866,94.74720764,46.11976624
2021-12-16,168.562912,168.8710022,40.41985321,74.0249939,168.1600037,143.2609406,153.0706177,143.7733002,313.6517944,144.7130432,308.9733276,94.71333313,45.35093689
2021-12-17,167.4669647,170.0175018,39.41384506,74.15522003,167.8000031,140.5632477,148.8414917,140.5018463,312.5898743,141.4345703,310.8566589,94.59483337,43.89872742
2021-12-20,166.1067657,167.0789948,38.76712036,74.03364563,167.0899963,140.4462128,148.4168243,137.9743347,308.8345947,141.7938538,299.980011,93.85830688,44.04110718
2021-12-21,169.2772369,170.4170074,39.69229126,73.95544434,167.0200043,142.2964172,147.9390869,139.9013214,315.9590454,141.70401,312.8433228,94.91651917,44.17398453
2021-12-22,171.8703918,171.0370026,39.77313232,74.03364563,168.5899963,145.214798,148.5760956,140.4481049,321.6644287,143.1052704,336.2900085,95.89006805,44.23093796
2021-12-23,172.4966583,171.0684967,39.89888,73.9212265,168.9700012,145.7121887,148.8591919,140.9499817,323.1028442,143.8058624,355.6666565,95.78846741,44.13285446
2021-12-27,176.4597168,169.6694946,40.09648895,73.95606232,169.3699951,146.6940613,150.1155548,141.7566223,330.5941467,145.4855499,364.6466675,97.41461182,44.53466415
2021-12-28,175.4420319,170.6609955,40.150383,73.94737244,168.6399994,145.4845886,150.7171936,142.1868896,329.435791,146.2670135,362.8233337,97.77350616,45.1737709
2021-12-29,175.5301208,169.201004,40.08751678,73.7033844,168.5899963,145.4528351,151.7789001,142.1151733,330.1115417,147.4796143,362.063324,98.43148804,45.15162277
2021-12-30,174.3754425,168.6445007,39.99768448,73.86894989,169.8000031,145.0020599,152.4512939,142.0434875,327.5725708,146.2041321,356.7799988,98.85874176,45.2971611
2021-12-31,173.7590027,166.7169952,39.96175766,73.85152435,170.9600067,143.6646118,151.354187,141.9269562,324.6764221,146.9316864,352.2600098,99.13218689,45.77806473
2022-01-03,178.1036377,170.4044952,41.47974014,73.35479736,168.3300018,143.8029633,151.7700195,144.9295044,323.1608276,146.3208923,399.9266663,98.354599,45.76541519
2022-01-04,175.8432159,167.5220032,43.10551834,73.34609985,169.5700073,143.2158356,151.3630524,150.4237366,317.6195679,146.8329163,383.1966553,98.23493958,44.92697906
2022-01-05,171.1658173,164.3569946,42.37796783,73.09339905,169.0599976,136.6456451,152.3716431,147.6736908,305.4267578,147.4975739,362.706665,95.42359924,45.5344429
2022-01-06,168.3085175,163.2539978,43.23127365,73.01496887,166.9900055,136.6183624,151.8497009,149.2425995,303.0133667,146.2580414,354.8999939,95.50907135,45.40789032
2022-01-07,168.4748383,162.5540009,44.17440414,72.81452942,167.75,135.8938446,153.902298,150.7212677,303.1677856,146.1772003,342.3200073,94.87671661,45.84134293
2022-01-10,168.4944458,161.4859924,43.94984436,72.75351715,168.2599945,137.5327759,153.1413879,150.8655701,303.3898315,144.1831512,352.706665,94.32982635,45.75275803
2022-01-11,171.3223724,165.3619995,44.20135117,72.90167236,170.2899933,138.5905304,151.5134888,151.0188599,304.0752563,142.5124512,354.7999878,94.47509766,45.62303925
2022-01-12,171.7627563,165.2070007,43.88697433,72.87554169,170.7400055,140.2711487,150.2216949,151.875412,307.2513123,142.826828,368.7399902,94.58617401,45.38258362
2022-01-13,168.4944458,161.2140045,43.79714203,72.99754333,170.1600037,137.4509735,149.3104553,151.6860962,294.2476807,142.1800537,343.8533325,94.39818573,46.02486038
2022-01-14,169.355545,162.1380005,43.03366089,72.5966568,169.6699982,138.3371582,148.49646,142.3629303,299.4607544,143.5453644,349.8699951,93.54366302,45.89513397
2022-01-18,166.1557465,158.9174957,41.55161285,72.14357758,169.3899994,134.883194,147.8417358,136.3939514,292.1720886,140.7788086,343.5033264,92.56098938,45.09150314
2022-01-19,162.6623077,156.298996,41.71328354,72.31780243,172.0800018,134.0089111,147.3816528,134.2840271,292.8285522,145.5124664,331.8833313,91.31337738,45.54078293
2022-01-20,160.9792175,151.6674957,41.09350967,72.39627075,171.6499939,132.2147522,146.2049408,133.1389465,291.1584778,146.2981415,332.0899963,90.14268494,44.68019485
2022-01-21,158.9243317,142.6430054,40.34799194,72.66638947,171.0899963,129.2829742,145.8687439,130.8126678,285.7813416,146.858078,314.6333313,89.9205246,44.35432816
2022-01-24,158.1512909,144.5440063,40.01564789,72.55311584,172.0299988,129.7317657,144.1877289,130.6954803,286.1094971,145.6660156,310,90.09142303,44.35748291
2022-01-25,156.3507996,139.9859924,40.80608749,72.45726013,172.5800018,125.8944855,148.3106842,132.1200714,278.5023804,144.0765839,306.1333313,89.73253632,43.39251328
2022-01-26,156.2626801,138.8724976,41.22824478,72.05640411,169.7899933,128.173645,148.9742126,133.3733521,286.4377441,142.8213196,312.4700012,88.33112335,42.94956589
2022-01-27,155.8027954,139.6374969,40.84200668,72.29173279,167.6000061,127.947525,150.9294891,131.02005,289.4594421,143.7063599,276.3666687,86.86991119,42.97803497
2022-01-28,166.6743622,143.9779968,41.20129776,72.37880707,167.1000061,132.2578735,151.9911957,132.1921997,297.5878906,144.9435577,282.1166687,89.68127441,43.50956726
2022-01-31,171.0288086,149.5735016,41.44381714,72.32658386,168.0899963,134.1943665,152.4335938,133.9865112,300.2137146,144.8983765,312.2399902,90.78358459,44.23409653
2022-02-01,170.8624878,151.1934967,42.16239548,72.29772949,168.2299957,136.515686,151.1861115,136.2857361,298.0705872,144.2572479,310.4166565,90.45887756,44.58212662
2022-02-02,172.0661011,150.6125031,42.11748886,72.40249634,168.8399963,146.7867889,152.8582611,135.1947479,302.6079102,146.8400269,301.8866577,91.61245728,44.56313324
2022-02-03,169.1891937,138.8455048,41.70429993,72.09698486,168.6000061,141.9170532,152.849411,134.0766602,290.8205566,148.2307587,297.0466614,90.63832092,44.6074295
2022-02-04,168.9050598,157.6394958,43.36600494,71.65182495,168.8600006,142.1184235,151.8497009,137.5570984,295.348175,145.8737335,307.7733459,89.74107361,44.08223343
2022-02-07,168.1898041,157.9355011,43.57259369,71.71295166,170.1100006,138.059967,151.3453522,138.016922,290.5308533,144.7810059,302.4466553,89.61290741,43.64878082
2022-02-08,171.2957306,161.4134979,44.35404968,71.4772644,170.6300049,138.2563171,151.7434845,140.613678,294.0159912,144.4558716,307.3333435,89.19418335,43.65826797
2022-02-09,172.7164307,161.1894989,44.26422882,71.52962494,171.2100067,140.4313202,151.7257996,141.1997681,300.4357605,144.1307831,310.6666565,91.21084595,43.56335831
2022-02-10,168.6405182,159.0034943,44.05763245,70.87501526,170.5599976,137.4837036,149.8943634,140.613678,291.9114685,141.9363251,301.5166626,89.0574646,43.05397034
2022-02-11,165.2308655,153.2935028,43.0426445,71.33761597,173.8099976,133.1817627,148.381424,138.7833252,284.8256531,141.1416168,286.6666565,88.24568176,42.81669617
2022-02-14,165.4660187,155.1670074,42.59353638,70.93611145,174.7400055,134.4150696,146.5146179,137.4939423,284.7869568,141.5479736,291.9200134,87.44244385,42.38006973
2022-02-15,169.2969513,156.510498,42.92588043,70.78772736,173.0800018,135.4887085,148.0275269,139.5046692,290.0675354,141.620224,307.4766541,88.22858429,42.51294708
2022-02-16,169.0618134,158.1004944,42.82707977,70.88376617,174.8600006,136.6089325,147.9390869,139.7571411,289.7290039,142.6948853,307.7966614,88.63877106,42.24718857
2022-02-17,165.4660187,154.6524963,41.3809433,71.04082489,177.25,131.4525452,147.0366516,136.5381622,281.2451172,144.3294678,292.1166687,87.6987915,43.93984222
2022-02-18,163.9179382,152.6015015,41.28214264,71.16305542,177.1199951,129.3340454,145.4605713,137.17836,278.5364685,144.4017181,285.6600037,87.16899872,43.65826797
2022-02-22,160.9981995,150.1974945,40.92285156,71.11942291,177.4900055,128.7493896,143.4838104,136.9349365,278.333313,142.6226501,273.8433228,86.85281372,43.17103577
2022-02-23,156.8341217,144.8269958,40.22224426,70.7615509,178.2899933,126.5421295,143.5550385,134.0676422,271.1264038,140.8435822,254.6799927,85.41723633,42.72809219
2022-02-24,159.4501343,151.3580017,39.16233826,70.91864014,177.1399994,131.603302,140.8125305,130.3347778,284.979187,137.0506744,266.9233398,86.85281372,42.56357956
2022-02-25,161.5174713,153.7884979,40.43781662,70.97975922,176.5500031,133.3572998,147.8112946,133.418457,287.6104736,142.9026184,269.956665,88.94636536,43.14888382
2022-02-28,161.7820282,153.5630035,39.70127869,71.503479,178.3800049,133.9499207,146.5379791,127.8552322,289.0421753,140.780365,290.1433411,87.62189484,42.76289749
2022-03-01,159.9008484,151.1419983,38.14735794,71.87849426,181.6199951,132.9625397,146.0304108,123.0313416,285.3274536,138.4504547,288.1233215,87.16043854,43.02549744
2022-03-02,163.1929169,152.0525055,38.76712036,70.99556732,179.7299957,133.4683838,147.8469238,125.5830536,290.3964844,138.8839111,293.2966614,88.79257965,43.07927704
2022-03-03,162.8695526,147.8984985,38.35192108,71.31026459,180.8000031,132.8018951,150.0195618,124.6903992,286.2658081,139.3986511,279.7633362,89.51889038,44.06957245
2022-03-04,159.8714142,145.6410065,36.96190643,71.56376648,183.6799927,130.8252563,150.9100037,121.1829529,280.4035339,140.1030426,279.4299927,89.92907715,45.18641663
2022-03-07,156.0796814,137.4530029,34.60609436,71.21409607,186.4100037,125.3425522,153.3408813,116.503334,269.8107605,138.026001,268.1933289,88.15167999,44.8225708
2022-03-08,154.2572784,136.0144958,34.83174133,70.88188171,191.5099945,126.0625992,150.2332764,115.6828232,266.8505249,132.5623627,274.7999878,87.72441864,43.89556503
2022-03-09,159.655899,139.279007,37.0431366,70.68955994,185.8200073,132.3262939,150.8031311,120.3173523,279.0878296,134.3505096,286.3233337,89.07456207,44.12336349
2022-03-10,155.3154449,146.8175049,36.70917892,70.31362915,186.3999939,131.3439484,151.0702209,118.892746,276.2727966,130.8917236,279.4333191,89.29673767,45.12630081
2022-03-11,151.6020508,145.5245056,36.40229034,70.26119995,185.0899963,128.8059235,150.7942505,116.2148132,270.9328613,129.3383942,265.1166687,88.5874939,44.94913483
2022-03-14,147.575119,141.8529968,37.18755722,69.61425018,182.3000031,124.9185486,152.8778381,117.3689423,267.4213562,130.9910583,255.456665,87.89532471,45.57557297
2022-03-15,151.9548035,147.3665009,37.45833588,69.72792053,178.8899994,128.138916,156.8402405,119.4517593,277.7818909,135.7050934,267.2966614,88.48493958,46.12292099
2022-03-16,156.3638153,153.1040039,38.63173294,69.83280945,180.0099945,132.1879883,155.3977661,124.7895813,284.7857056,135.2445526,280.0766602,89.53598785,45.98687363
2022-03-17,157.3729858,157.2389984,38.8393364,69.89398956,180.8899994,132.7419128,157.427948,126.3674927,285.588623,135.6689606,290.5333252,90.92030334,46.05675507
2022-03-18,160.6650696,161.2505035,38.72199249,70.09509277,179.3000031,135.0096588,155.6826782,126.3223877,290.6287231,135.5967255,301.7966614,90.92030334,46.19333267
2022-03-21,162.0367432,161.4915009,38.66783524,69.37825012,180.6699982,134.9858398,156.5642242,125.9166336,289.4001465,136.1114655,307.0533447,90.36487579,45.809021
2022-03-22,165.4072113,164.8890076,39.87733459,69.20336151,179.3600006,138.7214661,155.8251801,128.5945892,294.1401672,137.1590424,331.3266602,90.59559631,45.6724472
2022-03-23,166.7691498,163.4080048,38.89349365,69.51810455,181.8099976,137.1420135,155.2374573,126.0338898,289.7193298,136.2018127,333.0366821,89.57917786,45.08486938
2022-03-24,170.5511017,163.6495056,38.87544632,69.43068695,183.1300049,140.411499,156.0388489,126.8544006,294.1789246,136.4365997,337.9733276,90.14624023,45.36436462
2022-03-25,171.1879578,164.7734985,39.47115707,68.81873322,182.3800049,140.511673,157.5347748,127.9634399,293.7726135,138.016983,336.8800049,91.27176666,45.56128311
2022-03-28,172.0501862,168.9904938,39.30868912,69.01981354,179.0599976,140.2959595,158.3450775,127.0166473,300.5636292,138.96521,363.9466553,92.24266052,46.37119293
2022-03-29,175.3422546,169.3150024,39.20940781,69.32579041,179.1399994,141.3373413,158.2649231,127.2961655,305.1199951,140.3920898,366.5233459,94.94911957,46.76185989
2022-03-30,174.1763153,166.3009949,38.81225586,69.48311615,180.5800018,140.7750092,159.9122314,126.7191391,303.6205139,139.4257812,364.6633301,94.26174927,47.60034561
2022-03-31,171.0802002,162.9974976,37.20561218,69.53556824,180.6499939,137.9275208,157.8108215,122.9141464,298.2515869,137.9898682,359.2000122,93.11045837,47.29861832
2022-04-01,170.7862701,163.5599976,36.91677856,69.38483429,179.5,139.0016632,158.6656494,122.0034714,299.3254395,140.0579376,361.5299988,94.92332458,47.96242523
2022-04-04,174.8327637,168.3464966,36.85358429,69.43745422,180.3699951,141.7995148,157.134079,122.5444794,304.6943359,139.145813,381.8166809,94.4593811,47.97195053
2022-04-05,171.5210571,164.0549927,36.23078918,68.7363205,179.2400055,139.4385529,158.1491699,121.1183701,300.7377319,139.6334534,363.7533264,93.9954071,48.10852432
2022-04-06,168.356369,158.7559967,35.83364105,68.52600098,179.6600037,135.4286652,162.26297,119.4379272,289.7290039,141.6292725,348.5866699,95.11235046,49.22651672
2022-04-07,168.66008,157.7845001,35.55383301,68.38573456,180.3399963,134.7745972,161.8444977,119.074585,291.5379639,143.4625092,352.4200134,94.16725159,49.71881104
2022-04-08,166.6515503,154.460495,35.80656052,68.01765442,181.4700012,132.1949005,162.1650238,121.2546082,287.2815552,144.5823364,341.8299866,94.32190704,49.99513626
2022-04-11,162.3993225,151.121994,35.73435593,67.70214844,182.3699951,127.7675018,160.1348572,120.8095016,275.9535522,144.0314636,325.3099976,93.30806732,49.00418472
2022-04-12,164.2706757,150.7875061,35.35525513,67.92126465,183.7700043,126.6676025,160.1882477,119.4833374,272.8580322,143.5979919,328.9833374,93.17058563,48.66751862
2022-04-13,166.9552765,155.5410004,35.03933334,68.00012207,184.6499939,128.8292389,160.8650208,115.6319656,278.2365723,144.004364,340.7900085,93.83217621,49.93478394
2022-04-14,161.9485931,151.7064972,33.91108322,67.5356369,184.0399933,125.6911621,160.1882477,114.5601349,270.7007751,143.2005768,328.3333435,93.42835236,49.89031982
2022-04-18,161.733017,152.7850037,35.06641769,67.31652069,184.6100006,126.6298981,158.1936951,116.6856537,271.3682251,141.8369446,334.7633362,93.05030823,49.50917816
2022-04-19,164.0159302,158.1154938,35.71630478,66.89585876,181.8200073,128.9432983,163.0198212,119.1018372,275.9922485,143.959198,342.7166748,95.07798004,50.07135773
2022-04-20,163.8493805,153.9980011,35.79754639,67.31652069,182.7100067,126.9904251,163.7410736,119.5196686,277.0176697,147.7882538,325.7333374,96.65890503,50.70023346
2022-04-21,163.0557404,148.2960052,35.12057495,66.95720673,182.0599976,123.7913666,163.2691498,118.5931778,271.6486816,147.6729126,336.2600098,95.98873138,50.77645493
2022-04-22,158.5193481,144.3500061,33.90205383,66.86956024,180.2899933,118.6548233,161.6485748,115.1868896,265.0898743,146.4378662,335.0166626,94.30473328,49.82044601
2022-04-25,159.587326,146.0740051,33.65835571,67.29026031,177.0500031,122.0651321,165.6287842,115.1505508,271.561676,147.6184387,332.6733398,94.06416321,49.84585571
2022-04-26,153.6302032,139.3910065,32.90015793,67.46551514,177.3200073,117.6773987,164.4445038,111.7442627,261.4042358,145.1119537,292.1400146,92.51760864,49.32497787
2022-04-27,153.4048767,138.1670074,32.7196312,67.25520325,175.9799957,113.3575974,162.1472778,110.2909164,273.9801025,144.7214508,293.8366699,91.90757751,48.98830795
2022-04-28,160.3319397,144.5964966,33.22510147,67.22889709,176.9299927,117.5509415,163.3581848,112.0349426,280.1810303,148.3994293,292.5033264,93.60018921,49.61399841
2022-04-29,154.4630127,124.2815018,32.20514297,66.77315521,176.9100037,113.1741104,160.6869202,108.4197388,268.4660034,145.802124,290.2533264,89.304245,48.59129715
2022-05-02,154.7667542,124.5,32.62034988,66.43161011,173.6300049,115.6273422,159.0663452,109.4098358,275.1893616,143.8314819,300.980011,87.14767456,48.27050781
2022-05-03,156.2560425,124.2535019,33.51392746,66.58966064,174.0899963,116.3721848,158.7546539,111.7533417,272.5871277,141.8608398,303.0833435,88.23023987,48.43883896
2022-05-04,162.6638031,125.9284973,34.85881805,67.01988983,175.8000031,121.2587891,160.4553833,115.4502945,280.5195923,142.9051819,317.5400085,89.24411011,49.10900497
2022-05-05,153.6008148,116.4069977,33.88400269,66.35255432,175.1300049,115.5504684,157.3922882,112.5617752,268.3016052,140.2715759,291.0933228,86.86412048,48.68822861
2022-05-06,154.3269196,114.7724991,33.80276871,66.07161713,175.4199982,114.7976913,157.0450287,112.3801117,265.7671204,141.6700897,288.5499878,85.83309937,47.67456436
2022-05-09,149.2049103,108.7890015,32.82794952,66.37014771,172.8800049,111.5887299,157.8998413,110.6906128,255.9482574,141.315918,262.3699951,82.05266571,48.23239899
2022-05-10,151.6089172,108.8590012,32.27735519,66.56332397,171.4199982,113.4572754,157.6861572,107.9928207,260.7076721,140.571228,266.6799927,80.55767059,47.55342484
2022-05-11,143.7492981,105.3720016,32.10586166,66.79161072,172.8200073,112.6712799,156.8313446,107.311554,252.0497131,138.591507,244.6666718,80.38583374,47.05615234
2022-05-12,139.8833466,106.9304962,31.65455246,66.92331696,170.1699982,111.9189835,158.3806763,107.220726,247.0193787,138.0284576,242.6666718,81.01305389,47.01152039
2022-05-13,144.3478851,113.0550003,31.74481773,66.67747498,168.7899933,115.099205,157.4724884,108.1744766,252.6011047,139.508728,256.5299988,83.15244293,47.1932106
2022-05-16,142.8073273,110.8105011,31.4198761,66.7828064,170.3999939,113.5068741,158.5677032,107.4205551,252.9686737,140.8709106,241.456665,82.62832642,47.24422455
2022-05-17,146.4378815,115.3684998,32.48496246,66.38772583,169.3300018,115.5182419,159.2266083,110.9812622,258.1151428,140.4713287,253.8699951,83.7538681,41.86983871
2022-05-18,138.1759796,107.1125031,31.48305893,66.66868591,169.4199982,110.9822235,156.2703705,109.0828247,246.3632812,131.7168427,236.6033325,81.32234955,39.02645111
2022-05-19,134.7711487,107.3190002,31.09493828,66.8091507,171.9100037,109.4791641,154.8813019,107.4659653,245.4517975,128.6836548,236.4733276,80.96150208,37.95539474
2022-05-20,135.0066223,107.5910034,30.56239891,67.01113129,172.0299988,108.0152588,157.5882263,106.5848923,244.8894348,128.7654114,221.3000031,81.47701263,37.9968338
2022-05-23,140.4229736,107.5569992,32.37663651,66.77405548,172.8300018,110.5741043,160.8054047,113.1794434,252.7337189,131.7259521,224.9666595,82.42212677,39.08063889
2022-05-24,137.7246552,104.0999985,32.17807007,67.31842804,174.1300049,105.1013336,162.5618744,114.7781296,251.7349701,134.0689545,209.386673,83.11806488,39.56835175
2022-05-25,137.8816071,106.7750015,32.34955978,67.59059906,173.0800018,104.9376907,160.9667053,115.5774689,254.5469208,131.8712616,219.6000061,83.82260132,39.32609177
2022-05-26,141.0803986,111.0774994,33.09872818,67.52037811,172.7599945,106.9088974,160.8233185,117.5758209,257.8242493,133.0245972,235.9100037,83.92569733,40.16444397
2022-05-27,146.8303833,115.1464996,33.41464615,67.71355438,172.8500061,111.395813,162.2840729,119.2381058,264.9413147,135.0588226,253.2100067,86.1767807,40.95498657
2022-05-31,146.0453796,120.2095032,33.57711411,67.32719421,171.1399994,112.8294678,160.8860321,120.1101074,263.6129761,134.2959595,252.7533264,85.11995697,41.00279236
2022-06-01,145.9178467,121.6839981,33.09872818,67.02632904,172.2299957,112.9584122,159.2550812,118.0027313,264.1462097,132.2617493,246.7899933,84.41545105,39.98912048
2022-06-02,148.3709106,125.5110016,33.31660461,67.0879364,174.3500061,116.6583176,158.7532043,119.9011917,266.2405701,133.6875,258.3333435,85.5753479,40.64578247
2022-06-03,142.6503754,122.3499985,32.85362244,66.99113464,172.5800018,113.602066,158.0990143,118.2298431,261.8191528,132.4887848,234.5166626,84.43261719,39.94768143
2022-06-06,143.3961182,124.7900009,32.81731033,66.59526825,171.8200073,115.8628922,158.0811157,117.8392487,260.587738,131.9711151,238.2799988,84.16625977,39.80423737
2022-06-07,145.9178467,123,32.99887848,66.82398987,172.9400024,116.1891937,159.8196411,118.1480865,264.2238159,133.4423065,238.886673,85.3261795,39.32609177
2022-06-08,145.1819458,121.1800003,32.58128738,66.55127716,172.7799988,116.2333374,158.8697052,116.267807,262.1973267,131.7804413,241.8666687,83.35863495,38.98501205
2022-06-09,139.9618225,116.1500015,31.32849884,66.46331024,172.2299957,113.894165,155.6704559,113.824379,256.7480469,129.4011078,239.706665,81.38249969,38.57699585
2022-06-10,134.5552521,109.6500015,30.11203384,65.90029144,174.5399933,110.2502747,154.6309052,108.5923157,245.3063507,128.9107208,232.2299957,79.57820129,38.79375458
2022-06-13,129.4038239,103.6699982,29.06805801,64.8358078,169.9299927,105.5203781,153.0716095,105.3586197,234.9022217,125.4597855,215.7366638,75.60014343,38.06378174
2022-06-14,130.2672882,102.3099976,28.55968285,64.4839325,168.5700073,105.8407364,150.7236938,103.6055069,237.0645294,121.5456619,220.8899994,75.02449799,38.07971573
2022-06-15,132.8871613,107.6699982,29.09529114,65.22289276,170.7700043,108.8647385,152.336731,104.8317795,244.1137085,120.3378372,233,76.80302429,38.05421448
2022-06-16,127.6180038,103.6600037,28.91372871,65.36365509,172.6900024,105.1643295,152.4174194,103.0332565,237.5299683,121.0734482,213.1000061,74.78390503,38.44948196
2022-06-17,129.089859,106.2200012,28.97727966,65.39883423,171.2700043,106.265213,151.8618164,102.6699295,240.12854,120.2016373,216.7599945,75.35097504,37.70676422
2022-06-21,133.3189087,108.6800003,29.82154083,65.09972382,170.6300049,110.6296539,155.0431519,105.2132874,246.0335999,123.843277,237.0366669,76.39918518,38.94356918
2022-06-22,132.80867,108.9499969,29.59458542,65.63636017,171.3099976,110.5736084,157.489624,104.622879,245.4421082,125.7776031,236.0866699,77.37008667,38.47180176
2022-06-23,135.6738586,112.4400024,29.12252808,65.95307922,170.2599945,111.3219299,161.0025635,103.4783325,250.9980621,129.2285461,235.0700073,78.84000397,39.40577698
2022-06-24,139.0002289,116.4599991,29.33132362,65.82989502,170.0899963,117.0079422,163.3594055,106.5667267,259.5695496,131.0902557,245.706665,80.51745605,39.43765259
2022-06-27,139.0002289,113.2200012,29.36763191,65.51322174,169.8999939,114.8839951,163.207077,105.7128754,256.8450012,130.0913086,244.9199982,80.39638519,39.56516647
2022-06-28,134.859436,107.4000015,29.28592873,65.54840851,169.6199951,111.0893478,158.5650177,105.2042007,248.6903687,127.9753189,232.6633301,79.41934204,39.00732422
2022-06-29,136.615799,108.9199982,28.9228096,65.92668915,169.4900055,110.7858582,158.609848,104.7318497,252.3555756,129.1377563,228.4900055,78.9264679,38.86388397
2022-06-30,134.1529694,106.2099991,28.26010513,66.20819855,168.4600067,108.0698013,159.0758057,102.2884064,249.0297546,130.5816956,224.4733276,78.77948761,38.75550079
2022-07-01,136.3214722,109.5599976,28.65045929,66.73622131,168.3200073,107.8461533,160.8771057,103.5964355,251.696228,132.6885834,227.2633362,80.19754028,39.0901947
2022-07-05,138.9020996,113.5,28.35996246,66.8507843,164.75,112.3345566,159.6403656,103.2024002,254.8669281,131.4080963,233.0666656,79.97271729,39.60660553
2022-07-06,140.2365723,114.3300018,28.12393379,66.44534302,162.1399994,113.6328278,159.7837982,102.5334244,258.1248779,132.634079,231.7333374,79.82572937,39.88711166
2022-07-07,143.6021271,116.3300018,28.9228096,66.26022339,162.2299957,117.8093109,159.9630127,105.1267853,260.2483215,132.5886536,244.543335,80.04189301,39.94768143
2022-07-08,144.2791901,115.5400009,28.85926247,66.03981018,162.3000031,118.3751297,159.7658844,104.7969055,259.5308533,131.6987457,250.7633362,79.61820984,39.97317886
2022-07-11,142.1499023,111.75,28.55968285,66.28662872,161.4299927,114.7282715,159.8285828,103.4223251,256.4765625,132.6249847,234.343338,79.44525909,39.98912048
2022-07-12,143.1213226,109.2200012,28.46890259,66.40123749,160.8300018,113.0858459,157.5882263,103.5231247,245.9657288,131.4534607,233.0700073,79.13399506,39.86799622
2022-07-13,142.758316,110.4000015,27.99683952,66.61279297,161.6000061,110.440712,157.2207947,102.5517731,245.0445709,132.3162384,237.0399933,78.75353241,39.96361542
2022-07-14,145.6823425,110.6299973,27.35229683,66.40123749,159.3300018,109.4627838,157.4358368,98.96874237,246.3632812,131.9257202,238.3133392,78.04452515,40.74459457
2022-07-15,147.3504333,113.5500031,29.27685165,66.63923645,159.0099945,110.8612442,159.7210541,103.5047989,248.9230652,131.7441254,240.0666656,79.36746216,41.14305496
2022-07-18,144.3086395,113.7600021,29.28592873,66.43650818,159.1600037,108.1362534,156.1364288,102.4417953,246.5281219,130.1457672,240.5466614,78.80544281,41.04742432
2022-07-19,148.1648254,118.2099991,30.27544022,66.3835907,159.5399933,112.8770676,153.8602142,104.9801559,251.6477356,130.8087006,245.5299988,80.84603882,41.29924774
2022-07-20,150.1665192,122.7699966,30.28452301,66.32189941,158.0399933,112.9663391,152.9819946,104.9618454,254.3045044,128.5474548,247.5,80.65579987,41.64350891
2022-07-21,152.4331512,124.6299973,30.54778862,66.86844635,160.2700043,113.4027328,153.5196838,105.6766129,256.7964783,128.6690063,271.706665,81.29566193,42.25235748
2022-07-22,151.1968079,122.4199982,30.34806252,67.41492462,160.6699982,107.0155182,154.2455597,105.1634369,252.4524689,130.7256317,272.2433472,81.71933746,42.14397049
2022-07-25,150.0782166,121.1399994,30.62040901,67.16810608,160.2299957,106.6287231,154.5502472,105.5849762,250.9689941,131.6122131,268.4333191,81.8576889,42.08341217
2022-07-26,148.7535706,114.8099976,30.00310135,67.18572998,160.0399933,104.1591263,155.6436005,103.9354935,244.2494965,131.8681335,258.8599854,81.94416809,38.88300323
2022-07-27,153.8461304,120.9700012,30.49331665,67.37086487,161.6699982,112.1332169,155.2133942,105.603302,260.5780334,133.1204071,274.8200073,82.43701935,40.35251617
2022-07-28,154.3955994,122.2799988,30.24821281,67.83802032,163.6399994,113.2837296,156.1095428,105.2092667,268.0151367,135.3323517,280.8999939,85.10881805,41.35981369
2022-07-29,159.458725,134.9499969,30.69303322,67.78517914,164.1000061,115.3664932,156.3963165,105.7132568,272.213623,126.9689026,297.1499939,85.5670929,42.09296799
2022-08-01,158.4774933,135.3899994,30.60225487,68.07923126,165.0299988,113.9184723,155.8496857,104.6594086,269.5664673,130.6159058,297.2766724,84.87535858,42.2491684
2022-08-02,157.0056763,134.1600037,29.99402046,67.39037323,164.0500031,114.1862411,154.9624939,103.0282974,266.4733887,129.7476044,300.5866699,83.78588867,42.29379654
2022-08-03,163.0107269,139.5200043,30.53870583,67.72597504,164.4499969,117.1120834,156.4590607,104.1096191,273.8910217,132.4257202,307.3966675,84.05393219,41.59888458
2022-08-04,162.6967773,142.5700073,30.32083893,67.89377594,167.1699982,117.2211685,153.9498291,102.9641418,275.0351868,132.2154846,308.6333313,83.92422485,40.02737045
2022-08-05,162.4707642,140.8000031,30.82920456,67.12535858,165.2899933,116.5070648,153.3404846,106.0798264,274.3176575,132.2794495,288.1700134,84.15769958,40.34932327
2022-08-08,161.9990845,139.4100037,30.4025383,67.42565918,166.6900024,116.3384705,152.5249634,104.7877274,271.8063049,132.7821655,290.4233398,84.90992737,40.67765808
2022-08-09,162.0482635,137.8300018,30.79289627,67.27548981,167.1999969,115.6739578,152.507019,105.7316055,273.7261963,132.4714203,283.3333435,85.37686157,41.07930756
2022-08-10,166.2929993,142.6900024,31.83687401,67.46099854,166.7799988,118.7187805,152.946167,108.4898911,280.3778381,133.7236328,294.3566589,86.67385864,41.16537094
2022-08-11,165.5561066,140.6399994,32.59943771,67.08120728,166.3399963,117.8658295,149.7827148,110.093544,278.302887,132.7730255,286.6300049,86.46633911,41.56235886
2022-08-12,169.1032257,143.5500031,32.9534874,67.39037323,167.8699951,120.6825714,148.1338501,111.9171448,283.0443115,134.0618134,300.0299988,87.95355225,42.33072662
2022-08-15,170.1742249,143.1799927,32.90808487,67.46099854,165.7100067,121.0792923,148.8417816,112.2195435,284.5569153,135.7893677,309.3200073,88.30806732,42.45238495
2022-08-16,170.0170593,144.7799988,33.26213837,67.37267303,165.4199982,120.7023926,150.1681061,113.2917099,283.8200073,137.0415955,306.563324,88.07461548,44.61982727
2022-08-17,171.5105896,142.1000061,33.05334473,66.97520447,164.3500061,118.5700302,150.1770477,112.3386765,283.0718384,136.4109344,303.9966736,87.54716492,44.66784286
2022-08-18,171.1175079,142.3000031,32.93531799,67.09889221,163.9199982,119.1849442,149.4511566,111.4681168,281.9543762,136.8953247,302.8699951,86.96784973,44.52377701
2022-08-19,168.5333557,138.2299957,32.20907593,66.67490387,162.7200012,116.2491913,151.7273865,108.7098236,278.0481873,136.8587799,296.6666565,86.05128479,43.86745453
2022-08-22,164.6521149,133.2200012,31.51913643,66.37460327,161.6399994,113.3035507,151.1951141,106.9137192,269.8859863,136.4931946,289.9133301,84.17497253,43.08308792
2022-08-23,164.3180542,133.6199951,31.2377243,66.34812164,162.7700043,112.9266663,149.8779449,105.8598785,268.6131287,133.8607635,296.4533386,83.09414673,42.90060043
2022-08-24,164.612793,133.8000031,31.33757782,66.18029785,163.25,112.7580566,149.3817596,106.116478,267.9815063,133.2848663,297.0966797,83.56970978,43.21114349
2022-08-25,167.0692596,137.2799988,31.90042496,66.54242706,163.75,115.6937866,150.7801056,108.636528,270.9548645,133.1751862,296.0700073,84.81482697,43.49928665
2022-08-26,160.7709198,130.75,30.8927536,66.40994263,161.7599945,109.4355164,148.1999054,105.0809555,260.4995117,130.0583649,288.0899963,82.67910767,42.13222885
2022-08-29,158.5699005,129.7899933,30.77474403,66.10968018,161.8600006,108.5230637,147.0541382,104.824379,257.7205811,129.5099335,284.8200073,81.93550873,42.54202271
2022-08-30,156.1429443,128.7299957,30.94722176,66.16265106,160.5099945,108.0470047,146.5398712,104.8427124,255.5244598,128.129715,277.7000122,80.80278778,42.41396713
2022-08-31,154.4823456,126.7699966,30.51147461,65.88884735,159.2700043,107.332901,145.5565338,104.219574,254.0669556,126.0823212,275.6099854,80.42234039,42.43637848
2022-09-01,155.2094421,127.8199997,30.58457756,65.53127289,157.8699951,108.8404388,149.1652222,104.9343643,253.027298,127.6361618,277.1600037,80.56933594,43.0542717
2022-09-02,153.0969086,127.5100021,30.54802132,65.69946289,159.2599945,106.9659271,146.8195801,104.2012482,248.8101349,125.369339,270.2099915,79.44525909,42.58044434
2022-09-06,151.8391571,126.1100006,30.2099247,65.10642242,158.3300018,105.9344482,147.2165375,104.2287445,246.0797272,123.9708557,274.4200134,80.16294861,42.36914825
2022-09-07,153.2442932,129.4799957,30.67595482,65.57553101,159.9400024,108.552803,148.0194702,106.2081223,250.7826843,125.8446121,283.7000122,81.7279892,43.4576683
2022-09-08,151.770401,129.8200073,31.66284943,65.37197113,158.9799957,107.4915771,149.2103271,108.6823273,251.20047,126.0091782,289.2600098,81.95279694,43.67856979
2022-09-09,154.6296997,133.2700043,31.92785835,65.34542847,159.8200073,109.7429733,149.4990234,109.2046738,256.97229,127.9286423,299.6799927,82.84340668,43.80984116
2022-09-12,160.584198,136.4499969,32.22940063,65.26576233,160.6300049,109.9512405,149.4358673,110.4967804,259.1002808,128.9706573,304.4200134,83.64753723,44.2036171
2022-09-13,151.1611786,126.8199997,31.06888771,64.93829346,158.5399933,103.464859,145.5475006,106.657135,244.8553925,126.3016586,292.1300049,80.44828033,43.29118729
2022-09-14,152.6056213,128.5500031,30.95009232,65.01792908,157.9299927,104.1392899,148.5517426,106.4097214,245.0788574,126.6032715,302.6099854,79.53173828,43.19513702
2022-09-15,149.7167511,126.2799988,31.53491783,64.82322693,154.9799957,102.0664139,148.9306641,108.0133743,238.4325409,125.6252747,303.75,78.06181335,42.7309227
2022-09-16,148.075882,123.5299988,31.17853737,64.75241089,155.8399963,101.9573135,151.2041473,107.2894363,237.8106689,126.3930664,303.3500061,78.07045746,42.64126968
2022-09-19,151.7900391,124.6600037,31.69940567,64.70815277,155.9600067,102.2251053,150.0132599,108.2791214,237.5968781,126.1279526,309.0700073,77.95803833,43.00625229
2022-09-20,154.1679077,122.1900024,31.22423172,64.38954163,155.0700073,100.3109207,148.8314056,106.1439667,235.5854645,125.6801071,308.730011,76.06443787,42.75653076
2022-09-21,151.0433197,118.5400009,30.29216194,64.56655121,155.7899933,98.46617889,147.3067169,103.0832748,232.1845856,124.0622635,300.7999878,74.86256409,43.14710999
2022-09-22,150.0803528,117.3099976,29.69820023,63.90272141,155.6999969,99.31912231,149.9230194,101.9102936,234.1571198,124.5009995,288.5899963,73.91143036,42.70529938
2022-09-23,147.8105927,113.7799988,28.99457741,63.72570801,153.0099945,97.93060303,150.4102325,100.0134048,231.1837311,123.925148,275.3299866,72.92902374,41.63919449
2022-09-26,148.1446533,115.1500015,28.35492897,62.91144562,151.2299957,97.36526489,149.4899902,97.85990906,230.7270508,124.0439987,276.0100098,70.8837738,42.03938675
2022-09-27,149.1173859,114.4100037,27.93458366,62.63705444,151.5399933,96.70077515,148.8043671,96.99852753,229.7164917,120.6346283,282.9400024,69.93983459,41.92412949
2022-09-28,147.230835,118.0100021,28.39147568,63.61066437,154.6900024,99.22988129,150.0854187,98.95956421,234.2445526,120.6346283,287.8099976,71.39071655,42.61565781
2022-09-29,139.9989777,114.8000031,28.01682281,63.28316879,154.6600037,96.62142181,148.4344788,97.28260803,230.7756348,117.6365967,268.2099915,69.29305267,42.34032822
2022-09-30,135.7935333,113,27.59648323,63.13273239,154.6699982,94.86594391,147.3789215,95.76140594,226.3058624,115.3971939,265.25,70.07094574,41.52394104
2022-10-03,139.9695282,115.8799973,28.40975571,63.66138458,158.4299927,97.8314209,147.2345581,98.72130585,233.9239197,117.4629135,242.3999939,71.32080078,42.42997742
2022-10-04,143.5559845,121.0899963,29.58854485,63.82104111,160.6999969,100.8068314,149.4178314,103.3398514,241.8334198,118.9162369,249.4400024,72.76294708,42.98063278
2022-10-05,143.8507538,120.9499969,29.16820335,63.48399353,159.8099976,100.5985565,148.9577179,102.0639343,242.1443787,118.093605,240.8099976,71.33827972,42.55483246
2022-10-06,142.8976135,120.3000031,28.74785614,63.24447632,159.6300049,100.588623,146.070755,99.98365784,239.802597,115.6074142,238.1300049,69.35424042,42.15783691
2022-10-07,137.6506042,114.5599976,28.09906578,62.91625977,157.8800049,97.87109375,144.5280609,97.98656464,227.6079559,113.5873871,223.0700073,67.68483734,41.15896225
2022-10-10,137.974884,113.6699982,28.01682281,62.63246155,155.4799957,97.05781555,144.717514,97.07122803,222.7591858,113.1212387,222.9600067,67.04678345,41.40227509
2022-10-11,136.5599213,112.2099991,27.20355606,62.65018463,155.1600037,96.38339233,146.8105469,94.26976013,219.0279541,113.5508347,216.5,67.72854614,42.47478485
2022-10-12,135.9310608,112.9000015,27.2857933,62.72112656,155.9900055,96.76027679,146.7744751,95.79531097,219.3583069,113.7336502,217.2400055,67.02059174,41.99455643
2022-10-13,140.5001068,112.5299988,28.95803452,62.49937439,154.9100037,98.24797058,148.9938354,101.1208649,227.6079559,115.4520187,221.7200012,68.24420929,42.34993362
2022-10-14,135.9703674,106.9000015,28.96716881,62.19778061,152.9799957,95.76847839,148.3712921,102.8035965,222.0887451,114.3277664,204.9900055,66.54859924,41.75764847
2022-10-17,139.9302216,113.7900009,30.72165108,62.33084106,153.4199982,99.15052032,150.292923,107.1213684,230.8047791,116.393486,219.3500061,69.05706024,42.05859375
2022-10-18,141.2469025,116.3600006,31.87301826,62.47279358,153.75,99.9439621,149.7696838,109.8766022,231.747345,117.3349609,220.1900024,69.80873871,42.94542313
2022-10-19,141.35495,115.0699997,30.99578667,61.95830154,151.6900024,98.81331635,148.5787964,107.7223511,229.7845154,118.4226761,222.0399933,68.06941986,42.82375336
2022-10-20,140.893158,115.25,30.79475021,61.54141617,151.4499969,99.15052032,148.9577179,107.3709946,229.4638519,116.8973389,207.2799988,67.77225494,42.92941284
2022-10-21,144.7055969,119.3199997,31.93699074,61.64782333,154.1499939,100.3010101,152.2055664,113.0109253,235.2648163,118.3609848,214.4400024,68.30540466,43.79702759
2022-10-24,146.8476257,119.8199997,32.0466423,61.55914307,153.6499939,101.6796188,154.2534637,113.1495895,240.2495728,119.0881958,211.25,68.29664612,44.63263321
2022-10-25,149.6873016,120.5999985,32.33906555,62.14457703,154,103.623558,154.009903,113.4454651,243.5630341,120.4597549,222.4199982,70.97993469,44.84392548
2022-10-26,146.7493896,115.6600037,32.6223259,62.39294434,154.9799957,94.15183258,155.3631134,114.7491302,224.7706146,121.3066406,224.6399994,70.93623352,45.18649673
2022-10-27,142.2786255,110.9599991,32.77767563,62.72112656,154.7400055,91.46404266,155.4533539,115.2021561,220.3299866,121.3987198,225.0899963,71.04111481,45.05523682
2022-10-28,153.0281067,103.4100037,33.0609436,62.59697723,153.1600037,95.50068665,157.7629242,116.570549,229.1917877,124.4732742,228.5200043,72.60561371,45.62509918
2022-10-31,150.6698914,102.4400024,32.93301773,62.40180588,151.9100037,93.73527527,156.9509583,116.3856201,225.557663,123.9669724,227.5399933,72.52696991,45.56747437
2022-11-01,148.0267181,96.79000092,33.07922363,62.46670151,153.4600067,89.72839355,156.1570587,118.4844055,221.7098083,124.1602859,227.8200073,72.50074768,45.36258316
2022-11-02,142.5045929,92.12000275,32.97871399,62.36894608,152.3899994,86.25708008,153.7572479,117.3934174,213.8683014,122.3744583,214.9799957,70.50794983,45.06164169
2022-11-03,136.4616852,89.30000305,32.79594803,62.12889099,151.8099976,82.74610138,154.0189056,117.6060486,208.1839142,121.5368042,215.3099976,70.41181946,45.05202484
2022-11-04,136.1959229,90.98000336,33.61836624,62.14664841,156.4700012,85.87028503,154.7045288,120.8235855,215.1217499,123.7552795,207.4700012,71.3732605,45.13207626
2022-11-07,136.7274475,90.52999878,33.81939316,61.9066124,155.8500061,87.76462555,156.0578308,121.4615402,221.4182739,125.6515274,197.0800018,71.3732605,45.60589981
2022-11-08,137.2982635,89.98000336,33.91077423,62.18221283,159.4499969,88.17126465,156.8336945,121.5355148,222.3899689,125.9368973,191.3000031,71.59175873,45.7147522
2022-11-09,132.7413635,86.13999939,33.37163162,62.27111053,158.6499939,86.6042099,155.5796509,119.9544907,218.1534119,125.6331177,177.5899963,70.85755157,44.65184021
2022-11-10,144.5519257,96.62999725,34.8428421,63.5602684,163.4799957,93.16996002,157.4020691,124.8917007,236.1004639,129.9595795,190.7200012,76.04055786,45.5770874
2022-11-11,147.3372955,100.7900009,35.09870529,63.5602684,164.5599976,95.6197052,152.6927032,125.0951385,240.1135254,129.7662659,195.9700012,76.0318222,45.64751434
2022-11-14,145.9397125,98.48999786,34.50473022,63.35580444,164.9199982,94.91551971,155.0924835,123.8099442,234.710968,129.7754517,190.9499969,74.17889404,44.30607605
2022-11-15,147.6719055,98.94000244,34.44991302,63.80035019,165.5,97.63306427,155.5255432,122.9131241,235.1190948,129.3244324,194.4199982,74.98299408,47.20346451
2022-11-16,146.4416351,97.12000275,34.13922119,64.16484833,165.1199951,98.03970337,156.49086,123.0795441,235.547821,130.4751129,186.9199982,74.30124664,47.54282379
2022-11-17,148.3412018,94.84999847,33.96559906,63.89813995,163.9199982,97.5537262,157.7539062,122.5433044,235.4990845,129.6742249,183.1699982,73.79430389,47.38275146
2022-11-18,148.9021912,94.13999939,33.98387909,63.79142761,162.7899933,96.63134766,158.9627838,123.745224,235.0508575,131.2391052,180.1900024,74.72950745,48.09669113
2022-11-21,145.6739655,92.45999908,34.09354019,63.79142761,161.8800049,94.81632996,159.780014,123.0148392,235.8596649,132.9052734,167.8699951,75.12284088,48.39122772
2022-11-22,147.8097076,93.19999695,34.25801849,64.12039185,162.0700073,96.25444794,160.5518036,124.8547211,238.7634277,134.0466919,169.9100037,75.53361511,48.56411743
2022-11-23,148.6856842,94.12999725,34.36767197,64.51159668,163.0800018,97.6529007,160.7243347,126.1861267,241.2481995,134.8107605,183.1999969,75.59481049,48.79782104
2022-11-25,145.7723846,93.41000366,34.44991302,64.51159668,163.2200012,96.66109467,160.9331665,126.426506,241.1605225,135.0592804,182.8600006,76.07552338,49.00592804
2022-11-28,141.9437866,93.94999695,33.68233109,64.43157959,161.9299927,95.26265717,161.0149078,124.216774,235.5770569,134.9488373,182.9199982,74.03904724,49.14680099
2022-11-29,138.9418945,92.41999817,33.81026077,64.19153595,162.7299957,94.40969849,159.8889771,126.2600937,234.183609,133.9178619,180.8300018,75.26268005,48.97391891
2022-11-30,145.6936493,96.54000092,34.58697891,64.68939972,164.8099976,100.1621552,161.6232452,127.7579041,248.6148682,137.3053741,194.6999969,76.98451996,48.79782104
2022-12-01,145.9692078,95.5,33.59431839,65.22852325,167.8399963,100.1621552,162.2951813,125.9642563,248.1763611,137.3882141,194.6999969,76.81845093,49.10197449
2022-12-02,145.4771271,94.12999725,33.162323,65.49588013,167.2599945,99.6166687,162.4223022,124.9656906,248.4979248,138.640152,194.8600006,76.59120941,49.05395126
2022-12-05,144.3157501,91.01000214,31.68252373,64.97901917,164.3899994,98.66453552,162.3314667,121.4615402,243.8012085,137.240921,182.4499969,75.19274902,48.55131149
2022-12-06,140.6544495,88.25,30.33139801,65.19287872,164.8399963,96.18503571,159.898056,121.6649246,238.8511047,137.4158325,179.8200073,74.48480225,47.98783875
2022-12-07,138.7155457,88.45999908,30.09241676,65.76318359,166.3300018,94.16175842,160.8696136,121.581749,238.1203003,138.2995453,174.0399933,74.63336182,47.73812103
2022-12-08,140.3985748,90.34999847,29.81667709,65.57605743,166.4700012,92.9418335,160.8968353,122.8576355,241.0727997,139.2937012,173.4400024,75.1578064,47.81203842
2022-12-09,139.9162903,89.08999634,29.76153374,65.19287872,167.0599976,92.06906128,159.571167,122.1919479,239.1434174,138.9254913,179.0500031,75.01793671,46.69691467
2022-12-12,142.2095032,90.55000305,30.08322716,65.19287872,165.6799927,92.54510498,161.4779663,124.0873489,246.0520935,140.3523102,167.8200073,75.59481049,47.56780243
2022-12-13,143.174057,92.48999786,30.101614,65.63844299,168.5099945,94.84609985,162.7219238,123.9671402,250.34935,140.1405792,160.9499969,76.99325562,47.39748001
2022-12-14,140.9497375,91.58000183,29.66961861,65.7988205,168.1000061,94.29067993,163.2213135,123.3476715,250.6416931,140.6929169,156.8000031,76.46882629,47.13396835
2022-12-15,134.3456421,88.44999695,29.20085907,65.83448029,165.3500061,90.11521149,161.1601715,120.2873383,242.6416473,139.1003876,157.6699982,75.4462204,46.71298599
2022-12-16,132.3870239,87.86000061,29.1365242,65.6651535,166.7899933,89.52011871,159.5075684,119.5384216,238.4321289,138.4836426,150.2299957,73.49713135,45.87422943
2022-12-19,130.2807922,84.91999817,29.46740913,65.27308655,166.3200073,87.71503448,159.3350983,120.250351,234.3005219,138.4468231,149.8699951,72.56193542,45.89029312
2022-12-20,130.2118988,85.19000244,29.58689308,64.8453598,169.0800018,88.29026794,159.5075684,120.83284,235.6159973,138.5020599,137.8000031,72.37837982,46.291996
2022-12-21,133.3121948,86.76999664,30.03726959,64.9968338,168.8000031,88.84568787,161.3326569,122.1919479,238.1787567,139.7724152,137.5700073,72.99893951,46.65513229
2022-12-22,130.1430206,83.79000092,29.77071762,64.98792267,166.7599945,87.0406189,160.7424774,120.8050995,232.0983429,140.0945282,125.3499985,72.69225311,46.10882568
2022-12-23,129.7788696,85.25,29.84424973,64.7842865,167.2599945,88.49856567,161.1510925,121.378334,232.6245117,140.4904022,123.1500015,73.33931732,46.20202255
2022-12-27,127.9777222,83.04000092,29.8993969,64.28407288,168.6699982,86.67363739,161.1056824,121.8036194,230.8998108,141.7146606,109.0999985,73.31272125,46.21486664
2022-12-28,124.0507126,81.81999969,30.1199913,64.19477844,167.9100037,85.31487274,160.4065552,122.4693451,228.5319366,139.882843,112.7099991,72.06291962,45.40504456
2022-12-29,127.5643768,84.18000031,30.46007347,64.43593597,168.8500061,87.72496033,161.2237396,123.1719971,234.8462219,140.4627228,121.8199997,73.64068604,45.68141556
2022-12-30,127.8793182,84,30.44169044,64.16796875,169.6399994,87.50675201,160.3974304,123.9856415,233.6866608,139.5146179,123.1800003,73.10884857,45.56571579
2023-01-03,123.0960236,85.81999969,30.80014992,64.50739288,171.0599976,88.38946533,161.7957611,124.9287109,233.4528046,139.523819,108.0999985,73.17975616,46.14739227
2023-01-04,124.3656693,85.13999939,31.3792057,64.87362671,172.6699982,87.35798645,163.5572815,126.0936584,223.2408295,140.1313782,113.6399994,74.8372879,46.19880295
2023-01-05,123.0468216,83.12000275,31.31486893,64.80213165,170.5200043,85.49339294,162.3496552,126.0657425,216.6245117,138.391571,110.3399963,72.8252182,46.04133987
2023-01-06,127.5741806,86.08000183,31.62736893,65.51673126,173.7100067,86.62405396,163.6662292,128.4780426,219.177475,141.6870422,113.0599976,74.78411865,47.16931152
2023-01-09,128.0958252,87.36000061,31.14942169,65.69533539,174.1000061,87.29847717,159.4258881,127.9471817,221.3114471,139.9564819,119.7699966,74.81069946,46.58123016
2023-01-10,128.666687,89.87000275,31.36082458,65.43631744,174.7400055,87.69519806,159.0445251,129.0927887,222.9972229,139.8183899,118.8499985,74.97910309,46.55229568
2023-01-11,131.3831329,95.08999634,31.59980202,65.78469086,174.6199951,90.76977539,158.7902985,130.0521545,229.7402496,138.6861572,123.2200012,77.66486359,46.96043015
2023-01-12,131.3043976,95.26999664,31.68252373,66.29381561,176.6399994,90.38297272,157.9912567,129.9217377,232.4101562,137.9036865,123.5599976,78.64875793,46.53623199
2023-01-13,132.6330566,98.12000275,32.38105392,66.07050323,178.7599945,91.36486816,157.4736938,133.2002716,233.1117554,138.8886719,122.4000015,78.16123962,46.69048691
2023-01-17,133.7944641,96.05000305,31.72847176,65.98117065,177.5899963,90.54167175,156.502182,131.1418915,234.2031097,138.4836426,131.4900055,78.38283539,46.40768433
2023-01-18,133.0759888,95.45999908,30.99316788,66.58856964,177.0800018,90.37307739,154.1413574,127.2020645,229.7792206,134.773941,128.7799988,77.23939514,45.26043701
2023-01-19,133.135025,93.68000031,30.54279137,66.45456696,179.8899994,92.28725433,153.9325104,125.5069199,225.9984589,131.9236908,127.1699982,76.81393433,44.61449814
2023-01-20,135.693985,97.25,31.11265755,66.15981293,179.2899933,97.21649933,153.21521,125.8142319,234.0764618,132.4331665,133.4199982,77.72689819,45.16402435
2023-01-23,138.8828583,97.51999664,31.54465675,65.99906921,179.6300049,98.97200012,152.8247528,127.8540344,236.3760681,130.6546631,143.75,78.08146667,45.83887482
2023-01-24,140.2804413,96.31999969,31.77442932,66.29381561,180.2799988,96.89913177,152.8247528,128.9530792,235.8498688,131.3679047,143.8899994,78.27645874,45.96099854
2023-01-25,139.6210175,97.18000031,32.05017471,66.37419891,181.1100006,94.43946075,153.9143524,129.5771179,234.4564667,131.2752991,144.4299927,78.31192017,45.7424736
2023-01-26,141.6878662,99.22000122,32.48216629,66.24915314,179.4700012,96.72061157,153.3514099,130.3781433,241.6574707,130.7472839,160.2700043,79.18942261,45.70069885
2023-01-27,143.6267853,102.2399979,32.58326721,66.17768097,179.2200012,98.55545044,152.7521362,130.6948242,241.813385,130.2100525,177.8999939,80.07582855,46.05097198
2023-01-30,140.743042,100.5500031,32.44540024,65.99010468,178.7599945,96.14536285,147.0953064,129.586441,236.5027771,130.6175842,166.6600037,79.05649567,45.68141556
2023-01-31,142.0126648,103.1299973,32.61083984,66.29381561,179.4100037,98.02978516,148.3846588,130.3594971,241.4723206,131.8866577,173.2200012,80.71400452,46.23416138
2023-02-01,143.1346588,105.1500015,33.01525879,66.71998596,181.6699982,99.60675812,149.7466583,130.0148773,246.2859802,132.6369324,181.4100037,81.21039581,46.49124527
2023-02-02,148.4395905,112.9100037,33.20828247,66.76473999,177.8999939,106.8568192,150.3096161,129.4094543,257.8328857,131.6921082,188.2700043,83.05406189,46.15380859
2023-02-03,152.0615234,103.3899994,33.48402405,66.1738205,173.4600067,103.9210968,149.4651642,131.411972,251.7427368,132.0996857,189.9799957,81.49402618,45.54001617
2023-02-06,149.3352356,102.1800003,33.42887497,65.76197052,173.8200073,102.0565033,148.3302002,132.1850433,250.2031555,130.9788513,194.7599945,80.90015411,45.20901489
2023-02-07,152.2091675,102.1100006,33.79652405,65.67243195,173.9799957,106.7576447,148.3665009,133.796402,260.7171936,129.7005768,196.8099976,80.72288513,45.30541611
2023-02-08,149.5222778,100.0500031,33.54835892,65.78883362,174.4100037,98.55545044,148.5571442,132.8556519,259.9084167,128.3574524,201.2899933,80.34173584,45.06118774
2023-02-09,148.4888153,98.23999786,32.83143616,65.52022552,173.0299988,94.23118591,146.5504913,130.7879486,256.8780212,126.9494705,207.3200073,79.46421814,45.47895813
2023-02-10,148.8535309,97.61000061,32.70275879,65.24267578,173.3600006,93.79477692,147.2315063,131.365387,256.3712463,128.070282,196.8899994,79.73898315,46.18594742
2023-02-13,151.6529999,99.54000092,32.76709747,65.42176819,172.4799957,93.83447266,147.7763062,132.7904816,264.381073,129.7469025,194.6399994,80.44809723,46.88972473
2023-02-14,151.0122528,99.69999695,32.73952484,65.19789886,172.6100006,93.90389252,147.1316071,133.3772736,265.2094116,129.0151215,209.25,79.80991364,46.75475693
2023-02-15,153.1118622,101.1600037,32.68437195,65.0546875,170.8899994,96.14536285,144.7072754,133.9360962,263.0895386,128.7187042,214.2400055,80.12900543,47.10182571
2023-02-16,151.5149841,98.15000153,32.42701721,64.80399323,170.75,94.72708893,143.6812286,132.0919189,256.0853577,127.0328445,202.0399933,79.34899139,46.36270142
2023-02-17,150.3715363,97.19999695,32.49135971,64.94722748,171.2599945,93.57659149,146.6809082,132.4831238,252.0899658,129.6912994,208.3099976,79.03874969,47.06005478
2023-02-21,146.3596649,94.58000183,31.72847176,64.38317108,170.6199951,91.03757477,144.495163,130.0521545,246.8246918,129.5986786,197.3699951,77.45213318,47.34606552
2023-02-22,146.7835388,95.79000092,31.51707268,64.52641296,169.6600037,90.89873505,144.2939606,129.0555267,245.6915283,130.1452026,200.8600006,76.75187683,46.35305786
2023-02-23,147.2665253,95.81999969,31.48949814,64.75919342,169.5700073,90.14494324,144.2482452,130.089386,248.8761139,129.7283478,202.0700073,77.32804108,45.66212845
2023-02-24,144.6149445,93.5,31.44353867,64.40105438,168.3500061,88.39937592,142.6386719,131.26297,243.4545288,128.996582,196.8800049,75.97187042,45.78424835
2023-02-27,145.8076782,93.76000214,31.44353867,64.50852966,169.0099945,89.13331604,142.3277588,132.4085999,244.3727722,128.8854218,207.6300049,76.0871048,45.45325089
2023-02-28,145.3049622,94.23000336,31.52626991,64.52641296,169.7799988,89.32176208,140.1602936,133.516983,243.6498871,127.4218903,205.7100067,75.98072052,45.67498398
2023-03-01,143.2349396,92.16999817,31.3792057,64.14414978,170.7599945,89.61930084,139.5292816,132.7718658,240.5727692,127.5145187,202.7700043,75.02342224,45.03869629
2023-03-02,143.8263702,92.12999725,30.98141289,64.00952148,170.6600037,91.24584198,139.4195557,131.3933868,245.3007965,129.617218,190.8999939,75.9009552,45.15116119
2023-03-03,148.8732452,94.90000153,31.60122681,64.50308228,172.4900055,92.88233185,140.8553619,133.8057404,249.3840942,130.5620117,197.7899933,77.05324554,45.20580292
2023-03-06,151.6332703,93.75,31.53647041,64.35053253,171.6199951,94.35019684,142.2637329,133.0233612,250.927536,130.0062714,193.8099976,76.75187683,45.19937515
2023-03-07,149.4351196,93.55000305,30.52811813,64.2787323,168.6199951,93.09061432,140.9193726,129.1114044,248.2704773,127.4218903,187.7100067,74.96138,44.74946213
2023-03-08,150.6869659,93.91999817,30.12108421,64.22490692,168.5399933,93.47740936,139.8859558,128.3476715,247.8309021,127.4403992,182,75.82118988,44.37990952
2023-03-09,148.4395142,92.25,28.252388,64.44024658,170.1999969,91.56323242,138.3130035,121.3993759,246.4828186,126.5048599,172.9199982,74.08387756,44.0810318
2023-03-10,146.3793793,90.73000336,28.00261116,65.21199799,173.8699951,89.88707733,138.6513367,124.4823227,242.8390656,127.079155,173.4400024,71.62860107,44.01676178
2023-03-13,148.3212433,92.43000031,26.37444496,65.73249817,177.8600006,90.36315155,139.9773865,122.2469559,248.0457611,127.9591217,174.4799957,72.56816101,44.14530563
2023-03-14,150.4109802,94.87999725,26.60571861,65.31968689,176.8300018,93.1996994,140.763916,125.385788,254.7568512,129.5430908,183.2599945,73.26841736,44.37990952
2023-03-15,150.8052673,96.19999695,26.35594368,65.9927063,178.2100067,95.32217407,141.1571503,119.462059,259.2992859,131.3771667,180.4499969,73.21520996,44.87480164
2023-03-16,153.6244354,100.0400009,26.79998589,65.67865753,178.5700073,99.49765015,140.864502,121.78125,269.8104248,132.3590698,184.1300049,73.05566406,44.61987686
2023-03-17,152.7865448,98.94999695,25.73612785,66.15424347,183.7700043,100.7869873,139.3555603,117.1801071,272.9656677,132.3960876,180.1300049,71.39813995,44.98127747
2023-03-20,155.1522827,97.70999908,25.67136955,65.86708832,183.8399963,100.390274,140.7364655,118.4188766,265.9322205,134.4339752,183.25,72.21359253,45.46530533
2023-03-21,157.0054169,100.6100006,26.4484539,65.68760681,180.3699951,104.0599365,140.7364655,121.5949783,267.4463806,133.4613647,197.5800018,71.89452362,45.31040955
2023-03-22,155.5761566,98.69999695,25.5696106,66.27090454,183.4400024,102.5226593,138.1392212,118.456131,265.9908447,133.3779755,191.1499939,69.20876312,45.02000046
2023-03-23,156.6604004,98.70999908,24.94979668,66.4234848,185.7400055,104.7343826,138.2123718,118.1394577,271.2365723,133.1927185,192.2200012,68.77443695,45.38463211
2023-03-24,157.9616089,98.12999725,25.1070652,66.55809021,183.6499939,104.5756912,139.6024475,116.3418579,274.0793152,135.9067841,190.4100037,70.53810883,45.75570297
2023-03-27,156.0197296,98.04000092,26.35594368,65.86708832,181.9499969,101.6201096,140.1968842,119.6762924,269.9862061,135.1935425,191.8099976,70.45752716,46.52045441
2023-03-28,155.3987274,97.23999786,26.01365852,65.75042725,183.4400024,100.201828,138.843399,120.0395508,268.862854,135.5733032,189.1900024,70.28744507,46.33975983
2023-03-29,158.4741669,100.25,26.52246094,65.82220459,182.5299988,100.5588837,140.2060089,120.2816849,274.0206604,135.9901428,193.8800049,71.84520721,46.53981781
2023-03-30,160.0415039,102,26.18016815,65.91196442,184.1799927,100.0629807,140.3157959,119.9184494,277.4787598,136.5830078,195.2799988,72.78523254,47.00447464
2023-03-31,162.5452118,103.2900009,26.45770264,66.25296783,183.2200012,102.8797073,141.7515869,121.3714447,281.6303711,137.7316132,207.4600067,74.34300232,47.57883453
2023-04-03,163.7970581,102.4100037,26.4484539,66.5345459,184.5399933,103.5045395,143.4434662,121.2317352,280.5852356,138.4911652,194.7700043,73.75211334,47.9789505
2023-04-04,163.2647705,103.9499969,25.88414383,66.80443573,187.9799957,103.8615952,144.9432983,119.611084,280.5363464,139.1581421,192.5800018,73.65363312,47.50784683
2023-04-05,161.4214478,101.0999985,25.5696106,66.98430634,187.8300018,103.6136475,151.4547119,119.7894363,277.762085,140.1121674,185.5200043,73.25973511,48.29517746
2023-04-06,162.3086395,102.0599976,25.75462914,66.96634674,186.4900055,107.5312576,151.0340271,119.6580124,284.854126,141.0014496,185.0599976,73.76107788,48.65981293
2023-04-10,159.716156,102.1699982,25.84714127,66.51655579,185.1100006,105.5674896,150.2749786,120.0522614,282.6951904,139.8343201,184.5099945,74.10127258,48.56622696
2023-04-11,158.5037384,99.91999817,26.5594635,66.54353333,186.2799988,104.486412,150.229248,120.6436691,276.2869568,139.5564117,186.7899933,74.41462708,48.424263
2023-04-12,157.813736,97.83000183,26.34669113,66.61550903,187.1900024,103.7822418,149.9091797,120.6248932,276.9317627,139.936203,180.5399933,74.05651093,48.18869781
2023-04-13,163.195755,102.4000015,26.42070007,66.57953644,189.7200012,106.5493698,151.9120026,121.0848618,283.1347656,140.5845947,185.8999939,73.83270264,48.23709869
2023-04-14,162.850769,102.5100021,27.3087883,66.28262329,186.3600006,107.9775696,151.6650543,130.227951,279.5203857,139.8713379,185,72.68675232,47.91119385
2023-04-17,162.8704529,102.7399979,28.09512138,65.92280579,185.5299988,105.1013336,151.5095978,131.2605438,282.1188354,139.9176788,187.0399933,74.19975281,48.24677658
2023-04-18,164.0927887,102.3000031,28.27088737,66.02177429,186.25,103.6433868,147.247879,132.7342834,281.698822,140.0658875,184.3099976,74.02967072,48.35326767
2023-04-19,165.2362366,104.3000031,27.80834007,65.93178558,185.3600006,103.326004,148.63797,132.5653381,281.776947,140.0936737,180.5899963,74.46833801,48.40488815
2023-04-20,164.2701721,103.8099976,27.66032791,66.21969604,186.0899963,104.4269028,149.5982513,132.1804657,279.4910889,140.6072388,162.9900055,73.73423004,48.71466827
2023-04-21,162.6635132,106.9599991,27.63257408,66.10272217,184.25,104.5459213,148.784317,131.9270172,279.1491699,145.4728088,165.0800018,73.74316406,48.95989609
2023-04-24,162.9690552,106.2099991,27.53081131,66.36360931,184.8099976,105.1013336,149.6896667,132.1053772,275.2514954,145.7338104,162.5500031,73.46563721,49.29224777
2023-04-25,161.4313202,102.5699997,26.67972374,66.79543304,185.75,102.9987259,151.0614777,129.2328949,269.0484009,145.7710724,160.6699982,72.74047089,48.90827179
2023-04-26,161.4214478,104.9800034,26.30968857,66.56152344,184.7400055,102.8598785,148.7202759,126.942421,288.5368652,144.0839844,153.75,72.0421524,48.69530487
2023-04-27,166.0050659,109.8199997,26.72597694,66.27365875,184.75,106.7080536,149.0677948,128.6509247,297.7780457,145.8456573,160.1900024,73.67153931,48.84696198
2023-04-28,167.2569122,105.4499969,27.0867691,66.64250183,184.8000031,106.4600906,149.707962,129.7680054,300.1518555,145.7617493,164.3099976,74.57576752,48.71466827
2023-05-01,167.1682129,102.0500031,26.86474609,65.9571228,183.9700012,106.3212509,149.6165161,132.5465698,298.4911499,145.9388733,161.8300018,74.02071381,48.91471863
2023-05-02,166.1332092,103.6299973,26.05065918,66.60641479,187.5200043,104.4566727,150.9242859,130.4062958,298.3446045,145.8083801,160.3099976,72.76733398,48.78242111
2023-05-03,165.0587921,103.6500015,25.77313232,66.8859787,189.1100006,104.5459213,148.9488983,127.6464615,297.3579712,145.621933,160.6100006,72.48084259,48.60173035
2023-05-04,163.4224701,104,24.96830177,66.79580688,190.4400024,103.8318329,148.2722015,125.9004593,298.3446045,144.9508362,161.1999969,73.08067322,48.73776627
2023-05-05,171.0914001,105.6600037,25.63436699,66.55231476,187.4600067,104.7046127,148.775177,128.3599091,303.4633484,145.4355164,170.0599976,74.2982254,49.15884018
2023-05-08,171.0223694,105.8300018,25.61586571,66.23666382,187.6900024,106.8865814,148.4367828,128.6697083,301.5096436,144.7550964,171.7899933,73.86850739,49.46654892
2023-05-09,169.3170776,106.6200027,25.58811188,66.16455078,189.0200043,106.4700241,147.2844849,128.0501251,299.8977966,143.273056,169.1499939,73.55516815,49.55076599
2023-05-10,171.0815277,110.1900024,25.27357864,66.57035065,188.75,110.8339539,147.8331604,128.1158447,305.0849304,143.5713043,168.5399933,74.26242828,49.41147995
2023-05-11,171.2688293,112.1800003,25.33833504,66.78676605,187.1300049,115.6144485,147.2296143,127.712204,302.9358521,143.9068756,172.0800018,73.44773865,49.59610748
2023-05-12,170.3409576,110.2600021,25.06081009,66.43507385,186.8099976,116.5467377,147.0375671,125.8817139,301.8222046,145.370285,167.9799957,73.43878174,49.57991409
2023-05-15,169.8474274,111.1999969,25.57885933,66.26372528,187.2100067,115.5549393,145.9127045,126.942421,302.3009338,145.4168854,166.3500061,73.31343079,49.19446945
2023-05-16,169.8474274,113.4000015,25.31058311,66.10142517,184.8699951,118.5303497,145.7206421,126.0882187,304.5281677,145.1652069,166.5200043,71.47814178,48.51427078
2023-05-17,170.4593964,115.5,26.42994881,65.98418427,184.2299957,119.8494492,145.400589,129.9651031,307.4064331,144.5500336,173.8600006,72.44502258,48.43330002
2023-05-18,172.7889404,118.1500015,26.33743858,65.71366119,181.8399963,121.823143,144.9341431,130.9507751,311.8315125,142.1731873,176.8899994,72.09588623,49.06167221
2023-05-19,172.897522,116.25,26.00440598,65.53328705,183.6399994,121.7537003,145.3274231,130.6503906,311.6553345,142.7697144,180.1399994,71.97949982,48.55638123
2023-05-22,171.9499054,115.0100021,26.21717834,65.51525879,183.2100067,124.0249405,144.5441589,129.5708466,314.4356689,139.0319977,188.8699951,72.41816711,48.12881851
2023-05-23,169.3439789,114.9899979,26.43919945,65.56032562,183.4299927,121.555336,144.4888916,128.219101,308.6400146,137.5313263,185.7700043,71.73777771,48.03813934
2023-05-24,169.6203766,116.75,25.99515533,65.37998962,181.9499969,119.9089508,144.3506622,127.0456924,307.259613,136.3941803,182.8999939,70.19792175,47.81787872
2023-05-25,170.7555389,115,26.05990982,65.13648987,180.1999969,122.4678116,142.2774811,127.3554611,319.0761414,135.5179749,184.4700012,70.18895721,47.34173584
2023-05-26,173.1639862,120.1100006,26.18942261,65.21766663,180.9199982,123.5885315,142.222168,128.5476379,325.8997498,135.5272827,193.1699982,70.9947052,47.42595291
2023-05-30,175.0098572,121.6600037,26.14317131,65.6505127,182.0399933,122.6562424,142.2406006,129.0357819,324.2550659,133.4580231,201.1600037,71.26328278,47.30935287
2023-05-31,174.9604797,120.5800018,25.70837593,65.86694336,182.3200073,121.8628082,142.8763733,127.393013,321.4942322,132.8242035,203.9299927,71.62138367,47.57172394
2023-06-01,177.7637939,122.7699966,25.90419769,66.04506683,183.7599945,122.7058411,142.3972321,129.148407,325.5962524,134.1850739,207.5200043,71.63035583,47.74662018
2023-06-02,178.6127167,124.25,26.77139854,65.67436981,181.0500031,123.6480408,144.636322,131.8612976,328.3570862,136.5712433,213.9700012,73.37611389,48.20333481
2023-06-05,177.260376,125.3000031,26.61287689,65.68341064,182.1399994,124.9770584,145.8802795,130.5659027,328.8857727,136.0306702,217.6100006,72.86581421,48.52074814
2023-06-06,176.8951569,126.6100006,27.25628853,65.77381897,182.3399963,126.2664032,145.7512207,130.8005676,326.6731873,134.6791077,221.3099976,73.56410217,48.51427078
2023-06-07,175.5231476,121.2300034,27.48940659,65.40315247,180.1499939,121.4958267,146.0645294,132.0678406,316.5894165,134.9680634,224.5700073,74.91596985,48.58552933
2023-06-08,178.2376404,124.25,27.25628853,65.72863007,182.5299988,121.1387787,147.6678009,132.1053772,318.4300232,136.4967041,234.8600006,74.45042419,49.28840256
2023-06-09,178.6225739,123.4300003,27.29358673,65.59302521,182.0399933,121.2280655,147.4374542,132.3682098,319.9278564,136.6085358,244.3999939,74.02071381,49.58639145
2023-06-12,181.4159851,126.5699997,27.16303635,65.72863007,181.8800049,122.626503,147.3361053,132.3588409,324.8815918,135.5366058,249.8300018,74.03859711,49.91353989
2023-06-13,180.942215,126.6600037,27.41480827,65.43930054,180.5399933,122.8149414,148.1100922,133.3163147,327.2703857,135.2103882,258.7099915,74.51309204,50.30221939
2023-06-14,181.5739441,126.4199982,27.15371704,65.49356079,180.6399994,122.6562424,148.8656464,132.8188171,330.2563171,136.4780273,256.7900085,74.79064178,50.81074524
2023-06-15,183.6073151,127.1100006,27.3868351,65.90039825,181.9100037,124.0646133,150.8651428,134.320755,340.7903748,138.3702087,255.8999939,75.18455505,51.08930588
2023-06-16,182.5314178,125.4899979,27.21898842,65.7557373,181.6300049,122.517395,151.3258514,134.4803314,335.141449,139.3861847,260.5400085,75.13084412,50.37671661
2023-06-20,182.6202698,125.7799988,26.92059708,65.84616089,179.75,122.0909042,151.2337494,133.7950592,330.9514465,138.0998993,274.4500122,74.24452209,49.93296432
2023-06-21,181.5838165,124.8300018,26.64085388,65.95463562,179.4900055,119.561821,151.0033722,133.5979462,326.5557251,139.292984,259.4599915,73.796875,50.03013992
2023-06-22,184.5845795,130.1499939,26.07204056,65.63822174,177.7100067,122.1405106,152.6066742,131.0258636,332.5765686,139.7683716,264.6099854,72.74047089,50.44797897
2023-06-23,184.268692,129.3300018,25.8762207,65.82806396,178.1999969,121.3371429,152.4776459,130.3406067,327.9850769,138.3795471,256.6000061,71.73777771,50.35403824
2023-06-26,182.8769073,127.3300018,26.19326591,65.90943909,178.5099945,117.3699265,150.7730408,130.6597595,321.6998596,138.5193481,241.0500031,73.39402771,50.22124481
2023-06-27,185.6308746,129.1799927,26.3331337,65.78288269,177.6900024,117.3600159,150.4597168,130.6691589,327.5444946,139.8336029,250.2100067,74.2982254,50.03985596
2023-06-28,186.8054962,129.0399933,26.17461395,65.99082184,177.2799988,119.1948547,150.1556854,130.0965271,328.7975769,139.8056641,256.2399902,74.40568542,50.31194305
2023-06-29,187.1410828,127.9000015,26.72477722,65.49356079,177.0899963,118.123703,151.2061005,134.6399231,328.0143738,139.2370758,257.5,75.23680878,49.9718399
2023-06-30,191.4645233,130.3600006,26.7527504,65.71958923,178.2700043,118.7187805,152.5145111,136.5267639,333.3891602,141.4368286,261.769989,75.65328217,50.9111557
2023-07-03,189.9740448,130.2200012,27.22831154,65.5328598,178.4700012,118.9171524,150.5150299,137.6250153,330.8926697,142.1452179,279.8200073,76.39569092,51.24153519
2023-07-05,188.8585968,130.3800049,27.11641693,65.26096344,177.8399963,120.7519913,150.0174561,136.7082062,331.0493164,141.9028778,282.480011,76.56771088,51.21239471
2023-07-06,189.332428,128.3600006,26.37043571,64.8440094,177.3099976,119.1254349,148.9025269,135.3566589,334.1038208,141.6698456,276.5400085,75.97922516,50.88848114
2023-07-07,188.2170105,129.7799988,26.60355377,64.80774689,178.6399994,118.5005875,146.7371979,136.4246826,330.1388245,138.6964569,274.4299927,75.80718231,49.71595001
2023-07-10,186.1737518,127.1299973,26.72477722,65.0343399,178.7799988,115.4954224,146.9767303,137.1902466,324.8619995,138.7523651,269.6099854,76.13312531,50.16617966
2023-07-11,185.6506195,128.7799988,27.06046486,65.17031097,179.4499969,116.1797714,146.1659241,139.3357391,325.4886169,138.0253296,269.7900085,77.21956635,50.09168625
2023-07-12,187.3187866,130.8000031,27.37750626,65.68694305,181.8800049,117.9551086,145.6591034,140.0257111,330.1192932,138.7430725,271.9899902,77.63606262,50.21800232
2023-07-13,188.0788269,134.3000031,27.6665802,66.08576965,182.0099945,123.5191193,146.3317413,140.7062683,335.4645691,138.8362732,277.8999939,78.13401794,49.92324829
2023-07-14,188.2268982,134.6799927,27.1443882,65.77758026,181.4299927,124.3919067,147.3084412,141.5569153,337.9904175,139.8615723,281.3800049,77.98009491,50.09492493
2023-07-17,191.4842682,133.5599976,27.41480827,65.85009003,181.5599976,123.628212,146.5713196,144.9689178,338.4701843,138.8735352,290.3800049,77.47309875,50.15646362
2023-07-18,191.2276001,132.8300018,28.62702751,65.9316864,183.6399994,122.7455215,146.5621033,145.2335663,351.9411621,139.1345215,293.3399963,77.04755402,50.06577301
2023-07-19,192.5799408,135.3600006,29.40098,66.08576965,183.6699982,121.029686,146.2672272,145.7912292,347.6237793,140.0852814,291.2600098,77.91672516,50.0819664
2023-07-20,190.6353607,129.9600067,29.55017662,65.77758026,182.7400055,118.2228851,155.1497803,147.5870209,339.5861816,141.2211609,262.8999939,77.66322327,51.00832748
2023-07-21,189.4607391,130,29.82059479,65.82291412,182.1799927,119.0361557,156.8175812,146.4528046,336.5513,143.4441528,260.019989,78.02536011,51.29659653
2023-07-24,190.2602844,128.8000031,30.44535446,65.71414185,181.3999939,120.533783,157.6376495,149.3355713,337.8631287,143.9037628,269.0599976,78.66818237,51.59783173
2023-07-25,191.1190338,129.1300049,29.97911835,65.64161682,182.4100037,121.2082138,158.8447113,148.2202759,343.6098938,144.2414398,265.2799988,78.10684967,51.55572891
2023-07-26,191.9876862,128.1499939,30.22156334,65.85917664,183.3000031,128.2103271,159.1487885,149.1087189,330.6772766,144.3915253,264.3500061,78.45994568,51.74035263
2023-07-27,190.7242432,128.25,29.79262543,65.29720306,180.4199982,128.3392792,160.0425873,147.4641418,323.7752991,142.6750031,255.7100067,76.75783539,51.55249023
2023-07-28,193.3004913,132.2100067,29.74599838,65.52380371,181.8600006,131.4932098,160.7705078,148.3053741,331.264679,146.708313,266.4400024,76.69445038,51.79541016
2023-07-31,193.9124908,133.6799927,29.83924484,65.64161682,182.3500061,131.6320801,154.3665924,149.2977753,328.8661804,146.6051636,267.4299927,77.19242096,51.77922058
2023-08-01,193.083313,131.6900024,29.48490524,65.23538971,180.4600067,130.4716492,155.6197052,148.5605469,329.2773438,146.5582275,261.0700073,77.0656662,51.53629303
2023-08-02,190.0924835,128.2100067,29.08394241,65.02635956,179.6000061,127.3276291,156.5595856,146.8781586,320.6229553,146.877121,254.1100006,76.62202454,51.57192612
2023-08-03,188.7006836,128.9100037,29.28908539,64.62647247,179.5399933,127.3970642,157.2322083,147.7760925,319.8005981,147.2617188,259.3200073,75.78907776,51.58487701
2023-08-04,179.6392517,139.5700073,29.18651009,65.16265869,180.1900024,127.0598526,155.7579041,147.4641418,320.8970947,145.6483917,253.8600006,75.17342377,51.28688431
2023-08-07,176.5398254,142.2200012,29.72734642,65.06270599,179.7799988,130.451828,159.4989471,148.1636047,323.1781616,147.1866608,251.4499969,76.11502075,51.98328018
2023-08-08,177.4775696,139.9400024,29.15853882,65.29901123,178.6399994,130.322876,159.5726471,147.3318634,319.2033997,147.3461304,249.6999969,75.62610626,52.03510284
2023-08-09,175.8883362,137.8500061,28.77622414,65.31717682,177.7899933,128.5971375,159.4712982,145.3564148,315.463623,147.1585388,242.1900024,75.6170578,52.11932373
2023-08-10,175.6711731,138.5599976,28.85082245,64.95362091,177.6000061,128.6269226,158.6420135,145.1390381,316.1489258,146.4269257,245.3399963,75.32733917,52.09331512
2023-08-11,175.7305145,138.4100037,29.17719269,64.74463654,177.6000061,128.4979553,160.190033,145.9802551,314.2692566,147.2804718,242.6499939,75.44504547,52.39886475
2023-08-14,177.3811951,140.5700073,28.84149742,64.66282654,177.0599976,130.2534485,159.8122101,146.2827301,317.2356262,146.12677,239.7599945,74.94707489,52.00879669
2023-08-15,175.394455,137.6699982,27.91834641,64.51742554,176.5899963,128.7161713,159.3515015,142.5587769,315.1013489,145.1887817,232.9600067,74.10507965,51.74225235
2023-08-16,174.5246582,135.0700073,27.31223488,64.33563995,175.5700073,127.6450272,158.8447113,141.9538879,314.3361511,143.7067719,225.6000061,73.19065094,51.76825714
2023-08-17,171.9844208,133.9799957,27.30291367,64.27202606,175.3000031,128.855011,160.3374176,140.4794312,310.882782,142.6750031,219.2200012,72.60214996,50.60781097
2023-08-18,172.4687347,133.2200012,27.1443882,64.40837097,175.3300018,126.4151688,158.9368896,140.8007507,310.490387,143.0783386,215.4900055,72.82850647,51.3359375
2023-08-21,173.8030701,134.6799927,27.18168831,64.0993576,175.8099976,127.3177261,154.2007141,141.2827759,315.788147,142.3560944,231.2799988,72.15852356,51.1994133
2023-08-22,175.1769867,134.25,26.51963234,64.18115234,176.1000061,128.0218964,152.9752197,138.3527832,316.3571777,142.412384,233.1900024,72.36675262,51.03688812
2023-08-23,179.0219116,135.5200043,26.52895546,64.76280212,177.8899994,131.2849426,151.6023102,139.2884979,320.8112488,143.7443085,236.8600006,73.50753784,51.39120102
2023-08-24,174.3368225,131.8399963,26.68747711,64.60829926,177.8500061,128.7161713,152.1183014,139.1561737,313.9143066,143.0783386,230.0399933,73.22685242,50.99787521
2023-08-25,176.5410004,133.2599945,26.5755806,64.60829926,177.6199951,128.8153381,154.2993622,138.986084,316.8673401,144.0162964,238.5899963,73.28119659,51.30018234
2023-08-28,178.1027069,133.1399994,26.81802177,64.72644806,178.1300049,129.9360809,152.4802704,139.4680939,317.5737305,144.2414398,238.8200073,73.9692688,51.59273148
2023-08-29,181.9871826,134.9100037,27.20033836,65.12633514,179.8699951,133.4668884,152.4988251,140.6022949,322.1945496,144.3258362,257.1799927,74.86561584,52.02505112
2023-08-30,185.4762878,135.0700073,27.07911491,65.09906006,180.3200073,134.7661591,151.9604797,140.0351868,322.5673828,144.4852905,256.8999939,75.13720703,52.39886475
2023-08-31,185.6937561,138.0099945,26.95688629,65.20812225,180.0200043,135.0537872,150.0578613,138.3055573,321.5568542,144.7667236,258.0799866,74.58492279,52.85719299
2023-09-01,187.2653046,138.1199951,27.24836159,64.89463806,180.1100006,134.5479584,148.9441223,138.7686615,322.4397583,144.9261322,245.0099945,74.71168518,52.51913834
2023-09-05,187.502533,137.2700043,26.93807602,64.53921509,178.6399994,134.657074,149.1297607,137.2375183,327.2372742,142.9845581,256.4899902,73.84252167,52.09656525
2023-09-06,180.7911987,135.3600006,26.69361305,64.46630096,177.8300018,133.3578033,146.6516724,137.0106812,326.5799866,142.7031708,251.9199982,73.68861389,52.4866333
2023-09-07,175.5031738,137.8500061,26.44914818,64.68502045,178.0200043,134.1512299,148.5264587,135.8386688,323.6661987,144.0632019,251.4900055,74.15036011,53.13674164
2023-09-08,176.1159821,138.2299957,26.66540909,64.70324707,178.0800018,135.2620697,149.0183716,135.942627,327.9436646,143.4441528,248.5,73.86062622,53.23425674
2023-09-11,177.2823181,143.1000061,26.7782402,64.60301208,178.4100037,135.7976074,150.9674377,136.5381012,331.5441895,145.1512909,273.5799866,73.86968994,53.41954041
2023-09-12,174.2577667,141.2299957,27.23895645,64.64855957,177.4900055,134.2305756,151.8213196,138.3149872,325.4909668,142.5999756,267.480011,73.83347321,53.47804642
2023-09-13,172.1920013,144.8500061,27.15433502,64.74881744,177.0800018,135.5893707,152.2018433,138.3811798,329.6997986,143.594223,271.2999878,73.02770233,53.49104691
2023-09-14,173.7042694,144.7200012,27.45521545,64.63945007,177.1699982,136.9679718,151.9698029,141.0653992,332.2898254,145.1700439,276.0400085,74.34953308,53.71533966
2023-09-15,172.9827118,140.3899994,27.11672592,64.51186371,178.3399963,136.2736969,149.8444061,140.6495514,323.9703674,143.9506683,274.3900146,74.06884766,53.51705551
2023-09-18,175.9084015,139.9799957,27.04150391,64.57564545,179.3899994,137.0770721,150.7910919,140.9425507,322.8322144,144.4946747,265.2799988,73.4079361,53.12048721
2023-09-19,176.9956818,137.6300049,26.93807602,64.43898773,179.2200012,136.908432,150.5405273,140.7629395,322.4300537,144.0725861,266.5,73.07295227,53.10749054
2023-09-20,173.4571533,135.2899933,26.84405327,64.35695648,179.3500061,132.6436768,151.1994781,140.1674957,314.6991272,143.9506683,262.5899963,73.13632202,53.27976227
2023-09-21,171.9152222,129.3300018,26.37393188,63.95598984,178.0500031,129.3707428,150.0393219,139.0711212,313.482605,142.7031708,255.6999969,70.64653778,52.63290787
2023-09-22,172.765213,129.1199951,25.98843193,64.22025299,178.6199951,129.1822968,148.9626923,137.7384491,311.0102844,142.177887,244.8800049,70.11238098,52.77267838
2023-09-25,174.040329,131.2700043,25.95081902,63.74637222,177.6999969,130.0352631,148.7399445,138.4189453,311.530304,141.3149872,246.9900055,70.04899597,53.00671768
2023-09-26,169.9680481,125.9800034,25.54651451,63.68257141,176.2799988,127.5160904,147.5890961,136.9823151,306.2324524,140.0581055,244.1199951,68.77241516,52.82144165
2023-09-27,168.4557495,125.9800034,25.64053726,63.45474243,174.1000061,129.4699249,145.816391,137.7857056,306.8702393,138.200882,240.5,68.31067657,52.5678978
2023-09-28,168.7127533,125.9800034,25.91321182,63.61877823,173.2299957,131.2254028,145.6029205,139.4964447,307.7041016,137.2629242,246.3800049,68.96614075,52.83443832
2023-09-29,169.2267303,127.1200027,25.74396515,63.59143829,171.4499969,129.787323,144.5541534,137.0673981,309.7741699,136.8126831,250.2200012,69.16726685,51.98604202
2023-10-02,171.7372894,129.4600067,25.104599,63.15462875,169.6499939,133.0701752,143.9972687,135.88591,315.7096252,136.1842194,251.6000061,67.89654541,52.04130173
2023-10-03,170.4029388,124.7200012,24.36180305,62.64292526,169.1600037,131.3444214,144.1736298,134.8840637,307.4588623,136.4656372,246.5299988,66.570961,51.71299744
2023-10-04,171.6483459,127,24.39001274,63.054142,169.1399994,134.1314087,144.340683,135.4889526,312.9234314,136.915863,261.1600037,67.38459015,52.33385849
2023-10-05,172.8838654,125.9599991,24.50284004,63.09980774,168.8300018,133.9627991,145.844223,136.060257,313.3158569,134.8804626,260.0499878,67.7594223,51.70974731
2023-10-06,175.4339752,127.9599991,24.51223946,62.85307312,169.6999969,136.4522247,146.3082733,138.1549377,321.0663452,135.1524658,260.5299988,67.94224548,50.8418541
2023-10-09,176.9165955,128.2599945,24.73790359,63.49274826,172.8200073,137.2853394,147.1436157,137.840744,323.5778503,134.4677582,259.6700134,68.68275452,50.65657425
2023-10-10,176.3235626,129.4799957,25.3960762,63.4287796,172.5299988,136.9282684,146.976532,138.6786041,322.1749573,135.7996826,263.6199951,69.01184082,51.22866821
2023-10-11,177.7172241,131.8300018,25.40547752,63.72122955,173.7899933,139.3978882,144.9532318,139.1546936,326.1287231,134.1300964,262.9899902,70.20944214,51.43344498
2023-10-12,178.6166992,132.3300018,25.29264832,63.1729126,173.2599945,137.8308411,145.0924377,138.8309631,324.8925171,134.4302368,258.8699951,69.18553162,51.66749191
2023-10-13,176.7782135,129.7899933,25.16101456,63.46534348,178.8300018,136.234024,145.5750885,140.9161224,321.5274048,135.7152557,251.1199951,69.01184082,51.95353699
2023-10-16,176.6497345,132.5500031,25.37727165,63.1363678,177.9600067,137.9597931,146.2061768,140.7733154,326.3445435,137.0096741,253.9199982,69.83460999,52.40211487
2023-10-17,175.0979004,131.4700012,25.96962547,62.72512054,178.2899933,138.5746765,144.8697357,140.4686279,325.7754517,137.1878967,254.8500061,69.73405457,52.47037506
2023-10-18,173.8030701,128.1300049,25.67814827,62.4509964,180.8699951,136.8291168,141.7512665,138.926178,323.8623657,140.7240601,242.6799927,68.25307465,52.50938797
2023-10-19,173.4274902,128.3999939,25.34906387,62.17684174,183.0899963,136.6208344,141.3707275,138.3358154,325.0494995,139.9321289,220.1100006,66.63497925,52.25908661
2023-10-20,170.8773651,125.1699982,24.73790359,62.40530777,183.5899963,134.4884644,142.0018158,136.1078491,320.4875183,139.7433167,211.9900055,66.18701935,51.60573578
2023-10-23,170.9960175,126.5599976,24.04211998,62.64292526,182.9700012,135.3810577,140.5075684,134.2511749,323.0873413,139.837738,212.0800018,65.53794861,52.3371048
2023-10-24,171.4308929,128.5599976,23.94809532,62.85307312,182.9499969,137.6721191,140.3590698,134.4130402,324.2744446,141.4895172,216.5200043,66.37900543,53.06522751
2023-10-25,169.1180115,121.3899994,24.02331161,62.37790298,183.7200012,124.5803528,140.6746368,133.6799011,334.2225647,142.1502838,212.4199982,64.9528656,52.90595627
2023-10-26,164.9567871,119.5699997,24.55925369,62.79825211,184.0099945,121.277626,138.2893372,134.0226746,321.6844177,141.3951569,205.7599945,66.19616699,52.58414459
2023-10-27,166.271347,127.7399979,23.66602325,62.79825211,186.1499939,121.168541,135.1337585,129.1953278,323.5680542,138.9032593,207.3000031,65.13570404,52.38911057
2023-10-30,168.3173523,132.7100067,24.1549511,62.64292526,185.1000061,123.4397812,136.460968,130.8425446,330.9260864,140.885437,197.3600006,65.54708862,52.99046707
2023-10-31,168.7918243,133.0899963,24.76611137,62.62462997,184.0899963,123.0628967,137.6767883,132.4040375,331.7109985,141.6122437,200.8399963,66.66239929,53.11724091
2023-11-01,171.9547577,137,24.82252312,63.23226547,183.5099945,125.4134521,138.0016327,132.2897797,339.5203247,141.2157898,205.6600037,67.07378387,53.59181976
2023-11-02,175.5130615,138.0700073,25.96962547,63.5989151,184.1199951,126.4449234,139.4402161,134.6510773,341.7277832,142.9431305,218.5099945,69.27696228,53.80310059
2023-11-03,174.6036987,138.6000061,26.72182274,63.97468185,184.7899933,128.041748,140.4611359,136.1554718,346.1229858,141.6499939,219.9600067,70.931633,53.52355576
2023-11-06,177.1538239,139.7400055,26.6371994,63.69971085,183.3500061,129.1822968,140.7952728,137.1837463,349.7823486,142.4711914,219.2700043,69.90776062,53.59506989
2023-11-07,179.7138214,142.7100067,26.47735786,64.02051544,182.5899963,129.8964081,140.0527802,137.1170959,353.7066345,142.1408081,222.1799927,69.33181,53.8453598
2023-11-08,180.7714233,142.0800018,26.22348976,64.22214508,180.7700043,130.7592773,139.5423431,137.7931519,356.3261719,141.593338,222.1100006,69.56035614,53.40653229
2023-11-09,180.2969666,140.6000061,25.88500214,63.74554062,181.4900055,129.1724091,136.8229675,137.3837128,353.8636169,141.9142761,209.9799957,68.46333313,53.28301239
2023-11-10,184.48349,143.5599976,26.02604103,63.86468887,179.5099945,131.5031281,136.6651611,139.4212799,362.6736755,142.9147949,214.6499939,69.10325623,54.0208931
2023-11-13,182.8999634,142.5899963,26.04484749,63.8463707,180.5099945,131.0072174,137.0178375,138.8024139,359.7402649,143.905899,223.7100067,68.52733612,54.50522614
2023-11-14,185.5127869,145.8000031,27.47402191,64.62542725,182.1199951,132.5246735,137.0456696,141.335083,363.2622375,143.5849609,237.4100037,72.33033752,54.49547195
2023-11-15,186.0769348,143.1999969,27.85012245,64.26796722,181.6399994,133.5164795,138.1037292,142.5728302,363.40979,142.9242554,242.8399963,72.5406189,55.18784332
2023-11-16,187.7594604,142.8300018,27.77490234,64.65294647,183.6900024,135.8075562,139.3103027,144.201004,369.7998047,144.2551422,233.5899963,72.38519287,50.72158051
2023-11-17,187.7396698,145.1799927,28.18860817,64.74458313,183.6699982,134.2008209,139.0225372,145.5054321,363.586731,142.5938873,234.3000031,72.33033752,50.49729919
2023-11-20,189.4815826,146.1300049,28.21681595,64.83622742,183.3699951,135.1331329,140.2481537,145.9529266,371.0481873,141.8387756,235.6000061,72.86056519,50.48104477
2023-11-21,188.6799164,143.8999939,27.88772774,64.92788696,185.3500061,135.8472443,141.3801422,145.6482697,366.7522278,141.2157898,241.1999969,72.34864044,50.66307449
2023-11-22,189.3430176,146.7100067,27.85951996,64.98287201,184.5599976,137.3547668,141.0995026,145.9910278,371.4512939,142.5466919,234.2100067,72.70515442,50.27626038
2023-11-24,188.0167847,146.7400055,27.95354843,64.67125702,185.5200043,135.5695343,142.6712189,146.1909332,371.0383606,142.8865204,235.4499969,72.91542816,50.72808838
2023-11-27,187.8386383,147.7299957,27.79370499,65.06539154,186.7700043,135.2918091,141.5298462,145.8577271,372.1983643,142.7543488,236.0800018,73.18054199,50.95887756
2023-11-28,188.4423676,147.0299988,27.76549721,65.3403244,189.2599945,136.0753326,141.8572845,146.1909332,376.2191772,143.7454224,246.7200012,73.66506195,51.56672287
2023-11-29,187.4229584,146.3200073,28.49889183,65.67947388,189.5399933,133.8834686,142.3063507,146.9336395,372.4342957,142.6505432,244.1399994,74.17699432,50.73458481
2023-11-30,187.996994,146.0899963,28.89694595,65.46865845,188.75,131.4436188,144.6920013,148.6093903,372.4933167,144.9064026,240.0800018,74.71637726,50.60781097
2023-12-01,189.2737427,147.0299988,29.34239006,66.00267029,192.0099945,130.7791138,148.1722412,149.3330231,368.1678162,144.0946808,238.8300018,76.55387115,50.16899109
2023-12-04,187.4823456,144.8399963,29.20970535,65.73613739,187.8600006,128.2103271,148.6400299,150.4279785,362.8888245,143.5283508,235.5800018,77.11153412,50.1559906
2023-12-05,191.4313049,146.8800049,28.98224449,66.15892792,187.1499939,129.9162445,148.3312683,150.4089203,366.2114868,138.5257111,238.7200012,76.59959412,50.62081528
2023-12-06,190.3426208,144.5200043,28.93485641,66.35192108,187.8399963,128.9541931,146.52565,148.8283844,362.5545349,138.4218903,239.3699951,76.37103271,50.07147598
2023-12-07,192.2725983,146.8800049,29.05806351,66.33355713,188.1499939,135.8075562,145.3843079,149.2854156,364.6680908,138.2802734,242.6399994,76.5904541,49.74194336
2023-12-08,193.6977844,147.4199982,29.34239006,66.01185608,185.6399994,133.8834686,144.4674683,150.9326172,367.8926086,137.0060425,243.8399963,76.46247101,49.21992874
2023-12-11,191.1937866,145.8899994,29.23813629,66.02105713,183.5899963,132.1973724,145.0662079,151.484848,365.0121765,137.6384583,239.7400055,76.67272949,49.34390259
2023-12-12,192.7080536,147.4799957,29.13388443,66.21406555,183.4900055,131.4337158,145.075592,152.8368835,368.0400391,137.7517242,237.0099945,76.62702179,49.38306046
2023-12-13,195.9246521,148.8399963,30.36596107,67.05966949,187.6300049,131.4832916,145.7491608,153.3510437,368.0301514,140.2436066,239.2899933,79.56154633,50.26070023
2023-12-14,196.0731049,147.4199982,32.16669083,67.56520081,188.7299957,130.8584442,146.7595367,156.1407928,359.7331238,136.5435181,251.0500031,81.85614777,49.64733124
2023-12-15,195.5386505,149.9700012,31.84445,67.46407318,187,131.5130615,145.1597748,157.3214417,364.4518738,135.8828125,253.5,80.7042923,49.83329773
2023-12-18,193.8759003,154.0700073,31.68333244,67.32620239,187.8500061,134.6868134,145.4217529,158.2735596,366.339325,137.9688263,252.0800018,80.52144623,50.56086349
2023-12-19,194.9151306,153.7899933,31.75915527,67.45488739,189.1300049,135.5298462,146.3760071,160.3873291,366.9389648,137.9688263,257.2200012,81.13394928,50.74357605
2023-12-20,192.826828,152.1199951,31.25684547,67.67547607,188.1000061,137.2059937,143.3915863,158.5782928,364.3437195,135.8356171,247.1399994,80.14661407,50.14977264
2023-12-21,192.67836,153.8399963,31.46535683,67.66628265,189.4299927,139.2689514,144.8603973,159.4827881,367.2142639,136.1659851,254.5,80.85739136,50.50539398
2023-12-22,191.6094818,153.4199982,31.68333244,67.62114716,190.2700043,140.3301697,145.4404602,159.387558,368.2366028,137.1287537,252.5399933,81.17203522,51.10898209
2023-12-26,191.0651398,153.4100037,32.09086609,67.68565369,191.7200012,140.3599243,146.0766144,160.3301697,368.3152771,137.7517242,256.6099854,81.77359009,51.03068161
2023-12-27,191.164093,153.3399963,32.07191467,68.11888123,192.5899963,139.2193451,146.2730713,161.2918396,367.73526,137.864975,261.4400024,82.17153168,51.51029205
2023-12-28,191.5896454,153.3800049,32.10982513,67.95294189,191.4700012,139.0805359,146.488266,162.1487732,368.9247437,137.5535126,253.1799927,82.75457764,51.40914154
2023-12-29,190.5504761,151.9400024,31.91078949,67.79626465,191.1699982,138.5449066,146.6379395,161.9583435,369.6718445,138.3180389,248.4799957,81.77359009,51.43524933
2024-01-02,183.731308,149.9299927,32.12877655,67.51051331,190.7200012,137.037384,149.6597748,163.8435669,364.589447,140.3946381,248.4199982,82.47693634,51.97032166
2024-01-03,182.3555908,148.4700012,31.7781105,67.56581879,189.1300049,137.78125,150.5953064,163.1294708,364.3240356,139.545105,238.4499969,80.50569916,51.97357559
2024-01-04,180.0396271,144.5700073,32.03400803,67.26163483,189.3200073,135.2719727,150.2772522,164.2120209,361.7090454,140.3096619,237.9299927,80.3576355,51.47113419
2024-01-05,179.3171539,145.2400055,32.63108826,67.05884552,189.3500061,134.6174011,150.7450104,165.0359192,361.5223083,139.1486969,237.4900055,80.15402985,51.12856293
2024-01-08,183.6521454,149.1000061,32.37519836,67.35381317,187.8699951,137.7019043,151.1192169,164.7964325,368.3447876,140.3474274,240.4499969,81.3015976,51.63100433
2024-01-09,183.2364502,151.3699951,31.87288666,67.34456635,187.9299927,139.7946014,151.2127838,163.4935303,369.4261475,140.9231873,234.9600067,80.75559235,51.97684479
2024-01-10,184.2756653,153.7299957,31.84445,67.22475433,187.5,141.113678,151.4373016,163.8383942,376.2879333,141.5273285,233.9400024,80.84812164,52.62284088
2024-01-11,183.681839,155.1799927,31.41796494,67.57502747,187.8699951,140.9153442,150.7637024,163.1486359,378.1164246,142.0652924,227.2200012,80.09849548,52.56411362
2024-01-12,184.0084381,154.6199951,31.08625412,67.71327209,189.7100067,141.4806519,151.9237976,161.9511414,381.8914185,142.1502838,218.8899994,80.57975006,52.63263321
2024-01-16,181.7419891,153.1600037,30.44177818,67.23397064,187.9100037,141.321991,150.1743164,160.9356537,383.6609192,141.3857117,219.9100037,79.98744965,52.79902649
2024-01-17,180.8017273,151.7100067,30.13849831,67.07727051,185.8399963,140.3103333,150.0901031,160.0734406,382.8744202,141.5273285,215.5500031,78.52521515,52.55105972
2024-01-18,186.6905518,153.5,30.07215691,66.98510742,187.3699951,142.3038635,150.8198395,160.3895569,387.1999817,140.7113495,211.8800049,78.09951019,53.25905228
2024-01-19,189.5904541,155.3399963,30.53655815,66.98510742,187.9299927,145.1801147,151.259552,163.1582031,391.9187012,140.1699524,212.1900024,79.03423309,52.97846985
2024-01-22,191.8964691,154.7799988,30.84930992,67.09572601,187.2200012,144.7932739,151.998642,162.9665985,389.7952271,140.4454193,208.8000031,79.50622559,52.98173523
2024-01-23,193.1732178,156.0200043,31.05781746,66.93901825,187.9499969,145.8346558,149.5100708,161.893631,392.1447754,146.2584991,209.1399994,78.96019745,53.11549377
2024-01-24,192.5001984,156.8699951,31.25684547,66.80072021,186.3999939,147.4810638,148.7148743,163.3402252,395.7428284,144.4917603,207.8300018,77.83112335,52.36509323
2024-01-25,192.1736145,157.75,31.64542198,67.11415863,187.1399994,150.6250916,149.2762146,165.6777954,398.0137024,147.8162537,182.6300049,78.83062744,53.12854767
2024-01-26,190.4415894,159.1199951,31.68333244,67.01274872,187.0099945,150.9424744,149.2200623,165.0454712,397.0896301,148.3102112,183.25,78.60852051,53.59510422
2024-01-29,189.7586823,161.2599945,31.85392761,67.28006744,188.3300018,152.2516632,149.0890808,165.476593,402.7815247,148.3291931,190.9299927,79.12677765,53.84632111
2024-01-30,186.1066437,159,32.97228622,67.39990234,188.5899963,150.2184296,148.5371094,168.8679352,401.6706543,149.592514,191.5899963,78.38640594,54.02576828
2024-01-31,182.5040588,155.1999969,32.23302841,67.68565369,188.4499969,138.9515839,148.6587372,167.038147,390.8471069,149.2600708,187.2899933,77.63678741,53.91484451
2024-02-01,184.9387512,159.2799988,31.79706192,68.0942688,190.4100037,140.0028687,148.1535339,166.4345856,396.9421692,151.1977386,188.8600006,79.04347992,54.91320419
2024-02-02,183.9391479,171.8099976,31.7212429,67.48410797,188.6100006,141.2128906,146.5162964,167.3925934,404.2561951,150.1624146,187.9100037,78.06248474,55.32429504
2024-02-05,185.7503357,170.3099976,31.2663269,66.94794464,187.5700073,142.5022125,145.7585297,167.1722717,398.7805176,150.2763824,181.0599976,76.42443848,55.02739716
2024-02-06,187.3536682,169.1499939,31.31370926,67.26226807,188.5500031,142.9187775,147.872879,167.7470856,398.6231384,150.9887848,185.1000061,77.4516983,55.40259552
2024-02-07,187.4625397,170.5299988,31.44639778,67.13285065,188.5,144.3469696,147.7980347,168.0632019,407.038208,151.1407471,187.5800018,77.34063721,55.2623024
2024-02-08,186.383728,169.8399963,31.38953209,66.95717621,188.3300018,144.7139587,146.3198547,167.459671,407.097168,150.684845,189.5599976,77.96994781,55.25904083
2024-02-09,187.1468048,174.4499969,31.34214211,66.90172577,187.6000061,147.7786255,146.656662,167.6608582,413.4281311,149.526001,193.5700073,78.09025574,55.22967529
2024-02-12,185.4621277,172.3399963,31.86340904,66.92022705,187.1100006,146.3206482,147.6763763,168.4080963,408.2277527,149.2315521,188.1300049,78.10877228,55.56246567
2024-02-13,183.3711395,168.6399994,31.03886223,66.33782959,184.5299988,143.9502411,146.3853455,166.942337,399.4391479,148.4336853,184.0200043,76.49846649,55.18400574
2024-02-14,182.4891815,170.9799957,31.39900589,66.58742523,184.4199982,144.7437134,145.7024078,168.6380157,403.2998657,147.8258057,188.7100067,77.10001373,55.00782013
2024-02-15,182.2018127,169.8000031,32.28990173,66.77231598,185.6600037,141.5997009,147.7419128,172.3167572,400.4141846,149.1365509,200.4499969,78.895401,55.23294067
2024-02-16,180.6657867,169.5099945,32.30885315,66.55970001,186.3399963,139.3681335,147.5722351,171.5120392,397.9519653,149.6115112,199.9499969,78.08099365,55.58204269
2024-02-20,179.9225616,167.0800018,32.18564224,66.64287567,187.4700012,139.9632263,148.8070679,172.1826324,396.7011108,150.5613556,193.7599945,77.94219971,57.3764801
2024-02-21,180.6756897,168.5899963,31.93922997,66.45801544,187.4799957,141.3814697,149.5800629,173.3035126,396.1003723,152.3565674,194.7700043,78.37715912,56.67175674
2024-02-22,182.7071991,174.5800018,31.85392761,66.48571777,187.5599976,142.9088898,151.2485504,175.3824005,405.4272156,152.5085449,197.4100037,78.52521515,57.22966766
2024-02-23,180.8739014,174.9900055,32.1477356,66.72608948,188.6199951,142.7799225,152.5588226,176.2637482,404.137085,152.9549866,191.9700012,78.48820496,57.27860641
2024-02-26,179.5261536,174.7299957,31.85392761,66.60590363,188.1999969,136.4423218,151.569046,175.6602325,401.3793945,152.1855927,199.3999939,77.6275177,58.33569717
2024-02-27,180.9829102,173.5399933,32.48892593,66.50421143,188,137.7415771,151.7481537,175.7464294,401.3202515,151.3117828,199.7299957,77.72007751,58.32590866
2024-02-28,179.7838135,173.1600037,32.51735687,66.6521225,188.3399963,135.2620697,152.2854614,176.6373901,401.5566101,152.0241089,202.0399933,78.5067215,58.35527039
2024-02-29,179.1198578,176.7599945,32.94684601,66.76308441,189.3099976,137.3250275,152.1252289,178.2468414,407.3871765,150.9697876,201.8800049,79.1730423,57.36669922
2024-03-01,178.0396881,178.2200012,32.7845993,67.04301453,192.8899994,136.0158386,152.8227844,177.5091553,409.2189941,150.8843079,202.6399994,80.11701202,57.51351547
2024-03-04,173.5207977,177.5800018,33.54813385,66.88542938,196.0099945,132.2569122,150.6735535,178.8407898,408.6477966,151.5587006,188.1399994,80.86664581,58.04205704
2024-03-05,168.5857086,174.1199951,33.77719879,67.24694824,197.1900024,131.5824738,150.7960968,180.6322784,396.5632629,151.3307343,180.7400055,79.88564301,58.76636505
2024-03-06,167.5947418,173.5099945,33.80583191,67.36749268,198.8099976,130.322876,150.2022095,181.5711212,396.0117188,151.5681915,176.5399933,80.28359985,59.28511429
2024-03-07,167.4758148,176.8200073,34.00626373,67.47871399,199.9400024,133.2784576,149.7591553,179.9808044,402.9552002,152.5655518,178.6499939,80.26509094,59.0795784
2024-03-08,169.1902161,175.3500061,33.9776268,67.54363251,201.6300049,134.3000183,150.3719025,180.3161163,400.0792847,152.3091125,175.3399963,81.19055939,58.8446579
2024-03-11,171.1920013,171.9600067,34.2544136,67.51580811,202,136.5414734,151.9838257,180.3831482,398.4049683,153.4488983,177.7700043,80.80184174,59.37320709
2024-03-12,171.6676788,175.3899994,34.32122421,67.31188202,199.7899933,137.3646851,153.4072266,181.8680878,409.0023499,153.8098297,177.5399933,80.62602234,60.10729599
2024-03-13,169.5866241,176.5599976,34.43575668,67.20062256,201.1900024,138.644104,151.8612671,183.3434448,408.8250732,154.1612854,169.4799957,80.21881866,59.98005295
2024-03-14,171.4397583,178.75,34.06352615,66.80197906,200.3500061,141.9269714,150.0796814,180.0766296,418.7920532,153.4013977,162.5,79.01571655,59.9289856
2024-03-15,171.0631714,174.4199982,33.79629135,66.76490784,199.7100067,140.0227203,149.1087341,182.3087921,410.1251221,153.2874298,163.5700073,78.83988953,59.59506989
2024-03-18,172.1532593,174.4799957,34.36894608,66.68148041,200.0299988,146.4694061,147.7701721,184.5696869,411.0115051,153.1259613,173.8000031,78.87689972,59.77184677
2024-03-19,174.4919739,175.8999939,34.38803482,66.85759735,199.8000031,145.8247528,147.251709,185.6522217,415.0396423,153.7148743,171.3200073,78.84914398,59.7816658
2024-03-20,177.0586243,178.1499939,35.07521439,66.97812653,202.1799927,147.520752,146.8275146,188.0855713,418.8019714,153.8668365,175.6600037,79.36739349,60.15487289
2024-03-21,169.8244476,178.1499939,35.80059052,67.03375244,201.9700012,146.3900909,146.8181,190.7009277,422.879364,153.7433929,172.8200073,79.94117737,60.35129547
2024-03-22,170.7262268,178.8699951,35.36155319,67.25624084,200.3500061,149.5341034,146.3278809,188.3633728,422.2588501,153.5533905,170.8300018,78.93500519,59.7816658
2024-03-25,169.3091431,179.7100067,35.1802063,67.12645721,200.9900055,148.8398132,146.3184662,186.6389771,416.4677429,152.1571198,172.6300049,78.44965363,59.48703003
2024-03-26,168.1794434,178.3000031,35.39973068,67.18206787,201.6399994,149.4348907,146.8369293,187.5107574,415.2760315,152.4990387,177.6699982,78.13230896,59.42810059
2024-03-27,171.7469635,179.8300018,36.08692169,67.41384888,203.1000061,149.6332855,148.9013672,191.1416168,415.0593262,154.4557495,179.8300018,80.14839172,59.63434601
2024-03-28,169.9334564,180.3800049,36.19189835,67.33039856,205.7200012,149.6927948,149.1181641,191.8888702,414.3600464,154.1138153,175.7899933,80.71774292,59.09418106
2024-04-01,168.4965515,180.9700012,35.81013489,66.87107849,207.8200073,154.2154083,148.7316742,190.585968,418.151886,152.5275421,175.2200012,79.36434937,58.92722702
2024-04-02,167.3172913,180.6900024,35.60015869,66.79669952,210.8899994,153.293045,148.6845245,190.5093231,415.0692749,152.5180664,166.6300049,78.36564636,58.1022377
2024-04-03,168.1199646,182.4100037,35.73377228,66.84318542,212.7400055,153.6501007,145.4135284,189.9728241,414.0942078,148.3196869,168.3800049,78.44965363,58.3674202
2024-04-04,167.2974396,180,35.23746872,66.98266602,211.5200043,149.296051,143.7544708,188.5274658,411.5630493,147.6548004,171.1100006,77.94564056,58.43616104
2024-04-05,168.0506134,185.0700073,35.41882324,66.64793396,215.1399994,151.249939,143.6507874,190.2619019,419.0875549,148.2722168,164.8999939,78.34698486,58.77990341
2024-04-08,166.9308014,185.1900024,35.79104233,66.59215546,216.4799957,153.5806732,142.8966675,191.254425,418.1716003,148.2151947,172.9799957,79.18699646,58.71115112
2024-04-09,168.1397705,185.6699982,36.01055908,66.83389282,217.6699982,155.31633,143.5565186,189.9728394,419.8360596,148.8041534,176.8800049,80.24172211,58.7209816
2024-04-10,166.2668304,185.9499969,34.97978592,66.05285645,215.6100006,154.8600616,141.5863647,188.3540039,416.8617249,149.3550415,171.7599945,76.91893005,59.53613663
2024-04-11,173.4613342,189.0500031,34.69345093,66.05285645,219.8000031,158.1032715,140.2572327,188.3154602,421.4610901,148.0252533,174.6000061,77.18028259,59.01560974
2024-04-12,174.9577484,186.1300049,34.15897369,66.20162964,216.8899994,156.4370422,139.0600739,176.1356201,415.5222778,147.5408325,171.0500031,76.26557159,59.06472015
2024-04-15,171.1325531,183.6199951,34.31168365,65.76460266,220.9499969,153.5905762,139.1260529,176.2319641,407.3871765,147.6548004,161.4799957,74.96819305,58.85847855
2024-04-16,167.852417,183.3200073,33.09955597,65.59726715,221.2200012,153.1343536,136.1661224,174.2180481,408.3129272,148.1297455,157.1100006,73.91347504,58.77008057
2024-04-17,166.484848,181.2799988,33.62449265,65.91336823,219.5899963,154.1955719,136.4677887,173.5242615,405.6143494,149.0890961,155.4499969,73.37213135,58.58347702
2024-04-18,165.5334778,179.2200012,34.13988495,65.73673248,220.3399963,154.7311401,137.3821411,174.6516724,398.158783,150.3672333,149.9299927,73.3814621,58.20045471
2024-04-19,163.5119019,174.6300049,35.28519821,65.82039642,221.0299988,152.8268738,139.4277191,179.0360565,393.0866394,151.1798248,147.0500031,73.73613739,58.46562195
2024-04-22,164.3443298,177.2299957,36.01055908,65.84829712,215.5700073,154.9989471,140.5683136,182.5146027,394.8988342,153.4741669,142.0500031,74.38948822,59.06472015
2024-04-23,165.3947601,179.5399933,36.62139893,65.96918488,215.0399933,156.9627075,140.9830933,185.1452179,401.408905,154.3919373,144.6799927,75.07085419,58.03349304
2024-04-24,167.4956665,176.5899963,36.57367325,65.80180359,214.6399994,157.8255615,140.012146,186.0510101,402.8763123,155.4435425,162.1300049,75.21086884,58.79954529
2024-04-25,168.3577881,173.6699982,36.1823616,65.61586761,215.9199982,154.7212372,138.4002075,186.3304443,393.0078735,155.3957367,170.1799927,74.7815094,59.13346481
2024-04-26,167.7731476,179.6199951,36.10601044,65.76460266,216.6199951,170.5404816,137.759201,186.4460754,400.1777954,154.1911774,168.2899933,74.81884003,59.08436203
2024-04-29,171.9352417,180.9600067,35.83876419,65.95989227,216.1799927,164.7880096,138.4002075,186.2437286,396.1693115,154.5449066,194.0500031,75.58421326,59.16292953
2024-04-30,168.7938538,175,35.3233757,65.70882416,211.8699951,161.4456482,136.2980804,184.7597809,383.4445801,156.0171204,183.2799988,74.30549622,58.28884125
2024-05-01,167.7731476,179,35.26610947,65.94572449,213.7899933,162.5167847,142.5101471,184.8754425,388.9697876,156.208313,179.9900055,74.33349609,57.79777908
2024-05-02,171.4694824,184.7200012,35.19929886,66.20684814,213.1300049,165.2541656,141.3224335,184.6827087,391.8259888,156.6289368,180.0099945,75.37887573,58.64240265
2024-05-03,181.7261505,186.2100067,35.55243683,66.54260254,212.9600067,165.8690948,140.7097015,183.5745544,400.5126343,157.2216644,181.1900024,75.88289642,58.7504425
2024-05-06,180.0711975,188.6999969,35.97238922,66.60787201,215.1999969,166.7220612,140.0592804,185.0103302,407.2886963,157.2025452,184.7599945,75.94822693,58.79954529
2024-05-07,180.7549744,188.7599945,36.11555099,66.73844147,214.2100067,169.8462219,140.1912384,184.7694244,403.1521301,158.4644318,177.8099976,76.66691589,59.53613663
2024-05-08,181.0919189,188,35.99147797,66.57991028,213.5800018,167.9915466,140.4080505,188.5274658,404.3340149,157.8048248,174.7200012,76.02288818,59.22185898
2024-05-09,182.9054108,189.5,36.53549194,66.75708771,216.9499969,168.566803,141.2564392,190.3100891,406.0870667,158.732132,171.9700012,77.58161163,59.56481552
2024-05-10,181.6451263,187.4799957,36.69775009,66.5705719,218.7100067,167.2675323,141.3130188,191.5338593,408.4704895,159.5064697,168.4700012,77.36694336,59.60424423
2024-05-13,184.8503571,186.5700073,36.46868896,66.62653351,216.2599945,167.7535095,142.5478821,191.4953308,407.4659119,158.5695801,171.8899994,77.61895752,59.53525162
2024-05-14,185.9915314,187.0700073,36.7359314,66.8223877,218.0899963,168.9436646,142.6987,194.174118,410.2630005,158.4644318,177.5500031,78.21630096,58.99322128
2024-05-15,188.2639618,185.9900055,37.13678741,67.25140381,220.8899994,171.0958862,143.9147339,194.7522583,417.4360046,159.181427,173.9900055,79.29901886,58.96365356
2024-05-16,188.3830414,183.6300049,37.43266296,67.13947296,220.0299988,172.752182,145.4323883,195.0991669,415.3739014,160.4720154,174.8399963,79.24301147,63.08312988
2024-05-17,188.4128113,184.6999969,37.49946976,66.97161865,223.6600037,174.6167908,145.771759,197.3347168,414.6042786,160.2617035,177.4600067,79.23368073,63.71386719
2024-05-20,189.5738373,183.5399933,37.05088806,66.90631866,224.5599976,175.4697571,143.7476807,188.4599915,419.665863,159.9462128,174.9499969,78.76699829,63.25066376
2024-05-21,190.8737793,183.1499939,37.84305954,67.04621887,224.2299957,176.3920898,143.7191772,192.2565765,423.3165283,160.9404449,186.6000061,78.73899078,64.20661163
2024-05-22,189.4348907,183.1300049,37.94804764,66.96228027,220.1100006,174.9341736,145.8667603,191.0905914,424.7767639,160.4242249,180.1100006,78.0296402,64.30517578
2024-05-23,185.4457703,181.0500031,37.38493347,66.76641083,215.7200012,172.1273804,142.2557373,189.7512207,421.3037415,158.2063293,173.7400055,76.34957886,63.90110016
2024-05-24,188.5219879,180.75,37.89078522,66.84103394,215.9199982,173.5555573,139.6614838,193.4032288,424.4215698,158.0533752,179.2400055,76.40557098,64.43328857
2024-05-28,188.5318909,182.1499939,37.52810287,66.5239563,218.1900024,174.9539948,137.2002716,192.2373047,424.5794373,155.9310608,176.75,75.90156555,64.0982132
2024-05-29,188.8295746,182.0200043,36.95544815,66.28147125,216.1600037,174.4580841,137.257309,190.8978729,423.4447937,154.5353394,176.1900024,75.1641922,63.97993851
2024-05-30,189.8218994,179.3200073,36.86954498,66.5705719,216.5700073,170.699173,138.055542,192.0734863,409.1382141,155.4243774,178.7899933,76.26557159,63.95038223
2024-05-31,190.7745514,176.4400024,38.16756439,66.81304932,215.3000031,171.085968,139.3764191,195.2533569,409.5920715,157.298172,178.0800018,77.69361877,64.80778503
2024-06-03,192.540863,178.3399963,38.06258392,67.18632507,217.2200012,171.7504883,140.393219,194.4728394,408.0035095,157.4032898,176.2899933,77.51628876,64.86692047
2024-06-04,192.858429,179.3399963,37.87170029,67.43888855,215.2700043,172.3654022,140.4502106,191.9096832,410.5195312,159.6594238,174.7700043,78.11364746,65.63562775
2024-06-05,194.3667603,181.2799988,38.13893509,67.62599182,217.8200073,173.9721375,138.7112274,190.0788269,418.3536072,158.7416992,175,78.02028656,66.11852264
2024-06-06,192.9874268,185,37.89078522,67.63534546,219.4299927,175.2812958,139.1388397,189.7415924,418.856781,161.055191,177.9400024,78.16964722,66.17765045
2024-06-07,195.3789368,184.3000031,38.19805908,67.09276581,211.6000061,173.0299072,139.766037,192.6709137,418.1957703,159.7072296,177.4799957,77.43228149,64.92604828
2024-06-10,191.6378632,187.0599976,38.09243011,66.98986053,213.5399933,173.7746124,139.8135376,192.3432922,422.1621094,159.9844971,173.7899933,77.69361877,65.99040985
2024-06-11,205.5601654,187.2299957,37.31464386,67.26115417,214.1499939,175.37323,139.4619293,187.2844086,426.907959,160.1087341,170.6600037,77.41362,65.76374054
2024-06-12,211.4347687,186.8899994,37.84277344,67.56986237,214.7200012,176.5349884,138.1790924,184.5574188,435.1761475,157.9099579,177.2899933,78.10430908,65.34983063
2024-06-13,212.5957794,183.8300018,37.6987381,67.86921692,212.9700012,173.9235535,138.2170868,186.6098785,435.6892395,159.0858307,182.4700012,78.42164612,65.73416138
2024-06-14,210.8592224,183.6600037,37.67953491,67.97212219,215.7299957,175.5420532,138.3026123,186.7255096,436.6660156,159.4490967,178.0099945,78.40298462,66.04953766
2024-06-17,215.0071411,184.0599976,37.93879318,67.71955109,214.6100006,175.9888763,138.6922302,187.8818054,442.3886108,160.1278534,187.4400024,78.09497833,66.44374847
2024-06-18,212.645401,182.8099976,38.39970398,67.95340729,215.4700012,173.8540344,138.4071198,189.8283081,440.3857117,161.1412201,184.8600006,78.40298462,66.62114716
2024-06-20,208.0707855,186.1000061,38.39970398,67.8224411,218.1600037,175.0554962,140.4312134,191.4374847,439.7542725,160.29039,181.5700073,78.17897797,67.02520752
2024-06-21,205.8975983,189.0800018,37.91959,67.84114838,214.7799988,178.3620148,141.3529968,189.1537781,443.7798157,160.8544006,183.0099945,78.37499237,66.92665863
2024-06-24,206.5425873,185.5700073,38.42851257,67.87856293,215.6300049,177.9549103,141.7045898,191.6398621,441.6980286,161.0360413,182.5800018,78.98166656,67.90232086
2024-06-25,207.4654694,186.3399963,37.81396866,67.91599274,214.5599976,182.7309265,139.870575,190.8593292,444.9342346,159.5064697,187.3500061,78.01096344,66.44374847
2024-06-26,211.6133575,193.6100006,37.44908142,67.59792328,212.5800018,182.5819855,139.5189514,190.2426453,446.1280823,160.0800629,196.3699951,77.76829529,67.30115509
2024-06-27,212.4568481,197.8500061,37.68913651,67.71955109,214.9900055,184.1012115,138.5496979,191.9193115,446.8088989,159.2865906,197.4199982,78.52431488,66.8970871
2024-06-28,209.0035553,193.25,38.18845367,67.40146637,215.0099945,180.864212,138.8917694,194.8968201,440.9876404,157.6614075,197.8800049,79.15084839,66.72954559
2024-07-01,215.0865326,197.1999969,38.41891098,67.04584503,215.5700073,181.6982727,139.1578369,197.9706879,450.637146,155.5582275,209.8600006,78.40431976,66.50288391
2024-07-02,218.5794983,200,39.30233002,67.2428894,215.5599976,183.9324036,138.768219,201.2276459,453.1531372,156.6863098,231.2599945,78.77285004,67.08434296
2024-07-03,219.8497009,197.5899963,39.27352524,67.62762451,217.9900055,184.5083008,138.4451599,201.0927277,454.6231995,156.6194,246.3899994,78.697258,67.2518692
2024-07-05,224.6029053,200,38.80300522,67.93726349,220.9299927,189.2545624,139.1958618,198.4281616,461.3226318,157.9386749,251.5200043,78.91459656,69.0258255
2024-07-08,226.0715637,199.2899933,39.00465012,67.93726349,218.1900024,187.6956482,138.2455902,198.7963715,460.0202637,159.1910095,252.9400024,79.16973114,68.67102051
2024-07-09,226.9249573,199.3399963,39.77283859,67.90914917,218.5599976,187.6460114,139.7375031,201.1799469,453.409668,158.3688507,262.3299866,79.15084839,68.8878479
2024-07-10,231.1919403,199.7899933,40.08011627,67.96544647,219.3600006,189.8304596,141.9991608,201.3446808,460.0301514,159.4586639,263.2600098,79.73672485,69.39045715
2024-07-11,225.8235016,195.0500031,40.14732742,68.30324554,223.25,184.2600861,142.2557373,201.0055237,448.6342163,158.2541199,241.0299988,82.02355194,68.78928375
2024-07-12,228.7706757,194.4900055,39.93608093,68.48152924,223.1100006,183.7635956,142.4268036,198.5735016,447.4995117,159.2770386,248.2299957,82.64723206,68.23738098
2024-07-15,232.601059,192.7200012,40.2241478,68.26569366,223.8300018,185.2133179,141.8186188,203.5247498,447.9040833,157.3363647,252.6399994,83.20477295,68.60203552
2024-07-16,233.0178528,193.0200043,42.37507629,68.52844238,228.2899933,182.6216888,143.5005798,206.9838562,443.5232849,159.6020355,256.5599976,84.22533417,68.97653198
2024-07-17,227.1234283,187.9299927,42.23103333,68.59413147,227.2299957,179.742218,148.7936401,210.1329041,437.603363,161.9824677,248.5,84.80176544,70.0014801
2024-07-18,222.4595032,183.75,41.29961014,68.41585541,225.7799988,176.4356995,147.6912994,203.4569244,434.4953308,161.0264893,249.2299957,84.05523682,69.79451752
2024-07-19,222.588501,183.1300049,41.19398499,68.23755646,221.7299957,176.405899,146.9976044,203.2631378,431.2788086,161.5333252,239.1999969,83.9040451,69.72553253
2024-07-22,222.2411957,182.5500031,40.61784363,68.20940399,221.8000031,180.3876038,146.5699768,203.7475891,437.0310669,161.8122101,251.5099945,84.77342224,69.36087799
2024-07-23,223.2831116,186.4100037,40.72347641,68.21878815,222.5800018,180.5067444,144.7739716,203.7960663,438.9156189,160.2445984,246.3800049,84.70727539,69.62699127
2024-07-24,216.8627777,180.8300018,40.51222229,68.02173615,221.8000031,171.4114227,148.5085449,202.1101074,423.1784058,161.5717926,215.9900055,83.45990753,69.57769775
2024-07-25,215.8208466,179.8500061,40.02250671,68.171875,218.3300018,166.0991669,151.7014465,202.1876221,412.8184509,160.5138702,220.25,83.18586731,69.00611115
2024-07-26,216.2872314,182.5,40.01289368,68.44399261,220.6300049,165.8211517,152.6517334,205.6467285,419.5968018,162.639328,219.8000031,84.64112854,68.7695694
2024-07-29,216.5650635,183.1999969,39.45595932,68.52844238,220.3200073,168.3332977,150.6751556,204.2999268,421.0373535,163.4279327,232.1000061,85.07581329,68.6118927
2024-07-30,217.1207886,181.7100067,39.63840866,68.61291504,222.5200043,169.0879364,153.3074188,208.5050812,417.2781982,155.5128632,222.6199951,85.73729706,68.18811798
2024-07-31,220.3756256,186.9799957,38.70698166,68.9882431,226.5500031,170.3290863,150.0004425,206.1893158,412.7691345,154.6088104,232.0700073,85.43490601,67.64608765
2024-08-01,216.6841736,184.0700073,37.92919159,69.24613953,225.7700043,169.5546112,152.7657318,201.4996948,411.5455933,159.3501892,216.8600006,86.29483032,68.7794342
2024-08-02,218.1726532,167.8999939,36.0855484,70.03676605,225.3399963,165.4835663,155.9776611,192.9536743,403.0406189,163.5722351,207.6699982,86.24758148,67.46868896
2024-08-05,207.6639557,161.0200043,35.1925354,69.97088623,222.4799957,158.125885,153.2313843,188.8453979,389.8785706,161.6295166,198.8800049,83.78120422,66.61128235
2024-08-06,205.6395721,161.9299927,35.45178604,69.53792572,220.6999969,157.1726532,151.0647583,194.116394,394.2791138,161.6583252,200.6399994,85.43490601,66.75911713
2024-08-07,208.2097168,162.7700043,35.81668091,69.36853027,220.5500031,157.8180695,150.9982605,194.1745148,393.1148682,163.5145264,191.7599945,84.84902191,65.94113922
2024-08-08,211.6729279,165.8000031,36.69049454,69.26496124,224.0099945,160.8862305,152.2525787,197.7208252,397.3180542,164.3319855,198.8399963,85.6805954,66.68028259
2024-08-09,214.5804443,166.9400024,36.75770569,69.50968933,224.5599976,162.5146637,152.6327057,199.4067993,400.6035461,164.0146179,200,86.07748413,66.96606445
2024-08-12,216.1103821,166.8000031,36.65208054,69.6320343,228.4100037,161.1443939,151.9295044,199.784668,401.3830261,160.4273224,197.4900055,85.44434357,67.70520782
2024-08-13,219.8259888,170.2299957,36.93054962,69.89559174,228.0599976,163.0012054,150.5135956,201.4803009,408.48703,160.8889465,207.8300018,86.19087219,67.14347076
2024-08-14,220.2730408,170.1000061,37.26663589,70.02735901,226.1999969,159.2379608,150.5991058,203.708847,411.2989807,162.3411865,201.3800049,86.4176712,67.665802
2024-08-15,223.2534637,177.5899963,37.47788239,69.73557281,226.9100037,160.1613922,151.1787872,204.9781647,416.1621094,161.4948578,214.1399994,86.35151672,72.12033844
2024-08-16,224.5747833,177.0599976,37.77555847,69.88618469,231.9900055,161.8096771,151.4638672,207.3229828,413.6316833,161.4660034,216.1199951,86.30428314,72.59275818
2024-08-19,224.4158478,178.2200012,38.09243011,69.97088623,231.6100006,165.4934845,151.6919556,208.7570038,416.656311,161.9757233,222.7200012,87.02245331,72.85962677
2024-08-20,225.0317841,178.8800049,37.15140152,70.17797089,232.4600067,165.9998932,152.1955872,207.855896,419.8885498,163.8895874,221.1000061,86.91850281,73.67004395
2024-08-21,224.9224854,180.1100006,37.20901871,70.32855225,232.1499939,164.6792755,153.40242,207.9334106,419.2361755,163.6491547,223.2700043,87.38154602,74.36186981
2024-08-22,223.0647125,176.1300049,37.67953491,70.0461731,229.3699951,162.6437531,154.2766724,209.9003601,410.7454529,163.6395416,210.6600037,87.63667297,74.69791412
2024-08-23,225.3596344,177.0399933,38.18845367,70.35679626,232.0200043,164.4508972,155.9681702,211.5281525,411.9711304,162.6970215,220.3200073,89.56443024,74.8164978
2024-08-26,225.697403,175.5,38.33249283,70.28150177,232.7599945,164.9870758,156.4243011,212.3614502,408.7093201,163.8318787,213.2100067,89.52662659,75.14265442
2024-08-27,226.5418701,173.1199951,38.09243011,70.28150177,233.3899994,163.5175323,156.0221405,213.3400574,409.0552368,162.7739716,209.2100067,89.65892029,75.2414856
2024-08-28,225.0119324,170.8000031,38.36129761,70.23443604,231.75,161.7004395,156.9509277,214.4155731,405.8526611,162.5912323,205.75,89.30928802,75.19207001
2024-08-29,228.2903748,172.1199951,38.57255173,70.13088989,232.9499969,160.6380005,157.2477264,215.3070068,408.3435669,163.5241089,206.2799988,89.03524017,75.52810669
2024-08-30,227.5055389,178.5,39.12948608,69.98971558,231.2899933,162.2267151,158.8084259,217.8165588,412.3171082,164.9763336,214.1100006,89.89516449,76.3286438
2024-09-03,221.3161926,176.25,39.08147812,70.28804016,230.2899933,156.249176,160.0531769,213.4563446,404.7061157,167.8423309,210.6000061,89.84792328,76.26934814
2024-09-04,219.4087219,173.3300018,38.88942337,70.59957123,230.4299927,155.3456268,160.2446594,212.5164642,404.1723633,169.1695099,219.4100037,90.10306549,76.33852386
2024-09-05,220.9287415,177.8899994,38.54374695,70.76952362,232.3500061,156.1300507,157.9754181,210.8692932,403.6682434,168.7559662,230.1699982,89.81011963,76.06180573
2024-09-06,219.3789062,171.3899994,37.46127319,70.85450745,230.6300049,149.8546753,157.3913727,205.8599091,397.055603,168.8713837,210.7299957,89.72507477,75.7455368
2024-09-09,219.468338,175.3999939,38.14748001,70.94891357,231.6000061,147.8562012,159.5265656,210.0747375,401.0291138,169.3233948,216.2700043,90.72674561,76.4373703
2024-09-10,218.6735535,179.5500031,37.96384811,71.18494415,232.6199951,147.806488,160.2638092,199.1742401,409.4110718,170.9871979,226.1699982,92.04026031,77.89021301
2024-09-11,221.2069244,184.5200043,37.69323349,71.14717865,232.25,150.2921448,157.8126526,200.7923584,418.1488647,167.2653046,228.1300049,91.86071777,77.91985321
2024-09-12,221.3161926,187,37.48060226,71.07164764,236.3300018,153.8018799,157.6403046,200.1819305,422.0630798,166.8325043,229.8099976,92.24815369,78.73029327
2024-09-13,221.0479431,186.4900055,37.35495377,71.22270203,238.6799927,156.5559692,158.4828949,197.9727631,425.6115723,167.4191742,230.2899933,93.21202087,79.65931702
2024-09-16,214.9082947,184.8899994,37.78988266,71.41152954,238.6600037,157.1525116,159.8903961,201.4028015,426.3529358,170.4582672,226.7799988,93.52385712,79.61978149
2024-09-17,215.3752136,186.8800049,38.2247963,71.31711578,237.3399963,158.4052734,159.9670105,202.7496185,430.1188354,169.1502991,227.8699951,92.87182617,77.68266296
2024-09-18,219.2497864,186.4299927,38.29245758,71.09996796,235.5099945,158.8925018,159.0860901,201.0830383,425.82901,167.2653046,227.1999969,92.75843048,78.10764313
2024-09-19,227.3763733,189.8699951,39.5005722,71.09996796,239.1699982,161.2090912,157.8126526,203.9413757,433.6179504,164.9763336,243.9199982,92.77733612,77.1292038
2024-09-20,226.7107544,191.6000061,38.92067719,71.09052277,242.2100067,162.6507874,157.1807098,204.5324402,430.2374573,167.5538177,238.25,92.40879822,78.13728333
2024-09-23,224.9920349,193.8800049,38.53407288,71.0433197,242.6799927,160.9207458,156.2806702,204.8715668,428.4978027,167.1210175,250,93.32542419,79.39245605
2024-09-24,225.8861694,193.9600067,38.12815475,71.12828064,246.0700073,161.3582153,155.8593903,205.0169067,424.2080078,166.6113129,254.2700043,93.4577179,79.72850037
2024-09-25,224.8926849,192.5299988,37.9348526,70.86395264,245.7299957,160.5628204,153.7720795,203.6604004,427.1140137,165.6687927,257.019989,92.83403015,80.44998169
2024-09-26,226.035202,191.1600037,38.19580841,70.86395264,246.9799957,161.7957001,154.5284882,203.2631378,426.3232422,166.5824585,254.2200012,91.99300385,78.98725128
2024-09-27,226.303421,187.9700012,38.07983017,71.07164764,245.0200043,163.0087128,154.5380402,203.9607849,423.0712891,166.9094543,260.4599915,92.11022186,78.84888458
2024-09-30,231.4794312,186.3300018,38.35044861,70.91116333,243.0599976,164.8977966,155.1699829,204.3096008,425.3249207,166.5728302,261.6300049,92.83444214,79.80757141
2024-10-01,224.7337494,185.1300049,37.9058609,71.12041473,245.6100006,166.0312347,155.1029663,200.6082611,415.8260803,166.4189453,258.019989,92.23409271,80.32148743
2024-10-02,225.3000183,184.7599945,37.91552353,70.98786163,245.6600037,164.9077454,154.3178406,200.8504791,412.3071899,165.3418274,249.0200043,91.91010284,79.49131012
2024-10-03,224.1972504,181.9600067,37.9348526,70.67536163,245.4900055,164.9077454,153.6763153,198.8544922,411.7240295,163.6106415,240.6600037,91.07152557,79.49131012
2024-10-04,225.3199005,186.5099945,38.76603699,70.21138763,245,166.1008453,153.4752197,205.9125671,411.2495728,162.4181213,250.0800018,90.63317871,79.99534607
2024-10-07,220.2432404,180.8000031,38.62106323,70.0030899,244.1699982,162.0442657,152.7475586,205.629837,404.8049622,160.7254791,240.8300018,89.8327179,78.17681885
2024-10-08,224.2966156,182.7200012,38.5920639,70.10723877,242.3699951,163.4362335,152.9007263,205.4543762,409.9151611,161.7256775,244.5,90.01377106,78.7796936
2024-10-09,228.0419922,185.1699982,38.84335327,69.91784668,241.0500031,160.9307098,153.8199463,208.0572968,412.6333618,162.7931976,241.0500031,90.10906982,79.46164703
2024-10-10,227.5452728,186.6499939,38.63073349,69.88946533,242.8200073,161.1494446,153.6858826,207.4918518,411.032074,162.4854431,238.7700043,89.30860901,78.68087769
2024-10-11,226.0650024,188.8200073,40.544384,69.89894104,245.4700012,162.3027802,154.5955048,216.7044067,411.5065918,164.5435486,217.8000031,90.3187027,79.1651535
2024-10-14,229.7905273,187.5399933,40.50572586,69.85159302,245.0700073,164.0129242,154.7295532,215.9147339,414.2939453,165.9092255,219.1600037,90.86186981,79.35293579
2024-10-15,232.3238983,187.6900024,40.72801971,70.12619019,245.9199982,164.510025,157.1232605,216.8018951,413.8985596,166.9286804,219.5700073,91.95774841,80.69706726
2024-10-16,230.267395,186.8899994,41.36589813,70.22085571,247.1499939,164.2117767,157.2956085,218.0204773,411.3088684,165.7842255,221.3300018,92.96785736,80.27207947
2024-10-17,230.634964,187.5299988,41.17260742,69.87999725,248.6300049,161.9945526,157.4775391,218.7808838,411.901947,165.6880188,220.8899994,92.23409271,79.94593048
2024-10-18,233.4663849,188.9900055,40.90198517,69.91784668,251.2700043,162.4817352,158.0998688,219.7069855,413.3252869,165.6947937,220.6999969,92.92021942,80.36103058
2024-10-21,234.9367218,189.0700073,40.36074448,69.44442749,251.2200012,163.1280365,155.9072571,217.3965607,413.9381409,164.0115356,218.8500061,91.10011292,79.86687469
2024-10-22,234.3207703,189.6999969,40.8826561,69.4728241,253.9299927,164.1918488,156.5008698,218.4884033,422.5671997,164.1663208,217.9700012,91.23352051,81.06273651
2024-10-23,229.2540283,184.7100067,40.92131805,69.30238342,250.8699951,161.8454132,158.8084259,217.7962646,419.6908264,164.0502319,213.6499939,91.90057373,82.29815674
2024-10-24,229.0652924,186.3800049,41.22093201,69.416008,252.8000031,161.7857666,156.7115326,219.3268127,419.8193359,164.088913,260.480011,92.10069275,82.07085419
2024-10-25,229.8998108,187.8300018,40.48639297,69.27399445,253.3200073,164.3211365,154.0401611,216.7239075,423.1997681,162.7345886,269.1900024,91.23352051,81.54702759
2024-10-28,231.8768158,188.3899994,41.19193268,69.18875885,253.3300018,165.7628021,154.7295532,219.8337402,421.6577759,163.7793732,262.5100098,91.51940155,81.78422546
2024-10-29,232.1450653,190.8300018,41.10494995,69.24557495,256.0899963,168.70578,153.2837372,217.299057,426.9558411,161.718811,259.519989,90.86186981,80.74647522
2024-10-30,228.5983582,192.7299957,40.89232635,69.17929077,257.5,173.4583588,153.7816315,218.7711487,427.5291138,160.7417603,257.5499878,91.26211548,80.44009399
2024-10-31,224.4356995,186.3999939,40.4187355,69.16983032,253.5099945,170.127594,153.0635223,216.343689,401.6518555,159.7937164,249.8500061,89.71836853,80.99355316
2024-11-01,221.4552765,197.9299927,40.36074448,68.90196991,252.4700012,170.3065491,153.3220367,217.3380585,405.6253357,159.7163239,248.9799957,88.72731781,81.2307663
2024-11-04,220.561142,195.7799988,39.94516373,69.17742157,252.8300018,168.2683411,151.5124054,214.2574615,403.7373962,159.6969757,242.8399963,89.6993103,81.4877243
2024-11-05,221.9917297,199.5,40.47673035,69.34840393,253.3999939,168.7654572,151.6177216,215.9245148,406.7027283,160.3547974,251.4400024,90.89046478,82.70336151
2024-11-06,221.26651,207.0899963,43.88844681,68.77849579,245.6999969,175.4965973,151.1677246,240.852005,415.3218994,155.7983856,288.5299988,88.95601654,82.46617126
2024-11-07,225.9954529,210.0500031,43.26989746,69.29141235,249.6499939,179.7122345,150.0665741,230.4403534,420.5112305,158.0814514,296.9100037,90.0233078,82.87138367
2024-11-08,225.7269287,208.1799927,43.61782837,69.42440796,247.9600067,177.3260345,148.8601685,231.0252838,417.6546326,162.2412109,321.2200012,91.3669281,83.83995056
2024-11-11,223.0117493,206.8399963,44.53600693,69.29141235,242.1399994,179.3145599,148.4484558,233.2772217,413.177063,160.6160126,350,90.90953064,83.22718811
2024-11-12,223.0117493,208.9100037,44.3233757,68.87348175,240.0500031,180.57724,146.1504669,233.540451,418.1389771,160.4321899,328.4899902,89.65166473,83.99807739
2024-11-13,223.8969116,214.1000061,44.33303452,68.84498596,237.6300049,177.8529816,146.7250061,235.1002502,420.283905,161.148056,330.2399902,90.14717865,84.50213623
2024-11-14,226.9800873,211.4799957,44.36203766,68.8259964,237.0099945,174.5719147,145.4132233,235.7923889,421.9543762,161.6317596,311.1799927,89.33719635,83.48415375
2024-11-15,223.7775879,202.6100006,45.1835556,68.84498596,236.5899963,171.4996948,147.4526672,239.1459656,410.2018738,164.0115356,320.7200012,89.38484192,83.26672363
2024-11-18,226.7811737,201.6999969,45.15456009,68.91146851,241.0899963,174.2935333,148.1899261,238.8729858,410.953064,165.1820984,338.7399902,90.03283691,83.09870148
2024-11-19,227.0397339,204.6100006,44.85493851,69.03494263,243.25,177.0973358,146.4951782,236.9817505,412.9595947,165.1917572,346,90.47116852,85.58929443
2024-11-20,227.7558441,202.8800049,44.51667404,68.95896912,244.6199951,174.9696198,146.6005096,234.7297821,410.6861572,165.3175354,342.0299988,90.35681915,86.16251373
2024-11-21,227.2784424,198.3800049,44.90327072,68.92095947,246.6600037,166.6675873,148.8888702,238.6097717,408.9133301,167.1168823,339.6400146,91.02387238,87.35839081
2024-11-22,228.621109,197.1199951,45.4251709,68.94946289,249.8399963,163.8140411,148.572937,242.3045654,413.0037231,170.5317535,352.5599976,91.7099762,89.38447571
2024-11-25,231.6048279,201.4499969,45.90842438,69.58586884,242.4799957,166.6874542,149.1569977,244.000824,414.7765808,171.6055603,338.5899963,92.98692322,88.45544434
2024-11-26,233.7829132,207.8600006,46.15004349,69.46237946,242.9499969,168.1490021,149.1376953,243.6888733,423.8884277,173.4629364,338.230011,93.35855103,90.24432373
2024-11-27,233.6536255,205.7400055,46.16937637,69.65235138,243.4900055,168.2583771,149.98703,243.513382,418.9363098,173.511322,332.8900146,93.95889282,90.80766296
2024-11-29,236.0406036,207.8899994,45.91808319,69.90879822,245.5899963,167.9799957,149.610611,243.4451599,419.401825,173.4145966,345.1600037,93.53961182,91.42043304
2024-12-02,238.2882996,210.7100067,45.46383667,69.94978333,243.4400024,170.5054169,149.4079437,240.0623322,426.849762,173.8402405,357.0899963,92.17693329,91.55879974
2024-12-03,241.3316803,213.4400024,45.25120544,69.78781128,243.9299927,170.3562622,147.0529327,238.6682892,427.067627,169.6997986,351.4200134,91.7099762,92.4186554
2024-12-04,241.6897278,218.1600037,44.81628036,70.02599335,244.6699982,173.368866,145.2287598,237.2839508,433.2280579,169.3999176,357.9299927,91.4622345,93.34767914
2024-12-05,241.7195587,220.5500031,45.4251709,70.03553009,242.8600006,171.648819,144.3118591,239.3116913,438.3782043,170.2899017,369.4899902,91.24304199,94.1877594
2024-12-06,241.5206451,227.0299988,45.43489075,70.22607422,242.9499969,173.7069244,144.1091614,241.144455,439.3191223,168.1519775,389.2200012,91.10964966,94.58308411
2024-12-09,245.4094086,226.0899963,44.61852264,70.0164566,245.3600006,174.5629578,144.3890533,237.6836548,441.7456055,165.2207642,389.7900085,91.3669281,92.73491669
2024-12-10,246.4238586,225.0399933,44.46302414,69.94025421,248.5899963,184.3178711,144.0319214,236.7575226,439.0813904,166.6621857,400.9899902,90.0423584,93.44651031
2024-12-11,245.1508179,230.2599945,44.783741,69.78781128,250.9600067,194.5007935,141.5321503,237.410675,444.6871643,165.0660095,424.769989,89.8327179,93.85171509
2024-12-12,246.6128387,228.9700012,44.783741,69.51152039,247.2799988,191.0766296,141.1460876,235.4609528,445.251709,165.2788391,418.1000061,89.68978119,92.99186707
2024-12-13,246.7819061,227.4600067,44.38527298,69.23522949,244.2899933,188.9464874,141.5128479,233.9108887,442.9836426,165.4819794,436.230011,89.43247986,93.35639191
2024-12-16,249.6760864,232.9299927,44.1908989,69.31142426,244.8800049,195.7550049,138.8393402,233.5599518,447.2622681,165.5593567,463.019989,89.1180191,93.97051239
2024-12-17,252.102829,231.1499939,43.78271484,69.32097626,243.9400024,194.5206909,141.3101807,232.3706055,450.1047363,164.7757721,479.8599854,88.68920135,94.51530457
2024-12-18,246.7023468,220.5200043,42.27632141,68.77793121,239.2599945,187.5329895,139.7080078,224.5813599,433.1983337,163.5665283,440.1300049,85.02994537,92.66303253
2024-12-19,248.4328766,223.2899933,42.15969467,68.58737183,239.6000061,187.6424866,138.5787659,227.106308,432.8417664,163.6729736,436.1700134,83.71489716,92.51445007
2024-12-20,253.1073608,224.9199982,42.92746735,68.79696655,242.1000061,190.5291748,139.4377441,231.6296997,432.4159241,162.5798035,421.0599976,85.12524414,91.36544037
2024-12-23,253.8831177,225.0599976,42.6553421,68.57785034,240.9600067,193.7343292,140.2098846,232.3998413,431.0788574,162.6281738,430.6000061,85.45814514,89.49337006
2024-12-24,256.7972107,229.0500031,43.13156128,68.67630005,241.4400024,195.2075348,140.7696686,236.2213593,435.119751,163.4311066,462.2799988,86.02581787,91.80126953
2024-12-26,257.6127014,227.0500031,43.29677963,68.72409058,243.0700073,194.6998901,140.509079,237.0304871,433.911438,164.6113281,454.1300049,86.25672913,91.91023254
2024-12-27,254.2013702,223.75,43.09268951,68.58071136,241.3999939,191.8729248,139.9975739,235.1100006,426.4040527,164.0018768,431.6600037,85.39079285,90.79095459
2024-12-30,250.8297882,221.3000031,42.6747818,68.8483429,240.6300049,190.3599548,138.3471069,233.306488,420.758728,161.6414185,417.4100037,84.967453,89.71128082
2024-12-31,249.0594635,219.3899994,42.71365738,68.73364258,242.1300049,188.4288635,139.5825348,233.6867065,417.4606018,162.1831665,403.8399963,85.70831299,89.49337006
2025-01-02,242.5251617,220.2200012,43.0440979,68.76232147,245.4199982,188.5582733,139.0034332,233.9693909,414.5686035,160.567627,379.2799988,84.94820404,89.14668274
2025-01-03,242.0378113,224.1900024,43.54946518,68.67630005,243.4900055,190.9074097,139.167511,237.1669769,419.2928772,159.7453461,410.4400024,86.06430054,89.91929626
2025-01-06,243.6689148,227.6100006,44.12286758,68.60936737,243.1900024,195.9640198,138.6559601,236.0106659,423.7497559,155.3630676,411.0499878,84.95782471,90.56312561
2025-01-07,240.8940735,222.1100006,44.783741,68.37042999,244.5599976,194.5903931,141.1364441,238.2840576,418.3222656,156.0402527,394.3599854,84.14962006,89.9489975
2025-01-08,241.3814087,222.1300049,44.91008377,68.44689178,245.8600006,193.0574646,137.3143768,238.2448578,420.491272,156.8141479,394.9400024,84.37091827,90.92961121
2025-01-10,235.5631866,218.9400024,43.84103012,68.09323883,248.2100067,191.1562653,137.1116791,235.050354,414.9350586,153.3895721,394.7399902,82.31191254,92.11824036
2025-01-13,233.1264801,218.4600067,43.79243851,68.02632141,245.7400055,190.1309814,139.4377441,239.3031769,413.1919556,153.6604614,403.3099976,83.32217407,90.66217804
2025-01-14,232.0125732,217.7599945,44.49217987,68.07411194,247.0299988,188.7872162,139.7080078,242.4976501,411.6865234,154.5311127,396.3599854,84.08227539,89.92919922
2025-01-15,236.5776367,223.3500061,45.7750473,68.61894226,248.8800049,194.6501312,139.9203491,247.2796326,422.2244873,154.4440308,428.2200012,84.56334686,90.47398376
2025-01-16,227.0198669,220.6600037,45.32799149,68.75275421,250.6000061,192.0222626,142.6228333,249.1610413,420.5110779,155.2663269,413.8200073,86.31446075,90.43435669
2025-01-17,228.7305145,225.9400024,45.22108459,68.77186584,249.2700043,195.0980225,141.9085693,253.9527893,424.918457,155.8757782,426.5,86.25672913,91.06829071
2025-01-21,221.4304047,230.7100067,45.34742355,68.97260284,253.1300049,197.1385956,142.989563,257.7450256,424.3935242,156.4465332,424.0700073,87.87314606,92.19748688
2025-01-22,222.6139374,235.0099945,44.50189972,68.829216,254.4299927,197.4571228,140.2098846,257.5588379,441.9239197,159.3680573,415.1099854,86.34332275,92.34606171
2025-01-23,222.4448395,235.4199982,45.08501434,68.72409058,254.0700073,197.0689392,141.5321503,260.6063538,442.4290161,160.7321014,412.3800049,86.97834015,92.92056274
2025-01-24,221.5696259,234.8500061,45.21136475,68.85790253,255.6499939,199.2886658,141.7059021,259.5186768,439.8044128,159.7364044,406.5799866,87.27661133,93.86156464
2025-01-27,228.611145,235.4199982,45.76532745,69.22110748,252.9900055,190.9273071,147.5644684,260.5083618,430.3954773,165.1284332,397.1499939,88.44081116,96.47652435
2025-01-28,236.9655304,238.1499939,45.52236176,69.18288422,255.1799927,194.4012451,145.1418762,261.7724609,442.9143677,161.7511139,398.0899963,87.37282562,96.36756897
2025-01-29,238.0595398,237.0700073,45.43489075,69.14463806,254.1999969,194.5107574,145.8850861,261.2236633,438.0910034,161.7900543,389.1000061,86.21824646,96.57557678
2025-01-30,236.2991486,234.6399994,45.40573502,69.24021149,258.0499878,199.9456329,147.5451508,262.8405457,411.0130005,162.9385376,400.2799988,87.31509399,97.7146759
2025-01-31,234.7177887,237.6799927,44.99755478,69.14463806,258.5599976,203.0811157,146.8502502,261.9291992,411.0823364,161.5564575,404.6000061,87.12266541,97.22933197
2025-02-03,226.7712097,237.4199982,44.91008377,69.20697784,259.9400024,200.3039398,146.5799866,261.4490967,406.9820251,164.2524567,383.6799927,86.93984985,98.59622955
2025-02-04,231.535202,242.0599976,45.39601898,69.30287933,262.5,205.4302826,148.1435699,262.556366,408.4181213,163.6393127,392.2099915,87.00720978,99.81456757
2025-02-05,231.2069855,236.1699982,45.78476334,69.65768433,264.1300049,190.4495087,149.3017731,264.9963074,409.3293457,164.4957886,378.1700134,88.22914124,101.4885483
2025-02-06,231.9529266,238.8300018,46.39704895,69.58095551,263.4299927,190.7183075,148.1628723,271.3363037,411.835022,164.3692627,374.3200073,88.45043182,101.874855
2025-02-07,226.39328,229.1499939,46.06661224,69.36999512,263.8999939,184.4871063,147.7864532,270.2584229,405.8232117,163.4835663,361.6199951,88.16178131,100.1909637
2025-02-10,226.6621094,233.1399994,45.3571434,69.38919067,268.3699951,185.6118927,148.8674469,265.5940857,408.2695618,163.0553284,350.730011,88.12329102,101.944191
2025-02-11,231.6105347,232.7599945,45.47377014,69.27410126,267.3900146,184.4671936,150.6916046,269.4647217,407.4970398,164.9045715,328.5,88.50815582,101.4984512
2025-02-12,235.8421021,228.9299927,44.91008377,68.91928101,267.6700134,182.7650604,149.8519135,269.9154968,405.1200256,165.0505676,336.5100098,87.69033813,102.6276474
2025-02-13,240.4818878,230.3699951,45.02671432,69.33164215,270.3099976,185.2834015,151.7725983,270.7680054,406.6056213,166.4521179,355.9400024,88.56588745,104.0539856
2025-02-14,243.538559,228.6799927,45.63898468,69.55220795,266.2900085,184.377594,150.7108917,271.0325623,404.5158691,158.5392456,355.8399963,88.16178131,103.0535736
2025-02-18,243.4091187,226.6499939,45.22108459,69.29328156,270.7000122,182.9243317,150.7887573,274.3250427,405.7142944,161.0113983,354.1099854,88.55626678,102.7960358
2025-02-19,243.8073883,226.6300049,44.71570587,69.38919067,270.8500061,184.4174347,153.6101379,273.6391296,410.795105,162.0431213,360.5599976,88.62362671,103.0139465
2025-02-20,244.7632141,222.8800049,44.02567673,69.47547913,270.9899902,183.7106628,155.351593,261.43927,412.9684753,162.7438812,354.3999939,89.04696655,96.28832245
2025-02-21,244.4844208,216.5800018,43.54946518,69.782341,270.7399902,178.8332367,157.900589,258.9307251,405.1086426,165.6832123,337.7999878,88.17140961,93.88137054
2025-02-24,246.02771,212.7100067,43.20930862,69.87822723,272.2099915,178.4251099,159.3015594,256.0890198,400.9306335,165.9849243,330.5299988,88.51778412,92.78188324
2025-02-25,245.9679718,212.8000031,42.70393753,70.31934357,268.6199951,174.6127472,161.5878448,252.2281494,394.8769836,168.038559,302.7999878,89.60500336,96.76377869
2025-02-26,239.3169556,214.3500061,42.70393753,70.42482758,269.0299988,171.9351044,158.6594696,253.59021,396.6931152,166.7246399,290.7999878,89.22977448,95.2878952
2025-02-27,236.2702484,208.7400055,42.87887192,70.33853149,264.9299927,167.7245941,159.2918091,253.8449707,389.54776,167.3767395,281.9500122,89.58576965,95.87230682
2025-02-28,240.7905426,212.2799988,44.80318069,70.63581848,263.269989,169.4963837,160.5468445,259.332489,393.973877,169.1967926,292.980011,90.34585571,97.67504883
2025-03-03,236.9970856,205.0200043,44.27836609,70.79834747,266.7399902,166.2414398,162.7456055,255.3834534,385.5384521,170.9000549,284.6499939,90.76920319,96.66471863
2025-03-04,234.9061584,203.8000031,41.46966553,70.59636688,269.0599976,170.1334381,160.9360199,245.221817,385.6575317,168.5544128,272.0400085,89.72046661,94.06956482
2025-03-05,234.7170105,208.3600006,41.10036087,70.34630585,269.6199951,172.2237854,160.6441498,246.4760895,397.9732361,169.9462128,279.1000061,90.72111511,95.06999969
2025-03-06,234.3087769,200.6999969,40.29370499,70.28861237,268.25,171.5568695,161.3349152,241.5863495,393.8746948,169.9948883,263.4500122,88.3927002,93.74269104
2025-03-07,238.032547,199.25,40.4893074,70.21165466,268.3900146,173.0599213,162.1716003,237.4119415,390.3218384,171.2504272,262.6700134,88.92188263,90.85037994
2025-03-10,226.4928436,194.5399933,38.95384216,70.53865814,266.0400085,165.2968292,163.1541901,227.5540771,377.271759,171.5521545,222.1499939,88.06557465,86.98735809
2025-03-11,219.8816528,196.5899963,38.73867798,70.26934814,269.1600037,163.4731293,161.3640747,224.535965,377.5595703,168.4960022,230.5800018,87.03607941,86.61096191
2025-03-12,216.0384216,198.8899994,39.0320816,70.12509918,270.3299866,166.5325623,158.4356689,223.3208771,380.3581238,163.872879,248.0899963,86.76667786,84.39219666
2025-03-13,208.7700958,193.8899994,38.79735565,70.33667755,275.1300049,162.1975861,158.5718994,220.6653442,375.8923035,164.0870056,240.6799927,85.05404663,83.69882965
2025-03-14,212.5635529,197.9499969,39.99052048,70.16355896,275.2399902,164.9181671,158.3967743,227.7696533,385.6079407,163.4835663,249.9799957,86.75704956,84.54076385
2025-03-17,213.0713501,195.7400055,40.52842331,70.25973511,276.730011,163.7223053,158.4259491,229.2297058,385.7468872,165.2257538,238.0099945,88.23875427,86.63076019
2025-03-18,211.7670135,192.8200073,40.73380661,70.33667755,279.9599915,160.1148224,159.7977295,230.2488251,380.6062317,163.2305298,225.3099976,87.77693176,84.77849579
2025-03-19,214.3059692,195.5399933,41.28148651,70.54827881,281.1099854,163.3236694,158.5718994,234.3056488,384.8735657,164.0675812,235.8600006,87.88275909,85.51148224
2025-03-20,213.1709137,194.9499969,41.5455513,70.57714081,280.75,162.2374573,158.601059,234.2076569,383.9010315,163.0748138,236.2599945,87.8250351,84.99641418
2025-03-21,217.3228149,196.2100067,41.53577042,70.51943207,278.4899902,163.4233398,159.1945343,236.7750092,388.287384,162.2377777,248.7100067,86.85325623,85.39867401
2025-03-24,219.7721405,203.2599945,42.12257004,70.21165466,277.25,167.1006012,158.863739,243.0758057,390.0935669,161.2255249,278.3900146,88.19065857,86.89846039
2025-03-25,222.7790375,205.7100067,42.32794952,70.29821014,278.4700012,169.9706268,156.6552887,246.084137,392.1578064,158.5003357,288.1400146,87.20111847,84.18692017
2025-03-26,220.5686646,201.1300049,41.87806702,70.14431763,278.2399902,164.4896393,157.336319,245.986145,387.0072327,162.1306915,272.0599976,87.54132843,84.63388062
2025-03-27,222.8786011,201.3600006,41.62379074,70.11547089,281.9700012,161.6793976,158.7080841,243.134613,387.6125793,164.2038269,273.1300049,87.31776428,85.05104065
2025-03-28,216.954422,192.7200012,40.34260559,70.51943207,284.0599976,153.7967072,159.2723694,237.9705048,375.9220581,163.5419617,263.5499878,87.20111847,84.57428741
2025-03-31,221.1660614,190.2599945,40.81204224,70.64445496,288.1400146,154.1056519,161.344635,240.3712769,372.5379944,165.8681335,259.1600037,88.00790405,87.19643402
2025-04-01,222.2214661,192.1699982,40.57732773,70.86639404,287.5700073,156.5272522,149.0959015,238.7642059,379.2863464,166.0044098,268.4599915,88.04679108,88.22940063
2025-04-02,222.9184265,196.0099945,40.92940521,70.80850983,288.1600037,156.497345,151.1487122,240.8808289,379.2367249,164.972702,282.7600098,88.58140564,89.15311432
2025-04-03,202.3082581,178.4100037,36.40125656,71.17518616,286.4200134,150.1991882,155.4878235,224.0950165,370.2752991,167.7855225,267.2799988,85.55838013,86.67002106
2025-04-04,187.5625305,171,33.63350677,71.23308563,279.7200012,145.0968933,149.0861816,207.3241119,357.1061401,159.3762817,239.4299927,81.84521484,82.62754059
2025-04-07,180.6725616,175.2599945,34.79733276,70.37426758,273.7099915,146.2429199,146.5371857,211.4256439,355.1411743,155.9503021,233.2899933,79.69702911,83.26320648
2025-04-08,171.6717834,170.6600037,34.2594223,69.96899414,275.2000122,144.1999817,145.9340057,213.8214722,351.8662109,154.1594391,221.8600006,77.55854797,81.23699951
2025-04-09,197.9870911,191.1000061,36.33279419,70.13302612,285.3800049,158.1615906,146.8777161,231.0458984,387.5232849,157.9844818,272.2000122,82.18543243,88.99420166
2025-04-10,189.5936584,181.2200012,35.06138992,69.57336426,292.3500061,152.2919464,144.6595001,223.9175262,378.4526978,159.1913605,252.3999939,80.30940247,89.99736786
2025-04-11,197.2901154,184.8699951,35.15919495,69.4961853,297.9299927,156.5970154,147.6171112,232.8797455,385.4987793,162.451889,252.3099976,81.29115295,92.17256165
2025-04-14,201.6411591,182.1199951,35.86335373,69.89179993,296.230011,158.52034,150.175827,231.4205627,384.8636475,164.6125793,252.3500061,82.97277069,94.08951569
2025-04-15,201.2628174,179.5899963,37.15431595,70.06547546,297.7799988,155.7698822,149.4558716,229.8529053,382.7994385,163.9702148,254.1100006,83.22550964,93.33464813
2025-04-16,193.4269867,174.3300018,36.50883865,70.25848389,307.4700012,152.8001709,149.7380219,226.3823853,368.7866821,161.9457855,241.5500031,83.16717529,90.57344818
2025-04-17,196.1251984,172.6100006,36.58707428,70.10408783,306.1199951,150.6376801,153.2015228,228.6993713,364.9857788,166.072525,241.3699951,84.41138458,92.58972168
2025-04-21,192.3217926,167.3200073,36.10784912,69.7181015,315.5899963,147.159729,152.6664276,225.7711182,356.3916321,162.3284454,227.5,82.65200806,91.7851944
2025-04-22,198.8732452,173.1799927,37.47705841,69.84354401,311.1099854,150.9466095,153.4739227,232.2783356,364.0331116,164.4144897,237.9700012,84.25585938,94.20869446
2025-04-23,203.7121429,180.6000061,37.89759827,69.98829651,303.6499939,154.8132019,151.1681824,237.493988,371.5456238,162.3088531,250.7400055,84.41138458,94.31795502
2025-04-24,207.4657745,186.5399933,38.70934296,70.38391876,308.0700073,158.7296143,150.7303619,241.2011108,384.3574524,156.2368469,259.5100098,84.72244263,95.19200134
2025-04-25,208.3718262,188.9900055,38.81692123,70.61550903,304.730011,161.4003601,150.3898621,240.1264496,388.8729553,157.6960907,284.9500122,84.57662964,94.44706726
2025-04-28,209.2281036,187.6999969,38.90494156,70.78921509,309.0700073,160.0550232,151.1389923,239.8010864,388.1881714,158.5089569,285.8800049,85.10153198,94.57620239
2025-04-29,210.293457,187.3899994,39.11032104,70.9725647,306.0599976,159.6065674,151.6837921,241.1813965,391.0462952,158.9104767,292.0299988,85.55838013,95.39066315
2025-04-30,211.5778503,184.4199982,39.00273895,70.92429352,303.769989,158.2512817,152.0729523,241.1813965,392.2570496,159.2140961,282.1600037,85.85971069,96.59247589
2025-05-01,212.3943176,190.1999969,39.28636169,70.72679901,297.4599915,160.7426453,150.2731018,243.4194794,422.1680298,156.6775665,280.519989,86.14160156,96.75139618
2025-05-02,204.4588928,189.9799957,40.16656494,70.37831116,297.980011,163.4631958,151.888092,248.9604797,431.9729614,157.2064056,287.2099915,87.20111847,98.08233643
2025-05-05,198.0269165,186.3500061,40.21546173,70.2815094,306.8800049,163.6425781,150.7984619,249.0097961,432.8562317,155.5513,280.2600098,87.00671387,98.65840912
2025-05-06,197.6485443,185.0099945,39.9416275,70.43639374,315.480011,162.6659546,150.2828369,245.7463074,430.0179443,155.962616,275.3500061,86.33601379,97.88368225
2025-05-07,195.3983765,188.7100067,40.02964401,70.57191467,310.75,150.8569031,153.0361176,245.8843384,430.0576477,156.0018005,276.2200012,86.43321991,98.16178894
2025-05-08,196.6330109,192.0800018,40.68490601,70.19436646,304.6300049,153.7468719,151.4405823,249.9069977,434.841095,155.3750153,284.8200073,86.09300232,96.77125549
2025-05-09,197.6684723,193.0599976,40.87072372,70.25247192,306.8399963,152.2221832,150.0396271,249.5224762,435.396759,154.4054565,298.2600098,86.66651154,96.29833221
2025-05-12,210.1504822,208.6399994,42.40618896,70.01043701,298.1900024,157.9124603,149.9617767,256.3945007,445.8467712,157.5785675,318.3800049,87.09420013,96.32820129
2025-05-13,212.2840118,211.3699951,43.30595398,69.98140717,299.4599915,158.9787445,144.4162903,259.3128967,445.7276917,155.4533386,334.0700073,85.98607635,95.46198273
2025-05-14,211.6858215,210.25,43.75583649,69.73937988,293.1600037,164.7985687,142.3926697,261.9059448,449.4988098,154.7580109,347.6799927,85.14041138,96.40784454
2025-05-15,210.8084717,205.1699982,43.40375137,70.11692047,297.8399963,163.3934479,145.5545654,263.7298889,450.5129395,159.0573883,342.8200073,86.69566345,95.92993164
2025-05-16,210.6190643,205.5899963,43.70693207,70.16533661,294.2399902,165.6157227,147.227951,263.7989197,451.6463623,159.9094238,349.980011,87.77462006,97.81169128
2025-05-19,208.1465912,206.1600037,43.78517914,70.14598083,298.0299988,165.9645081,148.3565063,261.1565857,456.2197571,161.3686829,342.0899963,87.79405975,97.6922226
2025-05-20,206.2324219,204.0700073,43.70693207,70.02012634,303.5799866,163.4133606,149.4947968,261.9453735,455.5238342,162.2207184,343.8200073,87.27887726,97.37362671
2025-05-21,201.4768829,201.1199951,42.29860687,69.58449554,305.8200073,167.9775391,149.0278015,257.3706055,449.9561462,162.0150604,334.6199951,84.95572662,96.00959015
2025-05-22,200.7490997,203.1000061,42.35729218,69.77812195,303.1099854,170.2795563,148.4732513,257.0057983,452.2329407,161.6233063,341.0400085,84.56691742,95.51176453
2025-05-23,194.6775818,200.9900055,42.24971008,69.88460541,309.75,167.8878479,148.7943115,257.0452271,447.5799866,162.4361725,339.3399963,84.65438843,95.91998291
2025-05-27,199.6026001,206.0200043,43.24727631,70.21375275,304.5,172.302536,150.3740845,261.5608521,458.0292358,164.2969513,362.8900146,86.13188171,97.15457916
2025-05-28,199.8119507,204.7200012,43.09079361,70.05886078,303.8099976,171.7644196,149.5694733,259.7861633,454.7185059,163.9052124,356.8999939,86.04440308,96.8160553
2025-05-29,199.3433838,205.6999969,43.26683807,70.31054688,305.6099854,171.2661438,150.6978912,260.6537781,456.0308838,165.0804443,358.4299927,86.82203674,96.67666626
2025-05-30,200.2406616,205.0099945,43.15925598,70.44606781,303.6000061,171.1465759,152.2973175,260.2889709,457.7011414,166.3829803,346.4599915,86.82203674,98.28960419
2025-06-02,201.0880737,206.6499939,43.11035156,70.2906723,311.6700134,168.4459229,152.4837341,260.9396973,459.3018799,164.3165436,342.6900024,86.93867493,99.33502197
2025-06-03,202.6533203,205.7100067,43.66781235,70.21295929,308.9100037,165.6057587,151.5221252,262.5270691,460.2961121,163.4057465,344.269989,86.76370239,99.54411316
2025-06-04,202.2046814,207.2299957,43.38419342,70.65003204,310.8999939,167.4693146,150.3446503,260.5058899,461.1908875,162.5243225,332.0499878,87.00671387,98.91685486
2025-06-05,200.0213318,207.9100037,43.40375137,70.5140686,309.3299866,167.6287689,150.7763977,258.2677917,464.9788818,159.4393463,284.7000122,86.93867493,97.53292084
2025-06-06,203.3013306,213.5700073,44.2399559,70.13526154,305.1799927,173.0798492,152.1206818,261.9946899,467.6632996,160.6341553,295.1400146,87.35664368,97.0450592
2025-06-09,200.8388367,216.9799957,44.14157486,70.24209595,306.6199951,175.6939697,152.316925,262.990448,470.0196228,159.2042999,308.5799866,87.47328949,97.02513885
2025-06-10,202.0551147,217.6100006,44.35800552,70.3780899,306.7099915,178.1983185,153.5140533,264.8243103,468.2001953,159.4785004,326.0899963,88.22175598,96.89571381
2025-06-11,198.1769409,213.1999969,44.00384521,70.60148621,308.3699951,176.9511414,152.3463593,264.3806458,469.8903503,158.7635956,326.4299927,87.74545288,95.38233948
2025-06-12,198.5956573,213.2400055,43.89563751,70.8637085,312.2000122,175.3048401,153.7200928,264.4693604,476.104248,159.8114777,319.1099854,88.17315674,94.41656494
2025-06-13,195.8539886,212.1000061,43.37424088,70.6111908,316.2900085,174.2771454,154.1518402,261.2256165,472.2168274,156.9713593,325.3099976,87.31776428,94.02826691
2025-06-16,197.8180389,216.1000061,43.68904495,70.47521973,311.7799988,176.3724518,152.3071289,266.5595398,476.3727112,157.5589905,329.1300049,87.38580322,93.87891388
2025-06-17,195.046463,214.8200073,43.51196289,70.6986084,311.9400024,175.5542755,149.5204163,265.7313538,475.2790527,155.2476959,316.3500061,87.07475281,93.83909607
2025-06-18,195.9835968,212.5200043,44.32849503,70.73744965,310.2600098,172.9302063,147.9013672,270.1089783,477.4663391,154.7580109,322.0499878,87.376091,94.6754303
2025-06-20,200.3901978,209.6900024,44.76135254,70.78601837,310.1300049,166.265213,146.9790192,271.1343384,474.6427612,155.7961426,322.1600037,87.31776428,95.70095062
2025-06-23,200.8886719,208.4700012,45.54836273,70.96084595,311.0799866,164.8184662,148.4803009,274.3583679,483.1930542,157.7058868,348.6799927,88.63001251,97.4433136
2025-06-24,199.6923065,212.7700043,45.90251923,71.1745224,306.1900024,166.3949432,149.3339844,277.306366,487.2793274,157.0497131,340.4700012,88.86329651,97.57274628
2025-06-25,200.9485016,211.9900055,46.08942795,71.19395447,307.1199951,170.2961121,149.422287,280.0670166,489.4268494,155.6884155,327.5499878,86.724823,96.83597565
2025-06-26,200.3901978,217.1199951,46.68952942,71.3979187,306.7799988,173.149704,149.1573486,284.6910706,494.5769653,155.3554382,325.7799988,86.64433289,95.60137177
2025-06-27,200.4699554,223.3000031,46.35505295,71.23280334,301.2200012,178.1284637,149.5498505,283.0741272,493.0756836,156.5600281,323.6300049,86.8602829,96.84592438
2025-06-30,204.5475464,219.3899994,46.55180359,71.51445007,304.8299866,175.8336639,149.8834686,285.8347778,494.5372009,156.031189,317.6600037,87.41978455,97.35370636
2025-07-01,207.1895142,220.4600067,47.36833191,71.46088409,307.5499878,175.444519,152.993988,286.3277283,489.2081299,157.8919525,300.7099915,88.05781555,97.81169128
2025-07-02,211.7955017,219.9199982,47.91923523,71.38292694,309.25,178.2382202,152.6407471,287.8953857,488.2536926,157.8723602,315.6499939,88.26394653,97.18444061
2025-07-03,212.9021301,223.4100037,48.13566589,71.20755005,307.1400146,179.1262207,153.0822906,293.2451172,495.9589539,157.5100098,315.3500061,88.36210632,97.93117523
2025-07-07,209.3130341,223.4700012,47.87004852,70.97368622,307.3699951,176.392395,152.3561859,289.2526245,494.8453979,157.1868286,293.9400024,87.60629272,98.91685486
2025-07-08,209.3728485,219.3600006,46.38456345,70.93471527,304.1600037,173.967865,152.8664246,280.1481628,493.7517395,154.6307068,297.8099976,87.47868347,96.6667099
2025-07-09,210.4994202,222.5399933,46.07959366,71.21727753,305.519989,176.2227783,153.347229,280.5246582,500.6019592,154.2683258,295.8800049,87.5473938,96.38793182
2025-07-10,211.7655792,222.2599945,46.20748901,71.22702789,306.2000122,177.2205048,154.7307587,285.5078125,498.5836792,155.2183228,309.8699951,88.09708405,94.44643402
2025-07-11,210.5193787,225.0200043,45.97137833,70.93471527,309.1400146,179.7847443,153.9555969,284.1901855,500.4130554,153.8080597,313.5100098,88.10689545,93.98844147
2025-07-14,207.9870758,225.6900024,46.30586243,70.92498016,308.0100098,181.1516571,153.8770905,286.0130615,500.1147766,150.5859528,316.8999939,88.6762085,95.36241913
2025-07-15,208.4755859,226.3500061,45.4007988,70.71060944,306.730011,181.590683,152.2580566,283.8830872,502.8986206,149.528244,310.7799988,87.37070465,94.97412109
2025-07-16,209.5223999,223.1900024,45.28274536,70.84701538,308.2600098,182.5584869,161.6877136,283.1598816,502.6997375,150.5565796,321.6700134,88.19523621,94.73516846
2025-07-17,209.382843,223.8800049,46.25667191,70.86651611,307.5899963,183.1671295,159.9214783,287.2019043,508.7446594,152.407547,319.4100037,88.09708405,94.6754303
2025-07-18,210.5392914,226.1300049,46.55180359,70.98344421,308.3900146,184.6437836,160.6279602,288.5591431,507.104187,152.937088,329.6499939,88.28358459,94.63561249
2025-07-21,211.8353577,229.3000031,46.70920181,71.18805695,313.1300049,189.6724548,161.275589,288.2619324,507.1141052,152.868042,328.4899902,88.64675903,95.25289917
2025-07-22,213.749527,227.4700012,46.99449921,71.30499268,316.1000061,190.909668,164.778595,288.7176514,502.3517761,156.1121826,332.1099854,90.16822052,95.43211365
2025-07-23,213.5002899,228.2899933,47.35848999,71.15882111,312.1799927,189.8021545,165.9266663,293.9980469,502.9483337,156.0727234,332.5599976,90.34490204,95.26286316
2025-07-24,213.1114807,232.2299957,47.60443115,71.07112122,310.269989,191.737793,166.378006,293.789978,507.9293823,156.5953217,305.2999878,90.03079987,96.17884827
2025-07-25,213.2311249,231.4400024,47.66345978,71.24651337,307.3999939,192.7455139,165.1416626,295.8407593,510.743103,156.092453,316.0599976,90.04061127,97.0450592
2025-07-28,213.4006042,232.7899933,47.44703293,71.12958527,305.4100037,192.1468811,163.1006927,295.5039062,509.5400391,154.9190369,325.5899963,88.59768677,97.18444061
2025-07-29,210.6290436,231.0099945,47.17157364,71.49984741,306.25,195.3097534,164.9552307,294.2754517,509.6096497,154.4260101,321.2000122,90.02098083,97.90130615
2025-07-30,208.4157715,230.1900024,47.18141556,71.31472015,300.9599915,196.0879974,164.12117,296.8413391,510.2757568,150.7480316,319.0400085,88.74492645,97.16453552
2025-07-31,206.9402618,234.1100006,46.50261307,71.32447052,302.9599915,191.468399,161.6484833,293.4828796,530.4187622,148.3716431,308.269989,87.4983139,97.55284119
2025-08-01,201.7660217,214.75,44.91875076,71.94232178,309.1099854,188.7046356,164.1898651,286.6768494,521.0830078,148.5491333,302.6300049,87.28236389,98.06060791
2025-08-04,202.733078,211.6499939,45.10566711,71.99118805,310.9100037,194.6013184,167.8302307,291.5213318,532.5463867,148.6575928,309.2600098,88.1756134,99.1558075
2025-08-05,202.3043823,213.75,44.82037735,72.02052307,311.1600037,194.2321625,167.5358734,288.6582031,524.7019043,148.4110718,308.7200012,88.57805634,98.87702942
2025-08-06,212.6030273,222.3099976,44.68264771,71.96186066,310.5,195.6489716,167.3886719,288.6383972,521.9082031,150.728302,319.9100037,87.89094543,102.9093781
2025-08-07,219.3624725,223.1300049,44.19076157,71.93254852,313.1199951,196.0780182,168.3110352,284.2694397,517.8319092,151.3495178,322.269989,88.14616394,102.6704254
2025-08-08,228.6542053,222.6900024,45.26306534,71.77612305,313.0499878,200.96698,170.0772705,286.0725403,519.0249634,151.3692322,329.6499939,87.41978455,103.2777634
2025-08-11,226.747818,221.3000031,45.41063309,71.82499695,308.5499878,200.5479431,170.558075,286.8650818,518.7565308,152.8187408,339.0299988,86.84065247,103.4768906
2025-08-12,229.2131042,221.4700012,46.72888184,71.83478546,308.269989,202.8826752,169.5375824,290.1244507,526.1833496,152.9272003,340.8399963,87.33144379,103.168251
2025-08-13,232.8861237,224.5599976,46.47310638,72.09873199,309.2099915,201.5057831,171.1468048,287.8260193,517.5734253,153.2427521,339.3800049,88.14616394,100.5497055
2025-08-14,232.3371735,230.9799957,46.93547058,71.89342499,307.25,202.4835663,171.4411774,291.4222717,519.4623413,151.5960388,335.5799866,87.51794434,100.4103165
2025-08-15,231.1494141,231.0299988,46.17797089,71.79567719,307.4299927,203.4414062,173.3251495,287.7864075,517.1657104,152.2073822,330.5599976,88.01855469,99.79656982
2025-08-18,230.4507446,231.4900055,47.14205933,71.71746826,306.9500122,203.0423126,172.9424591,288.8167419,514.1134033,153.5484314,335.1600037,87.27255249,100.4951401
2025-08-19,230.1213837,228.0099945,47.29946899,71.85433197,305.269989,201.1166687,174.4633789,287.954834,506.8258057,156.1910553,329.3099976,88.77437592,101.0839462
2025-08-20,225.5800323,223.8099976,47.56508255,71.9032135,308.3599854,198.8717194,175.4838715,289.5201111,502.7991943,157.2855682,323.8999939,89.02958679,102.3613434
2025-08-21,224.4721375,221.9499969,47.47654343,71.72724915,307.2900085,199.3007507,175.5721741,288.7572937,502.1518555,156.5164337,320.1099854,88.76455688,97.7607193
2025-08-22,227.3267059,228.8399963,48.67673874,72.08895874,310.5799866,205.6264801,175.925415,293.4828796,505.1295166,156.4572906,340.0100098,90.48232269,96.63301849
2025-08-25,226.7278595,227.9400024,48.67673874,71.99118805,309.8299866,208.0211029,175.0619354,292.155365,502.171814,153.9724121,346.6000061,89.96208954,95.87456512
2025-08-26,228.873764,228.7100067,49.43423843,72.07919312,312.0799866,206.6741333,174.4491119,295.7912292,499.9609985,153.7949524,351.6700134,89.72650909,95.85460663
2025-08-27,230.0515289,229.1199951,49.56212997,72.14762115,312.7099915,207.0133667,174.745636,296.4945984,504.64151,154.7711334,349.6000061,90.28601074,95.88454437
2025-08-28,232.1175842,231.6000061,49.67034149,72.23558807,315.0299988,211.1640167,173.4211273,298.2679443,507.5295105,153.4793854,345.980011,90.0504303,95.91448212
2025-08-29,231.6983795,229,49.91628265,72.14762115,318.0700073,212.4311523,175.1212463,298.6147156,504.5917358,154.8500061,333.8699951,90.54122162,96.78271484
2025-09-02,229.2829895,225.3399963,49.60147476,71.99362183,325.5899963,210.8746643,176.000946,296.9107056,503.0282288,155.7867737,329.3599854,89.03939819,97.65093994
2025-09-03,238.0163422,225.9900055,49.2473259,72.22902679,328.1400146,230.1412354,175.9416351,296.7224731,503.2572937,155.9642487,334.0899963,89.08847809,99.23770905
2025-09-04,239.3238525,235.6799927,49.79822922,72.50365448,326.6900024,231.7775421,176.6928558,300.9923706,505.8664551,156.970047,338.5299988,89.75595856,100.724678
2025-09-05,239.2340088,232.3300018,49.23436356,72.84695435,331.0499878,234.4714661,176.3666687,291.6402283,492.9501648,157.7884521,350.8399963,90.76699066,100.3055344
2025-09-08,237.4274597,235.8399963,48.92770004,73.08235931,334.8200073,233.7224731,176.0701447,290.1838989,496.1369019,156.7925415,346.3999939,90.23693085,102.0719299
2025-09-09,233.9041748,238.2400055,49.74877167,72.94503784,334.0599976,239.3049164,174.913681,295.0779114,496.3460388,157.2362823,346.9700012,90.03079987,102.0819092
2025-09-10,226.358551,230.3300018,49.59049225,73.07254791,335.2600098,238.84552,173.7571869,297.7428894,498.2979126,155.1557007,347.7900085,89.88356018,100.2057419
2025-09-11,229.592392,229.9499969,50.20381927,73.22948456,334.7600098,240.0438995,176.4358673,302.716156,498.9352722,156.4178619,368.8099976,91.52280426,102.4411774
2025-09-12,233.6247253,228.1499939,50.03565216,73.14120483,335.4200134,240.4733124,176.000946,304.0535889,507.7884521,155.6980133,395.9400024,91.10072327,103.2794647
2025-09-15,236.2496948,231.4299927,50.04553986,73.27852631,338.9100037,251.2686462,175.3485718,306.0250549,513.2258301,154.6429443,410.0400085,90.95349121,103.4790649
2025-09-16,237.6969452,234.0500031,50.11478806,73.28832245,339.5899963,250.8192596,174.4194641,306.3123474,506.9320068,155.8459473,421.6199951,90.47251129,103.20961
2025-09-17,238.5353546,231.6199951,50.84682465,73.16082764,336.9700012,249.1914673,175.1508942,308.8485413,507.9079285,158.0941315,425.8599854,90.3547287,104.0578766
2025-09-18,237.4274597,231.2299957,51.56896973,72.97445679,335.6199951,251.6880798,172.1460571,310.3147888,506.3444519,155.1261292,416.8500061,90.55104065,103.3892441
2025-09-19,245.032959,231.4799957,51.68767548,73.00389099,339.1799927,254.3744354,174.1525879,311.8503418,515.7851562,153.8639526,426.0700073,89.96208954,102.1218338
2025-09-22,255.5928192,227.6300049,51.36122513,72.86656952,345.0499878,252.1873932,172.1954803,309.5321045,512.3195801,150.935379,434.2099915,89.98171997,102.6108322
2025-09-23,253.9459686,220.7100067,51.14359283,73.01370239,346.4599915,251.3185883,174.5380554,309.8293152,507.1212463,150.3733368,425.8500061,90.47251129,102.3114395
2025-09-24,251.8300018,220.2100067,51.14359283,72.86656952,343.3200073,246.8047028,174.6467896,310.5030212,508.037384,150.2944489,442.7900085,89.58263397,102.521019
2025-09-25,256.3813171,218.1499939,51.29197693,72.78810883,344.75,245.456543,175.6747589,310.5327454,504.9303284,150.0282135,423.3900146,89.31507111,102.8403702
2025-09-26,254.9740143,219.7799988,51.64810562,72.78810883,346.7399902,246.2055206,177.6318817,313.1184082,509.34198,150.3733368,440.3999939,90.19702148,102.9501419
2025-09-29,253.9459686,222.1699982,51.85584259,72.97445679,352.4599915,243.7189026,179.5197754,312.7518921,512.4689331,151.3889618,443.2099915,90.22676086,102.8703079
2025-09-30,254.1455994,219.5700073,51.03477859,72.94503784,355.4700012,242.7702026,183.2758484,312.4942932,515.8051147,151.5072937,444.7200012,90.59340668,102.8503418
2025-10-01,254.964035,220.6300049,50.13457108,73.12903595,356.0299988,244.567749,183.8985443,307.8182373,517.5578613,151.0438385,459.4599915,90.73213959,101.7525787
2025-10-02,256.6408386,222.4100037,49.93672562,73.20776367,354.7900085,245.3566742,183.829361,304.6876221,513.604248,149.9296112,436,90.25648499,101.4931107
2025-10-03,257.5291443,219.5099945,50.09500122,73.11919403,357.6400146,245.0171509,186.4586029,307.1445618,515.2075195,150.1465454,429.8299866,90.59340668,101.8623581
2025-10-06,256.2016907,220.8999939,49.8476944,72.95191956,364.3800049,250.0902405,185.9841614,307.791626,526.3811646,148.3124695,453.25,89.74118042,102.4910736
2025-10-07,255.9920807,221.7799988,49.74877167,73.08968353,366.2600098,245.4265747,186.7057037,306.3083191,521.8101196,150.4127655,433.0899963,89.41417694,103.0299759
2025-10-08,257.5690613,225.2200012,49.30361176,73.08968353,372.2999878,244.2881317,187.49646,302.6647644,522.6765137,148.5885773,438.6900024,88.94842529,102.6906738
2025-10-09,253.5567017,227.7400055,49.25415039,73.0404892,365.4299927,241.2023163,188.8703918,304.15802,520.2366943,148.4801025,435.5400085,88.46284485,101.5629654
2025-10-10,244.8034058,216.3699951,48.12642288,73.32583618,369.1199951,236.2490692,188.5145569,299.5388794,508.8440552,147.6025238,413.4899902,87.33315277,101.6328201
2025-10-13,247.188858,220.0700073,48.33415985,73.44390869,378.0899963,243.8187561,188.6924744,306.5870667,511.9212341,145.4332123,435.8999939,87.88809967,101.912262
2025-10-14,247.298645,216.3899994,49.55092239,73.55215454,380.7900085,245.1169891,188.6430511,300.7235107,511.4432373,147.0799103,429.2399902,88.78986359,106.9918976
2025-10-15,248.8656464,215.5700073,51.71735382,73.50294495,387.3900146,250.6894226,188.9593506,304.3172913,511.3038025,145.3641663,435.1499939,90.07811737,108.808197
2025-10-16,246.979248,214.4700012,49.89715195,73.77846527,396.4500122,251.1188507,189.8983612,297.1994019,509.491333,147.5137787,428.75,89.76100922,106.2534103
2025-10-17,251.8100281,213.0399933,50.72811127,73.68006134,388.9899902,252.9563446,190.9856567,296.2238159,511.4532471,149.2886658,439.3099976,90.34567261,107.510849
2025-10-20,261.7411194,216.4799957,51.47993469,73.77846527,403.1499939,256.2019348,191.4798584,301.0022278,514.6498413,149.8408661,447.4299927,91.25734711,106.8322296
2025-10-21,262.2701111,222.0299988,50.96553421,73.86701965,377.2399902,250.1202087,189.6611481,295.7559204,515.5162964,149.5055847,442.6000061,90.99970245,106.0039139
2025-10-22,257.9583435,217.9499969,50.55005264,73.86701965,377.2799988,251.3485413,190.7088928,292.7892761,518.3843994,150.0774994,438.9700012,91.38617706,106.9220428
2025-10-23,259.0861511,221.0899963,51.20294952,73.71942902,378.7900085,252.7366638,190.2443237,293.2173767,518.4042969,150.0873871,448.980011,91.32672119,106.6426163
2025-10-24,262.3200073,224.2100067,52.0042305,73.81783295,377.519989,259.5673828,188.1982422,299.0908813,521.4416504,151.4149475,433.7200012,91.59427643,105.9540176
2025-10-27,268.2986145,226.9700012,52.44939041,73.85717773,367.0100098,268.9046631,188.099411,302.7842102,529.3189697,150.6702423,452.4200134,91.85192871,104.2574768
2025-10-28,268.4882507,229.25,52.3010025,73.89653778,364.3800049,267.1071472,184.7683868,303.9887695,539.8252563,150.3028412,460.5499878,90.04838562,102.9601212
2025-10-29,269.1869202,230.3000031,52.01412964,73.5324707,363,274.1975098,184.4421997,304.1381226,539.307373,147.7211761,461.5100098,87.72953796,102.251564
2025-10-30,270.883667,222.8600006,52.45927811,73.40454865,370.1300049,281.0981445,186.8638763,308.0504761,523.5827637,148.5254669,440.1000061,88.14574432,102.0220337
2025-10-31,269.8556519,244.2200012,52.87476349,73.3848877,368.1199951,280.8085022,186.6859436,309.7229004,515.6656494,149.3098907,456.5599976,88.37366486,100.9741669
2025-11-03,268.538147,254,52.98357773,73.29997253,368.7799988,283.335083,184.1061249,307.9608765,514.888916,146.9764709,468.3699951,88.24484253,101.3833313
2025-11-04,269.5262756,249.3200073,52.96379471,73.33946228,362.3200073,277.1634521,184.6991882,307.8613281,512.2001343,146.1324463,444.2600098,88.39347839,102.0619507
2025-11-05,269.6260986,250.1999969,51.88552475,73.13214874,366.5100098,283.9242554,183.8491364,310.2803955,505.0597839,144.7621765,462.0700073,88.47275543,101.2635803
2025-11-06,269.2567749,243.0399933,52.71648407,73.41844177,366.0700073,284.363678,184.8079224,312.0126038,495.0414429,145.0997925,445.9100037,88.04664612,101.4731522
2025-11-07,267.959259,244.4100037,52.62745285,73.37895203,368.3099976,278.4517212,184.4125519,312.7990417,494.7626038,145.9437866,429.519989,89.41417694,102.3812943
2025-11-10,269.1781311,248.3999939,52.84508514,73.35919952,378.3800049,289.7064209,186.2312775,315.4670105,503.9045715,144.4742279,445.230011,89.36462402,102.211647
2025-11-11,274.9926758,249.1000061,53.05282593,73.56652069,379.8699951,290.9147949,191.5885925,314.2026978,506.5734863,147.4927826,439.6199951,90.36549377,103.2295761
2025-11-12,273.2143555,244.1999969,53.52766037,73.53690338,385.9899902,286.3210144,192.1421051,318.9711914,509.0233154,146.9665222,430.6000061,89.69164276,103.2295761
2025-11-13,272.6948547,237.5800018,52.3010025,73.31971741,382.8699951,278.1920776,192.9921722,308.0903015,501.2058105,146.9168854,401.9899902,88.5916748,102.3314056
2025-11-14,272.1553345,234.6900024,52.04380035,73.21113586,375.9599915,276.0350037,193.6643066,302.2466125,508.0672607,146.6289215,404.3500061,88.779953,102.2715302
2025-11-17,267.2099609,232.8699951,50.92596436,73.25061035,371.6499939,284.6333008,197.27211,299.0211792,505.3883972,144.7919769,408.9200134,88.04664612,102.7405624
2025-11-18,267.1900024,222.5500031,51.08423996,73.30984497,374.3500061,283.8943176,197.6872406,298.0654907,491.7451782,145.9537354,401.25,88.40338898,101.1837387
2025-11-19,268.3089294,222.6900024,51.46015167,73.28023529,374.9599915,292.4127502,200.1682129,301.9081421,485.1027527,145.9537354,403.9899902,87.70972443,100.4053268
2025-11-20,266.0010986,217.1399994,50.45112991,73.38881683,374.8500061,289.057312,200.7217407,297.0401306,477.3404846,147.1452637,395.230011,87.34306335,106.8921051
2025-11-21,271.2361755,220.6900024,51.00510406,73.56652069,374.269989,299.253479,201.5421448,296.6817322,471.0448608,149.8560181,391.0899963,88.76013947,105.1057434
2025-11-24,275.6620789,226.2799988,51.37111664,73.69485474,380.2000122,318.1477661,203.6672821,296.6618347,472.9205933,145.9437866,417.7799988,88.99796295,103.8483047
2025-11-25,276.7110901,229.6699982,51.91519928,73.86267853,380.0799866,323.0011902,205.5771332,301.6393738,475.9037476,147.443161,419.3999939,89.82046509,106.7823257
2025-11-26,277.2905273,229.1600037,52.41971207,73.94165802,383.1199951,319.5159607,206.4624176,306.2585449,484.3943787,147.204834,426.5799866,90.21685028,108.8780594
2025-11-28,278.589325,233.2200012,53.07261276,73.82318878,387.8800049,319.745636,205.8258057,311.6741028,490.8895874,147.1154785,430.1700134,90.51412964,110.2851944
2025-12-01,282.8353577,233.8800049,52.66702271,73.53499603,389.75,314.4628296,204.2541504,307.5328064,485.6315613,146.4005585,430.1400146,89.47362518,111.3031158
2025-12-02,285.9224548,234.4199982,52.61755753,73.60431671,387.2399902,315.3815308,204.3337402,306.497467,488.8841553,144.8316956,429.2399902,89.15652466,112.1813278
2025-12-03,283.8843689,232.3800049,53.50787354,73.71326447,386.8800049,319.1963501,204.2442169,310.7283936,476.6420898,145.675705,446.7399902,89.38443756,114.1772614
2025-12-04,280.4375916,229.1100006,53.57711792,73.57460785,387.1300049,317.1890869,201.4092865,314.6805725,479.7449951,144.3352203,454.5299988,89.16643524,114.6063766
2025-12-05,278.5193787,229.5299988,53.64672852,73.48547363,386.4400024,320.8341064,200.8621826,313.6253357,482.0597229,142.4386749,455,89.06732941,114.8758316
2025-12-08,277.6302185,226.8899994,53.59700775,73.37653351,385.4200134,313.4993286,200.553833,313.7945557,489.901825,137.3647003,439.5799866,88.38357544,113.3289795
2025-12-09,276.9208679,227.9199982,53.23903275,73.32701874,387.3999939,316.8569336,198.9026184,299.1605835,490.8995361,138.6456146,445.1700134,88.04664612,114.8259277
2025-12-10,278.5193787,231.7799988,53.77599716,73.54489899,389.0499878,319.9847412,205.4478149,308.7174377,477.4701843,138.8342743,451.4500122,88.36375427,112.9497604
2025-12-11,277.7700806,230.2799988,54.25329971,73.54489899,393.2399902,312.2102051,208.8994598,315.9548035,482.3690186,139.7676392,446.8900146,88.75022888,115.284996
2025-12-12,278.0198669,226.1900024,54.83003616,73.31711578,395.4400024,309.0724487,210.4611664,317.0896912,477.4402771,141.8329773,458.9599915,88.64122009,116.6999969
2025-12-15,273.8537292,222.5399933,55.01897049,73.40625763,395.7999878,308.0031738,213.0374603,318.5829468,473.7387085,144.106842,475.3099976,88.91869354,116.7900009
2025-12-16,274.3532715,222.5599976,54.50189209,73.54489899,395.8900146,306.3543396,208.193222,314.1330261,475.3051453,144.1862793,489.8800049,88.26465607,115.4199982
2025-12-17,271.5858765,221.2700043,54.2433548,73.52509308,399.2900085,296.511261,209.2177734,313.5655823,475.0357361,146.7679443,467.2600098,88.5916748,115.6600037
2025-12-18,271.9355469,226.7599945,53.95498276,73.68110657,398.5700073,302.2472229,207.2084503,311.5944824,482.8778687,144.4940948,483.3699951,88.12592316,114.8300018
2025-12-19,273.4141846,227.3500061,54.95930862,73.57180023,399.019989,306.9439392,205.278717,315.785553,484.813446,143.4415741,481.2000122,87.78899384,114.3600006
2025-12-22,270.7166748,228.4299927,55.56587982,73.55191803,408.230011,309.5620728,206.2236938,321.6391602,483.8157349,141.6840363,488.730011,88.23999786,112.5999985
2025-12-23,272.1053772,232.1399994,55.65537262,73.54199219,413.6400146,314.1288757,204.6918335,324.4664001,485.741333,142.170578,485.5599976,88.18000031,110.9000015
2025-12-24,273.5540161,232.3800049,55.93379593,73.72085571,411.9299927,313.8690491,206.6812592,327.691864,486.9086304,143.4713593,485.3999939,88.76000214,111.6100006
2025-12-26,273.1444092,232.5200043,55.85424423,73.72085571,416.7399902,313.2894592,206.5320587,326.4375305,486.5993652,143.7195892,475.1900024,88.86000061,111.7399979
2025-12-29,273.5040894,232.0700073,55.03885651,73.83015442,398.6000061,313.3394165,206.4624176,322.2962036,485.9907532,143.5507965,459.6400146,89.04000092,112.5299988
2025-12-30,272.824707,232.5299988,54.96924973,73.80033875,398.8900146,313.6292419,205.8158569,321.9677124,486.3699036,143.0344543,454.4299927,89.22000122,111.9199982
2025-12-31,271.605835,230.8200073,54.6908226,73.60160828,396.3099976,312.7798157,205.8556519,320.7730713,482.5186768,142.2996674,449.7200012,88.48999786,111.4100037
2026-01-02,270.7566528,226.5,55.6354866,73.57180023,398.2799988,314.9283142,206.25354,324.0184326,471.8630066,140.7903748,438.0700073,88.51999664,112.7600021
2026-01-05,267.0101624,233.0599976,56.57019806,73.71091461,408.7600098,316.3173523,203.229599,332.5400085,471.7731934,139.3803864,451.6700134,88.72000122,112.7099991
2026-01-06,262.1147156,240.9299927,56.92817688,73.71091461,413.1799927,314.118866,203.7070618,334.6099854,477.4203186,138.923645,432.9599915,89.37000275,114.3399963
2026-01-07,260.0866089,241.5599976,55.32722473,73.79040527,409.230011,321.7535095,206.3927917,326.9899902,482.3690186,137.0668182,431.4100037,88.5,112.7200012
2026-01-08,258.7978516,246.2899933,55.86419296,73.66123199,411.4899902,325.2110596,204.6619873,329.7900085,477.0212097,140.5322113,435.7999878,89.29000092,113.0699997
2026-01-09,259.127533,247.3800049,55.53604507,73.82021332,414.4700012,328.3388672,203.3091888,329.1900024,478.1885681,140.869812,445.0100098,89.47000122,114.5299988
2026-01-12,260.0067139,246.4700012,54.87975693,73.75066376,422.230011,331.6265259,208.6110077,324.4899902,476.0933228,142.4486237,448.9599915,89.58999634,117.9700012
2026-01-13,260.8059387,242.6000061,54.23340988,73.81027985,421.6300049,335.7336731,212.5202179,310.8999939,469.598175,143.223114,447.2000122,90.08999634,120.3600006
2026-01-14,259.71698,236.6499939,52.18498993,73.95933533,425.9400024,335.6037598,217.3943024,307.8699951,458.3338928,145.3182373,439.2000122,90.87000275,120.0400009
2026-01-15,257.9685974,238.1799927,52.29437256,73.85002136,423.3299866,332.5458984,218.4089203,309.2600098,455.6200867,143.6103668,438.5700073,91.5,119.1999969
2026-01-16,255.2911224,239.1199951,52.6722374,73.73078156,421.2900085,329.7678528,217.5037231,312.4700012,458.8127747,143.5110626,437.5,92.62000275,119.6999969
2026-01-20,246.4693756,231,51.80712509,73.4624939,437.230011,321.7734985,217.0561066,302.7399902,453.4849243,145.9636536,419.25,90.90000153,118.7099991
2026-01-21,247.4184875,231.3099976,51.77729416,73.67116547,443.6000061,328.1490173,216.8571625,302.0400085,443.0986328,145.0302734,431.4400024,91.26000214,119.3600006
2026-01-22,248.1178436,234.3399963,52.155159,73.70097351,451.7900085,330.3074951,217.3346252,303.6300049,450.1126404,148.8729858,449.3599854,90.36000061,117.8300018
2026-01-23,247.8081207,239.1600037,51.42926407,73.7804718,458,327.6993103,218.9758911,297.7200012,464.888916,150.1499939,449.0599976,90.54000092,117.7300034
2026-01-26,255.1712341,238.4199982,51.72757721,73.86989594,464.7000122,333.0255737,220.3187714,301.0400085,469.2090454,149.4900055,435.2000122,90.41999817,117.6399994
2026-01-27,258.0285339,244.6799927,51.87673187,73.81027985,476.1000061,334.3146362,223.2531586,300.3099976,479.4855957,148.3399963,430.8999939,90.38999939,116.9400024
2026-01-28,256.2002869,243.0099945,51.51875687,73.7804718,494.5599976,335.7736511,226.5158234,300.769989,480.5332031,147.3399963,431.4599915,89.45999908,116.5699997
2026-01-29,258.0385437,241.7299957,52.78162003,73.79040527,495.8999939,338.0120544,226.088089,306.4200134,432.5128174,149.8999939,416.5599976,90.70999908,117.4100037
2026-01-30,259.2374268,239.3000031,52.90094376,73.76059723,444.9500122,337.7622375,226.0482941,305.8900146,429.3101196,151.7700043,430.4100037,90.80000305,119.1399994
2026-02-02,269.7575989,242.9600067,53.7262764,73.68582916,427.1300049,343.4482422,229.5298004,308.1400146,422.4058838,153.1900024,421.8099976,89.86000061,124.0599976
2026-02-03,269.2280884,238.6199951,54.14391708,73.70576477,454.2900085,339.4710083,231.8673706,314.8500061,410.2735596,155.3200073,421.9599915,89.66000366,127.7099991
2026-02-04,276.2315063,232.9900055,55.06869125,73.67585754,453.9700012,332.8057251,233.2301178,317.269989,413.2467957,156.8699951,406.0100098,90.94999695,128
2026-02-05,275.6520691,222.6900024,54.63116074,73.99488068,441.8800049,331.0169678,236.5325623,310.1600037,392.7735291,158.6100006,397.2099915,90.81999969,126.9400024
2026-02-06,277.8599854,210.3200073,56.21222305,74.00485992,455.4599915,322.6328735,238.720932,322.3999939,400.2265015,159.1699982,411.1099854,92.25,131.1799927
2026-02-09,274.6199951,208.7200012,56.09289932,74.02479553,467.0299988,324.0918579,237.378067,322.1000061,412.6581421,157.3300018,417.3200073,92.63999939,129.0200043
2026-02-10,273.6799927,206.9600067,55.07863235,74.24412537,462.3999939,318.3558655,237.0896149,318.2799988,412.3288574,159.0800018,425.2099915,93.87999725,126.6999969
2026-02-11,275.5,204.0800018,53.54728699,74.0945816,467.6300049,310.7412415,239.5863342,310.8200073,403.4491272,160,428.269989,93.36000061,128.7700043
2026-02-12,261.730011,199.6000061,52.22476578,74.4335556,451.3900146,308.7826233,243.2568207,302.6400146,400.9248962,161.2100067,417.0700073,93.25,133.6399994
2026-02-13,255.7799988,198.7899933,52.25459671,74.65287781,462.6199951,305.5049438,242.1626282,302.5499878,400.4060974,160.0700073,417.4400024,94.58999634,133.8899994
2026-02-17,263.8800049,201.1499939,52.44353104,74.64291382,448.2000122,301.8075256,242.0432739,307.1300049,395.9562378,159.5500031,410.6300049,95.48999786,128.8500061
2026-02-18,264.3500061,204.7899933,53.06004333,74.56315613,458.2799988,303.1166077,243.6945038,308.7799988,398.6900024,156.8600006,411.3200073,94.37000275,126.6200027
2026-02-19,260.5799866,204.8600006,52.47336197,74.59306335,459.5599976,302.6369629,245.6043396,308.0499878,398.4599915,158.5599976,411.7099915,94.16999817,124.8700027
2026-02-20,264.5799866,210.1100006,52.76173019,74.58309174,468.6199951,314.7584229,241.2077179,310.7900085,397.230011,160.7799988,411.8200073,94.87999725,122.9899979
2026-02-23,266.1799927,205.2700043,50.78291702,74.74260712,481.2799988,311.270874,244.5399933,297.6700134,384.4700012,165.1699982,399.8299866,94.88999939,125.8099976
2026-02-24,272.1400146,208.5599976,50.12662506,74.70272827,474.6099854,310.6813049,246.2799988,297.2999878,389,165.2799988,409.3800049,95.12999725,126.75
2026-02-25,274.230011,210.6399994,51.39942932,74.68279266,473.4200134,312.6798706,245.1699982,303.2999878,400.6000061,163.3899994,417.3999939,94.87000275,125.75
2026-02-26,272.9500122,207.9199982,52.00600052,74.79244995,477.480011,307.1637878,243.4700012,306.1300049,401.7200012,163.75,408.5799866,95.51999664,124.4199982
2026-02-27,264.1799927,210,49.54988861,74.94200134,483.75,311.5407104,248.4299927,300.2999878,392.7399902,167.1999969,402.5100098,95.69000244,127.9499969
2026-03-02,264.7200012,208.3899994,49.53000259,74.63999939,490,306.3043518,248.5599976,297.5599976,398.5499878,163.5099945,403.3200073,95.93000031,127.0999985
2026-03-03,263.75,208.7299957,49.68910217,74.55999756,468.1400146,303.3664246,246.75,300.2600098,403.9299927,159.7200012,392.4299927,95.41999817,127.9100037
2026-03-04,262.519989,216.8200073,50.01724243,74.51000214,471.7999878,302.9167786,245.3000031,299.3900146,405.2000122,158.3000031,405.9400024,95.54000092,127.8099976
2026-03-05,260.2900085,218.9400024,49.53000259,74.33999634,466.1300049,300.668335,239.6300049,293.5499878,410.6799927,153.9900055,405.5499878,94.58000183,123.3099976
2026-03-06,257.4599915,213.2100067,48.63999939,74.23999786,473.5100098,298.3099976,240.3999939,289.480011,408.9599915,153.6300049,396.730011,93.55000305,123.8000031
2026-03-09,259.8800049,213.4900055,47.90000153,74.44999695,472.5299988,306.3599854,242.5899963,289.9200134,409.4100037,155.2200012,398.6799927,93.76000214,124.3399963
2026-03-10,260.8299866,214.3300018,48.56000137,74.22000122,477.8599854,307.0400085,243.7100067,288.730011,405.7600098,156.0099945,399.2399902,93.62000275,125.1200027
2026-03-11,260.8099976,212.6499939,48.52000046,73.88999939,476.2399902,308.7000122,242.9900055,287.519989,404.8800049,153.3200073,407.8200073,92.65000153,123.4899979
2026-03-12,255.7599945,209.5299988,47.13000107,73.62000275,466.8800049,303.5499878,242.0399933,282.8900146,401.8599854,150.5,395.0100098,92.01000214,125.3300018
2026-03-13,250.1199951,207.6699982,46.72000122,73.55000305,460.8399963,302.2799988,241.5200043,283.4400024,395.5499878,150.6499939,391.2000122,92.16000366,126.5199966
2026-03-16,252.8200073,211.7400055,47.06000137,73.83000183,460.4299927,305.5599976,243.1900024,286.1600037,399.9500122,152.1199951,395.5599976,92.93000031,125.9899979
2026-03-17,254.2299957,215.1999969,47.27999878,73.98000336,459.269989,310.9200134,238.1100006,286.8900146,399.4100037,151.4799957,399.269989,93.33999634,125.0800018
